2026-08-04 14:35:51	INFO	::casa	
2026-08-04 14:35:52	INFO	::casa	The latest version is already installed in /nfs/home/lneumann/.casa/data
2026-08-04 14:36:17	INFO	::casa	measures_update: requested version already installed in /nfs/home/lneumann/.casa/data
2026-08-04 14:36:17	INFO	::casa	
2026-08-04 14:36:20	INFO	::casa	Python version 3.12.13
2026-08-04 14:36:20	INFO	::casa	CASA Version PIPELINE 6.7.5.18
2026-08-04 14:36:23	INFO	::casa	imported analysisUtils version $Id: analysisUtils.py,v 2.332 2026-02-09T09:56:59-05:00 thunter Exp $ from /nfs/home/lneumann/code/analysis_scripts/analysisUtils.py
2026-08-04 14:36:34	INFO	split::::casa	##########################################
2026-08-04 14:36:34	INFO	split::::casa	##### Begin Task: split              #####
2026-08-04 14:36:34	INFO	split::::casa	split( vis='/nfs/home/lneumann/reduction/alma_data_reduction/calibration/2024.1.01512.S/science_goal.uid___A001_X37c7_Xb1/group.uid___A001_X37c7_Xb2/member.uid___A001_X37c7_Xb3/calibrated/uid___A002_X124f393_X53aa_targets.ms', outputvis='ngc4254_2024.1.01512.S_12m_1_hcop.ms', keepmms=True, field='', spw='23', scan='', antenna='', correlation='', timerange='', intent='OBSERVE_TARGET*', array='', uvrange='', observation='', feed='', datacolumn='DATA', keepflags=False, width=1, timebin='0s', combine='' )
2026-08-04 14:36:34	INFO	MSTransformManager::parseMsSpecParams	Input file name is /nfs/home/lneumann/reduction/alma_data_reduction/calibration/2024.1.01512.S/science_goal.uid___A001_X37c7_Xb1/group.uid___A001_X37c7_Xb2/member.uid___A001_X37c7_Xb3/calibrated/uid___A002_X124f393_X53aa_targets.ms
2026-08-04 14:36:34	INFO	MSTransformManager::parseMsSpecParams	Data column is DATA
2026-08-04 14:36:34	INFO	MSTransformManager::parseMsSpecParams	Output file name is ngc4254_2024.1.01512.S_12m_1_hcop.ms
2026-08-04 14:36:34	INFO	MSTransformManager::parseDataSelParams	spw selection is 23
2026-08-04 14:36:34	INFO	MSTransformManager::parseDataSelParams	scan intent selection is OBSERVE_TARGET*
2026-08-04 14:36:34	INFO	MSTransformManager::colCheckInfo	Adding DATA column to output MS from input DATA column
2026-08-04 14:36:34	INFO	MSTransformManager::initDataSelectionParams	Selected Scans Intents Ids are [16, 17, 18, 19, 20, 21, 22, 23, 24, 25, 26, 27, 28, 29, 30, 31, 32, 33, 34, 35, 36, 37, 38, 39, 40, 41, 42, 43, 44, 45, 46, 47, 48, 49, 50, 51, 52, 53, 54, 55, 56, 57, 58, 59, 60, 61, 62]
2026-08-04 14:36:34	INFO	MSTransformManager::initDataSelectionParams	Selected SPWs Ids are Axis Lengths: [1, 4]  (NB: Matrix in Row/Column order)
2026-08-04 14:36:34	INFO	MSTransformManager::initDataSelectionParams+	[23, 0, 3839, 1]
2026-08-04 14:36:34	INFO	MSTransformManager::open	Select data
2026-08-04 14:36:34	INFO	MSTransformManager::createOutputMSStructure	Create output MS structure
2026-08-04 14:36:50	INFO	MSTransformDataHandler::makeSelection	435320 out of 2045160 rows are going to be considered due to the selection criteria.
2026-08-04 14:39:34	INFO	split::::casa	Task split complete. Start time: 2026-08-04 14:36:33.737429 End time: 2026-08-04 14:39:34.130232
2026-08-04 14:39:34	INFO	split::::casa	##### End Task: split                #####
2026-08-04 14:39:34	INFO	split::::casa	##########################################
2026-08-04 14:39:37	INFO	uvcontsub::::casa	##########################################
2026-08-04 14:39:37	INFO	uvcontsub::::casa	##### Begin Task: uvcontsub          #####
2026-08-04 14:39:37	INFO	uvcontsub::::casa	uvcontsub( vis='ngc4254_2024.1.01512.S_12m_1_hcop.ms', outputvis='ngc4254_2024.1.01512.S_12m_1_hcop.ms.contsub', field='', spw='', scan='', intent='', array='', observation='', datacolumn='data', fitspec='0:0~410,0:836~1542,0:1966~2979,0:3400~3839', fitmethod='gsl', fitorder=0, writemodel=False )
2026-08-04 14:39:37	INFO	uvcontsub::::casa	The task uvcontsub has been updated. It does not yet support combining spws for fitting. If you need this functionality please use uvcontsub_old.
2026-08-04 14:39:37	INFO	MSTransformManager::parseMsSpecParams	Input file name is ngc4254_2024.1.01512.S_12m_1_hcop.ms
2026-08-04 14:39:37	INFO	MSTransformManager::parseMsSpecParams	Data column is DATA
2026-08-04 14:39:37	INFO	MSTransformManager::parseMsSpecParams	Output file name is ngc4254_2024.1.01512.S_12m_1_hcop.ms.contsub
2026-08-04 14:39:37	INFO	MSTransformManager::parseMsSpecParams	Re-index is disabled 
2026-08-04 14:39:37	INFO	MSTransformManager::parseDataSelParams	array selection is 
2026-08-04 14:39:37	INFO	MSTransformManager::parseDataSelParams	field selection is 
2026-08-04 14:39:37	INFO	MSTransformManager::parseDataSelParams	scan selection is 
2026-08-04 14:39:37	INFO	MSTransformManager::parseDataSelParams	spw selection is 
2026-08-04 14:39:37	INFO	MSTransformManager::parseDataSelParams	observation selection is 
2026-08-04 14:39:37	INFO	MSTransformManager::parseDataSelParams	scan intent selection is 
2026-08-04 14:39:37	INFO	MSTransformManager::parseUVContSubParams	Continuum subtraction is activated 
2026-08-04 14:39:37	INFO	MSTransformManager::colCheckInfo	Adding DATA column to output MS from input DATA column
2026-08-04 14:39:37	INFO	MSTransformManager::open	Select data
2026-08-04 14:39:37	INFO	MSTransformManager::createOutputMSStructure	Create output MS structure
2026-08-04 14:39:41	INFO	UVContSubTVI::printInputFitSpec	Fitspec (order and spw:line-free channel) specification is: 
2026-08-04 14:39:41	INFO	UVContSubTVI::printInputFitSpec	   field: all fields. 0, '0:0~410,0:836~1542,0:1966~2979,0:3400~3839'
2026-08-04 14:39:41	INFO	UVContSubTVI::parseConfiguration	Using GSL based multiparameter regression with linear least-squares fitting
2026-08-04 14:39:41	INFO	UVContSubTVI::fitSpecToPerFieldMap	Parsing fit spw:chan string and order for field: all fields, spw/chan: '0:0~410,0:836~1542,0:1966~2979,0:3400~3839', order: 0
2026-08-04 14:39:41	INFO	MSTransformManager::generateIterator	TVI chain is UVContSub( DiskIO() )
2026-08-04 14:39:41	INFO	uvcontsub::::casa	Running continnum subtraction
2026-08-04 14:50:10	INFO	uvcontsub::::casa	Task uvcontsub complete. Start time: 2026-08-04 14:39:36.583740 End time: 2026-08-04 14:50:10.454175
2026-08-04 14:50:10	INFO	uvcontsub::::casa	##### End Task: uvcontsub            #####
2026-08-04 14:50:10	INFO	uvcontsub::::casa	##########################################
2026-08-04 14:50:26	INFO	split::::casa	##########################################
2026-08-04 14:50:26	INFO	split::::casa	##### Begin Task: split              #####
2026-08-04 14:50:26	INFO	split::::casa	split( vis='/nfs/home/lneumann/reduction/alma_data_reduction/calibration/2024.1.01512.S/science_goal.uid___A001_X37c7_Xb1/group.uid___A001_X37c7_Xb2/member.uid___A001_X37c7_Xb3/calibrated/uid___A002_X1255740_X96ea_targets.ms', outputvis='ngc4254_2024.1.01512.S_12m_10_hcop.ms', keepmms=True, field='', spw='23', scan='', antenna='', correlation='', timerange='', intent='OBSERVE_TARGET*', array='', uvrange='', observation='', feed='', datacolumn='DATA', keepflags=False, width=1, timebin='0s', combine='' )
2026-08-04 14:50:27	INFO	MSTransformManager::parseMsSpecParams	Input file name is /nfs/home/lneumann/reduction/alma_data_reduction/calibration/2024.1.01512.S/science_goal.uid___A001_X37c7_Xb1/group.uid___A001_X37c7_Xb2/member.uid___A001_X37c7_Xb3/calibrated/uid___A002_X1255740_X96ea_targets.ms
2026-08-04 14:50:27	INFO	MSTransformManager::parseMsSpecParams	Data column is DATA
2026-08-04 14:50:27	INFO	MSTransformManager::parseMsSpecParams	Output file name is ngc4254_2024.1.01512.S_12m_10_hcop.ms
2026-08-04 14:50:27	INFO	MSTransformManager::parseDataSelParams	spw selection is 23
2026-08-04 14:50:27	INFO	MSTransformManager::parseDataSelParams	scan intent selection is OBSERVE_TARGET*
2026-08-04 14:50:27	INFO	MSTransformManager::colCheckInfo	Adding DATA column to output MS from input DATA column
2026-08-04 14:50:27	INFO	MSTransformManager::initDataSelectionParams	Selected Scans Intents Ids are [16, 17, 18, 19, 20, 21, 22, 23, 24, 25, 26, 27, 28, 29, 30, 31, 32, 33, 34, 35, 36, 37, 38, 39, 40, 41, 42, 43, 44, 45, 46, 47, 48, 49, 50, 51, 52, 53, 54, 55, 56, 57, 58, 59, 60, 61, 62]
2026-08-04 14:50:27	INFO	MSTransformManager::initDataSelectionParams	Selected SPWs Ids are Axis Lengths: [1, 4]  (NB: Matrix in Row/Column order)
2026-08-04 14:50:27	INFO	MSTransformManager::initDataSelectionParams+	[23, 0, 3839, 1]
2026-08-04 14:50:27	INFO	MSTransformManager::open	Select data
2026-08-04 14:50:27	INFO	MSTransformManager::createOutputMSStructure	Create output MS structure
2026-08-04 14:50:42	INFO	MSTransformDataHandler::makeSelection	496248 out of 2228928 rows are going to be considered due to the selection criteria.
2026-08-04 14:53:41	INFO	split::::casa	Task split complete. Start time: 2026-08-04 14:50:26.417261 End time: 2026-08-04 14:53:40.926472
2026-08-04 14:53:41	INFO	split::::casa	##### End Task: split                #####
2026-08-04 14:53:41	INFO	split::::casa	##########################################
2026-08-04 14:53:44	INFO	uvcontsub::::casa	##########################################
2026-08-04 14:53:44	INFO	uvcontsub::::casa	##### Begin Task: uvcontsub          #####
2026-08-04 14:53:44	INFO	uvcontsub::::casa	uvcontsub( vis='ngc4254_2024.1.01512.S_12m_10_hcop.ms', outputvis='ngc4254_2024.1.01512.S_12m_10_hcop.ms.contsub', field='', spw='', scan='', intent='', array='', observation='', datacolumn='data', fitspec='0:0~401,0:828~1533,0:1957~2971,0:3391~3839', fitmethod='gsl', fitorder=0, writemodel=False )
2026-08-04 14:53:44	INFO	uvcontsub::::casa	The task uvcontsub has been updated. It does not yet support combining spws for fitting. If you need this functionality please use uvcontsub_old.
2026-08-04 14:53:44	INFO	MSTransformManager::parseMsSpecParams	Input file name is ngc4254_2024.1.01512.S_12m_10_hcop.ms
2026-08-04 14:53:44	INFO	MSTransformManager::parseMsSpecParams	Data column is DATA
2026-08-04 14:53:44	INFO	MSTransformManager::parseMsSpecParams	Output file name is ngc4254_2024.1.01512.S_12m_10_hcop.ms.contsub
2026-08-04 14:53:44	INFO	MSTransformManager::parseMsSpecParams	Re-index is disabled 
2026-08-04 14:53:44	INFO	MSTransformManager::parseDataSelParams	array selection is 
2026-08-04 14:53:44	INFO	MSTransformManager::parseDataSelParams	field selection is 
2026-08-04 14:53:44	INFO	MSTransformManager::parseDataSelParams	scan selection is 
2026-08-04 14:53:44	INFO	MSTransformManager::parseDataSelParams	spw selection is 
2026-08-04 14:53:44	INFO	MSTransformManager::parseDataSelParams	observation selection is 
2026-08-04 14:53:44	INFO	MSTransformManager::parseDataSelParams	scan intent selection is 
2026-08-04 14:53:44	INFO	MSTransformManager::parseUVContSubParams	Continuum subtraction is activated 
2026-08-04 14:53:44	INFO	MSTransformManager::colCheckInfo	Adding DATA column to output MS from input DATA column
2026-08-04 14:53:44	INFO	MSTransformManager::open	Select data
2026-08-04 14:53:44	INFO	MSTransformManager::createOutputMSStructure	Create output MS structure
2026-08-04 14:53:49	INFO	UVContSubTVI::printInputFitSpec	Fitspec (order and spw:line-free channel) specification is: 
2026-08-04 14:53:49	INFO	UVContSubTVI::printInputFitSpec	   field: all fields. 0, '0:0~401,0:828~1533,0:1957~2971,0:3391~3839'
2026-08-04 14:53:49	INFO	UVContSubTVI::parseConfiguration	Using GSL based multiparameter regression with linear least-squares fitting
2026-08-04 14:53:49	INFO	UVContSubTVI::fitSpecToPerFieldMap	Parsing fit spw:chan string and order for field: all fields, spw/chan: '0:0~401,0:828~1533,0:1957~2971,0:3391~3839', order: 0
2026-08-04 14:53:49	INFO	MSTransformManager::generateIterator	TVI chain is UVContSub( DiskIO() )
2026-08-04 14:53:49	INFO	uvcontsub::::casa	Running continnum subtraction
2026-08-04 15:05:28	INFO	uvcontsub::::casa	Task uvcontsub complete. Start time: 2026-08-04 14:53:44.227311 End time: 2026-08-04 15:05:28.116093
2026-08-04 15:05:28	INFO	uvcontsub::::casa	##### End Task: uvcontsub            #####
2026-08-04 15:05:28	INFO	uvcontsub::::casa	##########################################
2026-08-04 15:05:41	INFO	split::::casa	##########################################
2026-08-04 15:05:41	INFO	split::::casa	##### Begin Task: split              #####
2026-08-04 15:05:41	INFO	split::::casa	split( vis='/nfs/home/lneumann/reduction/alma_data_reduction/calibration/2024.1.01512.S/science_goal.uid___A001_X37c7_Xb1/group.uid___A001_X37c7_Xb2/member.uid___A001_X37c7_Xb3/calibrated/uid___A002_X1255740_Xa399_targets.ms', outputvis='ngc4254_2024.1.01512.S_12m_11_hcop.ms', keepmms=True, field='', spw='23', scan='', antenna='', correlation='', timerange='', intent='OBSERVE_TARGET*', array='', uvrange='', observation='', feed='', datacolumn='DATA', keepflags=False, width=1, timebin='0s', combine='' )
2026-08-04 15:05:41	INFO	MSTransformManager::parseMsSpecParams	Input file name is /nfs/home/lneumann/reduction/alma_data_reduction/calibration/2024.1.01512.S/science_goal.uid___A001_X37c7_Xb1/group.uid___A001_X37c7_Xb2/member.uid___A001_X37c7_Xb3/calibrated/uid___A002_X1255740_Xa399_targets.ms
2026-08-04 15:05:41	INFO	MSTransformManager::parseMsSpecParams	Data column is DATA
2026-08-04 15:05:41	INFO	MSTransformManager::parseMsSpecParams	Output file name is ngc4254_2024.1.01512.S_12m_11_hcop.ms
2026-08-04 15:05:41	INFO	MSTransformManager::parseDataSelParams	spw selection is 23
2026-08-04 15:05:41	INFO	MSTransformManager::parseDataSelParams	scan intent selection is OBSERVE_TARGET*
2026-08-04 15:05:41	INFO	MSTransformManager::colCheckInfo	Adding DATA column to output MS from input DATA column
2026-08-04 15:05:41	INFO	MSTransformManager::initDataSelectionParams	Selected Scans Intents Ids are [16, 17, 18, 19, 20, 21, 22, 23, 24, 25, 26, 27, 28, 29, 30, 31, 32, 33, 34, 35, 36, 37, 38, 39, 40, 41, 42, 43, 44, 45, 46, 47, 48, 49, 50, 51, 52, 53, 54, 55, 56, 57, 58, 59, 60, 61, 62]
2026-08-04 15:05:41	INFO	MSTransformManager::initDataSelectionParams	Selected SPWs Ids are Axis Lengths: [1, 4]  (NB: Matrix in Row/Column order)
2026-08-04 15:05:41	INFO	MSTransformManager::initDataSelectionParams+	[23, 0, 3839, 1]
2026-08-04 15:05:41	INFO	MSTransformManager::open	Select data
2026-08-04 15:05:41	INFO	MSTransformManager::createOutputMSStructure	Create output MS structure
2026-08-04 15:05:55	INFO	MSTransformDataHandler::makeSelection	427847 out of 2228928 rows are going to be considered due to the selection criteria.
2026-08-04 15:08:48	INFO	split::::casa	Task split complete. Start time: 2026-08-04 15:05:40.873731 End time: 2026-08-04 15:08:47.793605
2026-08-04 15:08:48	INFO	split::::casa	##### End Task: split                #####
2026-08-04 15:08:48	INFO	split::::casa	##########################################
2026-08-04 15:08:50	INFO	uvcontsub::::casa	##########################################
2026-08-04 15:08:50	INFO	uvcontsub::::casa	##### Begin Task: uvcontsub          #####
2026-08-04 15:08:50	INFO	uvcontsub::::casa	uvcontsub( vis='ngc4254_2024.1.01512.S_12m_11_hcop.ms', outputvis='ngc4254_2024.1.01512.S_12m_11_hcop.ms.contsub', field='', spw='', scan='', intent='', array='', observation='', datacolumn='data', fitspec='0:0~401,0:827~1533,0:1957~2970,0:3391~3839', fitmethod='gsl', fitorder=0, writemodel=False )
2026-08-04 15:08:50	INFO	uvcontsub::::casa	The task uvcontsub has been updated. It does not yet support combining spws for fitting. If you need this functionality please use uvcontsub_old.
2026-08-04 15:08:50	INFO	MSTransformManager::parseMsSpecParams	Input file name is ngc4254_2024.1.01512.S_12m_11_hcop.ms
2026-08-04 15:08:50	INFO	MSTransformManager::parseMsSpecParams	Data column is DATA
2026-08-04 15:08:50	INFO	MSTransformManager::parseMsSpecParams	Output file name is ngc4254_2024.1.01512.S_12m_11_hcop.ms.contsub
2026-08-04 15:08:50	INFO	MSTransformManager::parseMsSpecParams	Re-index is disabled 
2026-08-04 15:08:50	INFO	MSTransformManager::parseDataSelParams	array selection is 
2026-08-04 15:08:50	INFO	MSTransformManager::parseDataSelParams	field selection is 
2026-08-04 15:08:50	INFO	MSTransformManager::parseDataSelParams	scan selection is 
2026-08-04 15:08:50	INFO	MSTransformManager::parseDataSelParams	spw selection is 
2026-08-04 15:08:50	INFO	MSTransformManager::parseDataSelParams	observation selection is 
2026-08-04 15:08:50	INFO	MSTransformManager::parseDataSelParams	scan intent selection is 
2026-08-04 15:08:50	INFO	MSTransformManager::parseUVContSubParams	Continuum subtraction is activated 
2026-08-04 15:08:50	INFO	MSTransformManager::colCheckInfo	Adding DATA column to output MS from input DATA column
2026-08-04 15:08:50	INFO	MSTransformManager::open	Select data
2026-08-04 15:08:50	INFO	MSTransformManager::createOutputMSStructure	Create output MS structure
2026-08-04 15:08:55	INFO	UVContSubTVI::printInputFitSpec	Fitspec (order and spw:line-free channel) specification is: 
2026-08-04 15:08:55	INFO	UVContSubTVI::printInputFitSpec	   field: all fields. 0, '0:0~401,0:827~1533,0:1957~2970,0:3391~3839'
2026-08-04 15:08:55	INFO	UVContSubTVI::parseConfiguration	Using GSL based multiparameter regression with linear least-squares fitting
2026-08-04 15:08:55	INFO	UVContSubTVI::fitSpecToPerFieldMap	Parsing fit spw:chan string and order for field: all fields, spw/chan: '0:0~401,0:827~1533,0:1957~2970,0:3391~3839', order: 0
2026-08-04 15:08:55	INFO	MSTransformManager::generateIterator	TVI chain is UVContSub( DiskIO() )
2026-08-04 15:08:55	INFO	uvcontsub::::casa	Running continnum subtraction
2026-08-04 15:19:08	INFO	uvcontsub::::casa	Task uvcontsub complete. Start time: 2026-08-04 15:08:50.301713 End time: 2026-08-04 15:19:08.489168
2026-08-04 15:19:08	INFO	uvcontsub::::casa	##### End Task: uvcontsub            #####
2026-08-04 15:19:08	INFO	uvcontsub::::casa	##########################################
2026-08-04 15:19:23	INFO	split::::casa	##########################################
2026-08-04 15:19:23	INFO	split::::casa	##### Begin Task: split              #####
2026-08-04 15:19:23	INFO	split::::casa	split( vis='/nfs/home/lneumann/reduction/alma_data_reduction/calibration/2024.1.01512.S/science_goal.uid___A001_X37c7_Xb1/group.uid___A001_X37c7_Xb2/member.uid___A001_X37c7_Xb3/calibrated/uid___A002_X1255740_Xaef9_targets.ms', outputvis='ngc4254_2024.1.01512.S_12m_12_hcop.ms', keepmms=True, field='', spw='23', scan='', antenna='', correlation='', timerange='', intent='OBSERVE_TARGET*', array='', uvrange='', observation='', feed='', datacolumn='DATA', keepflags=False, width=1, timebin='0s', combine='' )
2026-08-04 15:19:23	INFO	MSTransformManager::parseMsSpecParams	Input file name is /nfs/home/lneumann/reduction/alma_data_reduction/calibration/2024.1.01512.S/science_goal.uid___A001_X37c7_Xb1/group.uid___A001_X37c7_Xb2/member.uid___A001_X37c7_Xb3/calibrated/uid___A002_X1255740_Xaef9_targets.ms
2026-08-04 15:19:23	INFO	MSTransformManager::parseMsSpecParams	Data column is DATA
2026-08-04 15:19:23	INFO	MSTransformManager::parseMsSpecParams	Output file name is ngc4254_2024.1.01512.S_12m_12_hcop.ms
2026-08-04 15:19:23	INFO	MSTransformManager::parseDataSelParams	spw selection is 23
2026-08-04 15:19:23	INFO	MSTransformManager::parseDataSelParams	scan intent selection is OBSERVE_TARGET*
2026-08-04 15:19:23	INFO	MSTransformManager::colCheckInfo	Adding DATA column to output MS from input DATA column
2026-08-04 15:19:23	INFO	MSTransformManager::initDataSelectionParams	Selected Scans Intents Ids are [16, 17, 18, 19, 20, 21, 22, 23, 24, 25, 26, 27, 28, 29, 30, 31, 32, 33, 34, 35, 36, 37, 38, 39, 40, 41, 42, 43, 44, 45, 46, 47, 48, 49, 50, 51, 52, 53, 54, 55, 56, 57, 58, 59, 60, 61, 62]
2026-08-04 15:19:23	INFO	MSTransformManager::initDataSelectionParams	Selected SPWs Ids are Axis Lengths: [1, 4]  (NB: Matrix in Row/Column order)
2026-08-04 15:19:23	INFO	MSTransformManager::initDataSelectionParams+	[23, 0, 3839, 1]
2026-08-04 15:19:23	INFO	MSTransformManager::open	Select data
2026-08-04 15:19:23	INFO	MSTransformManager::createOutputMSStructure	Create output MS structure
2026-08-04 15:19:35	INFO	MSTransformDataHandler::makeSelection	448558 out of 2228928 rows are going to be considered due to the selection criteria.
2026-08-04 15:22:36	INFO	split::::casa	Task split complete. Start time: 2026-08-04 15:19:23.229827 End time: 2026-08-04 15:22:36.455077
2026-08-04 15:22:36	INFO	split::::casa	##### End Task: split                #####
2026-08-04 15:22:36	INFO	split::::casa	##########################################
2026-08-04 15:22:39	INFO	uvcontsub::::casa	##########################################
2026-08-04 15:22:39	INFO	uvcontsub::::casa	##### Begin Task: uvcontsub          #####
2026-08-04 15:22:39	INFO	uvcontsub::::casa	uvcontsub( vis='ngc4254_2024.1.01512.S_12m_12_hcop.ms', outputvis='ngc4254_2024.1.01512.S_12m_12_hcop.ms.contsub', field='', spw='', scan='', intent='', array='', observation='', datacolumn='data', fitspec='0:0~401,0:827~1533,0:1957~2970,0:3391~3839', fitmethod='gsl', fitorder=0, writemodel=False )
2026-08-04 15:22:39	INFO	uvcontsub::::casa	The task uvcontsub has been updated. It does not yet support combining spws for fitting. If you need this functionality please use uvcontsub_old.
2026-08-04 15:22:39	INFO	MSTransformManager::parseMsSpecParams	Input file name is ngc4254_2024.1.01512.S_12m_12_hcop.ms
2026-08-04 15:22:39	INFO	MSTransformManager::parseMsSpecParams	Data column is DATA
2026-08-04 15:22:39	INFO	MSTransformManager::parseMsSpecParams	Output file name is ngc4254_2024.1.01512.S_12m_12_hcop.ms.contsub
2026-08-04 15:22:39	INFO	MSTransformManager::parseMsSpecParams	Re-index is disabled 
2026-08-04 15:22:39	INFO	MSTransformManager::parseDataSelParams	array selection is 
2026-08-04 15:22:39	INFO	MSTransformManager::parseDataSelParams	field selection is 
2026-08-04 15:22:39	INFO	MSTransformManager::parseDataSelParams	scan selection is 
2026-08-04 15:22:39	INFO	MSTransformManager::parseDataSelParams	spw selection is 
2026-08-04 15:22:39	INFO	MSTransformManager::parseDataSelParams	observation selection is 
2026-08-04 15:22:39	INFO	MSTransformManager::parseDataSelParams	scan intent selection is 
2026-08-04 15:22:39	INFO	MSTransformManager::parseUVContSubParams	Continuum subtraction is activated 
2026-08-04 15:22:39	INFO	MSTransformManager::colCheckInfo	Adding DATA column to output MS from input DATA column
2026-08-04 15:22:39	INFO	MSTransformManager::open	Select data
2026-08-04 15:22:39	INFO	MSTransformManager::createOutputMSStructure	Create output MS structure
2026-08-04 15:22:44	INFO	UVContSubTVI::printInputFitSpec	Fitspec (order and spw:line-free channel) specification is: 
2026-08-04 15:22:44	INFO	UVContSubTVI::printInputFitSpec	   field: all fields. 0, '0:0~401,0:827~1533,0:1957~2970,0:3391~3839'
2026-08-04 15:22:44	INFO	UVContSubTVI::parseConfiguration	Using GSL based multiparameter regression with linear least-squares fitting
2026-08-04 15:22:44	INFO	UVContSubTVI::fitSpecToPerFieldMap	Parsing fit spw:chan string and order for field: all fields, spw/chan: '0:0~401,0:827~1533,0:1957~2970,0:3391~3839', order: 0
2026-08-04 15:22:44	INFO	MSTransformManager::generateIterator	TVI chain is UVContSub( DiskIO() )
2026-08-04 15:22:44	INFO	uvcontsub::::casa	Running continnum subtraction
2026-08-04 15:33:28	INFO	uvcontsub::::casa	Task uvcontsub complete. Start time: 2026-08-04 15:22:38.896291 End time: 2026-08-04 15:33:28.363168
2026-08-04 15:33:28	INFO	uvcontsub::::casa	##### End Task: uvcontsub            #####
2026-08-04 15:33:28	INFO	uvcontsub::::casa	##########################################
2026-08-04 15:33:43	INFO	split::::casa	##########################################
2026-08-04 15:33:43	INFO	split::::casa	##### Begin Task: split              #####
2026-08-04 15:33:43	INFO	split::::casa	split( vis='/nfs/home/lneumann/reduction/alma_data_reduction/calibration/2024.1.01512.S/science_goal.uid___A001_X37c7_Xb1/group.uid___A001_X37c7_Xb2/member.uid___A001_X37c7_Xb3/calibrated/uid___A002_X124f393_Xd630_targets.ms', outputvis='ngc4254_2024.1.01512.S_12m_2_hcop.ms', keepmms=True, field='', spw='23', scan='', antenna='', correlation='', timerange='', intent='OBSERVE_TARGET*', array='', uvrange='', observation='', feed='', datacolumn='DATA', keepflags=False, width=1, timebin='0s', combine='' )
2026-08-04 15:33:43	INFO	MSTransformManager::parseMsSpecParams	Input file name is /nfs/home/lneumann/reduction/alma_data_reduction/calibration/2024.1.01512.S/science_goal.uid___A001_X37c7_Xb1/group.uid___A001_X37c7_Xb2/member.uid___A001_X37c7_Xb3/calibrated/uid___A002_X124f393_Xd630_targets.ms
2026-08-04 15:33:43	INFO	MSTransformManager::parseMsSpecParams	Data column is DATA
2026-08-04 15:33:43	INFO	MSTransformManager::parseMsSpecParams	Output file name is ngc4254_2024.1.01512.S_12m_2_hcop.ms
2026-08-04 15:33:43	INFO	MSTransformManager::parseDataSelParams	spw selection is 23
2026-08-04 15:33:43	INFO	MSTransformManager::parseDataSelParams	scan intent selection is OBSERVE_TARGET*
2026-08-04 15:33:43	INFO	MSTransformManager::colCheckInfo	Adding DATA column to output MS from input DATA column
2026-08-04 15:33:43	INFO	MSTransformManager::initDataSelectionParams	Selected Scans Intents Ids are [16, 17, 18, 19, 20, 21, 22, 23, 24, 25, 26, 27, 28, 29, 30, 31, 32, 33, 34, 35, 36, 37, 38, 39, 40, 41, 42, 43, 44, 45, 46, 47, 48, 49, 50, 51, 52, 53, 54, 55, 56, 57, 58, 59, 60, 61, 62]
2026-08-04 15:33:43	INFO	MSTransformManager::initDataSelectionParams	Selected SPWs Ids are Axis Lengths: [1, 4]  (NB: Matrix in Row/Column order)
2026-08-04 15:33:43	INFO	MSTransformManager::initDataSelectionParams+	[23, 0, 3839, 1]
2026-08-04 15:33:43	INFO	MSTransformManager::open	Select data
2026-08-04 15:33:43	INFO	MSTransformManager::createOutputMSStructure	Create output MS structure
2026-08-04 15:33:58	INFO	MSTransformDataHandler::makeSelection	439303 out of 2323776 rows are going to be considered due to the selection criteria.
2026-08-04 15:37:14	INFO	split::::casa	Task split complete. Start time: 2026-08-04 15:33:42.582914 End time: 2026-08-04 15:37:13.697733
2026-08-04 15:37:14	INFO	split::::casa	##### End Task: split                #####
2026-08-04 15:37:14	INFO	split::::casa	##########################################
2026-08-04 15:37:16	INFO	uvcontsub::::casa	##########################################
2026-08-04 15:37:16	INFO	uvcontsub::::casa	##### Begin Task: uvcontsub          #####
2026-08-04 15:37:16	INFO	uvcontsub::::casa	uvcontsub( vis='ngc4254_2024.1.01512.S_12m_2_hcop.ms', outputvis='ngc4254_2024.1.01512.S_12m_2_hcop.ms.contsub', field='', spw='', scan='', intent='', array='', observation='', datacolumn='data', fitspec='0:0~409,0:836~1542,0:1965~2979,0:3399~3839', fitmethod='gsl', fitorder=0, writemodel=False )
2026-08-04 15:37:16	INFO	uvcontsub::::casa	The task uvcontsub has been updated. It does not yet support combining spws for fitting. If you need this functionality please use uvcontsub_old.
2026-08-04 15:37:16	INFO	MSTransformManager::parseMsSpecParams	Input file name is ngc4254_2024.1.01512.S_12m_2_hcop.ms
2026-08-04 15:37:16	INFO	MSTransformManager::parseMsSpecParams	Data column is DATA
2026-08-04 15:37:16	INFO	MSTransformManager::parseMsSpecParams	Output file name is ngc4254_2024.1.01512.S_12m_2_hcop.ms.contsub
2026-08-04 15:37:16	INFO	MSTransformManager::parseMsSpecParams	Re-index is disabled 
2026-08-04 15:37:16	INFO	MSTransformManager::parseDataSelParams	array selection is 
2026-08-04 15:37:16	INFO	MSTransformManager::parseDataSelParams	field selection is 
2026-08-04 15:37:16	INFO	MSTransformManager::parseDataSelParams	scan selection is 
2026-08-04 15:37:16	INFO	MSTransformManager::parseDataSelParams	spw selection is 
2026-08-04 15:37:16	INFO	MSTransformManager::parseDataSelParams	observation selection is 
2026-08-04 15:37:16	INFO	MSTransformManager::parseDataSelParams	scan intent selection is 
2026-08-04 15:37:16	INFO	MSTransformManager::parseUVContSubParams	Continuum subtraction is activated 
2026-08-04 15:37:16	INFO	MSTransformManager::colCheckInfo	Adding DATA column to output MS from input DATA column
2026-08-04 15:37:16	INFO	MSTransformManager::open	Select data
2026-08-04 15:37:16	INFO	MSTransformManager::createOutputMSStructure	Create output MS structure
2026-08-04 15:37:21	INFO	UVContSubTVI::printInputFitSpec	Fitspec (order and spw:line-free channel) specification is: 
2026-08-04 15:37:21	INFO	UVContSubTVI::printInputFitSpec	   field: all fields. 0, '0:0~409,0:836~1542,0:1965~2979,0:3399~3839'
2026-08-04 15:37:21	INFO	UVContSubTVI::parseConfiguration	Using GSL based multiparameter regression with linear least-squares fitting
2026-08-04 15:37:21	INFO	UVContSubTVI::fitSpecToPerFieldMap	Parsing fit spw:chan string and order for field: all fields, spw/chan: '0:0~409,0:836~1542,0:1965~2979,0:3399~3839', order: 0
2026-08-04 15:37:21	INFO	MSTransformManager::generateIterator	TVI chain is UVContSub( DiskIO() )
2026-08-04 15:37:21	INFO	uvcontsub::::casa	Running continnum subtraction
2026-08-04 15:47:56	INFO	uvcontsub::::casa	Task uvcontsub complete. Start time: 2026-08-04 15:37:16.314531 End time: 2026-08-04 15:47:55.768576
2026-08-04 15:47:56	INFO	uvcontsub::::casa	##### End Task: uvcontsub            #####
2026-08-04 15:47:56	INFO	uvcontsub::::casa	##########################################
2026-08-04 15:48:08	INFO	split::::casa	##########################################
2026-08-04 15:48:08	INFO	split::::casa	##### Begin Task: split              #####
2026-08-04 15:48:08	INFO	split::::casa	split( vis='/nfs/home/lneumann/reduction/alma_data_reduction/calibration/2024.1.01512.S/science_goal.uid___A001_X37c7_Xb1/group.uid___A001_X37c7_Xb2/member.uid___A001_X37c7_Xb3/calibrated/uid___A002_X1255740_X1114a_targets.ms', outputvis='ngc4254_2024.1.01512.S_12m_3_hcop.ms', keepmms=True, field='', spw='23', scan='', antenna='', correlation='', timerange='', intent='OBSERVE_TARGET*', array='', uvrange='', observation='', feed='', datacolumn='DATA', keepflags=False, width=1, timebin='0s', combine='' )
2026-08-04 15:48:08	INFO	MSTransformManager::parseMsSpecParams	Input file name is /nfs/home/lneumann/reduction/alma_data_reduction/calibration/2024.1.01512.S/science_goal.uid___A001_X37c7_Xb1/group.uid___A001_X37c7_Xb2/member.uid___A001_X37c7_Xb3/calibrated/uid___A002_X1255740_X1114a_targets.ms
2026-08-04 15:48:08	INFO	MSTransformManager::parseMsSpecParams	Data column is DATA
2026-08-04 15:48:08	INFO	MSTransformManager::parseMsSpecParams	Output file name is ngc4254_2024.1.01512.S_12m_3_hcop.ms
2026-08-04 15:48:08	INFO	MSTransformManager::parseDataSelParams	spw selection is 23
2026-08-04 15:48:08	INFO	MSTransformManager::parseDataSelParams	scan intent selection is OBSERVE_TARGET*
2026-08-04 15:48:08	INFO	MSTransformManager::colCheckInfo	Adding DATA column to output MS from input DATA column
2026-08-04 15:48:08	INFO	MSTransformManager::initDataSelectionParams	Selected Scans Intents Ids are [16, 17, 18, 19, 20, 21, 22, 23, 24, 25, 26, 27, 28, 29, 30, 31, 32, 33, 34, 35, 36, 37, 38, 39, 40, 41, 42, 43, 44, 45, 46, 47, 48, 49, 50, 51, 52, 53, 54, 55, 56, 57, 58, 59, 60, 61, 62]
2026-08-04 15:48:08	INFO	MSTransformManager::initDataSelectionParams	Selected SPWs Ids are Axis Lengths: [1, 4]  (NB: Matrix in Row/Column order)
2026-08-04 15:48:08	INFO	MSTransformManager::initDataSelectionParams+	[23, 0, 3839, 1]
2026-08-04 15:48:08	INFO	MSTransformManager::open	Select data
2026-08-04 15:48:08	INFO	MSTransformManager::createOutputMSStructure	Create output MS structure
2026-08-04 15:48:23	INFO	MSTransformDataHandler::makeSelection	509761 out of 2136056 rows are going to be considered due to the selection criteria.
2026-08-04 15:51:23	INFO	split::::casa	Task split complete. Start time: 2026-08-04 15:48:08.011501 End time: 2026-08-04 15:51:22.929941
2026-08-04 15:51:23	INFO	split::::casa	##### End Task: split                #####
2026-08-04 15:51:23	INFO	split::::casa	##########################################
2026-08-04 15:51:26	INFO	uvcontsub::::casa	##########################################
2026-08-04 15:51:26	INFO	uvcontsub::::casa	##### Begin Task: uvcontsub          #####
2026-08-04 15:51:26	INFO	uvcontsub::::casa	uvcontsub( vis='ngc4254_2024.1.01512.S_12m_3_hcop.ms', outputvis='ngc4254_2024.1.01512.S_12m_3_hcop.ms.contsub', field='', spw='', scan='', intent='', array='', observation='', datacolumn='data', fitspec='0:0~401,0:827~1533,0:1957~2970,0:3391~3839', fitmethod='gsl', fitorder=0, writemodel=False )
2026-08-04 15:51:26	INFO	uvcontsub::::casa	The task uvcontsub has been updated. It does not yet support combining spws for fitting. If you need this functionality please use uvcontsub_old.
2026-08-04 15:51:26	INFO	MSTransformManager::parseMsSpecParams	Input file name is ngc4254_2024.1.01512.S_12m_3_hcop.ms
2026-08-04 15:51:26	INFO	MSTransformManager::parseMsSpecParams	Data column is DATA
2026-08-04 15:51:26	INFO	MSTransformManager::parseMsSpecParams	Output file name is ngc4254_2024.1.01512.S_12m_3_hcop.ms.contsub
2026-08-04 15:51:26	INFO	MSTransformManager::parseMsSpecParams	Re-index is disabled 
2026-08-04 15:51:26	INFO	MSTransformManager::parseDataSelParams	array selection is 
2026-08-04 15:51:26	INFO	MSTransformManager::parseDataSelParams	field selection is 
2026-08-04 15:51:26	INFO	MSTransformManager::parseDataSelParams	scan selection is 
2026-08-04 15:51:26	INFO	MSTransformManager::parseDataSelParams	spw selection is 
2026-08-04 15:51:26	INFO	MSTransformManager::parseDataSelParams	observation selection is 
2026-08-04 15:51:26	INFO	MSTransformManager::parseDataSelParams	scan intent selection is 
2026-08-04 15:51:26	INFO	MSTransformManager::parseUVContSubParams	Continuum subtraction is activated 
2026-08-04 15:51:26	INFO	MSTransformManager::colCheckInfo	Adding DATA column to output MS from input DATA column
2026-08-04 15:51:26	INFO	MSTransformManager::open	Select data
2026-08-04 15:51:26	INFO	MSTransformManager::createOutputMSStructure	Create output MS structure
2026-08-04 15:51:30	INFO	UVContSubTVI::printInputFitSpec	Fitspec (order and spw:line-free channel) specification is: 
2026-08-04 15:51:30	INFO	UVContSubTVI::printInputFitSpec	   field: all fields. 0, '0:0~401,0:827~1533,0:1957~2970,0:3391~3839'
2026-08-04 15:51:30	INFO	UVContSubTVI::parseConfiguration	Using GSL based multiparameter regression with linear least-squares fitting
2026-08-04 15:51:30	INFO	UVContSubTVI::fitSpecToPerFieldMap	Parsing fit spw:chan string and order for field: all fields, spw/chan: '0:0~401,0:827~1533,0:1957~2970,0:3391~3839', order: 0
2026-08-04 15:51:30	INFO	MSTransformManager::generateIterator	TVI chain is UVContSub( DiskIO() )
2026-08-04 15:51:30	INFO	uvcontsub::::casa	Running continnum subtraction
2026-08-04 16:03:21	INFO	uvcontsub::::casa	Task uvcontsub complete. Start time: 2026-08-04 15:51:25.890377 End time: 2026-08-04 16:03:20.674107
2026-08-04 16:03:21	INFO	uvcontsub::::casa	##### End Task: uvcontsub            #####
2026-08-04 16:03:21	INFO	uvcontsub::::casa	##########################################
2026-08-04 16:03:32	INFO	split::::casa	##########################################
2026-08-04 16:03:32	INFO	split::::casa	##### Begin Task: split              #####
2026-08-04 16:03:32	INFO	split::::casa	split( vis='/nfs/home/lneumann/reduction/alma_data_reduction/calibration/2024.1.01512.S/science_goal.uid___A001_X37c7_Xb1/group.uid___A001_X37c7_Xb2/member.uid___A001_X37c7_Xb3/calibrated/uid___A002_X1255740_X11d32_targets.ms', outputvis='ngc4254_2024.1.01512.S_12m_4_hcop.ms', keepmms=True, field='', spw='23', scan='', antenna='', correlation='', timerange='', intent='OBSERVE_TARGET*', array='', uvrange='', observation='', feed='', datacolumn='DATA', keepflags=False, width=1, timebin='0s', combine='' )
2026-08-04 16:03:32	INFO	MSTransformManager::parseMsSpecParams	Input file name is /nfs/home/lneumann/reduction/alma_data_reduction/calibration/2024.1.01512.S/science_goal.uid___A001_X37c7_Xb1/group.uid___A001_X37c7_Xb2/member.uid___A001_X37c7_Xb3/calibrated/uid___A002_X1255740_X11d32_targets.ms
2026-08-04 16:03:32	INFO	MSTransformManager::parseMsSpecParams	Data column is DATA
2026-08-04 16:03:32	INFO	MSTransformManager::parseMsSpecParams	Output file name is ngc4254_2024.1.01512.S_12m_4_hcop.ms
2026-08-04 16:03:32	INFO	MSTransformManager::parseDataSelParams	spw selection is 23
2026-08-04 16:03:32	INFO	MSTransformManager::parseDataSelParams	scan intent selection is OBSERVE_TARGET*
2026-08-04 16:03:33	INFO	MSTransformManager::colCheckInfo	Adding DATA column to output MS from input DATA column
2026-08-04 16:03:33	INFO	MSTransformManager::initDataSelectionParams	Selected Scans Intents Ids are [16, 17, 18, 19, 20, 21, 22, 23, 24, 25, 26, 27, 28, 29, 30, 31, 32, 33, 34, 35, 36, 37, 38, 39, 40, 41, 42, 43, 44, 45, 46, 47, 48, 49, 50, 51, 52, 53, 54, 55, 56, 57, 58, 59, 60, 61, 62]
2026-08-04 16:03:33	INFO	MSTransformManager::initDataSelectionParams	Selected SPWs Ids are Axis Lengths: [1, 4]  (NB: Matrix in Row/Column order)
2026-08-04 16:03:33	INFO	MSTransformManager::initDataSelectionParams+	[23, 0, 3839, 1]
2026-08-04 16:03:33	INFO	MSTransformManager::open	Select data
2026-08-04 16:03:33	INFO	MSTransformManager::createOutputMSStructure	Create output MS structure
2026-08-04 16:03:43	INFO	MSTransformDataHandler::makeSelection	452362 out of 2136056 rows are going to be considered due to the selection criteria.
2026-08-04 16:06:42	INFO	split::::casa	Task split complete. Start time: 2026-08-04 16:03:32.342891 End time: 2026-08-04 16:06:42.304220
2026-08-04 16:06:42	INFO	split::::casa	##### End Task: split                #####
2026-08-04 16:06:42	INFO	split::::casa	##########################################
2026-08-04 16:06:45	INFO	uvcontsub::::casa	##########################################
2026-08-04 16:06:45	INFO	uvcontsub::::casa	##### Begin Task: uvcontsub          #####
2026-08-04 16:06:45	INFO	uvcontsub::::casa	uvcontsub( vis='ngc4254_2024.1.01512.S_12m_4_hcop.ms', outputvis='ngc4254_2024.1.01512.S_12m_4_hcop.ms.contsub', field='', spw='', scan='', intent='', array='', observation='', datacolumn='data', fitspec='0:0~401,0:827~1533,0:1957~2970,0:3391~3839', fitmethod='gsl', fitorder=0, writemodel=False )
2026-08-04 16:06:45	INFO	uvcontsub::::casa	The task uvcontsub has been updated. It does not yet support combining spws for fitting. If you need this functionality please use uvcontsub_old.
2026-08-04 16:06:45	INFO	MSTransformManager::parseMsSpecParams	Input file name is ngc4254_2024.1.01512.S_12m_4_hcop.ms
2026-08-04 16:06:45	INFO	MSTransformManager::parseMsSpecParams	Data column is DATA
2026-08-04 16:06:45	INFO	MSTransformManager::parseMsSpecParams	Output file name is ngc4254_2024.1.01512.S_12m_4_hcop.ms.contsub
2026-08-04 16:06:45	INFO	MSTransformManager::parseMsSpecParams	Re-index is disabled 
2026-08-04 16:06:45	INFO	MSTransformManager::parseDataSelParams	array selection is 
2026-08-04 16:06:45	INFO	MSTransformManager::parseDataSelParams	field selection is 
2026-08-04 16:06:45	INFO	MSTransformManager::parseDataSelParams	scan selection is 
2026-08-04 16:06:45	INFO	MSTransformManager::parseDataSelParams	spw selection is 
2026-08-04 16:06:45	INFO	MSTransformManager::parseDataSelParams	observation selection is 
2026-08-04 16:06:45	INFO	MSTransformManager::parseDataSelParams	scan intent selection is 
2026-08-04 16:06:45	INFO	MSTransformManager::parseUVContSubParams	Continuum subtraction is activated 
2026-08-04 16:06:45	INFO	MSTransformManager::colCheckInfo	Adding DATA column to output MS from input DATA column
2026-08-04 16:06:45	INFO	MSTransformManager::open	Select data
2026-08-04 16:06:45	INFO	MSTransformManager::createOutputMSStructure	Create output MS structure
2026-08-04 16:06:50	INFO	UVContSubTVI::printInputFitSpec	Fitspec (order and spw:line-free channel) specification is: 
2026-08-04 16:06:50	INFO	UVContSubTVI::printInputFitSpec	   field: all fields. 0, '0:0~401,0:827~1533,0:1957~2970,0:3391~3839'
2026-08-04 16:06:50	INFO	UVContSubTVI::parseConfiguration	Using GSL based multiparameter regression with linear least-squares fitting
2026-08-04 16:06:50	INFO	UVContSubTVI::fitSpecToPerFieldMap	Parsing fit spw:chan string and order for field: all fields, spw/chan: '0:0~401,0:827~1533,0:1957~2970,0:3391~3839', order: 0
2026-08-04 16:06:50	INFO	MSTransformManager::generateIterator	TVI chain is UVContSub( DiskIO() )
2026-08-04 16:06:50	INFO	uvcontsub::::casa	Running continnum subtraction
2026-08-04 16:17:38	INFO	uvcontsub::::casa	Task uvcontsub complete. Start time: 2026-08-04 16:06:45.131612 End time: 2026-08-04 16:17:38.487317
2026-08-04 16:17:38	INFO	uvcontsub::::casa	##### End Task: uvcontsub            #####
2026-08-04 16:17:38	INFO	uvcontsub::::casa	##########################################
2026-08-04 16:17:51	INFO	split::::casa	##########################################
2026-08-04 16:17:51	INFO	split::::casa	##### Begin Task: split              #####
2026-08-04 16:17:51	INFO	split::::casa	split( vis='/nfs/home/lneumann/reduction/alma_data_reduction/calibration/2024.1.01512.S/science_goal.uid___A001_X37c7_Xb1/group.uid___A001_X37c7_Xb2/member.uid___A001_X37c7_Xb3/calibrated/uid___A002_X1255740_X128f0_targets.ms', outputvis='ngc4254_2024.1.01512.S_12m_5_hcop.ms', keepmms=True, field='', spw='23', scan='', antenna='', correlation='', timerange='', intent='OBSERVE_TARGET*', array='', uvrange='', observation='', feed='', datacolumn='DATA', keepflags=False, width=1, timebin='0s', combine='' )
2026-08-04 16:17:52	INFO	MSTransformManager::parseMsSpecParams	Input file name is /nfs/home/lneumann/reduction/alma_data_reduction/calibration/2024.1.01512.S/science_goal.uid___A001_X37c7_Xb1/group.uid___A001_X37c7_Xb2/member.uid___A001_X37c7_Xb3/calibrated/uid___A002_X1255740_X128f0_targets.ms
2026-08-04 16:17:52	INFO	MSTransformManager::parseMsSpecParams	Data column is DATA
2026-08-04 16:17:52	INFO	MSTransformManager::parseMsSpecParams	Output file name is ngc4254_2024.1.01512.S_12m_5_hcop.ms
2026-08-04 16:17:52	INFO	MSTransformManager::parseDataSelParams	spw selection is 23
2026-08-04 16:17:52	INFO	MSTransformManager::parseDataSelParams	scan intent selection is OBSERVE_TARGET*
2026-08-04 16:17:52	INFO	MSTransformManager::colCheckInfo	Adding DATA column to output MS from input DATA column
2026-08-04 16:17:52	INFO	MSTransformManager::initDataSelectionParams	Selected Scans Intents Ids are [16, 17, 18, 19, 20, 21, 22, 23, 24, 25, 26, 27, 28, 29, 30, 31, 32, 33, 34, 35, 36, 37, 38, 39, 40, 41, 42, 43, 44, 45, 46, 47, 48, 49, 50, 51, 52, 53, 54, 55, 56, 57, 58, 59, 60, 61, 62]
2026-08-04 16:17:52	INFO	MSTransformManager::initDataSelectionParams	Selected SPWs Ids are Axis Lengths: [1, 4]  (NB: Matrix in Row/Column order)
2026-08-04 16:17:52	INFO	MSTransformManager::initDataSelectionParams+	[23, 0, 3839, 1]
2026-08-04 16:17:52	INFO	MSTransformManager::open	Select data
2026-08-04 16:17:52	INFO	MSTransformManager::createOutputMSStructure	Create output MS structure
2026-08-04 16:18:08	INFO	MSTransformDataHandler::makeSelection	418924 out of 2136056 rows are going to be considered due to the selection criteria.
2026-08-04 16:20:54	INFO	split::::casa	Task split complete. Start time: 2026-08-04 16:17:51.412509 End time: 2026-08-04 16:20:54.101293
2026-08-04 16:20:54	INFO	split::::casa	##### End Task: split                #####
2026-08-04 16:20:54	INFO	split::::casa	##########################################
2026-08-04 16:20:56	INFO	uvcontsub::::casa	##########################################
2026-08-04 16:20:56	INFO	uvcontsub::::casa	##### Begin Task: uvcontsub          #####
2026-08-04 16:20:56	INFO	uvcontsub::::casa	uvcontsub( vis='ngc4254_2024.1.01512.S_12m_5_hcop.ms', outputvis='ngc4254_2024.1.01512.S_12m_5_hcop.ms.contsub', field='', spw='', scan='', intent='', array='', observation='', datacolumn='data', fitspec='0:0~401,0:827~1533,0:1957~2970,0:3390~3839', fitmethod='gsl', fitorder=0, writemodel=False )
2026-08-04 16:20:56	INFO	uvcontsub::::casa	The task uvcontsub has been updated. It does not yet support combining spws for fitting. If you need this functionality please use uvcontsub_old.
2026-08-04 16:20:56	INFO	MSTransformManager::parseMsSpecParams	Input file name is ngc4254_2024.1.01512.S_12m_5_hcop.ms
2026-08-04 16:20:56	INFO	MSTransformManager::parseMsSpecParams	Data column is DATA
2026-08-04 16:20:56	INFO	MSTransformManager::parseMsSpecParams	Output file name is ngc4254_2024.1.01512.S_12m_5_hcop.ms.contsub
2026-08-04 16:20:56	INFO	MSTransformManager::parseMsSpecParams	Re-index is disabled 
2026-08-04 16:20:56	INFO	MSTransformManager::parseDataSelParams	array selection is 
2026-08-04 16:20:56	INFO	MSTransformManager::parseDataSelParams	field selection is 
2026-08-04 16:20:56	INFO	MSTransformManager::parseDataSelParams	scan selection is 
2026-08-04 16:20:56	INFO	MSTransformManager::parseDataSelParams	spw selection is 
2026-08-04 16:20:56	INFO	MSTransformManager::parseDataSelParams	observation selection is 
2026-08-04 16:20:56	INFO	MSTransformManager::parseDataSelParams	scan intent selection is 
2026-08-04 16:20:56	INFO	MSTransformManager::parseUVContSubParams	Continuum subtraction is activated 
2026-08-04 16:20:56	INFO	MSTransformManager::colCheckInfo	Adding DATA column to output MS from input DATA column
2026-08-04 16:20:56	INFO	MSTransformManager::open	Select data
2026-08-04 16:20:56	INFO	MSTransformManager::createOutputMSStructure	Create output MS structure
2026-08-04 16:21:01	INFO	UVContSubTVI::printInputFitSpec	Fitspec (order and spw:line-free channel) specification is: 
2026-08-04 16:21:01	INFO	UVContSubTVI::printInputFitSpec	   field: all fields. 0, '0:0~401,0:827~1533,0:1957~2970,0:3390~3839'
2026-08-04 16:21:01	INFO	UVContSubTVI::parseConfiguration	Using GSL based multiparameter regression with linear least-squares fitting
2026-08-04 16:21:01	INFO	UVContSubTVI::fitSpecToPerFieldMap	Parsing fit spw:chan string and order for field: all fields, spw/chan: '0:0~401,0:827~1533,0:1957~2970,0:3390~3839', order: 0
2026-08-04 16:21:01	INFO	MSTransformManager::generateIterator	TVI chain is UVContSub( DiskIO() )
2026-08-04 16:21:01	INFO	uvcontsub::::casa	Running continnum subtraction
2026-08-04 16:30:59	INFO	uvcontsub::::casa	Task uvcontsub complete. Start time: 2026-08-04 16:20:56.360648 End time: 2026-08-04 16:30:59.001904
2026-08-04 16:30:59	INFO	uvcontsub::::casa	##### End Task: uvcontsub            #####
2026-08-04 16:30:59	INFO	uvcontsub::::casa	##########################################
2026-08-04 16:31:13	INFO	split::::casa	##########################################
2026-08-04 16:31:13	INFO	split::::casa	##### Begin Task: split              #####
2026-08-04 16:31:13	INFO	split::::casa	split( vis='/nfs/home/lneumann/reduction/alma_data_reduction/calibration/2024.1.01512.S/science_goal.uid___A001_X37c7_Xb1/group.uid___A001_X37c7_Xb2/member.uid___A001_X37c7_Xb3/calibrated/uid___A002_X1255740_X214a2_targets.ms', outputvis='ngc4254_2024.1.01512.S_12m_6_hcop.ms', keepmms=True, field='', spw='23', scan='', antenna='', correlation='', timerange='', intent='OBSERVE_TARGET*', array='', uvrange='', observation='', feed='', datacolumn='DATA', keepflags=False, width=1, timebin='0s', combine='' )
2026-08-04 16:31:14	INFO	MSTransformManager::parseMsSpecParams	Input file name is /nfs/home/lneumann/reduction/alma_data_reduction/calibration/2024.1.01512.S/science_goal.uid___A001_X37c7_Xb1/group.uid___A001_X37c7_Xb2/member.uid___A001_X37c7_Xb3/calibrated/uid___A002_X1255740_X214a2_targets.ms
2026-08-04 16:31:14	INFO	MSTransformManager::parseMsSpecParams	Data column is DATA
2026-08-04 16:31:14	INFO	MSTransformManager::parseMsSpecParams	Output file name is ngc4254_2024.1.01512.S_12m_6_hcop.ms
2026-08-04 16:31:14	INFO	MSTransformManager::parseDataSelParams	spw selection is 23
2026-08-04 16:31:14	INFO	MSTransformManager::parseDataSelParams	scan intent selection is OBSERVE_TARGET*
2026-08-04 16:31:14	INFO	MSTransformManager::colCheckInfo	Adding DATA column to output MS from input DATA column
2026-08-04 16:31:14	INFO	MSTransformManager::initDataSelectionParams	Selected Scans Intents Ids are [16, 17, 18, 19, 20, 21, 22, 23, 24, 25, 26, 27, 28, 29, 30, 31, 32, 33, 34, 35, 36, 37, 38, 39, 40, 41, 42, 43, 44, 45, 46, 47, 48, 49, 50, 51, 52, 53, 54, 55, 56, 57, 58, 59, 60, 61, 62]
2026-08-04 16:31:14	INFO	MSTransformManager::initDataSelectionParams	Selected SPWs Ids are Axis Lengths: [1, 4]  (NB: Matrix in Row/Column order)
2026-08-04 16:31:14	INFO	MSTransformManager::initDataSelectionParams+	[23, 0, 3839, 1]
2026-08-04 16:31:14	INFO	MSTransformManager::open	Select data
2026-08-04 16:31:14	INFO	MSTransformManager::createOutputMSStructure	Create output MS structure
2026-08-04 16:31:27	INFO	MSTransformDataHandler::makeSelection	439837 out of 2228928 rows are going to be considered due to the selection criteria.
2026-08-04 16:34:18	INFO	split::::casa	Task split complete. Start time: 2026-08-04 16:31:13.424268 End time: 2026-08-04 16:34:17.721488
2026-08-04 16:34:18	INFO	split::::casa	##### End Task: split                #####
2026-08-04 16:34:18	INFO	split::::casa	##########################################
2026-08-04 16:34:20	INFO	uvcontsub::::casa	##########################################
2026-08-04 16:34:20	INFO	uvcontsub::::casa	##### Begin Task: uvcontsub          #####
2026-08-04 16:34:20	INFO	uvcontsub::::casa	uvcontsub( vis='ngc4254_2024.1.01512.S_12m_6_hcop.ms', outputvis='ngc4254_2024.1.01512.S_12m_6_hcop.ms.contsub', field='', spw='', scan='', intent='', array='', observation='', datacolumn='data', fitspec='0:0~400,0:826~1532,0:1956~2969,0:3390~3839', fitmethod='gsl', fitorder=0, writemodel=False )
2026-08-04 16:34:20	INFO	uvcontsub::::casa	The task uvcontsub has been updated. It does not yet support combining spws for fitting. If you need this functionality please use uvcontsub_old.
2026-08-04 16:34:20	INFO	MSTransformManager::parseMsSpecParams	Input file name is ngc4254_2024.1.01512.S_12m_6_hcop.ms
2026-08-04 16:34:20	INFO	MSTransformManager::parseMsSpecParams	Data column is DATA
2026-08-04 16:34:20	INFO	MSTransformManager::parseMsSpecParams	Output file name is ngc4254_2024.1.01512.S_12m_6_hcop.ms.contsub
2026-08-04 16:34:20	INFO	MSTransformManager::parseMsSpecParams	Re-index is disabled 
2026-08-04 16:34:20	INFO	MSTransformManager::parseDataSelParams	array selection is 
2026-08-04 16:34:20	INFO	MSTransformManager::parseDataSelParams	field selection is 
2026-08-04 16:34:20	INFO	MSTransformManager::parseDataSelParams	scan selection is 
2026-08-04 16:34:20	INFO	MSTransformManager::parseDataSelParams	spw selection is 
2026-08-04 16:34:20	INFO	MSTransformManager::parseDataSelParams	observation selection is 
2026-08-04 16:34:20	INFO	MSTransformManager::parseDataSelParams	scan intent selection is 
2026-08-04 16:34:20	INFO	MSTransformManager::parseUVContSubParams	Continuum subtraction is activated 
2026-08-04 16:34:20	INFO	MSTransformManager::colCheckInfo	Adding DATA column to output MS from input DATA column
2026-08-04 16:34:20	INFO	MSTransformManager::open	Select data
2026-08-04 16:34:20	INFO	MSTransformManager::createOutputMSStructure	Create output MS structure
2026-08-04 16:34:24	INFO	UVContSubTVI::printInputFitSpec	Fitspec (order and spw:line-free channel) specification is: 
2026-08-04 16:34:24	INFO	UVContSubTVI::printInputFitSpec	   field: all fields. 0, '0:0~400,0:826~1532,0:1956~2969,0:3390~3839'
2026-08-04 16:34:24	INFO	UVContSubTVI::parseConfiguration	Using GSL based multiparameter regression with linear least-squares fitting
2026-08-04 16:34:24	INFO	UVContSubTVI::fitSpecToPerFieldMap	Parsing fit spw:chan string and order for field: all fields, spw/chan: '0:0~400,0:826~1532,0:1956~2969,0:3390~3839', order: 0
2026-08-04 16:34:24	INFO	MSTransformManager::generateIterator	TVI chain is UVContSub( DiskIO() )
2026-08-04 16:34:24	INFO	uvcontsub::::casa	Running continnum subtraction
2026-08-04 16:44:26	INFO	uvcontsub::::casa	Task uvcontsub complete. Start time: 2026-08-04 16:34:20.093707 End time: 2026-08-04 16:44:26.040290
2026-08-04 16:44:26	INFO	uvcontsub::::casa	##### End Task: uvcontsub            #####
2026-08-04 16:44:26	INFO	uvcontsub::::casa	##########################################
2026-08-04 16:44:40	INFO	split::::casa	##########################################
2026-08-04 16:44:40	INFO	split::::casa	##### Begin Task: split              #####
2026-08-04 16:44:40	INFO	split::::casa	split( vis='/nfs/home/lneumann/reduction/alma_data_reduction/calibration/2024.1.01512.S/science_goal.uid___A001_X37c7_Xb1/group.uid___A001_X37c7_Xb2/member.uid___A001_X37c7_Xb3/calibrated/uid___A002_X1255740_X221ca_targets.ms', outputvis='ngc4254_2024.1.01512.S_12m_7_hcop.ms', keepmms=True, field='', spw='23', scan='', antenna='', correlation='', timerange='', intent='OBSERVE_TARGET*', array='', uvrange='', observation='', feed='', datacolumn='DATA', keepflags=False, width=1, timebin='0s', combine='' )
2026-08-04 16:44:40	INFO	MSTransformManager::parseMsSpecParams	Input file name is /nfs/home/lneumann/reduction/alma_data_reduction/calibration/2024.1.01512.S/science_goal.uid___A001_X37c7_Xb1/group.uid___A001_X37c7_Xb2/member.uid___A001_X37c7_Xb3/calibrated/uid___A002_X1255740_X221ca_targets.ms
2026-08-04 16:44:40	INFO	MSTransformManager::parseMsSpecParams	Data column is DATA
2026-08-04 16:44:40	INFO	MSTransformManager::parseMsSpecParams	Output file name is ngc4254_2024.1.01512.S_12m_7_hcop.ms
2026-08-04 16:44:40	INFO	MSTransformManager::parseDataSelParams	spw selection is 23
2026-08-04 16:44:40	INFO	MSTransformManager::parseDataSelParams	scan intent selection is OBSERVE_TARGET*
2026-08-04 16:44:40	INFO	MSTransformManager::colCheckInfo	Adding DATA column to output MS from input DATA column
2026-08-04 16:44:40	INFO	MSTransformManager::initDataSelectionParams	Selected Scans Intents Ids are [16, 17, 18, 19, 20, 21, 22, 23, 24, 25, 26, 27, 28, 29, 30, 31, 32, 33, 34, 35, 36, 37, 38, 39, 40, 41, 42, 43, 44, 45, 46, 47, 48, 49, 50, 51, 52, 53, 54, 55, 56, 57, 58, 59, 60, 61, 62]
2026-08-04 16:44:40	INFO	MSTransformManager::initDataSelectionParams	Selected SPWs Ids are Axis Lengths: [1, 4]  (NB: Matrix in Row/Column order)
2026-08-04 16:44:40	INFO	MSTransformManager::initDataSelectionParams+	[23, 0, 3839, 1]
2026-08-04 16:44:40	INFO	MSTransformManager::open	Select data
2026-08-04 16:44:40	INFO	MSTransformManager::createOutputMSStructure	Create output MS structure
2026-08-04 16:44:54	INFO	MSTransformDataHandler::makeSelection	419401 out of 2228928 rows are going to be considered due to the selection criteria.
2026-08-04 16:47:45	INFO	split::::casa	Task split complete. Start time: 2026-08-04 16:44:40.257727 End time: 2026-08-04 16:47:44.667654
2026-08-04 16:47:45	INFO	split::::casa	##### End Task: split                #####
2026-08-04 16:47:45	INFO	split::::casa	##########################################
2026-08-04 16:47:47	INFO	uvcontsub::::casa	##########################################
2026-08-04 16:47:47	INFO	uvcontsub::::casa	##### Begin Task: uvcontsub          #####
2026-08-04 16:47:47	INFO	uvcontsub::::casa	uvcontsub( vis='ngc4254_2024.1.01512.S_12m_7_hcop.ms', outputvis='ngc4254_2024.1.01512.S_12m_7_hcop.ms.contsub', field='', spw='', scan='', intent='', array='', observation='', datacolumn='data', fitspec='0:0~400,0:826~1532,0:1956~2969,0:3390~3839', fitmethod='gsl', fitorder=0, writemodel=False )
2026-08-04 16:47:47	INFO	uvcontsub::::casa	The task uvcontsub has been updated. It does not yet support combining spws for fitting. If you need this functionality please use uvcontsub_old.
2026-08-04 16:47:47	INFO	MSTransformManager::parseMsSpecParams	Input file name is ngc4254_2024.1.01512.S_12m_7_hcop.ms
2026-08-04 16:47:47	INFO	MSTransformManager::parseMsSpecParams	Data column is DATA
2026-08-04 16:47:47	INFO	MSTransformManager::parseMsSpecParams	Output file name is ngc4254_2024.1.01512.S_12m_7_hcop.ms.contsub
2026-08-04 16:47:47	INFO	MSTransformManager::parseMsSpecParams	Re-index is disabled 
2026-08-04 16:47:47	INFO	MSTransformManager::parseDataSelParams	array selection is 
2026-08-04 16:47:47	INFO	MSTransformManager::parseDataSelParams	field selection is 
2026-08-04 16:47:47	INFO	MSTransformManager::parseDataSelParams	scan selection is 
2026-08-04 16:47:47	INFO	MSTransformManager::parseDataSelParams	spw selection is 
2026-08-04 16:47:47	INFO	MSTransformManager::parseDataSelParams	observation selection is 
2026-08-04 16:47:47	INFO	MSTransformManager::parseDataSelParams	scan intent selection is 
2026-08-04 16:47:47	INFO	MSTransformManager::parseUVContSubParams	Continuum subtraction is activated 
2026-08-04 16:47:47	INFO	MSTransformManager::colCheckInfo	Adding DATA column to output MS from input DATA column
2026-08-04 16:47:47	INFO	MSTransformManager::open	Select data
2026-08-04 16:47:47	INFO	MSTransformManager::createOutputMSStructure	Create output MS structure
2026-08-04 16:47:51	INFO	UVContSubTVI::printInputFitSpec	Fitspec (order and spw:line-free channel) specification is: 
2026-08-04 16:47:51	INFO	UVContSubTVI::printInputFitSpec	   field: all fields. 0, '0:0~400,0:826~1532,0:1956~2969,0:3390~3839'
2026-08-04 16:47:51	INFO	UVContSubTVI::parseConfiguration	Using GSL based multiparameter regression with linear least-squares fitting
2026-08-04 16:47:51	INFO	UVContSubTVI::fitSpecToPerFieldMap	Parsing fit spw:chan string and order for field: all fields, spw/chan: '0:0~400,0:826~1532,0:1956~2969,0:3390~3839', order: 0
2026-08-04 16:47:51	INFO	MSTransformManager::generateIterator	TVI chain is UVContSub( DiskIO() )
2026-08-04 16:47:51	INFO	uvcontsub::::casa	Running continnum subtraction
2026-08-04 16:57:22	INFO	uvcontsub::::casa	Task uvcontsub complete. Start time: 2026-08-04 16:47:46.536632 End time: 2026-08-04 16:57:22.364329
2026-08-04 16:57:22	INFO	uvcontsub::::casa	##### End Task: uvcontsub            #####
2026-08-04 16:57:22	INFO	uvcontsub::::casa	##########################################
2026-08-04 16:57:35	INFO	split::::casa	##########################################
2026-08-04 16:57:35	INFO	split::::casa	##### Begin Task: split              #####
2026-08-04 16:57:35	INFO	split::::casa	split( vis='/nfs/home/lneumann/reduction/alma_data_reduction/calibration/2024.1.01512.S/science_goal.uid___A001_X37c7_Xb1/group.uid___A001_X37c7_Xb2/member.uid___A001_X37c7_Xb3/calibrated/uid___A002_X1255740_X4ba5_targets.ms', outputvis='ngc4254_2024.1.01512.S_12m_8_hcop.ms', keepmms=True, field='', spw='23', scan='', antenna='', correlation='', timerange='', intent='OBSERVE_TARGET*', array='', uvrange='', observation='', feed='', datacolumn='DATA', keepflags=False, width=1, timebin='0s', combine='' )
2026-08-04 16:57:35	INFO	MSTransformManager::parseMsSpecParams	Input file name is /nfs/home/lneumann/reduction/alma_data_reduction/calibration/2024.1.01512.S/science_goal.uid___A001_X37c7_Xb1/group.uid___A001_X37c7_Xb2/member.uid___A001_X37c7_Xb3/calibrated/uid___A002_X1255740_X4ba5_targets.ms
2026-08-04 16:57:35	INFO	MSTransformManager::parseMsSpecParams	Data column is DATA
2026-08-04 16:57:35	INFO	MSTransformManager::parseMsSpecParams	Output file name is ngc4254_2024.1.01512.S_12m_8_hcop.ms
2026-08-04 16:57:35	INFO	MSTransformManager::parseDataSelParams	spw selection is 23
2026-08-04 16:57:35	INFO	MSTransformManager::parseDataSelParams	scan intent selection is OBSERVE_TARGET*
2026-08-04 16:57:35	INFO	MSTransformManager::colCheckInfo	Adding DATA column to output MS from input DATA column
2026-08-04 16:57:35	INFO	MSTransformManager::initDataSelectionParams	Selected Scans Intents Ids are [16, 17, 18, 19, 20, 21, 22, 23, 24, 25, 26, 27, 28, 29, 30, 31, 32, 33, 34, 35, 36, 37, 38, 39, 40, 41, 42, 43, 44, 45, 46, 47, 48, 49, 50, 51, 52, 53, 54, 55, 56, 57, 58, 59, 60, 61, 62]
2026-08-04 16:57:35	INFO	MSTransformManager::initDataSelectionParams	Selected SPWs Ids are Axis Lengths: [1, 4]  (NB: Matrix in Row/Column order)
2026-08-04 16:57:35	INFO	MSTransformManager::initDataSelectionParams+	[23, 0, 3839, 1]
2026-08-04 16:57:35	INFO	MSTransformManager::open	Select data
2026-08-04 16:57:35	INFO	MSTransformManager::createOutputMSStructure	Create output MS structure
2026-08-04 16:57:49	INFO	MSTransformDataHandler::makeSelection	364061 out of 2045160 rows are going to be considered due to the selection criteria.
2026-08-04 17:00:25	INFO	split::::casa	Task split complete. Start time: 2026-08-04 16:57:35.276777 End time: 2026-08-04 17:00:24.660398
2026-08-04 17:00:25	INFO	split::::casa	##### End Task: split                #####
2026-08-04 17:00:25	INFO	split::::casa	##########################################
2026-08-04 17:00:27	INFO	uvcontsub::::casa	##########################################
2026-08-04 17:00:27	INFO	uvcontsub::::casa	##### Begin Task: uvcontsub          #####
2026-08-04 17:00:27	INFO	uvcontsub::::casa	uvcontsub( vis='ngc4254_2024.1.01512.S_12m_8_hcop.ms', outputvis='ngc4254_2024.1.01512.S_12m_8_hcop.ms.contsub', field='', spw='', scan='', intent='', array='', observation='', datacolumn='data', fitspec='0:0~401,0:828~1533,0:1957~2971,0:3391~3839', fitmethod='gsl', fitorder=0, writemodel=False )
2026-08-04 17:00:27	INFO	uvcontsub::::casa	The task uvcontsub has been updated. It does not yet support combining spws for fitting. If you need this functionality please use uvcontsub_old.
2026-08-04 17:00:27	INFO	MSTransformManager::parseMsSpecParams	Input file name is ngc4254_2024.1.01512.S_12m_8_hcop.ms
2026-08-04 17:00:27	INFO	MSTransformManager::parseMsSpecParams	Data column is DATA
2026-08-04 17:00:27	INFO	MSTransformManager::parseMsSpecParams	Output file name is ngc4254_2024.1.01512.S_12m_8_hcop.ms.contsub
2026-08-04 17:00:27	INFO	MSTransformManager::parseMsSpecParams	Re-index is disabled 
2026-08-04 17:00:27	INFO	MSTransformManager::parseDataSelParams	array selection is 
2026-08-04 17:00:27	INFO	MSTransformManager::parseDataSelParams	field selection is 
2026-08-04 17:00:27	INFO	MSTransformManager::parseDataSelParams	scan selection is 
2026-08-04 17:00:27	INFO	MSTransformManager::parseDataSelParams	spw selection is 
2026-08-04 17:00:27	INFO	MSTransformManager::parseDataSelParams	observation selection is 
2026-08-04 17:00:27	INFO	MSTransformManager::parseDataSelParams	scan intent selection is 
2026-08-04 17:00:27	INFO	MSTransformManager::parseUVContSubParams	Continuum subtraction is activated 
2026-08-04 17:00:27	INFO	MSTransformManager::colCheckInfo	Adding DATA column to output MS from input DATA column
2026-08-04 17:00:27	INFO	MSTransformManager::open	Select data
2026-08-04 17:00:27	INFO	MSTransformManager::createOutputMSStructure	Create output MS structure
2026-08-04 17:00:31	INFO	UVContSubTVI::printInputFitSpec	Fitspec (order and spw:line-free channel) specification is: 
2026-08-04 17:00:31	INFO	UVContSubTVI::printInputFitSpec	   field: all fields. 0, '0:0~401,0:828~1533,0:1957~2971,0:3391~3839'
2026-08-04 17:00:31	INFO	UVContSubTVI::parseConfiguration	Using GSL based multiparameter regression with linear least-squares fitting
2026-08-04 17:00:31	INFO	UVContSubTVI::fitSpecToPerFieldMap	Parsing fit spw:chan string and order for field: all fields, spw/chan: '0:0~401,0:828~1533,0:1957~2971,0:3391~3839', order: 0
2026-08-04 17:00:31	INFO	MSTransformManager::generateIterator	TVI chain is UVContSub( DiskIO() )
2026-08-04 17:00:31	INFO	uvcontsub::::casa	Running continnum subtraction
2026-08-04 17:08:53	INFO	uvcontsub::::casa	Task uvcontsub complete. Start time: 2026-08-04 17:00:26.552775 End time: 2026-08-04 17:08:53.292816
2026-08-04 17:08:53	INFO	uvcontsub::::casa	##### End Task: uvcontsub            #####
2026-08-04 17:08:53	INFO	uvcontsub::::casa	##########################################
2026-08-04 17:09:07	INFO	split::::casa	##########################################
2026-08-04 17:09:07	INFO	split::::casa	##### Begin Task: split              #####
2026-08-04 17:09:07	INFO	split::::casa	split( vis='/nfs/home/lneumann/reduction/alma_data_reduction/calibration/2024.1.01512.S/science_goal.uid___A001_X37c7_Xb1/group.uid___A001_X37c7_Xb2/member.uid___A001_X37c7_Xb3/calibrated/uid___A002_X1255740_X8a0e_targets.ms', outputvis='ngc4254_2024.1.01512.S_12m_9_hcop.ms', keepmms=True, field='', spw='23', scan='', antenna='', correlation='', timerange='', intent='OBSERVE_TARGET*', array='', uvrange='', observation='', feed='', datacolumn='DATA', keepflags=False, width=1, timebin='0s', combine='' )
2026-08-04 17:09:07	INFO	MSTransformManager::parseMsSpecParams	Input file name is /nfs/home/lneumann/reduction/alma_data_reduction/calibration/2024.1.01512.S/science_goal.uid___A001_X37c7_Xb1/group.uid___A001_X37c7_Xb2/member.uid___A001_X37c7_Xb3/calibrated/uid___A002_X1255740_X8a0e_targets.ms
2026-08-04 17:09:07	INFO	MSTransformManager::parseMsSpecParams	Data column is DATA
2026-08-04 17:09:07	INFO	MSTransformManager::parseMsSpecParams	Output file name is ngc4254_2024.1.01512.S_12m_9_hcop.ms
2026-08-04 17:09:07	INFO	MSTransformManager::parseDataSelParams	spw selection is 23
2026-08-04 17:09:07	INFO	MSTransformManager::parseDataSelParams	scan intent selection is OBSERVE_TARGET*
2026-08-04 17:09:07	INFO	MSTransformManager::colCheckInfo	Adding DATA column to output MS from input DATA column
2026-08-04 17:09:07	INFO	MSTransformManager::initDataSelectionParams	Selected Scans Intents Ids are [16, 17, 18, 19, 20, 21, 22, 23, 24, 25, 26, 27, 28, 29, 30, 31, 32, 33, 34, 35, 36, 37, 38, 39, 40, 41, 42, 43, 44, 45, 46, 47, 48, 49, 50, 51, 52, 53, 54, 55, 56, 57, 58, 59, 60, 61, 62]
2026-08-04 17:09:07	INFO	MSTransformManager::initDataSelectionParams	Selected SPWs Ids are Axis Lengths: [1, 4]  (NB: Matrix in Row/Column order)
2026-08-04 17:09:07	INFO	MSTransformManager::initDataSelectionParams+	[23, 0, 3839, 1]
2026-08-04 17:09:07	INFO	MSTransformManager::open	Select data
2026-08-04 17:09:07	INFO	MSTransformManager::createOutputMSStructure	Create output MS structure
2026-08-04 17:09:20	INFO	MSTransformDataHandler::makeSelection	487353 out of 2228928 rows are going to be considered due to the selection criteria.
2026-08-04 17:12:22	INFO	split::::casa	Task split complete. Start time: 2026-08-04 17:09:06.797181 End time: 2026-08-04 17:12:21.596285
2026-08-04 17:12:22	INFO	split::::casa	##### End Task: split                #####
2026-08-04 17:12:22	INFO	split::::casa	##########################################
2026-08-04 17:12:24	INFO	uvcontsub::::casa	##########################################
2026-08-04 17:12:24	INFO	uvcontsub::::casa	##### Begin Task: uvcontsub          #####
2026-08-04 17:12:24	INFO	uvcontsub::::casa	uvcontsub( vis='ngc4254_2024.1.01512.S_12m_9_hcop.ms', outputvis='ngc4254_2024.1.01512.S_12m_9_hcop.ms.contsub', field='', spw='', scan='', intent='', array='', observation='', datacolumn='data', fitspec='0:0~401,0:828~1533,0:1957~2971,0:3391~3839', fitmethod='gsl', fitorder=0, writemodel=False )
2026-08-04 17:12:24	INFO	uvcontsub::::casa	The task uvcontsub has been updated. It does not yet support combining spws for fitting. If you need this functionality please use uvcontsub_old.
2026-08-04 17:12:24	INFO	MSTransformManager::parseMsSpecParams	Input file name is ngc4254_2024.1.01512.S_12m_9_hcop.ms
2026-08-04 17:12:24	INFO	MSTransformManager::parseMsSpecParams	Data column is DATA
2026-08-04 17:12:24	INFO	MSTransformManager::parseMsSpecParams	Output file name is ngc4254_2024.1.01512.S_12m_9_hcop.ms.contsub
2026-08-04 17:12:24	INFO	MSTransformManager::parseMsSpecParams	Re-index is disabled 
2026-08-04 17:12:24	INFO	MSTransformManager::parseDataSelParams	array selection is 
2026-08-04 17:12:24	INFO	MSTransformManager::parseDataSelParams	field selection is 
2026-08-04 17:12:24	INFO	MSTransformManager::parseDataSelParams	scan selection is 
2026-08-04 17:12:24	INFO	MSTransformManager::parseDataSelParams	spw selection is 
2026-08-04 17:12:24	INFO	MSTransformManager::parseDataSelParams	observation selection is 
2026-08-04 17:12:24	INFO	MSTransformManager::parseDataSelParams	scan intent selection is 
2026-08-04 17:12:24	INFO	MSTransformManager::parseUVContSubParams	Continuum subtraction is activated 
2026-08-04 17:12:24	INFO	MSTransformManager::colCheckInfo	Adding DATA column to output MS from input DATA column
2026-08-04 17:12:24	INFO	MSTransformManager::open	Select data
2026-08-04 17:12:24	INFO	MSTransformManager::createOutputMSStructure	Create output MS structure
2026-08-04 17:12:29	INFO	UVContSubTVI::printInputFitSpec	Fitspec (order and spw:line-free channel) specification is: 
2026-08-04 17:12:29	INFO	UVContSubTVI::printInputFitSpec	   field: all fields. 0, '0:0~401,0:828~1533,0:1957~2971,0:3391~3839'
2026-08-04 17:12:29	INFO	UVContSubTVI::parseConfiguration	Using GSL based multiparameter regression with linear least-squares fitting
2026-08-04 17:12:29	INFO	UVContSubTVI::fitSpecToPerFieldMap	Parsing fit spw:chan string and order for field: all fields, spw/chan: '0:0~401,0:828~1533,0:1957~2971,0:3391~3839', order: 0
2026-08-04 17:12:29	INFO	MSTransformManager::generateIterator	TVI chain is UVContSub( DiskIO() )
2026-08-04 17:12:29	INFO	uvcontsub::::casa	Running continnum subtraction
2026-08-04 17:23:42	INFO	uvcontsub::::casa	Task uvcontsub complete. Start time: 2026-08-04 17:12:24.333769 End time: 2026-08-04 17:23:42.468300
2026-08-04 17:23:42	INFO	uvcontsub::::casa	##### End Task: uvcontsub            #####
2026-08-04 17:23:42	INFO	uvcontsub::::casa	##########################################
2026-08-04 17:24:38	INFO	msmetadata_cmpt.cc::open	Performing internal consistency checks on ngc4254_2024.1.01512.S_12m_1_hcop.ms.contsub...
2026-08-04 17:24:38	INFO	mstransform::::casa	##########################################
2026-08-04 17:24:38	INFO	mstransform::::casa	##### Begin Task: mstransform        #####
2026-08-04 17:24:38	INFO	mstransform::::casa	mstransform( vis='ngc4254_2024.1.01512.S_12m_1_hcop.ms.contsub', outputvis='ngc4254_2024.1.01512.S_12m_1_hcop.ms.contsub.temp_spw0.temp1', createmms=False, separationaxis='auto', numsubms='auto', tileshape=[0], field='', spw='0', scan='', antenna='', correlation='', timerange='', intent='', array='', uvrange='', observation='', feed='', datacolumn='DATA', realmodelcol=False, keepflags=True, usewtspectrum=False, combinespws=False, chanaverage=False, chanbin=1, hanning=False, regridms=True, mode='velocity', nchan=426, start='2057.00000000km/s', width='1.64176904km/s', nspw=1, interpolation='cubic', phasecenter='', restfreq='89.18852000GHz', outframe='lsrk', veltype='radio', preaverage=False, timeaverage=False, timebin='0s', timespan='', maxuvwdistance=0.0, docallib=False, callib='', douvcontsub=False, fitspw='', fitorder=0, want_cont=False, denoising_lib=True, nthreads=1, niter=1, disableparallel=False, ddistart=-1, taql='', monolithic_processing=False, reindex=True )
2026-08-04 17:24:38	INFO	mstransform::::casa	Parse regridding parameters
2026-08-04 17:24:38	INFO	MSTransformManager::parseMsSpecParams	Input file name is ngc4254_2024.1.01512.S_12m_1_hcop.ms.contsub
2026-08-04 17:24:38	INFO	MSTransformManager::parseMsSpecParams	Data column is DATA
2026-08-04 17:24:38	INFO	MSTransformManager::parseMsSpecParams	Output file name is ngc4254_2024.1.01512.S_12m_1_hcop.ms.contsub.temp_spw0.temp1
2026-08-04 17:24:38	INFO	MSTransformManager::parseMsSpecParams	Re-index is enabled 
2026-08-04 17:24:38	INFO	MSTransformManager::parseMsSpecParams	Tile shape is [0]
2026-08-04 17:24:38	INFO	MSTransformManager::parseDataSelParams	spw selection is 0
2026-08-04 17:24:38	INFO	MSTransformManager::parseRefFrameTransParams	Regrid MS is activated
2026-08-04 17:24:38	INFO	MSTransformManager::parseRefFrameTransParams	Rest frequency is 89.18852000GHz
2026-08-04 17:24:38	INFO	MSTransformManager::parseRefFrameTransParams	Output reference frame is lsrk
2026-08-04 17:24:38	INFO	MSTransformManager::parseRefFrameTransParams	Interpolation method is cubic
2026-08-04 17:24:38	INFO	MSTransformManager::parseFreqSpecParams	Mode is velocity
2026-08-04 17:24:38	INFO	MSTransformManager::parseFreqSpecParams	Number of output channels is 426
2026-08-04 17:24:38	INFO	MSTransformManager::parseFreqSpecParams	Start is 2057.00000000km/s
2026-08-04 17:24:38	INFO	MSTransformManager::parseFreqSpecParams	Width is 1.64176904km/s
2026-08-04 17:24:38	INFO	MSTransformManager::parseFreqSpecParams	Velocity type is radio
2026-08-04 17:24:38	INFO	MSTransformManager::colCheckInfo	Adding DATA column to output MS from input DATA column
2026-08-04 17:24:38	INFO	MSTransformManager::initDataSelectionParams	Selected SPWs Ids are Axis Lengths: [1, 4]  (NB: Matrix in Row/Column order)
2026-08-04 17:24:38	INFO	MSTransformManager::initDataSelectionParams+	[0, 0, 3839, 1]
2026-08-04 17:24:38	INFO	MSTransformManager::open	Select data
2026-08-04 17:24:38	INFO	MSTransformManager::createOutputMSStructure	Create output MS structure
2026-08-04 17:24:43	INFO	MSTransformManager::regridSpwSubTable	Regridding SPW with Id 0
2026-08-04 17:24:43	INFO	MSTransformManager::regridSpwAux	Input SPW:  3840 channels, first channel = 8.877659753e+10 Hz, last channel = 8.690208582e+10 Hz, first width = -4.882812500e+05 Hz, last width = -4.882812500e+05 Hz
2026-08-04 17:24:43	INFO	MSTransformManager::regridSpwAux	Calculate frequencies in output reference frame 
2026-08-04 17:24:43	INFO	MSTransformRegridder::calcChanFreqs	 *** Encountered negative channel widths in input spectral window.
2026-08-04 17:24:43	INFO	MSTransformRegridder::calcChanFreqs	 Channels equidistant in vrad
2026-08-04 17:24:43	INFO	MSTransformRegridder::calcChanFreqs+	 Central frequency (in output frame) = 8.84728e+10 Hz == 2.40588e+06 m/s radio velocity
2026-08-04 17:24:43	INFO	MSTransformRegridder::calcChanFreqs+	 Channel central frequency is decreasing with increasing channel number.
2026-08-04 17:24:43	INFO	MSTransformRegridder::calcChanFreqs+	 Width of central channel (in output frame) = 488428 Hz == 1641.77 m/s radio velocity
2026-08-04 17:24:43	INFO	MSTransformRegridder::calcChanFreqs+	 Number of channels = 426
2026-08-04 17:24:43	INFO	MSTransformRegridder::calcChanFreqs+	 Total width of SPW (in output frame) = 2.0807e+08 Hz
2026-08-04 17:24:43	INFO	MSTransformRegridder::calcChanFreqs+	 Lower edge = 8.83687e+10 Hz, upper edge = 8.85768e+10 Hz
2026-08-04 17:24:43	INFO	MSTransformManager::regridSpwAux	Output SPW:   426 channels, first channel = 8.857656069e+10 Hz, last channel = 8.836897890e+10 Hz, first width = 4.884277338e+05 Hz, last width = 4.884277337e+05 Hz
2026-08-04 17:24:43	INFO	ParallelDataHelper::::casa	Apply the transformations
2026-08-04 17:30:00	INFO	mstransform::::casa	Task mstransform complete. Start time: 2026-08-04 17:24:38.085293 End time: 2026-08-04 17:29:59.780554
2026-08-04 17:30:00	INFO	mstransform::::casa	##### End Task: mstransform          #####
2026-08-04 17:30:00	INFO	mstransform::::casa	##########################################
2026-08-04 17:30:00	INFO	mstransform::::casa	##########################################
2026-08-04 17:30:00	INFO	mstransform::::casa	##### Begin Task: mstransform        #####
2026-08-04 17:30:00	INFO	mstransform::::casa	mstransform( vis='ngc4254_2024.1.01512.S_12m_1_hcop.ms.contsub.temp_spw0.temp1', outputvis='ngc4254_2024.1.01512.S_12m_1_hcop.ms.contsub.temp_spw0', createmms=False, separationaxis='auto', numsubms='auto', tileshape=[0], field='', spw='', scan='', antenna='', correlation='', timerange='', intent='', array='', uvrange='', observation='', feed='', datacolumn='DATA', realmodelcol=False, keepflags=True, usewtspectrum=False, combinespws=False, chanaverage=True, chanbin=6, hanning=False, regridms=False, mode='channel', nchan=-1, start=0, width=1, nspw=1, interpolation='linear', phasecenter='', restfreq='', outframe='', veltype='radio', preaverage=False, timeaverage=False, timebin='0s', timespan='', maxuvwdistance=0.0, docallib=False, callib='', douvcontsub=False, fitspw='', fitorder=0, want_cont=False, denoising_lib=True, nthreads=1, niter=1, disableparallel=False, ddistart=-1, taql='', monolithic_processing=False, reindex=True )
2026-08-04 17:30:00	INFO	ParallelDataHelper::::casa	Parse channel averaging parameters
2026-08-04 17:30:00	INFO	MSTransformManager::parseMsSpecParams	Input file name is ngc4254_2024.1.01512.S_12m_1_hcop.ms.contsub.temp_spw0.temp1
2026-08-04 17:30:00	INFO	MSTransformManager::parseMsSpecParams	Data column is DATA
2026-08-04 17:30:00	INFO	MSTransformManager::parseMsSpecParams	Output file name is ngc4254_2024.1.01512.S_12m_1_hcop.ms.contsub.temp_spw0
2026-08-04 17:30:00	INFO	MSTransformManager::parseMsSpecParams	Re-index is enabled 
2026-08-04 17:30:00	INFO	MSTransformManager::parseMsSpecParams	Tile shape is [0]
2026-08-04 17:30:00	INFO	MSTransformManager::parseChanAvgParams	Channel average is activated
2026-08-04 17:30:00	INFO	MSTransformManager::parseChanAvgParams	Channel bin is [6]
2026-08-04 17:30:00	INFO	MSTransformManager::colCheckInfo	Adding DATA column to output MS from input DATA column
2026-08-04 17:30:00	INFO	MSTransformManager::open	Select data
2026-08-04 17:30:00	INFO	MSTransformManager::createOutputMSStructure	Create output MS structure
2026-08-04 17:30:04	INFO	ParallelDataHelper::::casa	Apply the transformations
2026-08-04 17:30:43	INFO	mstransform::::casa	Task mstransform complete. Start time: 2026-08-04 17:29:59.793929 End time: 2026-08-04 17:30:43.352816
2026-08-04 17:30:43	INFO	mstransform::::casa	##### End Task: mstransform          #####
2026-08-04 17:30:43	INFO	mstransform::::casa	##########################################
2026-08-04 17:30:44	INFO	msmetadata_cmpt.cc::open	Performing internal consistency checks on ngc4254_2024.1.01512.S_12m_10_hcop.ms.contsub...
2026-08-04 17:30:44	INFO	mstransform::::casa	##########################################
2026-08-04 17:30:44	INFO	mstransform::::casa	##### Begin Task: mstransform        #####
2026-08-04 17:30:44	INFO	mstransform::::casa	mstransform( vis='ngc4254_2024.1.01512.S_12m_10_hcop.ms.contsub', outputvis='ngc4254_2024.1.01512.S_12m_10_hcop.ms.contsub.temp_spw0.temp1', createmms=False, separationaxis='auto', numsubms='auto', tileshape=[0], field='', spw='0', scan='', antenna='', correlation='', timerange='', intent='', array='', uvrange='', observation='', feed='', datacolumn='DATA', realmodelcol=False, keepflags=True, usewtspectrum=False, combinespws=False, chanaverage=False, chanbin=1, hanning=False, regridms=True, mode='velocity', nchan=426, start='2057.00000000km/s', width='1.64176904km/s', nspw=1, interpolation='cubic', phasecenter='', restfreq='89.18852000GHz', outframe='lsrk', veltype='radio', preaverage=False, timeaverage=False, timebin='0s', timespan='', maxuvwdistance=0.0, docallib=False, callib='', douvcontsub=False, fitspw='', fitorder=0, want_cont=False, denoising_lib=True, nthreads=1, niter=1, disableparallel=False, ddistart=-1, taql='', monolithic_processing=False, reindex=True )
2026-08-04 17:30:44	INFO	mstransform::::casa	Parse regridding parameters
2026-08-04 17:30:44	INFO	MSTransformManager::parseMsSpecParams	Input file name is ngc4254_2024.1.01512.S_12m_10_hcop.ms.contsub
2026-08-04 17:30:44	INFO	MSTransformManager::parseMsSpecParams	Data column is DATA
2026-08-04 17:30:44	INFO	MSTransformManager::parseMsSpecParams	Output file name is ngc4254_2024.1.01512.S_12m_10_hcop.ms.contsub.temp_spw0.temp1
2026-08-04 17:30:44	INFO	MSTransformManager::parseMsSpecParams	Re-index is enabled 
2026-08-04 17:30:44	INFO	MSTransformManager::parseMsSpecParams	Tile shape is [0]
2026-08-04 17:30:44	INFO	MSTransformManager::parseDataSelParams	spw selection is 0
2026-08-04 17:30:44	INFO	MSTransformManager::parseRefFrameTransParams	Regrid MS is activated
2026-08-04 17:30:44	INFO	MSTransformManager::parseRefFrameTransParams	Rest frequency is 89.18852000GHz
2026-08-04 17:30:44	INFO	MSTransformManager::parseRefFrameTransParams	Output reference frame is lsrk
2026-08-04 17:30:44	INFO	MSTransformManager::parseRefFrameTransParams	Interpolation method is cubic
2026-08-04 17:30:44	INFO	MSTransformManager::parseFreqSpecParams	Mode is velocity
2026-08-04 17:30:44	INFO	MSTransformManager::parseFreqSpecParams	Number of output channels is 426
2026-08-04 17:30:44	INFO	MSTransformManager::parseFreqSpecParams	Start is 2057.00000000km/s
2026-08-04 17:30:44	INFO	MSTransformManager::parseFreqSpecParams	Width is 1.64176904km/s
2026-08-04 17:30:44	INFO	MSTransformManager::parseFreqSpecParams	Velocity type is radio
2026-08-04 17:30:44	INFO	MSTransformManager::colCheckInfo	Adding DATA column to output MS from input DATA column
2026-08-04 17:30:44	INFO	MSTransformManager::initDataSelectionParams	Selected SPWs Ids are Axis Lengths: [1, 4]  (NB: Matrix in Row/Column order)
2026-08-04 17:30:44	INFO	MSTransformManager::initDataSelectionParams+	[0, 0, 3839, 1]
2026-08-04 17:30:44	INFO	MSTransformManager::open	Select data
2026-08-04 17:30:44	INFO	MSTransformManager::createOutputMSStructure	Create output MS structure
2026-08-04 17:30:49	INFO	MSTransformManager::regridSpwSubTable	Regridding SPW with Id 0
2026-08-04 17:30:49	INFO	MSTransformManager::regridSpwAux	Input SPW:  3840 channels, first channel = 8.877238982e+10 Hz, last channel = 8.689787810e+10 Hz, first width = -4.882812500e+05 Hz, last width = -4.882812500e+05 Hz
2026-08-04 17:30:49	INFO	MSTransformManager::regridSpwAux	Calculate frequencies in output reference frame 
2026-08-04 17:30:49	INFO	MSTransformRegridder::calcChanFreqs	 *** Encountered negative channel widths in input spectral window.
2026-08-04 17:30:49	INFO	MSTransformRegridder::calcChanFreqs	 Channels equidistant in vrad
2026-08-04 17:30:49	INFO	MSTransformRegridder::calcChanFreqs+	 Central frequency (in output frame) = 8.84728e+10 Hz == 2.40588e+06 m/s radio velocity
2026-08-04 17:30:49	INFO	MSTransformRegridder::calcChanFreqs+	 Channel central frequency is decreasing with increasing channel number.
2026-08-04 17:30:49	INFO	MSTransformRegridder::calcChanFreqs+	 Width of central channel (in output frame) = 488428 Hz == 1641.77 m/s radio velocity
2026-08-04 17:30:49	INFO	MSTransformRegridder::calcChanFreqs+	 Number of channels = 426
2026-08-04 17:30:49	INFO	MSTransformRegridder::calcChanFreqs+	 Total width of SPW (in output frame) = 2.0807e+08 Hz
2026-08-04 17:30:49	INFO	MSTransformRegridder::calcChanFreqs+	 Lower edge = 8.83687e+10 Hz, upper edge = 8.85768e+10 Hz
2026-08-04 17:30:49	INFO	MSTransformManager::regridSpwAux	Output SPW:   426 channels, first channel = 8.857656069e+10 Hz, last channel = 8.836897890e+10 Hz, first width = 4.884277338e+05 Hz, last width = 4.884277337e+05 Hz
2026-08-04 17:30:50	INFO	ParallelDataHelper::::casa	Apply the transformations
2026-08-04 17:36:40	INFO	mstransform::::casa	Task mstransform complete. Start time: 2026-08-04 17:30:44.180258 End time: 2026-08-04 17:36:40.486693
2026-08-04 17:36:40	INFO	mstransform::::casa	##### End Task: mstransform          #####
2026-08-04 17:36:40	INFO	mstransform::::casa	##########################################
2026-08-04 17:36:40	INFO	mstransform::::casa	##########################################
2026-08-04 17:36:40	INFO	mstransform::::casa	##### Begin Task: mstransform        #####
2026-08-04 17:36:40	INFO	mstransform::::casa	mstransform( vis='ngc4254_2024.1.01512.S_12m_10_hcop.ms.contsub.temp_spw0.temp1', outputvis='ngc4254_2024.1.01512.S_12m_10_hcop.ms.contsub.temp_spw0', createmms=False, separationaxis='auto', numsubms='auto', tileshape=[0], field='', spw='', scan='', antenna='', correlation='', timerange='', intent='', array='', uvrange='', observation='', feed='', datacolumn='DATA', realmodelcol=False, keepflags=True, usewtspectrum=False, combinespws=False, chanaverage=True, chanbin=6, hanning=False, regridms=False, mode='channel', nchan=-1, start=0, width=1, nspw=1, interpolation='linear', phasecenter='', restfreq='', outframe='', veltype='radio', preaverage=False, timeaverage=False, timebin='0s', timespan='', maxuvwdistance=0.0, docallib=False, callib='', douvcontsub=False, fitspw='', fitorder=0, want_cont=False, denoising_lib=True, nthreads=1, niter=1, disableparallel=False, ddistart=-1, taql='', monolithic_processing=False, reindex=True )
2026-08-04 17:36:41	INFO	ParallelDataHelper::::casa	Parse channel averaging parameters
2026-08-04 17:36:41	INFO	MSTransformManager::parseMsSpecParams	Input file name is ngc4254_2024.1.01512.S_12m_10_hcop.ms.contsub.temp_spw0.temp1
2026-08-04 17:36:41	INFO	MSTransformManager::parseMsSpecParams	Data column is DATA
2026-08-04 17:36:41	INFO	MSTransformManager::parseMsSpecParams	Output file name is ngc4254_2024.1.01512.S_12m_10_hcop.ms.contsub.temp_spw0
2026-08-04 17:36:41	INFO	MSTransformManager::parseMsSpecParams	Re-index is enabled 
2026-08-04 17:36:41	INFO	MSTransformManager::parseMsSpecParams	Tile shape is [0]
2026-08-04 17:36:41	INFO	MSTransformManager::parseChanAvgParams	Channel average is activated
2026-08-04 17:36:41	INFO	MSTransformManager::parseChanAvgParams	Channel bin is [6]
2026-08-04 17:36:41	INFO	MSTransformManager::colCheckInfo	Adding DATA column to output MS from input DATA column
2026-08-04 17:36:41	INFO	MSTransformManager::open	Select data
2026-08-04 17:36:41	INFO	MSTransformManager::createOutputMSStructure	Create output MS structure
2026-08-04 17:36:45	INFO	ParallelDataHelper::::casa	Apply the transformations
2026-08-04 17:37:27	INFO	mstransform::::casa	Task mstransform complete. Start time: 2026-08-04 17:36:40.496355 End time: 2026-08-04 17:37:27.043507
2026-08-04 17:37:27	INFO	mstransform::::casa	##### End Task: mstransform          #####
2026-08-04 17:37:27	INFO	mstransform::::casa	##########################################
2026-08-04 17:37:28	INFO	msmetadata_cmpt.cc::open	Performing internal consistency checks on ngc4254_2024.1.01512.S_12m_11_hcop.ms.contsub...
2026-08-04 17:37:28	INFO	mstransform::::casa	##########################################
2026-08-04 17:37:28	INFO	mstransform::::casa	##### Begin Task: mstransform        #####
2026-08-04 17:37:28	INFO	mstransform::::casa	mstransform( vis='ngc4254_2024.1.01512.S_12m_11_hcop.ms.contsub', outputvis='ngc4254_2024.1.01512.S_12m_11_hcop.ms.contsub.temp_spw0.temp1', createmms=False, separationaxis='auto', numsubms='auto', tileshape=[0], field='', spw='0', scan='', antenna='', correlation='', timerange='', intent='', array='', uvrange='', observation='', feed='', datacolumn='DATA', realmodelcol=False, keepflags=True, usewtspectrum=False, combinespws=False, chanaverage=False, chanbin=1, hanning=False, regridms=True, mode='velocity', nchan=426, start='2057.00000000km/s', width='1.64176904km/s', nspw=1, interpolation='cubic', phasecenter='', restfreq='89.18852000GHz', outframe='lsrk', veltype='radio', preaverage=False, timeaverage=False, timebin='0s', timespan='', maxuvwdistance=0.0, docallib=False, callib='', douvcontsub=False, fitspw='', fitorder=0, want_cont=False, denoising_lib=True, nthreads=1, niter=1, disableparallel=False, ddistart=-1, taql='', monolithic_processing=False, reindex=True )
2026-08-04 17:37:28	INFO	mstransform::::casa	Parse regridding parameters
2026-08-04 17:37:28	INFO	MSTransformManager::parseMsSpecParams	Input file name is ngc4254_2024.1.01512.S_12m_11_hcop.ms.contsub
2026-08-04 17:37:28	INFO	MSTransformManager::parseMsSpecParams	Data column is DATA
2026-08-04 17:37:28	INFO	MSTransformManager::parseMsSpecParams	Output file name is ngc4254_2024.1.01512.S_12m_11_hcop.ms.contsub.temp_spw0.temp1
2026-08-04 17:37:28	INFO	MSTransformManager::parseMsSpecParams	Re-index is enabled 
2026-08-04 17:37:28	INFO	MSTransformManager::parseMsSpecParams	Tile shape is [0]
2026-08-04 17:37:28	INFO	MSTransformManager::parseDataSelParams	spw selection is 0
2026-08-04 17:37:28	INFO	MSTransformManager::parseRefFrameTransParams	Regrid MS is activated
2026-08-04 17:37:28	INFO	MSTransformManager::parseRefFrameTransParams	Rest frequency is 89.18852000GHz
2026-08-04 17:37:28	INFO	MSTransformManager::parseRefFrameTransParams	Output reference frame is lsrk
2026-08-04 17:37:28	INFO	MSTransformManager::parseRefFrameTransParams	Interpolation method is cubic
2026-08-04 17:37:28	INFO	MSTransformManager::parseFreqSpecParams	Mode is velocity
2026-08-04 17:37:28	INFO	MSTransformManager::parseFreqSpecParams	Number of output channels is 426
2026-08-04 17:37:28	INFO	MSTransformManager::parseFreqSpecParams	Start is 2057.00000000km/s
2026-08-04 17:37:28	INFO	MSTransformManager::parseFreqSpecParams	Width is 1.64176904km/s
2026-08-04 17:37:28	INFO	MSTransformManager::parseFreqSpecParams	Velocity type is radio
2026-08-04 17:37:28	INFO	MSTransformManager::colCheckInfo	Adding DATA column to output MS from input DATA column
2026-08-04 17:37:28	INFO	MSTransformManager::initDataSelectionParams	Selected SPWs Ids are Axis Lengths: [1, 4]  (NB: Matrix in Row/Column order)
2026-08-04 17:37:28	INFO	MSTransformManager::initDataSelectionParams+	[0, 0, 3839, 1]
2026-08-04 17:37:28	INFO	MSTransformManager::open	Select data
2026-08-04 17:37:28	INFO	MSTransformManager::createOutputMSStructure	Create output MS structure
2026-08-04 17:37:32	INFO	MSTransformManager::regridSpwSubTable	Regridding SPW with Id 0
2026-08-04 17:37:32	INFO	MSTransformManager::regridSpwAux	Input SPW:  3840 channels, first channel = 8.877233524e+10 Hz, last channel = 8.689782353e+10 Hz, first width = -4.882812500e+05 Hz, last width = -4.882812500e+05 Hz
2026-08-04 17:37:32	INFO	MSTransformManager::regridSpwAux	Calculate frequencies in output reference frame 
2026-08-04 17:37:32	INFO	MSTransformRegridder::calcChanFreqs	 *** Encountered negative channel widths in input spectral window.
2026-08-04 17:37:32	INFO	MSTransformRegridder::calcChanFreqs	 Channels equidistant in vrad
2026-08-04 17:37:32	INFO	MSTransformRegridder::calcChanFreqs+	 Central frequency (in output frame) = 8.84728e+10 Hz == 2.40588e+06 m/s radio velocity
2026-08-04 17:37:32	INFO	MSTransformRegridder::calcChanFreqs+	 Channel central frequency is decreasing with increasing channel number.
2026-08-04 17:37:32	INFO	MSTransformRegridder::calcChanFreqs+	 Width of central channel (in output frame) = 488428 Hz == 1641.77 m/s radio velocity
2026-08-04 17:37:32	INFO	MSTransformRegridder::calcChanFreqs+	 Number of channels = 426
2026-08-04 17:37:32	INFO	MSTransformRegridder::calcChanFreqs+	 Total width of SPW (in output frame) = 2.0807e+08 Hz
2026-08-04 17:37:32	INFO	MSTransformRegridder::calcChanFreqs+	 Lower edge = 8.83687e+10 Hz, upper edge = 8.85768e+10 Hz
2026-08-04 17:37:32	INFO	MSTransformManager::regridSpwAux	Output SPW:   426 channels, first channel = 8.857656069e+10 Hz, last channel = 8.836897890e+10 Hz, first width = 4.884277338e+05 Hz, last width = 4.884277337e+05 Hz
2026-08-04 17:37:32	INFO	ParallelDataHelper::::casa	Apply the transformations
2026-08-04 17:42:39	INFO	mstransform::::casa	Task mstransform complete. Start time: 2026-08-04 17:37:27.955968 End time: 2026-08-04 17:42:39.272584
2026-08-04 17:42:39	INFO	mstransform::::casa	##### End Task: mstransform          #####
2026-08-04 17:42:39	INFO	mstransform::::casa	##########################################
2026-08-04 17:42:39	INFO	mstransform::::casa	##########################################
2026-08-04 17:42:39	INFO	mstransform::::casa	##### Begin Task: mstransform        #####
2026-08-04 17:42:39	INFO	mstransform::::casa	mstransform( vis='ngc4254_2024.1.01512.S_12m_11_hcop.ms.contsub.temp_spw0.temp1', outputvis='ngc4254_2024.1.01512.S_12m_11_hcop.ms.contsub.temp_spw0', createmms=False, separationaxis='auto', numsubms='auto', tileshape=[0], field='', spw='', scan='', antenna='', correlation='', timerange='', intent='', array='', uvrange='', observation='', feed='', datacolumn='DATA', realmodelcol=False, keepflags=True, usewtspectrum=False, combinespws=False, chanaverage=True, chanbin=6, hanning=False, regridms=False, mode='channel', nchan=-1, start=0, width=1, nspw=1, interpolation='linear', phasecenter='', restfreq='', outframe='', veltype='radio', preaverage=False, timeaverage=False, timebin='0s', timespan='', maxuvwdistance=0.0, docallib=False, callib='', douvcontsub=False, fitspw='', fitorder=0, want_cont=False, denoising_lib=True, nthreads=1, niter=1, disableparallel=False, ddistart=-1, taql='', monolithic_processing=False, reindex=True )
2026-08-04 17:42:39	INFO	ParallelDataHelper::::casa	Parse channel averaging parameters
2026-08-04 17:42:39	INFO	MSTransformManager::parseMsSpecParams	Input file name is ngc4254_2024.1.01512.S_12m_11_hcop.ms.contsub.temp_spw0.temp1
2026-08-04 17:42:39	INFO	MSTransformManager::parseMsSpecParams	Data column is DATA
2026-08-04 17:42:39	INFO	MSTransformManager::parseMsSpecParams	Output file name is ngc4254_2024.1.01512.S_12m_11_hcop.ms.contsub.temp_spw0
2026-08-04 17:42:39	INFO	MSTransformManager::parseMsSpecParams	Re-index is enabled 
2026-08-04 17:42:39	INFO	MSTransformManager::parseMsSpecParams	Tile shape is [0]
2026-08-04 17:42:39	INFO	MSTransformManager::parseChanAvgParams	Channel average is activated
2026-08-04 17:42:39	INFO	MSTransformManager::parseChanAvgParams	Channel bin is [6]
2026-08-04 17:42:39	INFO	MSTransformManager::colCheckInfo	Adding DATA column to output MS from input DATA column
2026-08-04 17:42:39	INFO	MSTransformManager::open	Select data
2026-08-04 17:42:39	INFO	MSTransformManager::createOutputMSStructure	Create output MS structure
2026-08-04 17:42:43	INFO	ParallelDataHelper::::casa	Apply the transformations
2026-08-04 17:43:24	INFO	mstransform::::casa	Task mstransform complete. Start time: 2026-08-04 17:42:39.286047 End time: 2026-08-04 17:43:23.726108
2026-08-04 17:43:24	INFO	mstransform::::casa	##### End Task: mstransform          #####
2026-08-04 17:43:24	INFO	mstransform::::casa	##########################################
2026-08-04 17:43:24	INFO	msmetadata_cmpt.cc::open	Performing internal consistency checks on ngc4254_2024.1.01512.S_12m_12_hcop.ms.contsub...
2026-08-04 17:43:24	INFO	mstransform::::casa	##########################################
2026-08-04 17:43:24	INFO	mstransform::::casa	##### Begin Task: mstransform        #####
2026-08-04 17:43:24	INFO	mstransform::::casa	mstransform( vis='ngc4254_2024.1.01512.S_12m_12_hcop.ms.contsub', outputvis='ngc4254_2024.1.01512.S_12m_12_hcop.ms.contsub.temp_spw0.temp1', createmms=False, separationaxis='auto', numsubms='auto', tileshape=[0], field='', spw='0', scan='', antenna='', correlation='', timerange='', intent='', array='', uvrange='', observation='', feed='', datacolumn='DATA', realmodelcol=False, keepflags=True, usewtspectrum=False, combinespws=False, chanaverage=False, chanbin=1, hanning=False, regridms=True, mode='velocity', nchan=426, start='2057.00000000km/s', width='1.64176904km/s', nspw=1, interpolation='cubic', phasecenter='', restfreq='89.18852000GHz', outframe='lsrk', veltype='radio', preaverage=False, timeaverage=False, timebin='0s', timespan='', maxuvwdistance=0.0, docallib=False, callib='', douvcontsub=False, fitspw='', fitorder=0, want_cont=False, denoising_lib=True, nthreads=1, niter=1, disableparallel=False, ddistart=-1, taql='', monolithic_processing=False, reindex=True )
2026-08-04 17:43:24	INFO	mstransform::::casa	Parse regridding parameters
2026-08-04 17:43:24	INFO	MSTransformManager::parseMsSpecParams	Input file name is ngc4254_2024.1.01512.S_12m_12_hcop.ms.contsub
2026-08-04 17:43:24	INFO	MSTransformManager::parseMsSpecParams	Data column is DATA
2026-08-04 17:43:24	INFO	MSTransformManager::parseMsSpecParams	Output file name is ngc4254_2024.1.01512.S_12m_12_hcop.ms.contsub.temp_spw0.temp1
2026-08-04 17:43:24	INFO	MSTransformManager::parseMsSpecParams	Re-index is enabled 
2026-08-04 17:43:24	INFO	MSTransformManager::parseMsSpecParams	Tile shape is [0]
2026-08-04 17:43:24	INFO	MSTransformManager::parseDataSelParams	spw selection is 0
2026-08-04 17:43:24	INFO	MSTransformManager::parseRefFrameTransParams	Regrid MS is activated
2026-08-04 17:43:24	INFO	MSTransformManager::parseRefFrameTransParams	Rest frequency is 89.18852000GHz
2026-08-04 17:43:24	INFO	MSTransformManager::parseRefFrameTransParams	Output reference frame is lsrk
2026-08-04 17:43:24	INFO	MSTransformManager::parseRefFrameTransParams	Interpolation method is cubic
2026-08-04 17:43:24	INFO	MSTransformManager::parseFreqSpecParams	Mode is velocity
2026-08-04 17:43:24	INFO	MSTransformManager::parseFreqSpecParams	Number of output channels is 426
2026-08-04 17:43:24	INFO	MSTransformManager::parseFreqSpecParams	Start is 2057.00000000km/s
2026-08-04 17:43:24	INFO	MSTransformManager::parseFreqSpecParams	Width is 1.64176904km/s
2026-08-04 17:43:24	INFO	MSTransformManager::parseFreqSpecParams	Velocity type is radio
2026-08-04 17:43:24	INFO	MSTransformManager::colCheckInfo	Adding DATA column to output MS from input DATA column
2026-08-04 17:43:24	INFO	MSTransformManager::initDataSelectionParams	Selected SPWs Ids are Axis Lengths: [1, 4]  (NB: Matrix in Row/Column order)
2026-08-04 17:43:24	INFO	MSTransformManager::initDataSelectionParams+	[0, 0, 3839, 1]
2026-08-04 17:43:24	INFO	MSTransformManager::open	Select data
2026-08-04 17:43:24	INFO	MSTransformManager::createOutputMSStructure	Create output MS structure
2026-08-04 17:43:29	INFO	MSTransformManager::regridSpwSubTable	Regridding SPW with Id 0
2026-08-04 17:43:29	INFO	MSTransformManager::regridSpwAux	Input SPW:  3840 channels, first channel = 8.877228133e+10 Hz, last channel = 8.689776961e+10 Hz, first width = -4.882812500e+05 Hz, last width = -4.882812500e+05 Hz
2026-08-04 17:43:29	INFO	MSTransformManager::regridSpwAux	Calculate frequencies in output reference frame 
2026-08-04 17:43:29	INFO	MSTransformRegridder::calcChanFreqs	 *** Encountered negative channel widths in input spectral window.
2026-08-04 17:43:29	INFO	MSTransformRegridder::calcChanFreqs	 Channels equidistant in vrad
2026-08-04 17:43:29	INFO	MSTransformRegridder::calcChanFreqs+	 Central frequency (in output frame) = 8.84728e+10 Hz == 2.40588e+06 m/s radio velocity
2026-08-04 17:43:29	INFO	MSTransformRegridder::calcChanFreqs+	 Channel central frequency is decreasing with increasing channel number.
2026-08-04 17:43:29	INFO	MSTransformRegridder::calcChanFreqs+	 Width of central channel (in output frame) = 488428 Hz == 1641.77 m/s radio velocity
2026-08-04 17:43:29	INFO	MSTransformRegridder::calcChanFreqs+	 Number of channels = 426
2026-08-04 17:43:29	INFO	MSTransformRegridder::calcChanFreqs+	 Total width of SPW (in output frame) = 2.0807e+08 Hz
2026-08-04 17:43:29	INFO	MSTransformRegridder::calcChanFreqs+	 Lower edge = 8.83687e+10 Hz, upper edge = 8.85768e+10 Hz
2026-08-04 17:43:29	INFO	MSTransformManager::regridSpwAux	Output SPW:   426 channels, first channel = 8.857656069e+10 Hz, last channel = 8.836897890e+10 Hz, first width = 4.884277338e+05 Hz, last width = 4.884277337e+05 Hz
2026-08-04 17:43:29	INFO	ParallelDataHelper::::casa	Apply the transformations
2026-08-04 17:48:50	INFO	mstransform::::casa	Task mstransform complete. Start time: 2026-08-04 17:43:24.282661 End time: 2026-08-04 17:48:49.891521
2026-08-04 17:48:50	INFO	mstransform::::casa	##### End Task: mstransform          #####
2026-08-04 17:48:50	INFO	mstransform::::casa	##########################################
2026-08-04 17:48:50	INFO	mstransform::::casa	##########################################
2026-08-04 17:48:50	INFO	mstransform::::casa	##### Begin Task: mstransform        #####
2026-08-04 17:48:50	INFO	mstransform::::casa	mstransform( vis='ngc4254_2024.1.01512.S_12m_12_hcop.ms.contsub.temp_spw0.temp1', outputvis='ngc4254_2024.1.01512.S_12m_12_hcop.ms.contsub.temp_spw0', createmms=False, separationaxis='auto', numsubms='auto', tileshape=[0], field='', spw='', scan='', antenna='', correlation='', timerange='', intent='', array='', uvrange='', observation='', feed='', datacolumn='DATA', realmodelcol=False, keepflags=True, usewtspectrum=False, combinespws=False, chanaverage=True, chanbin=6, hanning=False, regridms=False, mode='channel', nchan=-1, start=0, width=1, nspw=1, interpolation='linear', phasecenter='', restfreq='', outframe='', veltype='radio', preaverage=False, timeaverage=False, timebin='0s', timespan='', maxuvwdistance=0.0, docallib=False, callib='', douvcontsub=False, fitspw='', fitorder=0, want_cont=False, denoising_lib=True, nthreads=1, niter=1, disableparallel=False, ddistart=-1, taql='', monolithic_processing=False, reindex=True )
2026-08-04 17:48:50	INFO	ParallelDataHelper::::casa	Parse channel averaging parameters
2026-08-04 17:48:50	INFO	MSTransformManager::parseMsSpecParams	Input file name is ngc4254_2024.1.01512.S_12m_12_hcop.ms.contsub.temp_spw0.temp1
2026-08-04 17:48:50	INFO	MSTransformManager::parseMsSpecParams	Data column is DATA
2026-08-04 17:48:50	INFO	MSTransformManager::parseMsSpecParams	Output file name is ngc4254_2024.1.01512.S_12m_12_hcop.ms.contsub.temp_spw0
2026-08-04 17:48:50	INFO	MSTransformManager::parseMsSpecParams	Re-index is enabled 
2026-08-04 17:48:50	INFO	MSTransformManager::parseMsSpecParams	Tile shape is [0]
2026-08-04 17:48:50	INFO	MSTransformManager::parseChanAvgParams	Channel average is activated
2026-08-04 17:48:50	INFO	MSTransformManager::parseChanAvgParams	Channel bin is [6]
2026-08-04 17:48:50	INFO	MSTransformManager::colCheckInfo	Adding DATA column to output MS from input DATA column
2026-08-04 17:48:50	INFO	MSTransformManager::open	Select data
2026-08-04 17:48:50	INFO	MSTransformManager::createOutputMSStructure	Create output MS structure
2026-08-04 17:48:54	INFO	ParallelDataHelper::::casa	Apply the transformations
2026-08-04 17:49:34	INFO	mstransform::::casa	Task mstransform complete. Start time: 2026-08-04 17:48:49.901535 End time: 2026-08-04 17:49:33.861330
2026-08-04 17:49:34	INFO	mstransform::::casa	##### End Task: mstransform          #####
2026-08-04 17:49:34	INFO	mstransform::::casa	##########################################
2026-08-04 17:49:34	INFO	msmetadata_cmpt.cc::open	Performing internal consistency checks on ngc4254_2024.1.01512.S_12m_2_hcop.ms.contsub...
2026-08-04 17:49:35	INFO	mstransform::::casa	##########################################
2026-08-04 17:49:35	INFO	mstransform::::casa	##### Begin Task: mstransform        #####
2026-08-04 17:49:35	INFO	mstransform::::casa	mstransform( vis='ngc4254_2024.1.01512.S_12m_2_hcop.ms.contsub', outputvis='ngc4254_2024.1.01512.S_12m_2_hcop.ms.contsub.temp_spw0.temp1', createmms=False, separationaxis='auto', numsubms='auto', tileshape=[0], field='', spw='0', scan='', antenna='', correlation='', timerange='', intent='', array='', uvrange='', observation='', feed='', datacolumn='DATA', realmodelcol=False, keepflags=True, usewtspectrum=False, combinespws=False, chanaverage=False, chanbin=1, hanning=False, regridms=True, mode='velocity', nchan=426, start='2057.00000000km/s', width='1.64176904km/s', nspw=1, interpolation='cubic', phasecenter='', restfreq='89.18852000GHz', outframe='lsrk', veltype='radio', preaverage=False, timeaverage=False, timebin='0s', timespan='', maxuvwdistance=0.0, docallib=False, callib='', douvcontsub=False, fitspw='', fitorder=0, want_cont=False, denoising_lib=True, nthreads=1, niter=1, disableparallel=False, ddistart=-1, taql='', monolithic_processing=False, reindex=True )
2026-08-04 17:49:35	INFO	mstransform::::casa	Parse regridding parameters
2026-08-04 17:49:35	INFO	MSTransformManager::parseMsSpecParams	Input file name is ngc4254_2024.1.01512.S_12m_2_hcop.ms.contsub
2026-08-04 17:49:35	INFO	MSTransformManager::parseMsSpecParams	Data column is DATA
2026-08-04 17:49:35	INFO	MSTransformManager::parseMsSpecParams	Output file name is ngc4254_2024.1.01512.S_12m_2_hcop.ms.contsub.temp_spw0.temp1
2026-08-04 17:49:35	INFO	MSTransformManager::parseMsSpecParams	Re-index is enabled 
2026-08-04 17:49:35	INFO	MSTransformManager::parseMsSpecParams	Tile shape is [0]
2026-08-04 17:49:35	INFO	MSTransformManager::parseDataSelParams	spw selection is 0
2026-08-04 17:49:35	INFO	MSTransformManager::parseRefFrameTransParams	Regrid MS is activated
2026-08-04 17:49:35	INFO	MSTransformManager::parseRefFrameTransParams	Rest frequency is 89.18852000GHz
2026-08-04 17:49:35	INFO	MSTransformManager::parseRefFrameTransParams	Output reference frame is lsrk
2026-08-04 17:49:35	INFO	MSTransformManager::parseRefFrameTransParams	Interpolation method is cubic
2026-08-04 17:49:35	INFO	MSTransformManager::parseFreqSpecParams	Mode is velocity
2026-08-04 17:49:35	INFO	MSTransformManager::parseFreqSpecParams	Number of output channels is 426
2026-08-04 17:49:35	INFO	MSTransformManager::parseFreqSpecParams	Start is 2057.00000000km/s
2026-08-04 17:49:35	INFO	MSTransformManager::parseFreqSpecParams	Width is 1.64176904km/s
2026-08-04 17:49:35	INFO	MSTransformManager::parseFreqSpecParams	Velocity type is radio
2026-08-04 17:49:35	INFO	MSTransformManager::colCheckInfo	Adding DATA column to output MS from input DATA column
2026-08-04 17:49:35	INFO	MSTransformManager::initDataSelectionParams	Selected SPWs Ids are Axis Lengths: [1, 4]  (NB: Matrix in Row/Column order)
2026-08-04 17:49:35	INFO	MSTransformManager::initDataSelectionParams+	[0, 0, 3839, 1]
2026-08-04 17:49:35	INFO	MSTransformManager::open	Select data
2026-08-04 17:49:35	INFO	MSTransformManager::createOutputMSStructure	Create output MS structure
2026-08-04 17:49:39	INFO	MSTransformManager::regridSpwSubTable	Regridding SPW with Id 0
2026-08-04 17:49:39	INFO	MSTransformManager::regridSpwAux	Input SPW:  3840 channels, first channel = 8.877644183e+10 Hz, last channel = 8.690193011e+10 Hz, first width = -4.882812500e+05 Hz, last width = -4.882812500e+05 Hz
2026-08-04 17:49:39	INFO	MSTransformManager::regridSpwAux	Calculate frequencies in output reference frame 
2026-08-04 17:49:39	INFO	MSTransformRegridder::calcChanFreqs	 *** Encountered negative channel widths in input spectral window.
2026-08-04 17:49:40	INFO	MSTransformRegridder::calcChanFreqs	 Channels equidistant in vrad
2026-08-04 17:49:40	INFO	MSTransformRegridder::calcChanFreqs+	 Central frequency (in output frame) = 8.84728e+10 Hz == 2.40588e+06 m/s radio velocity
2026-08-04 17:49:40	INFO	MSTransformRegridder::calcChanFreqs+	 Channel central frequency is decreasing with increasing channel number.
2026-08-04 17:49:40	INFO	MSTransformRegridder::calcChanFreqs+	 Width of central channel (in output frame) = 488428 Hz == 1641.77 m/s radio velocity
2026-08-04 17:49:40	INFO	MSTransformRegridder::calcChanFreqs+	 Number of channels = 426
2026-08-04 17:49:40	INFO	MSTransformRegridder::calcChanFreqs+	 Total width of SPW (in output frame) = 2.0807e+08 Hz
2026-08-04 17:49:40	INFO	MSTransformRegridder::calcChanFreqs+	 Lower edge = 8.83687e+10 Hz, upper edge = 8.85768e+10 Hz
2026-08-04 17:49:40	INFO	MSTransformManager::regridSpwAux	Output SPW:   426 channels, first channel = 8.857656069e+10 Hz, last channel = 8.836897890e+10 Hz, first width = 4.884277338e+05 Hz, last width = 4.884277337e+05 Hz
2026-08-04 17:49:40	INFO	ParallelDataHelper::::casa	Apply the transformations
2026-08-04 17:54:56	INFO	mstransform::::casa	Task mstransform complete. Start time: 2026-08-04 17:49:34.562894 End time: 2026-08-04 17:54:55.805280
2026-08-04 17:54:56	INFO	mstransform::::casa	##### End Task: mstransform          #####
2026-08-04 17:54:56	INFO	mstransform::::casa	##########################################
2026-08-04 17:54:56	INFO	mstransform::::casa	##########################################
2026-08-04 17:54:56	INFO	mstransform::::casa	##### Begin Task: mstransform        #####
2026-08-04 17:54:56	INFO	mstransform::::casa	mstransform( vis='ngc4254_2024.1.01512.S_12m_2_hcop.ms.contsub.temp_spw0.temp1', outputvis='ngc4254_2024.1.01512.S_12m_2_hcop.ms.contsub.temp_spw0', createmms=False, separationaxis='auto', numsubms='auto', tileshape=[0], field='', spw='', scan='', antenna='', correlation='', timerange='', intent='', array='', uvrange='', observation='', feed='', datacolumn='DATA', realmodelcol=False, keepflags=True, usewtspectrum=False, combinespws=False, chanaverage=True, chanbin=6, hanning=False, regridms=False, mode='channel', nchan=-1, start=0, width=1, nspw=1, interpolation='linear', phasecenter='', restfreq='', outframe='', veltype='radio', preaverage=False, timeaverage=False, timebin='0s', timespan='', maxuvwdistance=0.0, docallib=False, callib='', douvcontsub=False, fitspw='', fitorder=0, want_cont=False, denoising_lib=True, nthreads=1, niter=1, disableparallel=False, ddistart=-1, taql='', monolithic_processing=False, reindex=True )
2026-08-04 17:54:56	INFO	ParallelDataHelper::::casa	Parse channel averaging parameters
2026-08-04 17:54:56	INFO	MSTransformManager::parseMsSpecParams	Input file name is ngc4254_2024.1.01512.S_12m_2_hcop.ms.contsub.temp_spw0.temp1
2026-08-04 17:54:56	INFO	MSTransformManager::parseMsSpecParams	Data column is DATA
2026-08-04 17:54:56	INFO	MSTransformManager::parseMsSpecParams	Output file name is ngc4254_2024.1.01512.S_12m_2_hcop.ms.contsub.temp_spw0
2026-08-04 17:54:56	INFO	MSTransformManager::parseMsSpecParams	Re-index is enabled 
2026-08-04 17:54:56	INFO	MSTransformManager::parseMsSpecParams	Tile shape is [0]
2026-08-04 17:54:56	INFO	MSTransformManager::parseChanAvgParams	Channel average is activated
2026-08-04 17:54:56	INFO	MSTransformManager::parseChanAvgParams	Channel bin is [6]
2026-08-04 17:54:56	INFO	MSTransformManager::colCheckInfo	Adding DATA column to output MS from input DATA column
2026-08-04 17:54:56	INFO	MSTransformManager::open	Select data
2026-08-04 17:54:56	INFO	MSTransformManager::createOutputMSStructure	Create output MS structure
2026-08-04 17:55:00	INFO	ParallelDataHelper::::casa	Apply the transformations
2026-08-04 17:55:40	INFO	mstransform::::casa	Task mstransform complete. Start time: 2026-08-04 17:54:55.810770 End time: 2026-08-04 17:55:40.297555
2026-08-04 17:55:40	INFO	mstransform::::casa	##### End Task: mstransform          #####
2026-08-04 17:55:40	INFO	mstransform::::casa	##########################################
2026-08-04 17:55:41	INFO	msmetadata_cmpt.cc::open	Performing internal consistency checks on ngc4254_2024.1.01512.S_12m_3_hcop.ms.contsub...
2026-08-04 17:55:41	INFO	mstransform::::casa	##########################################
2026-08-04 17:55:41	INFO	mstransform::::casa	##### Begin Task: mstransform        #####
2026-08-04 17:55:41	INFO	mstransform::::casa	mstransform( vis='ngc4254_2024.1.01512.S_12m_3_hcop.ms.contsub', outputvis='ngc4254_2024.1.01512.S_12m_3_hcop.ms.contsub.temp_spw0.temp1', createmms=False, separationaxis='auto', numsubms='auto', tileshape=[0], field='', spw='0', scan='', antenna='', correlation='', timerange='', intent='', array='', uvrange='', observation='', feed='', datacolumn='DATA', realmodelcol=False, keepflags=True, usewtspectrum=False, combinespws=False, chanaverage=False, chanbin=1, hanning=False, regridms=True, mode='velocity', nchan=426, start='2057.00000000km/s', width='1.64176904km/s', nspw=1, interpolation='cubic', phasecenter='', restfreq='89.18852000GHz', outframe='lsrk', veltype='radio', preaverage=False, timeaverage=False, timebin='0s', timespan='', maxuvwdistance=0.0, docallib=False, callib='', douvcontsub=False, fitspw='', fitorder=0, want_cont=False, denoising_lib=True, nthreads=1, niter=1, disableparallel=False, ddistart=-1, taql='', monolithic_processing=False, reindex=True )
2026-08-04 17:55:41	INFO	mstransform::::casa	Parse regridding parameters
2026-08-04 17:55:41	INFO	MSTransformManager::parseMsSpecParams	Input file name is ngc4254_2024.1.01512.S_12m_3_hcop.ms.contsub
2026-08-04 17:55:41	INFO	MSTransformManager::parseMsSpecParams	Data column is DATA
2026-08-04 17:55:41	INFO	MSTransformManager::parseMsSpecParams	Output file name is ngc4254_2024.1.01512.S_12m_3_hcop.ms.contsub.temp_spw0.temp1
2026-08-04 17:55:41	INFO	MSTransformManager::parseMsSpecParams	Re-index is enabled 
2026-08-04 17:55:41	INFO	MSTransformManager::parseMsSpecParams	Tile shape is [0]
2026-08-04 17:55:41	INFO	MSTransformManager::parseDataSelParams	spw selection is 0
2026-08-04 17:55:41	INFO	MSTransformManager::parseRefFrameTransParams	Regrid MS is activated
2026-08-04 17:55:41	INFO	MSTransformManager::parseRefFrameTransParams	Rest frequency is 89.18852000GHz
2026-08-04 17:55:41	INFO	MSTransformManager::parseRefFrameTransParams	Output reference frame is lsrk
2026-08-04 17:55:41	INFO	MSTransformManager::parseRefFrameTransParams	Interpolation method is cubic
2026-08-04 17:55:41	INFO	MSTransformManager::parseFreqSpecParams	Mode is velocity
2026-08-04 17:55:41	INFO	MSTransformManager::parseFreqSpecParams	Number of output channels is 426
2026-08-04 17:55:41	INFO	MSTransformManager::parseFreqSpecParams	Start is 2057.00000000km/s
2026-08-04 17:55:41	INFO	MSTransformManager::parseFreqSpecParams	Width is 1.64176904km/s
2026-08-04 17:55:41	INFO	MSTransformManager::parseFreqSpecParams	Velocity type is radio
2026-08-04 17:55:41	INFO	MSTransformManager::colCheckInfo	Adding DATA column to output MS from input DATA column
2026-08-04 17:55:41	INFO	MSTransformManager::initDataSelectionParams	Selected SPWs Ids are Axis Lengths: [1, 4]  (NB: Matrix in Row/Column order)
2026-08-04 17:55:41	INFO	MSTransformManager::initDataSelectionParams+	[0, 0, 3839, 1]
2026-08-04 17:55:41	INFO	MSTransformManager::open	Select data
2026-08-04 17:55:41	INFO	MSTransformManager::createOutputMSStructure	Create output MS structure
2026-08-04 17:55:45	INFO	MSTransformManager::regridSpwSubTable	Regridding SPW with Id 0
2026-08-04 17:55:45	INFO	MSTransformManager::regridSpwAux	Input SPW:  3840 channels, first channel = 8.877223049e+10 Hz, last channel = 8.689771877e+10 Hz, first width = -4.882812500e+05 Hz, last width = -4.882812500e+05 Hz
2026-08-04 17:55:45	INFO	MSTransformManager::regridSpwAux	Calculate frequencies in output reference frame 
2026-08-04 17:55:45	INFO	MSTransformRegridder::calcChanFreqs	 *** Encountered negative channel widths in input spectral window.
2026-08-04 17:55:45	INFO	MSTransformRegridder::calcChanFreqs	 Channels equidistant in vrad
2026-08-04 17:55:45	INFO	MSTransformRegridder::calcChanFreqs+	 Central frequency (in output frame) = 8.84728e+10 Hz == 2.40588e+06 m/s radio velocity
2026-08-04 17:55:45	INFO	MSTransformRegridder::calcChanFreqs+	 Channel central frequency is decreasing with increasing channel number.
2026-08-04 17:55:45	INFO	MSTransformRegridder::calcChanFreqs+	 Width of central channel (in output frame) = 488428 Hz == 1641.77 m/s radio velocity
2026-08-04 17:55:45	INFO	MSTransformRegridder::calcChanFreqs+	 Number of channels = 426
2026-08-04 17:55:45	INFO	MSTransformRegridder::calcChanFreqs+	 Total width of SPW (in output frame) = 2.0807e+08 Hz
2026-08-04 17:55:45	INFO	MSTransformRegridder::calcChanFreqs+	 Lower edge = 8.83687e+10 Hz, upper edge = 8.85768e+10 Hz
2026-08-04 17:55:45	INFO	MSTransformManager::regridSpwAux	Output SPW:   426 channels, first channel = 8.857656069e+10 Hz, last channel = 8.836897890e+10 Hz, first width = 4.884277338e+05 Hz, last width = 4.884277337e+05 Hz
2026-08-04 17:55:45	INFO	ParallelDataHelper::::casa	Apply the transformations
2026-08-04 18:01:48	INFO	mstransform::::casa	Task mstransform complete. Start time: 2026-08-04 17:55:40.856828 End time: 2026-08-04 18:01:48.069159
2026-08-04 18:01:48	INFO	mstransform::::casa	##### End Task: mstransform          #####
2026-08-04 18:01:48	INFO	mstransform::::casa	##########################################
2026-08-04 18:01:48	INFO	mstransform::::casa	##########################################
2026-08-04 18:01:48	INFO	mstransform::::casa	##### Begin Task: mstransform        #####
2026-08-04 18:01:48	INFO	mstransform::::casa	mstransform( vis='ngc4254_2024.1.01512.S_12m_3_hcop.ms.contsub.temp_spw0.temp1', outputvis='ngc4254_2024.1.01512.S_12m_3_hcop.ms.contsub.temp_spw0', createmms=False, separationaxis='auto', numsubms='auto', tileshape=[0], field='', spw='', scan='', antenna='', correlation='', timerange='', intent='', array='', uvrange='', observation='', feed='', datacolumn='DATA', realmodelcol=False, keepflags=True, usewtspectrum=False, combinespws=False, chanaverage=True, chanbin=6, hanning=False, regridms=False, mode='channel', nchan=-1, start=0, width=1, nspw=1, interpolation='linear', phasecenter='', restfreq='', outframe='', veltype='radio', preaverage=False, timeaverage=False, timebin='0s', timespan='', maxuvwdistance=0.0, docallib=False, callib='', douvcontsub=False, fitspw='', fitorder=0, want_cont=False, denoising_lib=True, nthreads=1, niter=1, disableparallel=False, ddistart=-1, taql='', monolithic_processing=False, reindex=True )
2026-08-04 18:01:48	INFO	ParallelDataHelper::::casa	Parse channel averaging parameters
2026-08-04 18:01:48	INFO	MSTransformManager::parseMsSpecParams	Input file name is ngc4254_2024.1.01512.S_12m_3_hcop.ms.contsub.temp_spw0.temp1
2026-08-04 18:01:48	INFO	MSTransformManager::parseMsSpecParams	Data column is DATA
2026-08-04 18:01:48	INFO	MSTransformManager::parseMsSpecParams	Output file name is ngc4254_2024.1.01512.S_12m_3_hcop.ms.contsub.temp_spw0
2026-08-04 18:01:48	INFO	MSTransformManager::parseMsSpecParams	Re-index is enabled 
2026-08-04 18:01:48	INFO	MSTransformManager::parseMsSpecParams	Tile shape is [0]
2026-08-04 18:01:48	INFO	MSTransformManager::parseChanAvgParams	Channel average is activated
2026-08-04 18:01:48	INFO	MSTransformManager::parseChanAvgParams	Channel bin is [6]
2026-08-04 18:01:48	INFO	MSTransformManager::colCheckInfo	Adding DATA column to output MS from input DATA column
2026-08-04 18:01:48	INFO	MSTransformManager::open	Select data
2026-08-04 18:01:48	INFO	MSTransformManager::createOutputMSStructure	Create output MS structure
2026-08-04 18:01:52	INFO	ParallelDataHelper::::casa	Apply the transformations
2026-08-04 18:02:35	INFO	mstransform::::casa	Task mstransform complete. Start time: 2026-08-04 18:01:48.090021 End time: 2026-08-04 18:02:34.518478
2026-08-04 18:02:35	INFO	mstransform::::casa	##### End Task: mstransform          #####
2026-08-04 18:02:35	INFO	mstransform::::casa	##########################################
2026-08-04 18:02:35	INFO	msmetadata_cmpt.cc::open	Performing internal consistency checks on ngc4254_2024.1.01512.S_12m_4_hcop.ms.contsub...
2026-08-04 18:02:35	INFO	mstransform::::casa	##########################################
2026-08-04 18:02:35	INFO	mstransform::::casa	##### Begin Task: mstransform        #####
2026-08-04 18:02:35	INFO	mstransform::::casa	mstransform( vis='ngc4254_2024.1.01512.S_12m_4_hcop.ms.contsub', outputvis='ngc4254_2024.1.01512.S_12m_4_hcop.ms.contsub.temp_spw0.temp1', createmms=False, separationaxis='auto', numsubms='auto', tileshape=[0], field='', spw='0', scan='', antenna='', correlation='', timerange='', intent='', array='', uvrange='', observation='', feed='', datacolumn='DATA', realmodelcol=False, keepflags=True, usewtspectrum=False, combinespws=False, chanaverage=False, chanbin=1, hanning=False, regridms=True, mode='velocity', nchan=426, start='2057.00000000km/s', width='1.64176904km/s', nspw=1, interpolation='cubic', phasecenter='', restfreq='89.18852000GHz', outframe='lsrk', veltype='radio', preaverage=False, timeaverage=False, timebin='0s', timespan='', maxuvwdistance=0.0, docallib=False, callib='', douvcontsub=False, fitspw='', fitorder=0, want_cont=False, denoising_lib=True, nthreads=1, niter=1, disableparallel=False, ddistart=-1, taql='', monolithic_processing=False, reindex=True )
2026-08-04 18:02:35	INFO	mstransform::::casa	Parse regridding parameters
2026-08-04 18:02:35	INFO	MSTransformManager::parseMsSpecParams	Input file name is ngc4254_2024.1.01512.S_12m_4_hcop.ms.contsub
2026-08-04 18:02:35	INFO	MSTransformManager::parseMsSpecParams	Data column is DATA
2026-08-04 18:02:35	INFO	MSTransformManager::parseMsSpecParams	Output file name is ngc4254_2024.1.01512.S_12m_4_hcop.ms.contsub.temp_spw0.temp1
2026-08-04 18:02:35	INFO	MSTransformManager::parseMsSpecParams	Re-index is enabled 
2026-08-04 18:02:35	INFO	MSTransformManager::parseMsSpecParams	Tile shape is [0]
2026-08-04 18:02:35	INFO	MSTransformManager::parseDataSelParams	spw selection is 0
2026-08-04 18:02:35	INFO	MSTransformManager::parseRefFrameTransParams	Regrid MS is activated
2026-08-04 18:02:35	INFO	MSTransformManager::parseRefFrameTransParams	Rest frequency is 89.18852000GHz
2026-08-04 18:02:35	INFO	MSTransformManager::parseRefFrameTransParams	Output reference frame is lsrk
2026-08-04 18:02:35	INFO	MSTransformManager::parseRefFrameTransParams	Interpolation method is cubic
2026-08-04 18:02:35	INFO	MSTransformManager::parseFreqSpecParams	Mode is velocity
2026-08-04 18:02:35	INFO	MSTransformManager::parseFreqSpecParams	Number of output channels is 426
2026-08-04 18:02:35	INFO	MSTransformManager::parseFreqSpecParams	Start is 2057.00000000km/s
2026-08-04 18:02:35	INFO	MSTransformManager::parseFreqSpecParams	Width is 1.64176904km/s
2026-08-04 18:02:35	INFO	MSTransformManager::parseFreqSpecParams	Velocity type is radio
2026-08-04 18:02:36	INFO	MSTransformManager::colCheckInfo	Adding DATA column to output MS from input DATA column
2026-08-04 18:02:36	INFO	MSTransformManager::initDataSelectionParams	Selected SPWs Ids are Axis Lengths: [1, 4]  (NB: Matrix in Row/Column order)
2026-08-04 18:02:36	INFO	MSTransformManager::initDataSelectionParams+	[0, 0, 3839, 1]
2026-08-04 18:02:36	INFO	MSTransformManager::open	Select data
2026-08-04 18:02:36	INFO	MSTransformManager::createOutputMSStructure	Create output MS structure
2026-08-04 18:02:39	INFO	MSTransformManager::regridSpwSubTable	Regridding SPW with Id 0
2026-08-04 18:02:39	INFO	MSTransformManager::regridSpwAux	Input SPW:  3840 channels, first channel = 8.877217584e+10 Hz, last channel = 8.689766412e+10 Hz, first width = -4.882812500e+05 Hz, last width = -4.882812500e+05 Hz
2026-08-04 18:02:39	INFO	MSTransformManager::regridSpwAux	Calculate frequencies in output reference frame 
2026-08-04 18:02:39	INFO	MSTransformRegridder::calcChanFreqs	 *** Encountered negative channel widths in input spectral window.
2026-08-04 18:02:40	INFO	MSTransformRegridder::calcChanFreqs	 Channels equidistant in vrad
2026-08-04 18:02:40	INFO	MSTransformRegridder::calcChanFreqs+	 Central frequency (in output frame) = 8.84728e+10 Hz == 2.40588e+06 m/s radio velocity
2026-08-04 18:02:40	INFO	MSTransformRegridder::calcChanFreqs+	 Channel central frequency is decreasing with increasing channel number.
2026-08-04 18:02:40	INFO	MSTransformRegridder::calcChanFreqs+	 Width of central channel (in output frame) = 488428 Hz == 1641.77 m/s radio velocity
2026-08-04 18:02:40	INFO	MSTransformRegridder::calcChanFreqs+	 Number of channels = 426
2026-08-04 18:02:40	INFO	MSTransformRegridder::calcChanFreqs+	 Total width of SPW (in output frame) = 2.0807e+08 Hz
2026-08-04 18:02:40	INFO	MSTransformRegridder::calcChanFreqs+	 Lower edge = 8.83687e+10 Hz, upper edge = 8.85768e+10 Hz
2026-08-04 18:02:40	INFO	MSTransformManager::regridSpwAux	Output SPW:   426 channels, first channel = 8.857656069e+10 Hz, last channel = 8.836897890e+10 Hz, first width = 4.884277338e+05 Hz, last width = 4.884277337e+05 Hz
2026-08-04 18:02:40	INFO	ParallelDataHelper::::casa	Apply the transformations
2026-08-04 18:08:01	INFO	mstransform::::casa	Task mstransform complete. Start time: 2026-08-04 18:02:35.386946 End time: 2026-08-04 18:08:01.407322
2026-08-04 18:08:01	INFO	mstransform::::casa	##### End Task: mstransform          #####
2026-08-04 18:08:01	INFO	mstransform::::casa	##########################################
2026-08-04 18:08:01	INFO	mstransform::::casa	##########################################
2026-08-04 18:08:01	INFO	mstransform::::casa	##### Begin Task: mstransform        #####
2026-08-04 18:08:01	INFO	mstransform::::casa	mstransform( vis='ngc4254_2024.1.01512.S_12m_4_hcop.ms.contsub.temp_spw0.temp1', outputvis='ngc4254_2024.1.01512.S_12m_4_hcop.ms.contsub.temp_spw0', createmms=False, separationaxis='auto', numsubms='auto', tileshape=[0], field='', spw='', scan='', antenna='', correlation='', timerange='', intent='', array='', uvrange='', observation='', feed='', datacolumn='DATA', realmodelcol=False, keepflags=True, usewtspectrum=False, combinespws=False, chanaverage=True, chanbin=6, hanning=False, regridms=False, mode='channel', nchan=-1, start=0, width=1, nspw=1, interpolation='linear', phasecenter='', restfreq='', outframe='', veltype='radio', preaverage=False, timeaverage=False, timebin='0s', timespan='', maxuvwdistance=0.0, docallib=False, callib='', douvcontsub=False, fitspw='', fitorder=0, want_cont=False, denoising_lib=True, nthreads=1, niter=1, disableparallel=False, ddistart=-1, taql='', monolithic_processing=False, reindex=True )
2026-08-04 18:08:01	INFO	ParallelDataHelper::::casa	Parse channel averaging parameters
2026-08-04 18:08:01	INFO	MSTransformManager::parseMsSpecParams	Input file name is ngc4254_2024.1.01512.S_12m_4_hcop.ms.contsub.temp_spw0.temp1
2026-08-04 18:08:01	INFO	MSTransformManager::parseMsSpecParams	Data column is DATA
2026-08-04 18:08:01	INFO	MSTransformManager::parseMsSpecParams	Output file name is ngc4254_2024.1.01512.S_12m_4_hcop.ms.contsub.temp_spw0
2026-08-04 18:08:01	INFO	MSTransformManager::parseMsSpecParams	Re-index is enabled 
2026-08-04 18:08:01	INFO	MSTransformManager::parseMsSpecParams	Tile shape is [0]
2026-08-04 18:08:01	INFO	MSTransformManager::parseChanAvgParams	Channel average is activated
2026-08-04 18:08:01	INFO	MSTransformManager::parseChanAvgParams	Channel bin is [6]
2026-08-04 18:08:02	INFO	MSTransformManager::colCheckInfo	Adding DATA column to output MS from input DATA column
2026-08-04 18:08:02	INFO	MSTransformManager::open	Select data
2026-08-04 18:08:02	INFO	MSTransformManager::createOutputMSStructure	Create output MS structure
2026-08-04 18:08:06	INFO	ParallelDataHelper::::casa	Apply the transformations
2026-08-04 18:08:44	INFO	mstransform::::casa	Task mstransform complete. Start time: 2026-08-04 18:08:01.415363 End time: 2026-08-04 18:08:44.114326
2026-08-04 18:08:44	INFO	mstransform::::casa	##### End Task: mstransform          #####
2026-08-04 18:08:44	INFO	mstransform::::casa	##########################################
2026-08-04 18:08:45	INFO	msmetadata_cmpt.cc::open	Performing internal consistency checks on ngc4254_2024.1.01512.S_12m_5_hcop.ms.contsub...
2026-08-04 18:08:45	INFO	mstransform::::casa	##########################################
2026-08-04 18:08:45	INFO	mstransform::::casa	##### Begin Task: mstransform        #####
2026-08-04 18:08:45	INFO	mstransform::::casa	mstransform( vis='ngc4254_2024.1.01512.S_12m_5_hcop.ms.contsub', outputvis='ngc4254_2024.1.01512.S_12m_5_hcop.ms.contsub.temp_spw0.temp1', createmms=False, separationaxis='auto', numsubms='auto', tileshape=[0], field='', spw='0', scan='', antenna='', correlation='', timerange='', intent='', array='', uvrange='', observation='', feed='', datacolumn='DATA', realmodelcol=False, keepflags=True, usewtspectrum=False, combinespws=False, chanaverage=False, chanbin=1, hanning=False, regridms=True, mode='velocity', nchan=426, start='2057.00000000km/s', width='1.64176904km/s', nspw=1, interpolation='cubic', phasecenter='', restfreq='89.18852000GHz', outframe='lsrk', veltype='radio', preaverage=False, timeaverage=False, timebin='0s', timespan='', maxuvwdistance=0.0, docallib=False, callib='', douvcontsub=False, fitspw='', fitorder=0, want_cont=False, denoising_lib=True, nthreads=1, niter=1, disableparallel=False, ddistart=-1, taql='', monolithic_processing=False, reindex=True )
2026-08-04 18:08:45	INFO	mstransform::::casa	Parse regridding parameters
2026-08-04 18:08:45	INFO	MSTransformManager::parseMsSpecParams	Input file name is ngc4254_2024.1.01512.S_12m_5_hcop.ms.contsub
2026-08-04 18:08:45	INFO	MSTransformManager::parseMsSpecParams	Data column is DATA
2026-08-04 18:08:45	INFO	MSTransformManager::parseMsSpecParams	Output file name is ngc4254_2024.1.01512.S_12m_5_hcop.ms.contsub.temp_spw0.temp1
2026-08-04 18:08:45	INFO	MSTransformManager::parseMsSpecParams	Re-index is enabled 
2026-08-04 18:08:45	INFO	MSTransformManager::parseMsSpecParams	Tile shape is [0]
2026-08-04 18:08:45	INFO	MSTransformManager::parseDataSelParams	spw selection is 0
2026-08-04 18:08:45	INFO	MSTransformManager::parseRefFrameTransParams	Regrid MS is activated
2026-08-04 18:08:45	INFO	MSTransformManager::parseRefFrameTransParams	Rest frequency is 89.18852000GHz
2026-08-04 18:08:45	INFO	MSTransformManager::parseRefFrameTransParams	Output reference frame is lsrk
2026-08-04 18:08:45	INFO	MSTransformManager::parseRefFrameTransParams	Interpolation method is cubic
2026-08-04 18:08:45	INFO	MSTransformManager::parseFreqSpecParams	Mode is velocity
2026-08-04 18:08:45	INFO	MSTransformManager::parseFreqSpecParams	Number of output channels is 426
2026-08-04 18:08:45	INFO	MSTransformManager::parseFreqSpecParams	Start is 2057.00000000km/s
2026-08-04 18:08:45	INFO	MSTransformManager::parseFreqSpecParams	Width is 1.64176904km/s
2026-08-04 18:08:45	INFO	MSTransformManager::parseFreqSpecParams	Velocity type is radio
2026-08-04 18:08:45	INFO	MSTransformManager::colCheckInfo	Adding DATA column to output MS from input DATA column
2026-08-04 18:08:45	INFO	MSTransformManager::initDataSelectionParams	Selected SPWs Ids are Axis Lengths: [1, 4]  (NB: Matrix in Row/Column order)
2026-08-04 18:08:45	INFO	MSTransformManager::initDataSelectionParams+	[0, 0, 3839, 1]
2026-08-04 18:08:45	INFO	MSTransformManager::open	Select data
2026-08-04 18:08:45	INFO	MSTransformManager::createOutputMSStructure	Create output MS structure
2026-08-04 18:08:49	INFO	MSTransformManager::regridSpwSubTable	Regridding SPW with Id 0
2026-08-04 18:08:49	INFO	MSTransformManager::regridSpwAux	Input SPW:  3840 channels, first channel = 8.877212157e+10 Hz, last channel = 8.689760985e+10 Hz, first width = -4.882812500e+05 Hz, last width = -4.882812500e+05 Hz
2026-08-04 18:08:49	INFO	MSTransformManager::regridSpwAux	Calculate frequencies in output reference frame 
2026-08-04 18:08:49	INFO	MSTransformRegridder::calcChanFreqs	 *** Encountered negative channel widths in input spectral window.
2026-08-04 18:08:49	INFO	MSTransformRegridder::calcChanFreqs	 Channels equidistant in vrad
2026-08-04 18:08:49	INFO	MSTransformRegridder::calcChanFreqs+	 Central frequency (in output frame) = 8.84728e+10 Hz == 2.40588e+06 m/s radio velocity
2026-08-04 18:08:49	INFO	MSTransformRegridder::calcChanFreqs+	 Channel central frequency is decreasing with increasing channel number.
2026-08-04 18:08:49	INFO	MSTransformRegridder::calcChanFreqs+	 Width of central channel (in output frame) = 488428 Hz == 1641.77 m/s radio velocity
2026-08-04 18:08:49	INFO	MSTransformRegridder::calcChanFreqs+	 Number of channels = 426
2026-08-04 18:08:49	INFO	MSTransformRegridder::calcChanFreqs+	 Total width of SPW (in output frame) = 2.0807e+08 Hz
2026-08-04 18:08:49	INFO	MSTransformRegridder::calcChanFreqs+	 Lower edge = 8.83687e+10 Hz, upper edge = 8.85768e+10 Hz
2026-08-04 18:08:49	INFO	MSTransformManager::regridSpwAux	Output SPW:   426 channels, first channel = 8.857656069e+10 Hz, last channel = 8.836897890e+10 Hz, first width = 4.884277338e+05 Hz, last width = 4.884277337e+05 Hz
2026-08-04 18:08:49	INFO	ParallelDataHelper::::casa	Apply the transformations
2026-08-04 18:13:47	INFO	mstransform::::casa	Task mstransform complete. Start time: 2026-08-04 18:08:44.840399 End time: 2026-08-04 18:13:47.435083
2026-08-04 18:13:47	INFO	mstransform::::casa	##### End Task: mstransform          #####
2026-08-04 18:13:47	INFO	mstransform::::casa	##########################################
2026-08-04 18:13:47	INFO	mstransform::::casa	##########################################
2026-08-04 18:13:47	INFO	mstransform::::casa	##### Begin Task: mstransform        #####
2026-08-04 18:13:47	INFO	mstransform::::casa	mstransform( vis='ngc4254_2024.1.01512.S_12m_5_hcop.ms.contsub.temp_spw0.temp1', outputvis='ngc4254_2024.1.01512.S_12m_5_hcop.ms.contsub.temp_spw0', createmms=False, separationaxis='auto', numsubms='auto', tileshape=[0], field='', spw='', scan='', antenna='', correlation='', timerange='', intent='', array='', uvrange='', observation='', feed='', datacolumn='DATA', realmodelcol=False, keepflags=True, usewtspectrum=False, combinespws=False, chanaverage=True, chanbin=6, hanning=False, regridms=False, mode='channel', nchan=-1, start=0, width=1, nspw=1, interpolation='linear', phasecenter='', restfreq='', outframe='', veltype='radio', preaverage=False, timeaverage=False, timebin='0s', timespan='', maxuvwdistance=0.0, docallib=False, callib='', douvcontsub=False, fitspw='', fitorder=0, want_cont=False, denoising_lib=True, nthreads=1, niter=1, disableparallel=False, ddistart=-1, taql='', monolithic_processing=False, reindex=True )
2026-08-04 18:13:48	INFO	ParallelDataHelper::::casa	Parse channel averaging parameters
2026-08-04 18:13:48	INFO	MSTransformManager::parseMsSpecParams	Input file name is ngc4254_2024.1.01512.S_12m_5_hcop.ms.contsub.temp_spw0.temp1
2026-08-04 18:13:48	INFO	MSTransformManager::parseMsSpecParams	Data column is DATA
2026-08-04 18:13:48	INFO	MSTransformManager::parseMsSpecParams	Output file name is ngc4254_2024.1.01512.S_12m_5_hcop.ms.contsub.temp_spw0
2026-08-04 18:13:48	INFO	MSTransformManager::parseMsSpecParams	Re-index is enabled 
2026-08-04 18:13:48	INFO	MSTransformManager::parseMsSpecParams	Tile shape is [0]
2026-08-04 18:13:48	INFO	MSTransformManager::parseChanAvgParams	Channel average is activated
2026-08-04 18:13:48	INFO	MSTransformManager::parseChanAvgParams	Channel bin is [6]
2026-08-04 18:13:48	INFO	MSTransformManager::colCheckInfo	Adding DATA column to output MS from input DATA column
2026-08-04 18:13:48	INFO	MSTransformManager::open	Select data
2026-08-04 18:13:48	INFO	MSTransformManager::createOutputMSStructure	Create output MS structure
2026-08-04 18:13:52	INFO	ParallelDataHelper::::casa	Apply the transformations
2026-08-04 18:14:30	INFO	mstransform::::casa	Task mstransform complete. Start time: 2026-08-04 18:13:47.442518 End time: 2026-08-04 18:14:29.712542
2026-08-04 18:14:30	INFO	mstransform::::casa	##### End Task: mstransform          #####
2026-08-04 18:14:30	INFO	mstransform::::casa	##########################################
2026-08-04 18:14:30	INFO	msmetadata_cmpt.cc::open	Performing internal consistency checks on ngc4254_2024.1.01512.S_12m_6_hcop.ms.contsub...
2026-08-04 18:14:30	INFO	mstransform::::casa	##########################################
2026-08-04 18:14:30	INFO	mstransform::::casa	##### Begin Task: mstransform        #####
2026-08-04 18:14:30	INFO	mstransform::::casa	mstransform( vis='ngc4254_2024.1.01512.S_12m_6_hcop.ms.contsub', outputvis='ngc4254_2024.1.01512.S_12m_6_hcop.ms.contsub.temp_spw0.temp1', createmms=False, separationaxis='auto', numsubms='auto', tileshape=[0], field='', spw='0', scan='', antenna='', correlation='', timerange='', intent='', array='', uvrange='', observation='', feed='', datacolumn='DATA', realmodelcol=False, keepflags=True, usewtspectrum=False, combinespws=False, chanaverage=False, chanbin=1, hanning=False, regridms=True, mode='velocity', nchan=426, start='2057.00000000km/s', width='1.64176904km/s', nspw=1, interpolation='cubic', phasecenter='', restfreq='89.18852000GHz', outframe='lsrk', veltype='radio', preaverage=False, timeaverage=False, timebin='0s', timespan='', maxuvwdistance=0.0, docallib=False, callib='', douvcontsub=False, fitspw='', fitorder=0, want_cont=False, denoising_lib=True, nthreads=1, niter=1, disableparallel=False, ddistart=-1, taql='', monolithic_processing=False, reindex=True )
2026-08-04 18:14:31	INFO	mstransform::::casa	Parse regridding parameters
2026-08-04 18:14:31	INFO	MSTransformManager::parseMsSpecParams	Input file name is ngc4254_2024.1.01512.S_12m_6_hcop.ms.contsub
2026-08-04 18:14:31	INFO	MSTransformManager::parseMsSpecParams	Data column is DATA
2026-08-04 18:14:31	INFO	MSTransformManager::parseMsSpecParams	Output file name is ngc4254_2024.1.01512.S_12m_6_hcop.ms.contsub.temp_spw0.temp1
2026-08-04 18:14:31	INFO	MSTransformManager::parseMsSpecParams	Re-index is enabled 
2026-08-04 18:14:31	INFO	MSTransformManager::parseMsSpecParams	Tile shape is [0]
2026-08-04 18:14:31	INFO	MSTransformManager::parseDataSelParams	spw selection is 0
2026-08-04 18:14:31	INFO	MSTransformManager::parseRefFrameTransParams	Regrid MS is activated
2026-08-04 18:14:31	INFO	MSTransformManager::parseRefFrameTransParams	Rest frequency is 89.18852000GHz
2026-08-04 18:14:31	INFO	MSTransformManager::parseRefFrameTransParams	Output reference frame is lsrk
2026-08-04 18:14:31	INFO	MSTransformManager::parseRefFrameTransParams	Interpolation method is cubic
2026-08-04 18:14:31	INFO	MSTransformManager::parseFreqSpecParams	Mode is velocity
2026-08-04 18:14:31	INFO	MSTransformManager::parseFreqSpecParams	Number of output channels is 426
2026-08-04 18:14:31	INFO	MSTransformManager::parseFreqSpecParams	Start is 2057.00000000km/s
2026-08-04 18:14:31	INFO	MSTransformManager::parseFreqSpecParams	Width is 1.64176904km/s
2026-08-04 18:14:31	INFO	MSTransformManager::parseFreqSpecParams	Velocity type is radio
2026-08-04 18:14:31	INFO	MSTransformManager::colCheckInfo	Adding DATA column to output MS from input DATA column
2026-08-04 18:14:31	INFO	MSTransformManager::initDataSelectionParams	Selected SPWs Ids are Axis Lengths: [1, 4]  (NB: Matrix in Row/Column order)
2026-08-04 18:14:31	INFO	MSTransformManager::initDataSelectionParams+	[0, 0, 3839, 1]
2026-08-04 18:14:31	INFO	MSTransformManager::open	Select data
2026-08-04 18:14:31	INFO	MSTransformManager::createOutputMSStructure	Create output MS structure
2026-08-04 18:14:34	INFO	MSTransformManager::regridSpwSubTable	Regridding SPW with Id 0
2026-08-04 18:14:34	INFO	MSTransformManager::regridSpwAux	Input SPW:  3840 channels, first channel = 8.877186071e+10 Hz, last channel = 8.689734899e+10 Hz, first width = -4.882812500e+05 Hz, last width = -4.882812500e+05 Hz
2026-08-04 18:14:34	INFO	MSTransformManager::regridSpwAux	Calculate frequencies in output reference frame 
2026-08-04 18:14:34	INFO	MSTransformRegridder::calcChanFreqs	 *** Encountered negative channel widths in input spectral window.
2026-08-04 18:14:35	INFO	MSTransformRegridder::calcChanFreqs	 Channels equidistant in vrad
2026-08-04 18:14:35	INFO	MSTransformRegridder::calcChanFreqs+	 Central frequency (in output frame) = 8.84728e+10 Hz == 2.40588e+06 m/s radio velocity
2026-08-04 18:14:35	INFO	MSTransformRegridder::calcChanFreqs+	 Channel central frequency is decreasing with increasing channel number.
2026-08-04 18:14:35	INFO	MSTransformRegridder::calcChanFreqs+	 Width of central channel (in output frame) = 488428 Hz == 1641.77 m/s radio velocity
2026-08-04 18:14:35	INFO	MSTransformRegridder::calcChanFreqs+	 Number of channels = 426
2026-08-04 18:14:35	INFO	MSTransformRegridder::calcChanFreqs+	 Total width of SPW (in output frame) = 2.0807e+08 Hz
2026-08-04 18:14:35	INFO	MSTransformRegridder::calcChanFreqs+	 Lower edge = 8.83687e+10 Hz, upper edge = 8.85768e+10 Hz
2026-08-04 18:14:35	INFO	MSTransformManager::regridSpwAux	Output SPW:   426 channels, first channel = 8.857656069e+10 Hz, last channel = 8.836897890e+10 Hz, first width = 4.884277338e+05 Hz, last width = 4.884277337e+05 Hz
2026-08-04 18:14:35	INFO	ParallelDataHelper::::casa	Apply the transformations
2026-08-04 18:19:47	INFO	mstransform::::casa	Task mstransform complete. Start time: 2026-08-04 18:14:30.468097 End time: 2026-08-04 18:19:47.418282
2026-08-04 18:19:47	INFO	mstransform::::casa	##### End Task: mstransform          #####
2026-08-04 18:19:47	INFO	mstransform::::casa	##########################################
2026-08-04 18:19:47	INFO	mstransform::::casa	##########################################
2026-08-04 18:19:47	INFO	mstransform::::casa	##### Begin Task: mstransform        #####
2026-08-04 18:19:47	INFO	mstransform::::casa	mstransform( vis='ngc4254_2024.1.01512.S_12m_6_hcop.ms.contsub.temp_spw0.temp1', outputvis='ngc4254_2024.1.01512.S_12m_6_hcop.ms.contsub.temp_spw0', createmms=False, separationaxis='auto', numsubms='auto', tileshape=[0], field='', spw='', scan='', antenna='', correlation='', timerange='', intent='', array='', uvrange='', observation='', feed='', datacolumn='DATA', realmodelcol=False, keepflags=True, usewtspectrum=False, combinespws=False, chanaverage=True, chanbin=6, hanning=False, regridms=False, mode='channel', nchan=-1, start=0, width=1, nspw=1, interpolation='linear', phasecenter='', restfreq='', outframe='', veltype='radio', preaverage=False, timeaverage=False, timebin='0s', timespan='', maxuvwdistance=0.0, docallib=False, callib='', douvcontsub=False, fitspw='', fitorder=0, want_cont=False, denoising_lib=True, nthreads=1, niter=1, disableparallel=False, ddistart=-1, taql='', monolithic_processing=False, reindex=True )
2026-08-04 18:19:48	INFO	ParallelDataHelper::::casa	Parse channel averaging parameters
2026-08-04 18:19:48	INFO	MSTransformManager::parseMsSpecParams	Input file name is ngc4254_2024.1.01512.S_12m_6_hcop.ms.contsub.temp_spw0.temp1
2026-08-04 18:19:48	INFO	MSTransformManager::parseMsSpecParams	Data column is DATA
2026-08-04 18:19:48	INFO	MSTransformManager::parseMsSpecParams	Output file name is ngc4254_2024.1.01512.S_12m_6_hcop.ms.contsub.temp_spw0
2026-08-04 18:19:48	INFO	MSTransformManager::parseMsSpecParams	Re-index is enabled 
2026-08-04 18:19:48	INFO	MSTransformManager::parseMsSpecParams	Tile shape is [0]
2026-08-04 18:19:48	INFO	MSTransformManager::parseChanAvgParams	Channel average is activated
2026-08-04 18:19:48	INFO	MSTransformManager::parseChanAvgParams	Channel bin is [6]
2026-08-04 18:19:48	INFO	MSTransformManager::colCheckInfo	Adding DATA column to output MS from input DATA column
2026-08-04 18:19:48	INFO	MSTransformManager::open	Select data
2026-08-04 18:19:48	INFO	MSTransformManager::createOutputMSStructure	Create output MS structure
2026-08-04 18:19:52	INFO	ParallelDataHelper::::casa	Apply the transformations
2026-08-04 18:20:32	INFO	mstransform::::casa	Task mstransform complete. Start time: 2026-08-04 18:19:47.427028 End time: 2026-08-04 18:20:31.625285
2026-08-04 18:20:32	INFO	mstransform::::casa	##### End Task: mstransform          #####
2026-08-04 18:20:32	INFO	mstransform::::casa	##########################################
2026-08-04 18:20:32	INFO	msmetadata_cmpt.cc::open	Performing internal consistency checks on ngc4254_2024.1.01512.S_12m_7_hcop.ms.contsub...
2026-08-04 18:20:32	INFO	mstransform::::casa	##########################################
2026-08-04 18:20:32	INFO	mstransform::::casa	##### Begin Task: mstransform        #####
2026-08-04 18:20:32	INFO	mstransform::::casa	mstransform( vis='ngc4254_2024.1.01512.S_12m_7_hcop.ms.contsub', outputvis='ngc4254_2024.1.01512.S_12m_7_hcop.ms.contsub.temp_spw0.temp1', createmms=False, separationaxis='auto', numsubms='auto', tileshape=[0], field='', spw='0', scan='', antenna='', correlation='', timerange='', intent='', array='', uvrange='', observation='', feed='', datacolumn='DATA', realmodelcol=False, keepflags=True, usewtspectrum=False, combinespws=False, chanaverage=False, chanbin=1, hanning=False, regridms=True, mode='velocity', nchan=426, start='2057.00000000km/s', width='1.64176904km/s', nspw=1, interpolation='cubic', phasecenter='', restfreq='89.18852000GHz', outframe='lsrk', veltype='radio', preaverage=False, timeaverage=False, timebin='0s', timespan='', maxuvwdistance=0.0, docallib=False, callib='', douvcontsub=False, fitspw='', fitorder=0, want_cont=False, denoising_lib=True, nthreads=1, niter=1, disableparallel=False, ddistart=-1, taql='', monolithic_processing=False, reindex=True )
2026-08-04 18:20:32	INFO	mstransform::::casa	Parse regridding parameters
2026-08-04 18:20:32	INFO	MSTransformManager::parseMsSpecParams	Input file name is ngc4254_2024.1.01512.S_12m_7_hcop.ms.contsub
2026-08-04 18:20:32	INFO	MSTransformManager::parseMsSpecParams	Data column is DATA
2026-08-04 18:20:32	INFO	MSTransformManager::parseMsSpecParams	Output file name is ngc4254_2024.1.01512.S_12m_7_hcop.ms.contsub.temp_spw0.temp1
2026-08-04 18:20:32	INFO	MSTransformManager::parseMsSpecParams	Re-index is enabled 
2026-08-04 18:20:32	INFO	MSTransformManager::parseMsSpecParams	Tile shape is [0]
2026-08-04 18:20:32	INFO	MSTransformManager::parseDataSelParams	spw selection is 0
2026-08-04 18:20:32	INFO	MSTransformManager::parseRefFrameTransParams	Regrid MS is activated
2026-08-04 18:20:32	INFO	MSTransformManager::parseRefFrameTransParams	Rest frequency is 89.18852000GHz
2026-08-04 18:20:32	INFO	MSTransformManager::parseRefFrameTransParams	Output reference frame is lsrk
2026-08-04 18:20:32	INFO	MSTransformManager::parseRefFrameTransParams	Interpolation method is cubic
2026-08-04 18:20:32	INFO	MSTransformManager::parseFreqSpecParams	Mode is velocity
2026-08-04 18:20:32	INFO	MSTransformManager::parseFreqSpecParams	Number of output channels is 426
2026-08-04 18:20:32	INFO	MSTransformManager::parseFreqSpecParams	Start is 2057.00000000km/s
2026-08-04 18:20:32	INFO	MSTransformManager::parseFreqSpecParams	Width is 1.64176904km/s
2026-08-04 18:20:32	INFO	MSTransformManager::parseFreqSpecParams	Velocity type is radio
2026-08-04 18:20:32	INFO	MSTransformManager::colCheckInfo	Adding DATA column to output MS from input DATA column
2026-08-04 18:20:32	INFO	MSTransformManager::initDataSelectionParams	Selected SPWs Ids are Axis Lengths: [1, 4]  (NB: Matrix in Row/Column order)
2026-08-04 18:20:32	INFO	MSTransformManager::initDataSelectionParams+	[0, 0, 3839, 1]
2026-08-04 18:20:32	INFO	MSTransformManager::open	Select data
2026-08-04 18:20:32	INFO	MSTransformManager::createOutputMSStructure	Create output MS structure
2026-08-04 18:20:36	INFO	MSTransformManager::regridSpwSubTable	Regridding SPW with Id 0
2026-08-04 18:20:36	INFO	MSTransformManager::regridSpwAux	Input SPW:  3840 channels, first channel = 8.877180593e+10 Hz, last channel = 8.689729422e+10 Hz, first width = -4.882812500e+05 Hz, last width = -4.882812500e+05 Hz
2026-08-04 18:20:36	INFO	MSTransformManager::regridSpwAux	Calculate frequencies in output reference frame 
2026-08-04 18:20:36	INFO	MSTransformRegridder::calcChanFreqs	 *** Encountered negative channel widths in input spectral window.
2026-08-04 18:20:36	INFO	MSTransformRegridder::calcChanFreqs	 Channels equidistant in vrad
2026-08-04 18:20:36	INFO	MSTransformRegridder::calcChanFreqs+	 Central frequency (in output frame) = 8.84728e+10 Hz == 2.40588e+06 m/s radio velocity
2026-08-04 18:20:36	INFO	MSTransformRegridder::calcChanFreqs+	 Channel central frequency is decreasing with increasing channel number.
2026-08-04 18:20:36	INFO	MSTransformRegridder::calcChanFreqs+	 Width of central channel (in output frame) = 488428 Hz == 1641.77 m/s radio velocity
2026-08-04 18:20:36	INFO	MSTransformRegridder::calcChanFreqs+	 Number of channels = 426
2026-08-04 18:20:36	INFO	MSTransformRegridder::calcChanFreqs+	 Total width of SPW (in output frame) = 2.0807e+08 Hz
2026-08-04 18:20:36	INFO	MSTransformRegridder::calcChanFreqs+	 Lower edge = 8.83687e+10 Hz, upper edge = 8.85768e+10 Hz
2026-08-04 18:20:36	INFO	MSTransformManager::regridSpwAux	Output SPW:   426 channels, first channel = 8.857656069e+10 Hz, last channel = 8.836897890e+10 Hz, first width = 4.884277338e+05 Hz, last width = 4.884277337e+05 Hz
2026-08-04 18:20:37	INFO	ParallelDataHelper::::casa	Apply the transformations
2026-08-04 18:25:33	INFO	mstransform::::casa	Task mstransform complete. Start time: 2026-08-04 18:20:32.292968 End time: 2026-08-04 18:25:32.909871
2026-08-04 18:25:33	INFO	mstransform::::casa	##### End Task: mstransform          #####
2026-08-04 18:25:33	INFO	mstransform::::casa	##########################################
2026-08-04 18:25:33	INFO	mstransform::::casa	##########################################
2026-08-04 18:25:33	INFO	mstransform::::casa	##### Begin Task: mstransform        #####
2026-08-04 18:25:33	INFO	mstransform::::casa	mstransform( vis='ngc4254_2024.1.01512.S_12m_7_hcop.ms.contsub.temp_spw0.temp1', outputvis='ngc4254_2024.1.01512.S_12m_7_hcop.ms.contsub.temp_spw0', createmms=False, separationaxis='auto', numsubms='auto', tileshape=[0], field='', spw='', scan='', antenna='', correlation='', timerange='', intent='', array='', uvrange='', observation='', feed='', datacolumn='DATA', realmodelcol=False, keepflags=True, usewtspectrum=False, combinespws=False, chanaverage=True, chanbin=6, hanning=False, regridms=False, mode='channel', nchan=-1, start=0, width=1, nspw=1, interpolation='linear', phasecenter='', restfreq='', outframe='', veltype='radio', preaverage=False, timeaverage=False, timebin='0s', timespan='', maxuvwdistance=0.0, docallib=False, callib='', douvcontsub=False, fitspw='', fitorder=0, want_cont=False, denoising_lib=True, nthreads=1, niter=1, disableparallel=False, ddistart=-1, taql='', monolithic_processing=False, reindex=True )
2026-08-04 18:25:33	INFO	ParallelDataHelper::::casa	Parse channel averaging parameters
2026-08-04 18:25:33	INFO	MSTransformManager::parseMsSpecParams	Input file name is ngc4254_2024.1.01512.S_12m_7_hcop.ms.contsub.temp_spw0.temp1
2026-08-04 18:25:33	INFO	MSTransformManager::parseMsSpecParams	Data column is DATA
2026-08-04 18:25:33	INFO	MSTransformManager::parseMsSpecParams	Output file name is ngc4254_2024.1.01512.S_12m_7_hcop.ms.contsub.temp_spw0
2026-08-04 18:25:33	INFO	MSTransformManager::parseMsSpecParams	Re-index is enabled 
2026-08-04 18:25:33	INFO	MSTransformManager::parseMsSpecParams	Tile shape is [0]
2026-08-04 18:25:33	INFO	MSTransformManager::parseChanAvgParams	Channel average is activated
2026-08-04 18:25:33	INFO	MSTransformManager::parseChanAvgParams	Channel bin is [6]
2026-08-04 18:25:33	INFO	MSTransformManager::colCheckInfo	Adding DATA column to output MS from input DATA column
2026-08-04 18:25:33	INFO	MSTransformManager::open	Select data
2026-08-04 18:25:33	INFO	MSTransformManager::createOutputMSStructure	Create output MS structure
2026-08-04 18:25:37	INFO	ParallelDataHelper::::casa	Apply the transformations
2026-08-04 18:26:14	INFO	mstransform::::casa	Task mstransform complete. Start time: 2026-08-04 18:25:32.920212 End time: 2026-08-04 18:26:13.838535
2026-08-04 18:26:14	INFO	mstransform::::casa	##### End Task: mstransform          #####
2026-08-04 18:26:14	INFO	mstransform::::casa	##########################################
2026-08-04 18:26:14	INFO	msmetadata_cmpt.cc::open	Performing internal consistency checks on ngc4254_2024.1.01512.S_12m_8_hcop.ms.contsub...
2026-08-04 18:26:15	INFO	mstransform::::casa	##########################################
2026-08-04 18:26:15	INFO	mstransform::::casa	##### Begin Task: mstransform        #####
2026-08-04 18:26:15	INFO	mstransform::::casa	mstransform( vis='ngc4254_2024.1.01512.S_12m_8_hcop.ms.contsub', outputvis='ngc4254_2024.1.01512.S_12m_8_hcop.ms.contsub.temp_spw0.temp1', createmms=False, separationaxis='auto', numsubms='auto', tileshape=[0], field='', spw='0', scan='', antenna='', correlation='', timerange='', intent='', array='', uvrange='', observation='', feed='', datacolumn='DATA', realmodelcol=False, keepflags=True, usewtspectrum=False, combinespws=False, chanaverage=False, chanbin=1, hanning=False, regridms=True, mode='velocity', nchan=426, start='2057.00000000km/s', width='1.64176904km/s', nspw=1, interpolation='cubic', phasecenter='', restfreq='89.18852000GHz', outframe='lsrk', veltype='radio', preaverage=False, timeaverage=False, timebin='0s', timespan='', maxuvwdistance=0.0, docallib=False, callib='', douvcontsub=False, fitspw='', fitorder=0, want_cont=False, denoising_lib=True, nthreads=1, niter=1, disableparallel=False, ddistart=-1, taql='', monolithic_processing=False, reindex=True )
2026-08-04 18:26:15	INFO	mstransform::::casa	Parse regridding parameters
2026-08-04 18:26:15	INFO	MSTransformManager::parseMsSpecParams	Input file name is ngc4254_2024.1.01512.S_12m_8_hcop.ms.contsub
2026-08-04 18:26:15	INFO	MSTransformManager::parseMsSpecParams	Data column is DATA
2026-08-04 18:26:15	INFO	MSTransformManager::parseMsSpecParams	Output file name is ngc4254_2024.1.01512.S_12m_8_hcop.ms.contsub.temp_spw0.temp1
2026-08-04 18:26:15	INFO	MSTransformManager::parseMsSpecParams	Re-index is enabled 
2026-08-04 18:26:15	INFO	MSTransformManager::parseMsSpecParams	Tile shape is [0]
2026-08-04 18:26:15	INFO	MSTransformManager::parseDataSelParams	spw selection is 0
2026-08-04 18:26:15	INFO	MSTransformManager::parseRefFrameTransParams	Regrid MS is activated
2026-08-04 18:26:15	INFO	MSTransformManager::parseRefFrameTransParams	Rest frequency is 89.18852000GHz
2026-08-04 18:26:15	INFO	MSTransformManager::parseRefFrameTransParams	Output reference frame is lsrk
2026-08-04 18:26:15	INFO	MSTransformManager::parseRefFrameTransParams	Interpolation method is cubic
2026-08-04 18:26:15	INFO	MSTransformManager::parseFreqSpecParams	Mode is velocity
2026-08-04 18:26:15	INFO	MSTransformManager::parseFreqSpecParams	Number of output channels is 426
2026-08-04 18:26:15	INFO	MSTransformManager::parseFreqSpecParams	Start is 2057.00000000km/s
2026-08-04 18:26:15	INFO	MSTransformManager::parseFreqSpecParams	Width is 1.64176904km/s
2026-08-04 18:26:15	INFO	MSTransformManager::parseFreqSpecParams	Velocity type is radio
2026-08-04 18:26:15	INFO	MSTransformManager::colCheckInfo	Adding DATA column to output MS from input DATA column
2026-08-04 18:26:15	INFO	MSTransformManager::initDataSelectionParams	Selected SPWs Ids are Axis Lengths: [1, 4]  (NB: Matrix in Row/Column order)
2026-08-04 18:26:15	INFO	MSTransformManager::initDataSelectionParams+	[0, 0, 3839, 1]
2026-08-04 18:26:15	INFO	MSTransformManager::open	Select data
2026-08-04 18:26:15	INFO	MSTransformManager::createOutputMSStructure	Create output MS structure
2026-08-04 18:26:19	INFO	MSTransformManager::regridSpwSubTable	Regridding SPW with Id 0
2026-08-04 18:26:19	INFO	MSTransformManager::regridSpwAux	Input SPW:  3840 channels, first channel = 8.877242218e+10 Hz, last channel = 8.689791046e+10 Hz, first width = -4.882812500e+05 Hz, last width = -4.882812500e+05 Hz
2026-08-04 18:26:19	INFO	MSTransformManager::regridSpwAux	Calculate frequencies in output reference frame 
2026-08-04 18:26:19	INFO	MSTransformRegridder::calcChanFreqs	 *** Encountered negative channel widths in input spectral window.
2026-08-04 18:26:19	INFO	MSTransformRegridder::calcChanFreqs	 Channels equidistant in vrad
2026-08-04 18:26:19	INFO	MSTransformRegridder::calcChanFreqs+	 Central frequency (in output frame) = 8.84728e+10 Hz == 2.40588e+06 m/s radio velocity
2026-08-04 18:26:19	INFO	MSTransformRegridder::calcChanFreqs+	 Channel central frequency is decreasing with increasing channel number.
2026-08-04 18:26:19	INFO	MSTransformRegridder::calcChanFreqs+	 Width of central channel (in output frame) = 488428 Hz == 1641.77 m/s radio velocity
2026-08-04 18:26:19	INFO	MSTransformRegridder::calcChanFreqs+	 Number of channels = 426
2026-08-04 18:26:19	INFO	MSTransformRegridder::calcChanFreqs+	 Total width of SPW (in output frame) = 2.0807e+08 Hz
2026-08-04 18:26:19	INFO	MSTransformRegridder::calcChanFreqs+	 Lower edge = 8.83687e+10 Hz, upper edge = 8.85768e+10 Hz
2026-08-04 18:26:19	INFO	MSTransformManager::regridSpwAux	Output SPW:   426 channels, first channel = 8.857656069e+10 Hz, last channel = 8.836897890e+10 Hz, first width = 4.884277338e+05 Hz, last width = 4.884277337e+05 Hz
2026-08-04 18:26:19	INFO	ParallelDataHelper::::casa	Apply the transformations
2026-08-04 18:30:41	INFO	mstransform::::casa	Task mstransform complete. Start time: 2026-08-04 18:26:14.559725 End time: 2026-08-04 18:30:40.821246
2026-08-04 18:30:41	INFO	mstransform::::casa	##### End Task: mstransform          #####
2026-08-04 18:30:41	INFO	mstransform::::casa	##########################################
2026-08-04 18:30:41	INFO	mstransform::::casa	##########################################
2026-08-04 18:30:41	INFO	mstransform::::casa	##### Begin Task: mstransform        #####
2026-08-04 18:30:41	INFO	mstransform::::casa	mstransform( vis='ngc4254_2024.1.01512.S_12m_8_hcop.ms.contsub.temp_spw0.temp1', outputvis='ngc4254_2024.1.01512.S_12m_8_hcop.ms.contsub.temp_spw0', createmms=False, separationaxis='auto', numsubms='auto', tileshape=[0], field='', spw='', scan='', antenna='', correlation='', timerange='', intent='', array='', uvrange='', observation='', feed='', datacolumn='DATA', realmodelcol=False, keepflags=True, usewtspectrum=False, combinespws=False, chanaverage=True, chanbin=6, hanning=False, regridms=False, mode='channel', nchan=-1, start=0, width=1, nspw=1, interpolation='linear', phasecenter='', restfreq='', outframe='', veltype='radio', preaverage=False, timeaverage=False, timebin='0s', timespan='', maxuvwdistance=0.0, docallib=False, callib='', douvcontsub=False, fitspw='', fitorder=0, want_cont=False, denoising_lib=True, nthreads=1, niter=1, disableparallel=False, ddistart=-1, taql='', monolithic_processing=False, reindex=True )
2026-08-04 18:30:41	INFO	ParallelDataHelper::::casa	Parse channel averaging parameters
2026-08-04 18:30:41	INFO	MSTransformManager::parseMsSpecParams	Input file name is ngc4254_2024.1.01512.S_12m_8_hcop.ms.contsub.temp_spw0.temp1
2026-08-04 18:30:41	INFO	MSTransformManager::parseMsSpecParams	Data column is DATA
2026-08-04 18:30:41	INFO	MSTransformManager::parseMsSpecParams	Output file name is ngc4254_2024.1.01512.S_12m_8_hcop.ms.contsub.temp_spw0
2026-08-04 18:30:41	INFO	MSTransformManager::parseMsSpecParams	Re-index is enabled 
2026-08-04 18:30:41	INFO	MSTransformManager::parseMsSpecParams	Tile shape is [0]
2026-08-04 18:30:41	INFO	MSTransformManager::parseChanAvgParams	Channel average is activated
2026-08-04 18:30:41	INFO	MSTransformManager::parseChanAvgParams	Channel bin is [6]
2026-08-04 18:30:41	INFO	MSTransformManager::colCheckInfo	Adding DATA column to output MS from input DATA column
2026-08-04 18:30:41	INFO	MSTransformManager::open	Select data
2026-08-04 18:30:41	INFO	MSTransformManager::createOutputMSStructure	Create output MS structure
2026-08-04 18:30:45	INFO	ParallelDataHelper::::casa	Apply the transformations
2026-08-04 18:31:19	INFO	mstransform::::casa	Task mstransform complete. Start time: 2026-08-04 18:30:40.830409 End time: 2026-08-04 18:31:19.425819
2026-08-04 18:31:19	INFO	mstransform::::casa	##### End Task: mstransform          #####
2026-08-04 18:31:19	INFO	mstransform::::casa	##########################################
2026-08-04 18:31:20	INFO	msmetadata_cmpt.cc::open	Performing internal consistency checks on ngc4254_2024.1.01512.S_12m_9_hcop.ms.contsub...
2026-08-04 18:31:20	INFO	mstransform::::casa	##########################################
2026-08-04 18:31:20	INFO	mstransform::::casa	##### Begin Task: mstransform        #####
2026-08-04 18:31:20	INFO	mstransform::::casa	mstransform( vis='ngc4254_2024.1.01512.S_12m_9_hcop.ms.contsub', outputvis='ngc4254_2024.1.01512.S_12m_9_hcop.ms.contsub.temp_spw0.temp1', createmms=False, separationaxis='auto', numsubms='auto', tileshape=[0], field='', spw='0', scan='', antenna='', correlation='', timerange='', intent='', array='', uvrange='', observation='', feed='', datacolumn='DATA', realmodelcol=False, keepflags=True, usewtspectrum=False, combinespws=False, chanaverage=False, chanbin=1, hanning=False, regridms=True, mode='velocity', nchan=426, start='2057.00000000km/s', width='1.64176904km/s', nspw=1, interpolation='cubic', phasecenter='', restfreq='89.18852000GHz', outframe='lsrk', veltype='radio', preaverage=False, timeaverage=False, timebin='0s', timespan='', maxuvwdistance=0.0, docallib=False, callib='', douvcontsub=False, fitspw='', fitorder=0, want_cont=False, denoising_lib=True, nthreads=1, niter=1, disableparallel=False, ddistart=-1, taql='', monolithic_processing=False, reindex=True )
2026-08-04 18:31:20	INFO	mstransform::::casa	Parse regridding parameters
2026-08-04 18:31:20	INFO	MSTransformManager::parseMsSpecParams	Input file name is ngc4254_2024.1.01512.S_12m_9_hcop.ms.contsub
2026-08-04 18:31:20	INFO	MSTransformManager::parseMsSpecParams	Data column is DATA
2026-08-04 18:31:20	INFO	MSTransformManager::parseMsSpecParams	Output file name is ngc4254_2024.1.01512.S_12m_9_hcop.ms.contsub.temp_spw0.temp1
2026-08-04 18:31:20	INFO	MSTransformManager::parseMsSpecParams	Re-index is enabled 
2026-08-04 18:31:20	INFO	MSTransformManager::parseMsSpecParams	Tile shape is [0]
2026-08-04 18:31:20	INFO	MSTransformManager::parseDataSelParams	spw selection is 0
2026-08-04 18:31:20	INFO	MSTransformManager::parseRefFrameTransParams	Regrid MS is activated
2026-08-04 18:31:20	INFO	MSTransformManager::parseRefFrameTransParams	Rest frequency is 89.18852000GHz
2026-08-04 18:31:20	INFO	MSTransformManager::parseRefFrameTransParams	Output reference frame is lsrk
2026-08-04 18:31:20	INFO	MSTransformManager::parseRefFrameTransParams	Interpolation method is cubic
2026-08-04 18:31:20	INFO	MSTransformManager::parseFreqSpecParams	Mode is velocity
2026-08-04 18:31:20	INFO	MSTransformManager::parseFreqSpecParams	Number of output channels is 426
2026-08-04 18:31:20	INFO	MSTransformManager::parseFreqSpecParams	Start is 2057.00000000km/s
2026-08-04 18:31:20	INFO	MSTransformManager::parseFreqSpecParams	Width is 1.64176904km/s
2026-08-04 18:31:20	INFO	MSTransformManager::parseFreqSpecParams	Velocity type is radio
2026-08-04 18:31:20	INFO	MSTransformManager::colCheckInfo	Adding DATA column to output MS from input DATA column
2026-08-04 18:31:20	INFO	MSTransformManager::initDataSelectionParams	Selected SPWs Ids are Axis Lengths: [1, 4]  (NB: Matrix in Row/Column order)
2026-08-04 18:31:20	INFO	MSTransformManager::initDataSelectionParams+	[0, 0, 3839, 1]
2026-08-04 18:31:20	INFO	MSTransformManager::open	Select data
2026-08-04 18:31:20	INFO	MSTransformManager::createOutputMSStructure	Create output MS structure
2026-08-04 18:31:25	INFO	MSTransformManager::regridSpwSubTable	Regridding SPW with Id 0
2026-08-04 18:31:25	INFO	MSTransformManager::regridSpwAux	Input SPW:  3840 channels, first channel = 8.877243995e+10 Hz, last channel = 8.689792823e+10 Hz, first width = -4.882812500e+05 Hz, last width = -4.882812500e+05 Hz
2026-08-04 18:31:25	INFO	MSTransformManager::regridSpwAux	Calculate frequencies in output reference frame 
2026-08-04 18:31:25	INFO	MSTransformRegridder::calcChanFreqs	 *** Encountered negative channel widths in input spectral window.
2026-08-04 18:31:25	INFO	MSTransformRegridder::calcChanFreqs	 Channels equidistant in vrad
2026-08-04 18:31:25	INFO	MSTransformRegridder::calcChanFreqs+	 Central frequency (in output frame) = 8.84728e+10 Hz == 2.40588e+06 m/s radio velocity
2026-08-04 18:31:25	INFO	MSTransformRegridder::calcChanFreqs+	 Channel central frequency is decreasing with increasing channel number.
2026-08-04 18:31:25	INFO	MSTransformRegridder::calcChanFreqs+	 Width of central channel (in output frame) = 488428 Hz == 1641.77 m/s radio velocity
2026-08-04 18:31:25	INFO	MSTransformRegridder::calcChanFreqs+	 Number of channels = 426
2026-08-04 18:31:25	INFO	MSTransformRegridder::calcChanFreqs+	 Total width of SPW (in output frame) = 2.0807e+08 Hz
2026-08-04 18:31:25	INFO	MSTransformRegridder::calcChanFreqs+	 Lower edge = 8.83687e+10 Hz, upper edge = 8.85768e+10 Hz
2026-08-04 18:31:25	INFO	MSTransformManager::regridSpwAux	Output SPW:   426 channels, first channel = 8.857656069e+10 Hz, last channel = 8.836897890e+10 Hz, first width = 4.884277338e+05 Hz, last width = 4.884277337e+05 Hz
2026-08-04 18:31:25	INFO	ParallelDataHelper::::casa	Apply the transformations
2026-08-04 18:37:06	INFO	mstransform::::casa	Task mstransform complete. Start time: 2026-08-04 18:31:20.082709 End time: 2026-08-04 18:37:05.950158
2026-08-04 18:37:06	INFO	mstransform::::casa	##### End Task: mstransform          #####
2026-08-04 18:37:06	INFO	mstransform::::casa	##########################################
2026-08-04 18:37:06	INFO	mstransform::::casa	##########################################
2026-08-04 18:37:06	INFO	mstransform::::casa	##### Begin Task: mstransform        #####
2026-08-04 18:37:06	INFO	mstransform::::casa	mstransform( vis='ngc4254_2024.1.01512.S_12m_9_hcop.ms.contsub.temp_spw0.temp1', outputvis='ngc4254_2024.1.01512.S_12m_9_hcop.ms.contsub.temp_spw0', createmms=False, separationaxis='auto', numsubms='auto', tileshape=[0], field='', spw='', scan='', antenna='', correlation='', timerange='', intent='', array='', uvrange='', observation='', feed='', datacolumn='DATA', realmodelcol=False, keepflags=True, usewtspectrum=False, combinespws=False, chanaverage=True, chanbin=6, hanning=False, regridms=False, mode='channel', nchan=-1, start=0, width=1, nspw=1, interpolation='linear', phasecenter='', restfreq='', outframe='', veltype='radio', preaverage=False, timeaverage=False, timebin='0s', timespan='', maxuvwdistance=0.0, docallib=False, callib='', douvcontsub=False, fitspw='', fitorder=0, want_cont=False, denoising_lib=True, nthreads=1, niter=1, disableparallel=False, ddistart=-1, taql='', monolithic_processing=False, reindex=True )
2026-08-04 18:37:06	INFO	ParallelDataHelper::::casa	Parse channel averaging parameters
2026-08-04 18:37:06	INFO	MSTransformManager::parseMsSpecParams	Input file name is ngc4254_2024.1.01512.S_12m_9_hcop.ms.contsub.temp_spw0.temp1
2026-08-04 18:37:06	INFO	MSTransformManager::parseMsSpecParams	Data column is DATA
2026-08-04 18:37:06	INFO	MSTransformManager::parseMsSpecParams	Output file name is ngc4254_2024.1.01512.S_12m_9_hcop.ms.contsub.temp_spw0
2026-08-04 18:37:06	INFO	MSTransformManager::parseMsSpecParams	Re-index is enabled 
2026-08-04 18:37:06	INFO	MSTransformManager::parseMsSpecParams	Tile shape is [0]
2026-08-04 18:37:06	INFO	MSTransformManager::parseChanAvgParams	Channel average is activated
2026-08-04 18:37:06	INFO	MSTransformManager::parseChanAvgParams	Channel bin is [6]
2026-08-04 18:37:06	INFO	MSTransformManager::colCheckInfo	Adding DATA column to output MS from input DATA column
2026-08-04 18:37:06	INFO	MSTransformManager::open	Select data
2026-08-04 18:37:06	INFO	MSTransformManager::createOutputMSStructure	Create output MS structure
2026-08-04 18:37:11	INFO	ParallelDataHelper::::casa	Apply the transformations
2026-08-04 18:37:51	INFO	mstransform::::casa	Task mstransform complete. Start time: 2026-08-04 18:37:05.959075 End time: 2026-08-04 18:37:50.890494
2026-08-04 18:37:51	INFO	mstransform::::casa	##### End Task: mstransform          #####
2026-08-04 18:37:51	INFO	mstransform::::casa	##########################################
2026-08-04 18:37:51	INFO	concat::::casa	##########################################
2026-08-04 18:37:51	INFO	concat::::casa	##### Begin Task: concat             #####
2026-08-04 18:37:51	INFO	concat::::casa	concat( vis=['ngc4254_2024.1.01512.S_12m_1_hcop.ms.contsub.temp_spw0', 'ngc4254_2024.1.01512.S_12m_10_hcop.ms.contsub.temp_spw0', 'ngc4254_2024.1.01512.S_12m_11_hcop.ms.contsub.temp_spw0', 'ngc4254_2024.1.01512.S_12m_12_hcop.ms.contsub.temp_spw0', 'ngc4254_2024.1.01512.S_12m_2_hcop.ms.contsub.temp_spw0', 'ngc4254_2024.1.01512.S_12m_3_hcop.ms.contsub.temp_spw0', 'ngc4254_2024.1.01512.S_12m_4_hcop.ms.contsub.temp_spw0', 'ngc4254_2024.1.01512.S_12m_5_hcop.ms.contsub.temp_spw0', 'ngc4254_2024.1.01512.S_12m_6_hcop.ms.contsub.temp_spw0', 'ngc4254_2024.1.01512.S_12m_7_hcop.ms.contsub.temp_spw0', 'ngc4254_2024.1.01512.S_12m_8_hcop.ms.contsub.temp_spw0', 'ngc4254_2024.1.01512.S_12m_9_hcop.ms.contsub.temp_spw0'], concatvis='ngc4254_12m_hcop.ms', freqtol='0.0005859375000000001GHz', dirtol='', respectname=False, timesort=False, copypointing=True, visweightscale=[], forcesingleephemfield='' )
2026-08-04 18:37:53	INFO	concat::::casa	Checking MS setup consistency ...
2026-08-04 18:37:53	INFO	concat::::casa	Checking for unpopulated POINTING table in first MS ...
2026-08-04 18:37:53	INFO	concat::::casa	Checking for unpopulated optional Main Table columns in first MS ...
2026-08-04 18:37:53	INFO	concat::::casa	Checking for unpopulated POINTING table ...
2026-08-04 18:37:53	INFO	concat::::casa	Checking for unpopulated optional Main Table columns ...
2026-08-04 18:37:53	INFO	concat::::casa	Checking for unpopulated POINTING table ...
2026-08-04 18:37:53	INFO	concat::::casa	Checking for unpopulated optional Main Table columns ...
2026-08-04 18:37:54	INFO	concat::::casa	Checking for unpopulated POINTING table ...
2026-08-04 18:37:54	INFO	concat::::casa	Checking for unpopulated optional Main Table columns ...
2026-08-04 18:37:54	INFO	concat::::casa	Checking for unpopulated POINTING table ...
2026-08-04 18:37:54	INFO	concat::::casa	Checking for unpopulated optional Main Table columns ...
2026-08-04 18:37:54	INFO	concat::::casa	Checking for unpopulated POINTING table ...
2026-08-04 18:37:54	INFO	concat::::casa	Checking for unpopulated optional Main Table columns ...
2026-08-04 18:37:54	INFO	concat::::casa	Checking for unpopulated POINTING table ...
2026-08-04 18:37:54	INFO	concat::::casa	Checking for unpopulated optional Main Table columns ...
2026-08-04 18:37:54	INFO	concat::::casa	Checking for unpopulated POINTING table ...
2026-08-04 18:37:54	INFO	concat::::casa	Checking for unpopulated optional Main Table columns ...
2026-08-04 18:37:55	INFO	concat::::casa	Checking for unpopulated POINTING table ...
2026-08-04 18:37:55	INFO	concat::::casa	Checking for unpopulated optional Main Table columns ...
2026-08-04 18:37:55	INFO	concat::::casa	Checking for unpopulated POINTING table ...
2026-08-04 18:37:55	INFO	concat::::casa	Checking for unpopulated optional Main Table columns ...
2026-08-04 18:37:55	INFO	concat::::casa	Checking for unpopulated POINTING table ...
2026-08-04 18:37:55	INFO	concat::::casa	Checking for unpopulated optional Main Table columns ...
2026-08-04 18:37:55	INFO	concat::::casa	Checking for unpopulated POINTING table ...
2026-08-04 18:37:55	INFO	concat::::casa	Checking for unpopulated optional Main Table columns ...
2026-08-04 18:37:55	INFO	concat::::casa	Checking order of MS list ...
2026-08-04 18:37:55	INFO	concat::::casa	The list of input MSs is not in chronological order and needed to be sorted.
2026-08-04 18:37:55	INFO	concat::::casa	The chronological order in which the concatenation will take place is:
2026-08-04 18:37:55	INFO	concat::::casa	   MJD 60708.36236222222: ngc4254_2024.1.01512.S_12m_1_hcop.ms.contsub.temp_spw0
2026-08-04 18:37:55	INFO	concat::::casa	   MJD 60709.396452777786: ngc4254_2024.1.01512.S_12m_2_hcop.ms.contsub.temp_spw0
2026-08-04 18:37:55	INFO	concat::::casa	   MJD 60737.342220555554: ngc4254_2024.1.01512.S_12m_8_hcop.ms.contsub.temp_spw0
2026-08-04 18:37:55	INFO	concat::::casa	   MJD 60738.157045555556: ngc4254_2024.1.01512.S_12m_9_hcop.ms.contsub.temp_spw0
2026-08-04 18:37:55	INFO	concat::::casa	   MJD 60738.21104277779: ngc4254_2024.1.01512.S_12m_10_hcop.ms.contsub.temp_spw0
2026-08-04 18:37:55	INFO	concat::::casa	   MJD 60738.26482388888: ngc4254_2024.1.01512.S_12m_11_hcop.ms.contsub.temp_spw0
2026-08-04 18:37:55	INFO	concat::::casa	   MJD 60738.31869944445: ngc4254_2024.1.01512.S_12m_12_hcop.ms.contsub.temp_spw0
2026-08-04 18:37:55	INFO	concat::::casa	   MJD 60739.20698833333: ngc4254_2024.1.01512.S_12m_3_hcop.ms.contsub.temp_spw0
2026-08-04 18:37:55	INFO	concat::::casa	   MJD 60739.261020555554: ngc4254_2024.1.01512.S_12m_4_hcop.ms.contsub.temp_spw0
2026-08-04 18:37:55	INFO	concat::::casa	   MJD 60739.31509166667: ngc4254_2024.1.01512.S_12m_5_hcop.ms.contsub.temp_spw0
2026-08-04 18:37:55	INFO	concat::::casa	   MJD 60741.24835666666: ngc4254_2024.1.01512.S_12m_6_hcop.ms.contsub.temp_spw0
2026-08-04 18:37:55	INFO	concat::::casa	   MJD 60741.302445: ngc4254_2024.1.01512.S_12m_7_hcop.ms.contsub.temp_spw0
2026-08-04 18:37:55	INFO	concat::::casa	copying ngc4254_2024.1.01512.S_12m_1_hcop.ms.contsub.temp_spw0 to ngc4254_12m_hcop.ms
2026-08-04 18:38:02	INFO	concat::::casa	concatenating ngc4254_2024.1.01512.S_12m_2_hcop.ms.contsub.temp_spw0 into ngc4254_12m_hcop.ms
2026-08-04 18:38:02	INFO	MSConcat::concatenate 	Appending /nfs/home/lneumann/reduction/alma_data_reduction/imaging/ngc4254/products/imaging/ngc4254/ngc4254_2024.1.01512.S_12m_2_hcop.ms.contsub.temp_spw0 to /nfs/home/lneumann/reduction/alma_data_reduction/imaging/ngc4254/products/imaging/ngc4254/ngc4254_12m_hcop.ms
2026-08-04 18:38:02	INFO	MSConcat::concatenate 	Added 0 rows and matched 47 from the state subtable
2026-08-04 18:38:02	INFO	MSConcat::concatenate 	Added 3 rows to the source subtable
2026-08-04 18:38:02	INFO	MSConcat::concatenate 	Added 0 rows and matched 1 from the data description subtable
2026-08-04 18:38:02	INFO	MSConcat::concatenate 	Added 0 rows and matched 1 from the spectral window subtable
2026-08-04 18:38:02	INFO	MSConcat::concatenate 	Removed 3 redundant rows from the source subtable
2026-08-04 18:38:02	INFO	MSConcat::concatenate 	Added 4 rows and matched 44 from the antenna subtable
2026-08-04 18:38:02	INFO	MSConcat::concatenate +	Added 4 rows to the feed subtable
2026-08-04 18:38:02	INFO	MSConcat::concatenate +	Added 0 rows and matched 15 from the field subtable
2026-08-04 18:38:02	INFO	MSConcat::copyObservation	Added 1 rows and matched 0 rows in the observation subtable.
2026-08-04 18:38:02	INFO	MSConcat::copyProcessor	Added 0 rows and matched 4 rows in the processor subtable.
2026-08-04 18:39:36	INFO	MSConcat::copySysCal	No valid syscal tables present. Result won't have one either.
2026-08-04 18:39:36	INFO	MSConcat::copyGainCurve	No valid gain curve tables present. Result won't have one either.
2026-08-04 18:39:36	INFO	MSConcat::copyPhaseCal	No valid gain curve tables present. Result won't have one either.
2026-08-04 18:39:37	INFO	MSConcat::concatenate 	Will offset scan numbers by 16 for observations with Obs ID 1 in order to make scan numbers unique.
2026-08-04 18:39:46	INFO	concat::::casa	concatenating ngc4254_2024.1.01512.S_12m_8_hcop.ms.contsub.temp_spw0 into ngc4254_12m_hcop.ms
2026-08-04 18:39:47	INFO	MSConcat::concatenate 	Appending /nfs/home/lneumann/reduction/alma_data_reduction/imaging/ngc4254/products/imaging/ngc4254/ngc4254_2024.1.01512.S_12m_8_hcop.ms.contsub.temp_spw0 to /nfs/home/lneumann/reduction/alma_data_reduction/imaging/ngc4254/products/imaging/ngc4254/ngc4254_12m_hcop.ms
2026-08-04 18:39:47	INFO	MSConcat::concatenate 	Added 0 rows and matched 47 from the state subtable
2026-08-04 18:39:47	INFO	MSConcat::concatenate 	Added 3 rows to the source subtable
2026-08-04 18:39:47	INFO	MSConcat::concatenate 	Added 0 rows and matched 1 from the data description subtable
2026-08-04 18:39:47	INFO	MSConcat::concatenate 	Added 0 rows and matched 1 from the spectral window subtable
2026-08-04 18:39:47	INFO	MSConcat::concatenate 	Removed 3 redundant rows from the source subtable
2026-08-04 18:39:47	INFO	MSConcat::concatenate 	Added 2 rows and matched 43 from the antenna subtable
2026-08-04 18:39:47	INFO	MSConcat::concatenate +	Added 2 rows to the feed subtable
2026-08-04 18:39:47	INFO	MSConcat::concatenate +	Added 0 rows and matched 15 from the field subtable
2026-08-04 18:39:47	INFO	MSConcat::copyObservation	Added 1 rows and matched 0 rows in the observation subtable.
2026-08-04 18:39:47	INFO	MSConcat::copyProcessor	Added 0 rows and matched 4 rows in the processor subtable.
2026-08-04 18:41:10	INFO	MSConcat::copySysCal	No valid syscal tables present. Result won't have one either.
2026-08-04 18:41:10	INFO	MSConcat::copyGainCurve	No valid gain curve tables present. Result won't have one either.
2026-08-04 18:41:10	INFO	MSConcat::copyPhaseCal	No valid gain curve tables present. Result won't have one either.
2026-08-04 18:41:10	INFO	MSConcat::concatenate 	Will offset scan numbers by 32 for observations with Obs ID 2 in order to make scan numbers unique.
2026-08-04 18:41:19	INFO	concat::::casa	concatenating ngc4254_2024.1.01512.S_12m_9_hcop.ms.contsub.temp_spw0 into ngc4254_12m_hcop.ms
2026-08-04 18:41:19	INFO	MSConcat::concatenate 	Appending /nfs/home/lneumann/reduction/alma_data_reduction/imaging/ngc4254/products/imaging/ngc4254/ngc4254_2024.1.01512.S_12m_9_hcop.ms.contsub.temp_spw0 to /nfs/home/lneumann/reduction/alma_data_reduction/imaging/ngc4254/products/imaging/ngc4254/ngc4254_12m_hcop.ms
2026-08-04 18:41:19	INFO	MSConcat::concatenate 	Added 0 rows and matched 47 from the state subtable
2026-08-04 18:41:19	INFO	MSConcat::concatenate 	Added 3 rows to the source subtable
2026-08-04 18:41:19	INFO	MSConcat::concatenate 	Added 0 rows and matched 1 from the data description subtable
2026-08-04 18:41:19	INFO	MSConcat::concatenate 	Added 0 rows and matched 1 from the spectral window subtable
2026-08-04 18:41:19	INFO	MSConcat::concatenate 	Removed 3 redundant rows from the source subtable
2026-08-04 18:41:19	INFO	MSConcat::concatenate 	Added 0 rows and matched 47 from the antenna subtable
2026-08-04 18:41:19	INFO	MSConcat::concatenate +	Added 0 rows to the feed subtable
2026-08-04 18:41:19	INFO	MSConcat::concatenate +	Added 0 rows and matched 15 from the field subtable
2026-08-04 18:41:19	INFO	MSConcat::copyObservation	Added 1 rows and matched 0 rows in the observation subtable.
2026-08-04 18:41:19	INFO	MSConcat::copyProcessor	Added 0 rows and matched 4 rows in the processor subtable.
2026-08-04 18:42:53	INFO	MSConcat::copySysCal	No valid syscal tables present. Result won't have one either.
2026-08-04 18:42:53	INFO	MSConcat::copyGainCurve	No valid gain curve tables present. Result won't have one either.
2026-08-04 18:42:53	INFO	MSConcat::copyPhaseCal	No valid gain curve tables present. Result won't have one either.
2026-08-04 18:42:53	INFO	MSConcat::concatenate 	Will offset scan numbers by 48 for observations with Obs ID 3 in order to make scan numbers unique.
2026-08-04 18:43:06	INFO	concat::::casa	concatenating ngc4254_2024.1.01512.S_12m_10_hcop.ms.contsub.temp_spw0 into ngc4254_12m_hcop.ms
2026-08-04 18:43:06	INFO	MSConcat::concatenate 	Appending /nfs/home/lneumann/reduction/alma_data_reduction/imaging/ngc4254/products/imaging/ngc4254/ngc4254_2024.1.01512.S_12m_10_hcop.ms.contsub.temp_spw0 to /nfs/home/lneumann/reduction/alma_data_reduction/imaging/ngc4254/products/imaging/ngc4254/ngc4254_12m_hcop.ms
2026-08-04 18:43:06	INFO	MSConcat::concatenate 	Added 0 rows and matched 47 from the state subtable
2026-08-04 18:43:06	INFO	MSConcat::concatenate 	Added 3 rows to the source subtable
2026-08-04 18:43:06	INFO	MSConcat::concatenate 	Added 0 rows and matched 1 from the data description subtable
2026-08-04 18:43:06	INFO	MSConcat::concatenate 	Added 0 rows and matched 1 from the spectral window subtable
2026-08-04 18:43:06	INFO	MSConcat::concatenate 	Removed 3 redundant rows from the source subtable
2026-08-04 18:43:06	INFO	MSConcat::concatenate 	Added 0 rows and matched 47 from the antenna subtable
2026-08-04 18:43:06	INFO	MSConcat::concatenate +	Added 0 rows to the feed subtable
2026-08-04 18:43:06	INFO	MSConcat::concatenate +	Added 0 rows and matched 15 from the field subtable
2026-08-04 18:43:06	INFO	MSConcat::copyObservation	Added 1 rows and matched 0 rows in the observation subtable.
2026-08-04 18:43:06	INFO	MSConcat::copyProcessor	Added 0 rows and matched 4 rows in the processor subtable.
2026-08-04 18:44:40	INFO	MSConcat::copySysCal	No valid syscal tables present. Result won't have one either.
2026-08-04 18:44:40	INFO	MSConcat::copyGainCurve	No valid gain curve tables present. Result won't have one either.
2026-08-04 18:44:40	INFO	MSConcat::copyPhaseCal	No valid gain curve tables present. Result won't have one either.
2026-08-04 18:44:40	INFO	MSConcat::concatenate 	Will offset scan numbers by 64 for observations with Obs ID 4 in order to make scan numbers unique.
2026-08-04 18:44:52	INFO	concat::::casa	concatenating ngc4254_2024.1.01512.S_12m_11_hcop.ms.contsub.temp_spw0 into ngc4254_12m_hcop.ms
2026-08-04 18:44:52	INFO	MSConcat::concatenate 	Appending /nfs/home/lneumann/reduction/alma_data_reduction/imaging/ngc4254/products/imaging/ngc4254/ngc4254_2024.1.01512.S_12m_11_hcop.ms.contsub.temp_spw0 to /nfs/home/lneumann/reduction/alma_data_reduction/imaging/ngc4254/products/imaging/ngc4254/ngc4254_12m_hcop.ms
2026-08-04 18:44:52	INFO	MSConcat::concatenate 	Added 0 rows and matched 47 from the state subtable
2026-08-04 18:44:52	INFO	MSConcat::concatenate 	Added 3 rows to the source subtable
2026-08-04 18:44:52	INFO	MSConcat::concatenate 	Added 0 rows and matched 1 from the data description subtable
2026-08-04 18:44:52	INFO	MSConcat::concatenate 	Added 0 rows and matched 1 from the spectral window subtable
2026-08-04 18:44:52	INFO	MSConcat::concatenate 	Removed 3 redundant rows from the source subtable
2026-08-04 18:44:52	INFO	MSConcat::concatenate 	Added 0 rows and matched 47 from the antenna subtable
2026-08-04 18:44:52	INFO	MSConcat::concatenate +	Added 0 rows to the feed subtable
2026-08-04 18:44:52	INFO	MSConcat::concatenate +	Added 0 rows and matched 15 from the field subtable
2026-08-04 18:44:52	INFO	MSConcat::copyObservation	Added 1 rows and matched 0 rows in the observation subtable.
2026-08-04 18:44:52	INFO	MSConcat::copyProcessor	Added 0 rows and matched 4 rows in the processor subtable.
2026-08-04 18:46:20	INFO	MSConcat::copySysCal	No valid syscal tables present. Result won't have one either.
2026-08-04 18:46:20	INFO	MSConcat::copyGainCurve	No valid gain curve tables present. Result won't have one either.
2026-08-04 18:46:20	INFO	MSConcat::copyPhaseCal	No valid gain curve tables present. Result won't have one either.
2026-08-04 18:46:20	INFO	MSConcat::concatenate 	Will offset scan numbers by 80 for observations with Obs ID 5 in order to make scan numbers unique.
2026-08-04 18:46:30	INFO	concat::::casa	concatenating ngc4254_2024.1.01512.S_12m_12_hcop.ms.contsub.temp_spw0 into ngc4254_12m_hcop.ms
2026-08-04 18:46:31	INFO	MSConcat::concatenate 	Appending /nfs/home/lneumann/reduction/alma_data_reduction/imaging/ngc4254/products/imaging/ngc4254/ngc4254_2024.1.01512.S_12m_12_hcop.ms.contsub.temp_spw0 to /nfs/home/lneumann/reduction/alma_data_reduction/imaging/ngc4254/products/imaging/ngc4254/ngc4254_12m_hcop.ms
2026-08-04 18:46:31	INFO	MSConcat::concatenate 	Added 0 rows and matched 47 from the state subtable
2026-08-04 18:46:31	INFO	MSConcat::concatenate 	Added 3 rows to the source subtable
2026-08-04 18:46:31	INFO	MSConcat::concatenate 	Added 0 rows and matched 1 from the data description subtable
2026-08-04 18:46:31	INFO	MSConcat::concatenate 	Added 0 rows and matched 1 from the spectral window subtable
2026-08-04 18:46:31	INFO	MSConcat::concatenate 	Removed 3 redundant rows from the source subtable
2026-08-04 18:46:31	INFO	MSConcat::concatenate 	Added 0 rows and matched 47 from the antenna subtable
2026-08-04 18:46:31	INFO	MSConcat::concatenate +	Added 0 rows to the feed subtable
2026-08-04 18:46:31	INFO	MSConcat::concatenate +	Added 0 rows and matched 15 from the field subtable
2026-08-04 18:46:31	INFO	MSConcat::copyObservation	Added 1 rows and matched 0 rows in the observation subtable.
2026-08-04 18:46:31	INFO	MSConcat::copyProcessor	Added 0 rows and matched 4 rows in the processor subtable.
2026-08-04 18:48:06	INFO	MSConcat::copySysCal	No valid syscal tables present. Result won't have one either.
2026-08-04 18:48:06	INFO	MSConcat::copyGainCurve	No valid gain curve tables present. Result won't have one either.
2026-08-04 18:48:06	INFO	MSConcat::copyPhaseCal	No valid gain curve tables present. Result won't have one either.
2026-08-04 18:48:06	INFO	MSConcat::concatenate 	Will offset scan numbers by 96 for observations with Obs ID 6 in order to make scan numbers unique.
2026-08-04 18:48:17	INFO	concat::::casa	concatenating ngc4254_2024.1.01512.S_12m_3_hcop.ms.contsub.temp_spw0 into ngc4254_12m_hcop.ms
2026-08-04 18:48:17	INFO	MSConcat::concatenate 	Appending /nfs/home/lneumann/reduction/alma_data_reduction/imaging/ngc4254/products/imaging/ngc4254/ngc4254_2024.1.01512.S_12m_3_hcop.ms.contsub.temp_spw0 to /nfs/home/lneumann/reduction/alma_data_reduction/imaging/ngc4254/products/imaging/ngc4254/ngc4254_12m_hcop.ms
2026-08-04 18:48:17	INFO	MSConcat::concatenate 	Added 0 rows and matched 47 from the state subtable
2026-08-04 18:48:17	INFO	MSConcat::concatenate 	Added 3 rows to the source subtable
2026-08-04 18:48:17	INFO	MSConcat::concatenate 	Added 0 rows and matched 1 from the data description subtable
2026-08-04 18:48:17	INFO	MSConcat::concatenate 	Added 0 rows and matched 1 from the spectral window subtable
2026-08-04 18:48:17	INFO	MSConcat::concatenate 	Removed 3 redundant rows from the source subtable
2026-08-04 18:48:17	INFO	MSConcat::concatenate 	Added 0 rows and matched 46 from the antenna subtable
2026-08-04 18:48:17	INFO	MSConcat::concatenate +	Added 0 rows to the feed subtable
2026-08-04 18:48:17	INFO	MSConcat::concatenate +	Added 0 rows and matched 15 from the field subtable
2026-08-04 18:48:17	INFO	MSConcat::copyObservation	Added 1 rows and matched 0 rows in the observation subtable.
2026-08-04 18:48:17	INFO	MSConcat::copyProcessor	Added 0 rows and matched 4 rows in the processor subtable.
2026-08-04 18:49:49	INFO	MSConcat::copySysCal	No valid syscal tables present. Result won't have one either.
2026-08-04 18:49:49	INFO	MSConcat::copyGainCurve	No valid gain curve tables present. Result won't have one either.
2026-08-04 18:49:49	INFO	MSConcat::copyPhaseCal	No valid gain curve tables present. Result won't have one either.
2026-08-04 18:49:49	INFO	MSConcat::concatenate 	Will offset scan numbers by 112 for observations with Obs ID 7 in order to make scan numbers unique.
2026-08-04 18:50:02	INFO	concat::::casa	concatenating ngc4254_2024.1.01512.S_12m_4_hcop.ms.contsub.temp_spw0 into ngc4254_12m_hcop.ms
2026-08-04 18:50:02	INFO	MSConcat::concatenate 	Appending /nfs/home/lneumann/reduction/alma_data_reduction/imaging/ngc4254/products/imaging/ngc4254/ngc4254_2024.1.01512.S_12m_4_hcop.ms.contsub.temp_spw0 to /nfs/home/lneumann/reduction/alma_data_reduction/imaging/ngc4254/products/imaging/ngc4254/ngc4254_12m_hcop.ms
2026-08-04 18:50:02	INFO	MSConcat::concatenate 	Added 0 rows and matched 47 from the state subtable
2026-08-04 18:50:02	INFO	MSConcat::concatenate 	Added 3 rows to the source subtable
2026-08-04 18:50:02	INFO	MSConcat::concatenate 	Added 0 rows and matched 1 from the data description subtable
2026-08-04 18:50:02	INFO	MSConcat::concatenate 	Added 0 rows and matched 1 from the spectral window subtable
2026-08-04 18:50:02	INFO	MSConcat::concatenate 	Removed 3 redundant rows from the source subtable
2026-08-04 18:50:02	INFO	MSConcat::concatenate 	Added 0 rows and matched 46 from the antenna subtable
2026-08-04 18:50:02	INFO	MSConcat::concatenate +	Added 0 rows to the feed subtable
2026-08-04 18:50:02	INFO	MSConcat::concatenate +	Added 0 rows and matched 15 from the field subtable
2026-08-04 18:50:02	INFO	MSConcat::copyObservation	Added 1 rows and matched 0 rows in the observation subtable.
2026-08-04 18:50:02	INFO	MSConcat::copyProcessor	Added 0 rows and matched 4 rows in the processor subtable.
2026-08-04 18:51:31	INFO	MSConcat::copySysCal	No valid syscal tables present. Result won't have one either.
2026-08-04 18:51:31	INFO	MSConcat::copyGainCurve	No valid gain curve tables present. Result won't have one either.
2026-08-04 18:51:31	INFO	MSConcat::copyPhaseCal	No valid gain curve tables present. Result won't have one either.
2026-08-04 18:51:31	INFO	MSConcat::concatenate 	Will offset scan numbers by 128 for observations with Obs ID 8 in order to make scan numbers unique.
2026-08-04 18:51:43	INFO	concat::::casa	concatenating ngc4254_2024.1.01512.S_12m_5_hcop.ms.contsub.temp_spw0 into ngc4254_12m_hcop.ms
2026-08-04 18:51:43	INFO	MSConcat::concatenate 	Appending /nfs/home/lneumann/reduction/alma_data_reduction/imaging/ngc4254/products/imaging/ngc4254/ngc4254_2024.1.01512.S_12m_5_hcop.ms.contsub.temp_spw0 to /nfs/home/lneumann/reduction/alma_data_reduction/imaging/ngc4254/products/imaging/ngc4254/ngc4254_12m_hcop.ms
2026-08-04 18:51:43	INFO	MSConcat::concatenate 	Added 0 rows and matched 47 from the state subtable
2026-08-04 18:51:43	INFO	MSConcat::concatenate 	Added 3 rows to the source subtable
2026-08-04 18:51:43	INFO	MSConcat::concatenate 	Added 0 rows and matched 1 from the data description subtable
2026-08-04 18:51:43	INFO	MSConcat::concatenate 	Added 0 rows and matched 1 from the spectral window subtable
2026-08-04 18:51:43	INFO	MSConcat::concatenate 	Removed 3 redundant rows from the source subtable
2026-08-04 18:51:43	INFO	MSConcat::concatenate 	Added 0 rows and matched 46 from the antenna subtable
2026-08-04 18:51:43	INFO	MSConcat::concatenate +	Added 0 rows to the feed subtable
2026-08-04 18:51:43	INFO	MSConcat::concatenate +	Added 0 rows and matched 15 from the field subtable
2026-08-04 18:51:43	INFO	MSConcat::copyObservation	Added 1 rows and matched 0 rows in the observation subtable.
2026-08-04 18:51:43	INFO	MSConcat::copyProcessor	Added 0 rows and matched 4 rows in the processor subtable.
2026-08-04 18:53:09	INFO	MSConcat::copySysCal	No valid syscal tables present. Result won't have one either.
2026-08-04 18:53:10	INFO	MSConcat::copyGainCurve	No valid gain curve tables present. Result won't have one either.
2026-08-04 18:53:10	INFO	MSConcat::copyPhaseCal	No valid gain curve tables present. Result won't have one either.
2026-08-04 18:53:10	INFO	MSConcat::concatenate 	Will offset scan numbers by 144 for observations with Obs ID 9 in order to make scan numbers unique.
2026-08-04 18:53:21	INFO	concat::::casa	concatenating ngc4254_2024.1.01512.S_12m_6_hcop.ms.contsub.temp_spw0 into ngc4254_12m_hcop.ms
2026-08-04 18:53:21	INFO	MSConcat::concatenate 	Appending /nfs/home/lneumann/reduction/alma_data_reduction/imaging/ngc4254/products/imaging/ngc4254/ngc4254_2024.1.01512.S_12m_6_hcop.ms.contsub.temp_spw0 to /nfs/home/lneumann/reduction/alma_data_reduction/imaging/ngc4254/products/imaging/ngc4254/ngc4254_12m_hcop.ms
2026-08-04 18:53:21	INFO	MSConcat::concatenate 	Added 0 rows and matched 47 from the state subtable
2026-08-04 18:53:21	INFO	MSConcat::concatenate 	Added 3 rows to the source subtable
2026-08-04 18:53:21	INFO	MSConcat::concatenate 	Added 0 rows and matched 1 from the data description subtable
2026-08-04 18:53:21	INFO	MSConcat::concatenate 	Added 0 rows and matched 1 from the spectral window subtable
2026-08-04 18:53:21	INFO	MSConcat::concatenate 	Removed 3 redundant rows from the source subtable
2026-08-04 18:53:21	INFO	MSConcat::concatenate 	Added 1 rows and matched 46 from the antenna subtable
2026-08-04 18:53:21	INFO	MSConcat::concatenate +	Added 1 rows to the feed subtable
2026-08-04 18:53:21	INFO	MSConcat::concatenate +	Added 0 rows and matched 15 from the field subtable
2026-08-04 18:53:21	INFO	MSConcat::copyObservation	Added 1 rows and matched 0 rows in the observation subtable.
2026-08-04 18:53:21	INFO	MSConcat::copyProcessor	Added 0 rows and matched 4 rows in the processor subtable.
2026-08-04 18:54:50	INFO	MSConcat::copySysCal	No valid syscal tables present. Result won't have one either.
2026-08-04 18:54:50	INFO	MSConcat::copyGainCurve	No valid gain curve tables present. Result won't have one either.
2026-08-04 18:54:50	INFO	MSConcat::copyPhaseCal	No valid gain curve tables present. Result won't have one either.
2026-08-04 18:54:51	INFO	MSConcat::concatenate 	Will offset scan numbers by 160 for observations with Obs ID 10 in order to make scan numbers unique.
2026-08-04 18:55:00	INFO	concat::::casa	concatenating ngc4254_2024.1.01512.S_12m_7_hcop.ms.contsub.temp_spw0 into ngc4254_12m_hcop.ms
2026-08-04 18:55:00	INFO	MSConcat::concatenate 	Appending /nfs/home/lneumann/reduction/alma_data_reduction/imaging/ngc4254/products/imaging/ngc4254/ngc4254_2024.1.01512.S_12m_7_hcop.ms.contsub.temp_spw0 to /nfs/home/lneumann/reduction/alma_data_reduction/imaging/ngc4254/products/imaging/ngc4254/ngc4254_12m_hcop.ms
2026-08-04 18:55:00	INFO	MSConcat::concatenate 	Added 0 rows and matched 47 from the state subtable
2026-08-04 18:55:00	INFO	MSConcat::concatenate 	Added 3 rows to the source subtable
2026-08-04 18:55:00	INFO	MSConcat::concatenate 	Added 0 rows and matched 1 from the data description subtable
2026-08-04 18:55:00	INFO	MSConcat::concatenate 	Added 0 rows and matched 1 from the spectral window subtable
2026-08-04 18:55:00	INFO	MSConcat::concatenate 	Removed 3 redundant rows from the source subtable
2026-08-04 18:55:00	INFO	MSConcat::concatenate 	Added 0 rows and matched 47 from the antenna subtable
2026-08-04 18:55:00	INFO	MSConcat::concatenate +	Added 0 rows to the feed subtable
2026-08-04 18:55:00	INFO	MSConcat::concatenate +	Added 0 rows and matched 15 from the field subtable
2026-08-04 18:55:00	INFO	MSConcat::copyObservation	Added 1 rows and matched 0 rows in the observation subtable.
2026-08-04 18:55:00	INFO	MSConcat::copyProcessor	Added 0 rows and matched 4 rows in the processor subtable.
2026-08-04 18:56:30	INFO	MSConcat::copySysCal	No valid syscal tables present. Result won't have one either.
2026-08-04 18:56:30	INFO	MSConcat::copyGainCurve	No valid gain curve tables present. Result won't have one either.
2026-08-04 18:56:30	INFO	MSConcat::copyPhaseCal	No valid gain curve tables present. Result won't have one either.
2026-08-04 18:56:30	INFO	MSConcat::concatenate 	Will offset scan numbers by 176 for observations with Obs ID 11 in order to make scan numbers unique.
2026-08-04 18:56:40	INFO	concat::::casa	Task concat complete. Start time: 2026-08-04 18:37:51.362823 End time: 2026-08-04 18:56:39.777017
2026-08-04 18:56:40	INFO	concat::::casa	##### End Task: concat               #####
2026-08-04 18:56:40	INFO	concat::::casa	##########################################
2026-08-04 18:57:26	INFO	statwt::::casa	##########################################
2026-08-04 18:57:26	INFO	statwt::::casa	##### Begin Task: statwt             #####
2026-08-04 18:57:26	INFO	statwt::::casa	statwt( vis='ngc4254_12m_hcop.ms', selectdata=True, field='', spw='', intent='', array='', observation='', scan='', combine='', timebin='0.001s', slidetimebin=False, chanbin='spw', minsamp=2, statalg='classic', fence=-1.0, center='mean', lside=True, zscore=-1.0, maxiter=-1, fitspw='0:5~63', excludechans=True, wtrange=[], flagbackup=True, preview=False, datacolumn='DATA' )
2026-08-04 18:57:26	INFO	statwt::::casa	Backup original flags before applying new flags
2026-08-04 18:57:26	INFO	AgentFlagger::open	Table type is Measurement Set
2026-08-04 18:57:26	INFO	FlagVersion::saveFlagVersion	Creating new backup flag file called statwt_1
2026-08-04 18:57:30	INFO	StatWtColConfig::_determineFlags	CORRECTED_DATA is not present. Updating the SIGMA/SIGMA_SPECTRUM and WEIGHT/WEIGHT_SPECTRUM values based on calculations using the DATA column.
2026-08-04 18:57:33	INFO	StatWtTVI::StatWtTVI	Using DATA to compute weights
2026-08-04 19:13:26	INFO	StatWtTVI::summarizeFlagging	Originally, 0% of the data were flagged. StatWtTVI flagged an additional 0%.
2026-08-04 19:13:26	INFO	StatWtTVI::summarizeFlagging	TOTAL FLAGGED DATA AFTER RUNNING STATWT: 0%
2026-08-04 19:13:26	INFO	StatWtTVI::summarizeFlagging	
2026-08-04 19:13:26	INFO	StatWtTVI::summarizeFlagging	SPECTRAL_WINDOW SAMPLES_WITH_NON-ZERO_VARIANCE SAMPLES_WHERE_REAL_PART_VARIANCE_DIFFERS_BY_>50%_FROM_IMAGINARY_PART
2026-08-04 19:13:26	INFO	StatWtTVI::summarizeFlagging	              0                       10677950                                                              5486951
2026-08-04 19:13:26	INFO	StatWtTVI::_logUsedChannels	Weights are being computed using SPW 0, channels 0~4, 64~70
2026-08-04 19:13:26	INFO	StatWtTVI::summarizeStats	The mean of the computed weights is 6.20819
2026-08-04 19:13:26	INFO	StatWtTVI::summarizeStats	The variance of the computed weights is 6.21253
2026-08-04 19:13:26	INFO	StatWtTVI::summarizeStats	Weights which had corresponding flags of True prior to running this application were not used to compute these stats.
2026-08-04 19:13:26	INFO	statwt::::casa	Task statwt complete. Start time: 2026-08-04 18:57:25.738781 End time: 2026-08-04 19:13:26.320167
2026-08-04 19:13:26	INFO	statwt::::casa	##### End Task: statwt               #####
2026-08-04 19:13:26	INFO	statwt::::casa	##########################################
2026-08-04 19:13:50	INFO	msmetadata_cmpt.cc::open	Performing internal consistency checks on ngc4254_12m_hcop.ms...
2026-08-04 19:13:50	INFO	msmetadata_cmpt.cc::open	Performing internal consistency checks on ngc4254_12m_hcop.ms...
2026-08-04 19:13:50	INFO	msmetadata_cmpt.cc::open	Performing internal consistency checks on ngc4254_12m_hcop.ms...
2026-08-04 19:13:57	INFO	msmetadata_cmpt.cc::open	Performing internal consistency checks on ngc4254_12m_hcop.ms...
2026-08-04 19:13:57	INFO	msmetadata_cmpt.cc::open	Performing internal consistency checks on ngc4254_12m_hcop.ms...
2026-08-04 19:13:58	INFO	tclean::::casa	##########################################
2026-08-04 19:13:58	INFO	tclean::::casa	##### Begin Task: tclean             #####
2026-08-04 19:13:58	INFO	tclean::::casa	tclean( vis='ngc4254_12m_hcop.ms', selectdata=True, field='', spw='', timerange='', uvrange='', antenna='', scan='', observation='', intent='', datacolumn='corrected', imagename='ngc4254_12m_hcop', imsize=[1024, 1152], cell='0.25arcsec', phasecenter='J2000 12h18m49.6s +14d24m59s', stokes='I', projection='SIN', startmodel='', specmode='cube', reffreq='', nchan=-1, start='', width='', outframe='LSRK', veltype='radio', restfreq='89.18852GHz', interpolation='linear', perchanweightdensity=True, gridder='mosaic', facets=1, psfphasecenter='', wprojplanes=1, vptable='', mosweight=True, aterm=True, psterm=False, wbawp=True, conjbeams=False, cfcache='', usepointing=False, computepastep=360.0, rotatepastep=360.0, pointingoffsetsigdev=[], pblimit=0.2, normtype='flatnoise', deconvolver='hogbom', scales=[], nterms=1, smallscalebias=0.9, fusedthreshold=0.0, largestscale=-1, restoration=True, restoringbeam='common', pbcor=False, outlierfile='', weighting='briggs', robust=0.5, noise='1.0Jy', npixels=0, uvtaper=[], niter=0, gain=0.1, threshold='0.0mJy/beam', nsigma=0.0, cycleniter=200, cyclefactor=3.0, minpsffraction=0.5, maxpsffraction=0.8, interactive=False, nmajor=-1, fullsummary=True, usemask='user', mask='', pbmask=0.2, sidelobethreshold=3.0, noisethreshold=5.0, lownoisethreshold=1.5, negativethreshold=0.0, smoothfactor=1.0, minbeamfrac=0.3, cutthreshold=0.01, growiterations=75, dogrowprune=True, minpercentchange=-1.0, verbose=False, fastnoise=True, restart=True, savemodel='none', calcres=True, calcpsf=True, psfcutoff=0.35, parallel=False )
2026-08-04 19:13:58	INFO	tclean::::casa	Verifying Input Parameters
2026-08-04 19:13:58	INFO	SynthesisImagerVi2::selectData 	MS : ngc4254_12m_hcop.ms | [Opened in readonly mode]
2026-08-04 19:13:58	INFO	SynthesisImagerVi2::selectData 	  NRows selected : 5338975
2026-08-04 19:14:00	INFO	SynthesisImagerVi2::defineImage 	Define image coordinates for [ngc4254_12m_hcop] : 
2026-08-04 19:14:00	INFO	SynthesisImagerVi2::defineImage 	Define image coordinates for [ngc4254_12m_hcop] : 
2026-08-04 19:14:00	INFO	MSTransformRegridder::calcChanFreqs	 phaseCenter='Direction: [-0.965246, -0.0794707, 0.248967]'  *** Encountered negative channel widths in input spectral window.
2026-08-04 19:14:00	INFO	MSTransformRegridder::calcChanFreqs	 Channels equidistant in freq
2026-08-04 19:14:00	INFO	MSTransformRegridder::calcChanFreqs+	 Central frequency (in output frame) = 8.84728e+10 Hz
2026-08-04 19:14:00	INFO	MSTransformRegridder::calcChanFreqs+	 Channel central frequency is decreasing with increasing channel number.
2026-08-04 19:14:00	INFO	MSTransformRegridder::calcChanFreqs+	 Width of central channel (in output frame) = 2.93057e+06 Hz
2026-08-04 19:14:00	INFO	MSTransformRegridder::calcChanFreqs+	 Number of channels = 71
2026-08-04 19:14:00	INFO	MSTransformRegridder::calcChanFreqs+	 Total width of SPW (in output frame) = 2.0807e+08 Hz
2026-08-04 19:14:00	INFO	MSTransformRegridder::calcChanFreqs+	 Lower edge = 8.83687e+10 Hz, upper edge = 8.85768e+10 Hz
2026-08-04 19:14:00	INFO	SynthesisImagerVi2::defineImage 	Impars: start 
2026-08-04 19:14:00	INFO	SynthesisImagerVi2::defineImage 	Shape: [1024, 1152, 1, 71] Spectral: [8.85753e+10] at [0] with increment [-2.93057e+06]
2026-08-04 19:14:00	INFO	SynthesisImagerVi2::defineImage 	Set Gridding options for [ngc4254_12m_hcop] with ftmachine : mosaicft
2026-08-04 19:14:01	INFO	SynthesisImager::getVPRecord 	Using default Voltage Patterns from the VPManager
2026-08-04 19:14:01	INFO	VPSkyJones::VPSkyJones	PB used ALMA
2026-08-04 19:14:01	INFO	SynthesisImagerVi2::nSubCubeFitInMemory	Required memory: 10.47 GB. Available mem.: 252.6 GB (rc, mem. fraction: 80%, memory: -) => Subcubes: 1. Processes on node: 1.
2026-08-04 19:14:01	INFO	tclean::::casa	CFCache already exists
2026-08-04 19:14:01	INFO	SynthesisImagerVi2::weight() 	Set imaging weights : Briggs weighting: sidelobes will be suppressed over full image
2026-08-04 19:14:01	INFO	SynthesisImagerVi2::weight() 	Doing spectral cube Briggs weighting formula --  norm
2026-08-04 19:14:01	INFO	task_tclean::SynthesisDeconvolver::setupDeconvolution 	Set Deconvolution Options for [ngc4254_12m_hcop] : hogbom
2026-08-04 19:14:01	INFO	SynthesisImager::makePSF 	----------------------------------------------------------- Make PSF ---------------------------------------------
2026-08-04 19:14:01	INFO	SynthesisImagerVi2::nSubCubeFitInMemory	Required memory: 10.47 GB. Available mem.: 252.6 GB (rc, mem. fraction: 80%, memory: -) => Subcubes: 1. Processes on node: 1.
2026-08-04 19:14:09	INFO	SynthesisImagerVi2::selectData 	MS : ngc4254_12m_hcop.ms | [Opened in readonly mode]
2026-08-04 19:14:09	INFO	SynthesisImagerVi2::selectData 	  NRows selected : 5338975
2026-08-04 19:14:14	INFO	SynthesisImager::getVPRecord 	Using default Voltage Patterns from the VPManager
2026-08-04 19:14:14	INFO	VPSkyJones::VPSkyJones	PB used ALMA
2026-08-04 19:14:14	INFO	SynthesisImagerVi2::weight() 	Set imaging weights : Briggs weighting: sidelobes will be suppressed over full image
2026-08-04 19:14:14	INFO	SynthesisImagerVi2::weight() 	Doing spectral cube Briggs weighting formula --  norm
2026-08-04 19:14:14	INFO	SynthesisImager::tuneSelectData 	Tuning frequency data selection to match image spectral coordinates
2026-08-04 19:14:14	INFO	SynthesisImagerVi2::selectData 	MS : ngc4254_12m_hcop.ms | [Opened in readonly mode]
2026-08-04 19:14:14	INFO	SynthesisImagerVi2::selectData 	  NRows selected : 5338975
2026-08-04 19:14:16	INFO	SynthesisImager::makePSF 	----------------------------------------------------------- Make PSF ---------------------------------------------
2026-08-04 19:20:27	INFO	HetArrConvFunc::findAntennaSizes	Overriding PB with Airy of diam,blockage=10.7 m,0.75 m starting with antenna 0
2026-08-04 19:20:28	INFO	HetArrConvFunc::findConvFunction 	convolution function support: [7]ELKEY 0_0_71 actualConvInd 0 pointer 1
2026-08-04 19:33:42	INFO	SIImageStore::calcSensitivity 	[ngc4254_12m_hcop] Theoretical sensitivity (Jy/bm):c0:none c1:0.000192428 c2:0.000192423 c3:0.000192427 c4:0.000192429 c5:0.000192431 c6:0.000192431 c7:0.000192427 c8:0.00019243 c9:0.000192435 c10:0.000192439 c11:0.000192443 c12:0.000192442 c13:0.000192441 c14:0.000192442 c15:0.00019244 c16:0.000192444 c17:0.000192444 c18:0.000192444 c19:0.000192444 c20:0.000192445 c21:0.000192444 c22:0.00019244 c23:0.00019244 c24:0.000192436 c25:0.000192435 c26:0.000192434 c27:0.000192433 c28:0.000192437 c29:0.00019244 c30:0.000192442 c31:0.000192436 c32:0.000192432 c33:0.000192432 c34:0.000192433 c35:0.000192431 c36:0.000192417 c37:0.000192411 c38:0.000192404 c39:0.000192403 c40:0.000192407 c41:0.0001924 c42:0.000192393 c43:0.000192385 c44:0.000192377 c45:0.000192375 c46:0.000192377 c47:0.000192374 c48:0.000192361 c49:0.000192352 c50:0.000192346 c51:0.000192351 c52:0.000192354 c53:0.000192352 c54:0.000192348 c55:0.000192352 c56:0.00019235 c57:0.000192348 c58:0.000192343 c59:0.000192336 c60:0.000192337 c61:0.000192345 c62:0.000192343 c63:0.000192342 c64:0.000192336 c65:0.000192332 c66:0.000192338 c67:0.000192334 c68:0.000192332 c69:0.000192328 c70:0.000192333 
2026-08-04 19:33:42	WARN	SIImageStore::getPSFGaussian (file /source/casa6/casatools/src/code/synthesis/ImagerObjects/SIImageStore.cc, line 2143)	PSF is blank for[C0:P0] 
2026-08-04 19:33:42	INFO	SIImageStore::getPSFGaussian 	Time to fit Gaussian to PSF 0.405977
2026-08-04 19:33:42	INFO	SIImageStore::printBeamSet 	Beam [C0]: 1.48578 arcsec, 1.17548 arcsec, -49.4071 deg [C1]: 1.48277 arcsec, 1.17221 arcsec, -49.1507 deg [C2]: 1.48276 arcsec, 1.17224 arcsec, -49.1607 deg [C3]: 1.48283 arcsec, 1.17231 arcsec, -49.1519 deg [C4]: 1.48294 arcsec, 1.17242 arcsec, -49.1575 deg [C5]: 1.48308 arcsec, 1.17247 arcsec, -49.157 deg [C6]: 1.48316 arcsec, 1.17247 arcsec, -49.1621 deg [C7]: 1.48318 arcsec, 1.17249 arcsec, -49.1644 deg [C8]: 1.48321 arcsec, 1.17259 arcsec, -49.1691 deg [C9]: 1.48329 arcsec, 1.17258 arcsec, -49.163 deg [C10]: 1.48342 arcsec, 1.17259 arcsec, -49.1488 deg [C11]: 1.48344 arcsec, 1.17263 arcsec, -49.1554 deg [C12]: 1.48347 arcsec, 1.17264 arcsec, -49.159 deg [C13]: 1.48348 arcsec, 1.17269 arcsec, -49.1746 deg [C14]: 1.48348 arcsec, 1.17272 arcsec, -49.1852 deg [C15]: 1.48357 arcsec, 1.17278 arcsec, -49.2063 deg [C16]: 1.48358 arcsec, 1.17281 arcsec, -49.2071 deg [C17]: 1.48364 arcsec, 1.17285 arcsec, -49.2045 deg [C18]: 1.48367 arcsec, 1.17288 arcsec, -49.2198 deg [C19]: 1.4837 arcsec, 1.17292 arcsec, -49.2262 deg [C20]: 1.48378 arcsec, 1.17297 arcsec, -49.2285 deg [C21]: 1.48391 arcsec, 1.17297 arcsec, -49.2188 deg [C22]: 1.48398 arcsec, 1.173 arcsec, -49.2238 deg [C23]: 1.48409 arcsec, 1.17309 arcsec, -49.2288 deg [C24]: 1.48415 arcsec, 1.17317 arcsec, -49.2438 deg [C25]: 1.48424 arcsec, 1.17325 arcsec, -49.2344 deg [C26]: 1.48431 arcsec, 1.17328 arcsec, -49.2531 deg [C27]: 1.48435 arcsec, 1.17328 arcsec, -49.2604 deg [C28]: 1.48441 arcsec, 1.1733 arcsec, -49.2692 deg [C29]: 1.48445 arcsec, 1.17333 arcsec, -49.2711 deg [C30]: 1.48441 arcsec, 1.1734 arcsec, -49.2657 deg [C31]: 1.48445 arcsec, 1.17349 arcsec, -49.269 deg [C32]: 1.48444 arcsec, 1.17361 arcsec, -49.2759 deg [C33]: 1.48449 arcsec, 1.17363 arcsec, -49.2782 deg [C34]: 1.48447 arcsec, 1.17364 arcsec, -49.2669 deg [C35]: 1.48451 arcsec, 1.17373 arcsec, -49.2656 deg [C36]: 1.48453 arcsec, 1.17382 arcsec, -49.2846 deg [C37]: 1.48453 arcsec, 1.17393 arcsec, -49.2966 deg [C38]: 1.48457 arcsec, 1.17408 arcsec, -49.2969 deg [C39]: 1.48465 arcsec, 1.17409 arcsec, -49.3005 deg [C40]: 1.48467 arcsec, 1.17412 arcsec, -49.3015 deg [C41]: 1.48464 arcsec, 1.17411 arcsec, -49.3124 deg [C42]: 1.4847 arcsec, 1.1742 arcsec, -49.3237 deg [C43]: 1.48472 arcsec, 1.17423 arcsec, -49.3334 deg [C44]: 1.48473 arcsec, 1.17426 arcsec, -49.3384 deg [C45]: 1.48471 arcsec, 1.1743 arcsec, -49.3355 deg [C46]: 1.48469 arcsec, 1.17436 arcsec, -49.3359 deg [C47]: 1.4847 arcsec, 1.1744 arcsec, -49.3379 deg [C48]: 1.48472 arcsec, 1.1745 arcsec, -49.3481 deg [C49]: 1.48479 arcsec, 1.1746 arcsec, -49.3579 deg [C50]: 1.48474 arcsec, 1.17467 arcsec, -49.3634 deg [C51]: 1.48483 arcsec, 1.17476 arcsec, -49.3567 deg [C52]: 1.48485 arcsec, 1.17487 arcsec, -49.3642 deg [C53]: 1.48487 arcsec, 1.175 arcsec, -49.3623 deg [C54]: 1.48492 arcsec, 1.17509 arcsec, -49.3662 deg [C55]: 1.48493 arcsec, 1.17513 arcsec, -49.3787 deg [C56]: 1.48502 arcsec, 1.17523 arcsec, -49.3821 deg [C57]: 1.485 arcsec, 1.17524 arcsec, -49.392 deg [C58]: 1.48505 arcsec, 1.17522 arcsec, -49.4008 deg [C59]: 1.48513 arcsec, 1.17516 arcsec, -49.4073 deg [C60]: 1.48525 arcsec, 1.17518 arcsec, -49.4136 deg [C61]: 1.48531 arcsec, 1.1752 arcsec, -49.4048 deg [C62]: 1.48538 arcsec, 1.17526 arcsec, -49.4017 deg [C63]: 1.48548 arcsec, 1.1753 arcsec, -49.4053 deg [C64]: 1.48556 arcsec, 1.1753 arcsec, -49.405 deg [C65]: 1.48554 arcsec, 1.17539 arcsec, -49.4103 deg [C66]: 1.48557 arcsec, 1.17547 arcsec, -49.4094 deg [C67]: 1.48558 arcsec, 1.17553 arcsec, -49.4176 deg [C68]: 1.48565 arcsec, 1.17547 arcsec, -49.4169 deg [C69]: 1.48567 arcsec, 1.17547 arcsec, -49.4111 deg [C70]: 1.48578 arcsec, 1.17548 arcsec, -49.4071 deg
2026-08-04 19:33:58	INFO	task_tclean::SynthesisImager::executeMajorCycle 	----------------------------------------------------------- Run Major Cycle 1 -------------------------------------
2026-08-04 19:33:58	INFO	task_tclean::SynthesisImagerVi2::nSubCubeFitInMemory	Required memory: 10.47 GB. Available mem.: 251.9 GB (rc, mem. fraction: 80%, memory: -) => Subcubes: 1. Processes on node: 1.
2026-08-04 19:34:00	INFO	task_tclean::SynthesisImagerVi2::selectData 	MS : ngc4254_12m_hcop.ms | [Opened in readonly mode]
2026-08-04 19:34:01	INFO	task_tclean::SynthesisImagerVi2::selectData 	  NRows selected : 5338975
2026-08-04 19:34:03	INFO	task_tclean::SynthesisImager::getVPRecord 	Using default Voltage Patterns from the VPManager
2026-08-04 19:34:03	INFO	task_tclean::VPSkyJones::VPSkyJones	PB used ALMA
2026-08-04 19:34:03	INFO	task_tclean::SynthesisImagerVi2::weight() 	Set imaging weights : Briggs weighting: sidelobes will be suppressed over full image
2026-08-04 19:34:03	INFO	task_tclean::SynthesisImagerVi2::weight() 	Doing spectral cube Briggs weighting formula --  norm
2026-08-04 19:34:03	INFO	task_tclean::SynthesisImager::tuneSelectData 	Tuning frequency data selection to match image spectral coordinates
2026-08-04 19:34:03	INFO	task_tclean::SynthesisImagerVi2::selectData 	MS : ngc4254_12m_hcop.ms | [Opened in readonly mode]
2026-08-04 19:34:04	INFO	task_tclean::SynthesisImagerVi2::selectData 	  NRows selected : 5338975
2026-08-04 19:34:05	INFO	task_tclean::SynthesisImager::executeMajorCycle 	----------------------------------------------------------- Run Major Cycle 1 -------------------------------------
2026-08-04 19:34:10	INFO	task_tclean::HetArrConvFunc::findAntennaSizes	Overriding PB with Airy of diam,blockage=10.7 m,0.75 m starting with antenna 0
2026-08-04 19:34:10	INFO	task_tclean::HetArrConvFunc::findConvFunction 	convolution function support: [7]ELKEY 0_0_71 actualConvInd 0 pointer 1
2026-08-04 19:48:15	INFO	task_tclean::SDAlgorithmBase::restore 	[ngc4254_12m_hcop] : Restoring model image.
2026-08-04 19:48:15	INFO	task_tclean::SIImageStore::restore 	Getting common beam
2026-08-04 19:48:15	INFO	task_tclean::SIImageStore::restore 	Common Beam : 1.48726 arcsec, 1.17666 arcsec, -49.408 deg
2026-08-04 19:48:15	WARN	task_tclean::SIImageStore::restore (file /source/casa6/casatools/src/code/synthesis/ImagerObjects/SIImageStore.cc, line 2352)	Restoring with an empty model image. Only residuals will be processed to form the output restored image.
2026-08-04 19:48:21	INFO	tclean::::casa	Searching for images with prefix 'ngc4254_12m_hcop'... Found these, writing history into them: ['ngc4254_12m_hcop.weight', 'ngc4254_12m_hcop.psf', 'ngc4254_12m_hcop.pb', 'ngc4254_12m_hcop.sumwt', 'ngc4254_12m_hcop.residual', 'ngc4254_12m_hcop.image', 'ngc4254_12m_hcop.model']
2026-08-04 19:48:21	INFO	tclean::::casa	Task tclean complete. Start time: 2026-08-04 19:13:57.956770 End time: 2026-08-04 19:48:21.347330
2026-08-04 19:48:21	INFO	tclean::::casa	##### End Task: tclean               #####
2026-08-04 19:48:21	INFO	tclean::::casa	##########################################
2026-08-04 19:49:31	INFO	tclean::::casa	##########################################
2026-08-04 19:49:31	INFO	tclean::::casa	##### Begin Task: tclean             #####
2026-08-04 19:49:31	INFO	tclean::::casa	tclean( vis='ngc4254_12m_hcop.ms', selectdata=True, field='', spw='', timerange='', uvrange='', antenna='', scan='', observation='', intent='', datacolumn='corrected', imagename='ngc4254_12m_hcop', imsize=[1024, 1152], cell='0.25arcsec', phasecenter='J2000 12h18m49.6s +14d24m59s', stokes='I', projection='SIN', startmodel='', specmode='cube', reffreq='', nchan=-1, start='', width='', outframe='LSRK', veltype='radio', restfreq='89.18852GHz', interpolation='linear', perchanweightdensity=True, gridder='mosaic', facets=1, psfphasecenter='', wprojplanes=1, vptable='', mosweight=True, aterm=True, psterm=False, wbawp=True, conjbeams=False, cfcache='', usepointing=False, computepastep=360.0, rotatepastep=360.0, pointingoffsetsigdev=[], pblimit=0.2, normtype='flatnoise', deconvolver='multiscale', scales=[0, 4, 10, 20], nterms=1, smallscalebias=0.9, fusedthreshold=0.0, largestscale=-1, restoration=True, restoringbeam='common', pbcor=False, outlierfile='', weighting='briggs', robust=0.5, noise='1.0Jy', npixels=0, uvtaper=[], niter=710, gain=0.1, threshold='0.0013828957852800282Jy/beam', nsigma=0.0, cycleniter=100, cyclefactor=3.0, minpsffraction=0.5, maxpsffraction=0.8, interactive=False, nmajor=-1, fullsummary=True, usemask='pb', mask='', pbmask=0.2, sidelobethreshold=3.0, noisethreshold=5.0, lownoisethreshold=1.5, negativethreshold=0.0, smoothfactor=1.0, minbeamfrac=0.3, cutthreshold=0.01, growiterations=75, dogrowprune=True, minpercentchange=-1.0, verbose=False, fastnoise=True, restart=True, savemodel='none', calcres=False, calcpsf=False, psfcutoff=0.35, parallel=False )
2026-08-04 19:49:31	INFO	tclean::::casa	Verifying Input Parameters
2026-08-04 19:49:31	INFO	SynthesisImagerVi2::selectData 	MS : ngc4254_12m_hcop.ms | [Opened in readonly mode]
2026-08-04 19:49:31	INFO	SynthesisImagerVi2::selectData 	  NRows selected : 5338975
2026-08-04 19:49:33	INFO	SynthesisImagerVi2::defineImage 	Define image coordinates for [ngc4254_12m_hcop] : 
2026-08-04 19:49:33	INFO	SynthesisImagerVi2::defineImage 	Define image coordinates for [ngc4254_12m_hcop] : 
2026-08-04 19:49:33	INFO	MSTransformRegridder::calcChanFreqs	 phaseCenter='Direction: [-0.965246, -0.0794707, 0.248967]'  *** Encountered negative channel widths in input spectral window.
2026-08-04 19:49:33	INFO	MSTransformRegridder::calcChanFreqs	 Channels equidistant in freq
2026-08-04 19:49:33	INFO	MSTransformRegridder::calcChanFreqs+	 Central frequency (in output frame) = 8.84728e+10 Hz
2026-08-04 19:49:33	INFO	MSTransformRegridder::calcChanFreqs+	 Channel central frequency is decreasing with increasing channel number.
2026-08-04 19:49:33	INFO	MSTransformRegridder::calcChanFreqs+	 Width of central channel (in output frame) = 2.93057e+06 Hz
2026-08-04 19:49:33	INFO	MSTransformRegridder::calcChanFreqs+	 Number of channels = 71
2026-08-04 19:49:33	INFO	MSTransformRegridder::calcChanFreqs+	 Total width of SPW (in output frame) = 2.0807e+08 Hz
2026-08-04 19:49:33	INFO	MSTransformRegridder::calcChanFreqs+	 Lower edge = 8.83687e+10 Hz, upper edge = 8.85768e+10 Hz
2026-08-04 19:49:33	INFO	SynthesisImagerVi2::defineImage 	Impars: start 
2026-08-04 19:49:33	INFO	SynthesisImagerVi2::defineImage 	Shape: [1024, 1152, 1, 71] Spectral: [8.85753e+10] at [0] with increment [-2.93057e+06]
2026-08-04 19:49:33	INFO	SynthesisImagerVi2::defineImage 	Set Gridding options for [ngc4254_12m_hcop] with ftmachine : mosaicft
2026-08-04 19:49:33	INFO	SynthesisImager::getVPRecord 	Using default Voltage Patterns from the VPManager
2026-08-04 19:49:33	INFO	VPSkyJones::VPSkyJones	PB used ALMA
2026-08-04 19:49:33	INFO	SynthesisImagerVi2::nSubCubeFitInMemory	Required memory: 10.47 GB. Available mem.: 251.9 GB (rc, mem. fraction: 80%, memory: -) => Subcubes: 1. Processes on node: 1.
2026-08-04 19:49:33	INFO	tclean::::casa	CFCache already exists
2026-08-04 19:49:34	INFO	SynthesisImagerVi2::weight() 	Set imaging weights : Briggs weighting: sidelobes will be suppressed over full image
2026-08-04 19:49:34	INFO	SynthesisImagerVi2::weight() 	Doing spectral cube Briggs weighting formula --  norm
2026-08-04 19:49:34	INFO	task_tclean::SynthesisDeconvolver::setupDeconvolution 	Set Deconvolution Options for [ngc4254_12m_hcop] : multiscale
2026-08-04 19:49:38	INFO	task_tclean::SynthesisDeconvolver::initMinorCycle 	 Absolute Peak residual within mask : 0, over full image : 0.0040933
2026-08-04 19:49:38	INFO	SynthesisDeconvolver::setupMask 	[ngc4254_12m_hcop] Setting up a PB based mask
2026-08-04 19:49:38	INFO	SDMaskHandler::makePBMask 	MAKE PB mask
2026-08-04 19:49:41	INFO	SynthesisDeconvolver::setupMask 	----------------------------------------------------------------------------------------------------------------------------------------
2026-08-04 19:49:41	INFO	SynthesisDeconvolver::setupMask 	[ngc4254_12m_hcop] Number of pixels in the clean mask : 3.03685e+07 out of a total of 8.3755e+07 pixels. [ 36.2587 % ]
2026-08-04 19:49:42	INFO	SynthesisDeconvolver::initMinorCycle 	 Absolute Peak residual within mask : 0.0040933, over full image : 0.0040933
2026-08-04 19:49:43	INFO	tclean::::casa	Minor Cycle controls : {'cycleniter': 100, 'cyclethreshold': 0.0020466498099267483, 'loopgain': 0.10000000149011612, 'nsigma': 0.0, 'thresholdreached': False}
2026-08-04 19:49:43	INFO	SynthesisDeconvolver::executeCubeMinorCycle 	---------------------------------------------------- Run Minor Cycle Iterations  ---------------------------------------------
2026-08-04 19:49:43	INFO	SynthesisDeconvolver::setupDeconvolution 	Set Deconvolution Options for [ngc4254_12m_hcop] : multiscale
2026-08-04 19:49:44	INFO	SynthesisDeconvolver::initMinorCycle 	 Absolute Peak residual within mask : 0.00175226, over full image : 0.00175226
2026-08-04 19:49:44	INFO	CubeMinorCycleAlgorithm::task 	Processing channels in range [0, 9]
2026-08-04 19:49:44	INFO	SDAlgorithmBase::deconvolve 	[ngc4254_12m_hcop] Run multiscale minor-cycle on 10 chans | CycleThreshold=0.00204665, CycleNiter=100, Gain=0.1
2026-08-04 19:49:44	INFO	SDAlgorithmBase::deconvolve 	[ngc4254_12m_hcop:C0] iters=0->0 [0], model=0->0, peakres=0->0, Reached cyclethreshold.
2026-08-04 19:49:44	INFO	SDAlgorithmBase::deconvolve 	[ngc4254_12m_hcop:C1] iters=0->0 [0], model=0->0, peakres=0.00155512->0.00155512, Reached cyclethreshold.
2026-08-04 19:49:44	INFO	SDAlgorithmBase::deconvolve 	[ngc4254_12m_hcop:C2] iters=0->0 [0], model=0->0, peakres=0.00175226->0.00175226, Reached cyclethreshold.
2026-08-04 19:49:44	INFO	SDAlgorithmBase::deconvolve 	[ngc4254_12m_hcop:C3] iters=0->0 [0], model=0->0, peakres=0.00151231->0.00151231, Reached cyclethreshold.
2026-08-04 19:49:44	INFO	SDAlgorithmBase::deconvolve 	[ngc4254_12m_hcop:C4] iters=0->0 [0], model=0->0, peakres=0.00159846->0.00159846, Reached cyclethreshold.
2026-08-04 19:49:44	INFO	SDAlgorithmBase::deconvolve 	[ngc4254_12m_hcop:C5] iters=0->0 [0], model=0->0, peakres=0.00160863->0.00160863, Reached cyclethreshold.
2026-08-04 19:49:44	INFO	SDAlgorithmBase::deconvolve 	[ngc4254_12m_hcop:C6] iters=0->0 [0], model=0->0, peakres=0.00152601->0.00152601, Reached cyclethreshold.
2026-08-04 19:49:44	INFO	SDAlgorithmBase::deconvolve 	[ngc4254_12m_hcop:C7] iters=0->0 [0], model=0->0, peakres=0.00160541->0.00160541, Reached cyclethreshold.
2026-08-04 19:49:44	INFO	SDAlgorithmBase::deconvolve 	[ngc4254_12m_hcop:C8] iters=0->0 [0], model=0->0, peakres=0.00163721->0.00163721, Reached cyclethreshold.
2026-08-04 19:49:44	INFO	SDAlgorithmBase::deconvolve 	[ngc4254_12m_hcop:C9] iters=0->0 [0], model=0->0, peakres=0.00171415->0.00171415, Reached cyclethreshold.
2026-08-04 19:49:44	INFO	SDAlgorithmBase::deconvolve 	[ngc4254_12m_hcop] Total model flux (over all planes) : 0     Peak Residual (over all planes) : 0.00175226 in C2:P0
2026-08-04 19:49:45	INFO	SynthesisDeconvolver::setupDeconvolution 	Set Deconvolution Options for [ngc4254_12m_hcop] : multiscale
2026-08-04 19:49:46	INFO	SynthesisDeconvolver::initMinorCycle 	 Absolute Peak residual within mask : 0.00171213, over full image : 0.00171213
2026-08-04 19:49:46	INFO	CubeMinorCycleAlgorithm::task 	Processing channels in range [10, 19]
2026-08-04 19:49:46	INFO	SDAlgorithmBase::deconvolve 	[ngc4254_12m_hcop] Run multiscale minor-cycle on 10 chans | CycleThreshold=0.00204665, CycleNiter=100, Gain=0.1
2026-08-04 19:49:46	INFO	SDAlgorithmBase::deconvolve 	[ngc4254_12m_hcop:C0] iters=0->0 [0], model=0->0, peakres=0.00162246->0.00162246, Reached cyclethreshold.
2026-08-04 19:49:46	INFO	SDAlgorithmBase::deconvolve 	[ngc4254_12m_hcop:C1] iters=0->0 [0], model=0->0, peakres=0.00151406->0.00151406, Reached cyclethreshold.
2026-08-04 19:49:46	INFO	SDAlgorithmBase::deconvolve 	[ngc4254_12m_hcop:C2] iters=0->0 [0], model=0->0, peakres=0.00153297->0.00153297, Reached cyclethreshold.
2026-08-04 19:49:46	INFO	SDAlgorithmBase::deconvolve 	[ngc4254_12m_hcop:C3] iters=0->0 [0], model=0->0, peakres=0.00162112->0.00162112, Reached cyclethreshold.
2026-08-04 19:49:46	INFO	SDAlgorithmBase::deconvolve 	[ngc4254_12m_hcop:C4] iters=0->0 [0], model=0->0, peakres=0.00171213->0.00171213, Reached cyclethreshold.
2026-08-04 19:49:46	INFO	SDAlgorithmBase::deconvolve 	[ngc4254_12m_hcop:C5] iters=0->0 [0], model=0->0, peakres=0.00163682->0.00163682, Reached cyclethreshold.
2026-08-04 19:49:46	INFO	SDAlgorithmBase::deconvolve 	[ngc4254_12m_hcop:C6] iters=0->0 [0], model=0->0, peakres=0.00153282->0.00153282, Reached cyclethreshold.
2026-08-04 19:49:46	INFO	SDAlgorithmBase::deconvolve 	[ngc4254_12m_hcop:C7] iters=0->0 [0], model=0->0, peakres=0.00158014->0.00158014, Reached cyclethreshold.
2026-08-04 19:49:46	INFO	SDAlgorithmBase::deconvolve 	[ngc4254_12m_hcop:C8] iters=0->0 [0], model=0->0, peakres=0.00159703->0.00159703, Reached cyclethreshold.
2026-08-04 19:49:46	INFO	SDAlgorithmBase::deconvolve 	[ngc4254_12m_hcop:C9] iters=0->0 [0], model=0->0, peakres=0.00169167->0.00169167, Reached cyclethreshold.
2026-08-04 19:49:46	INFO	SDAlgorithmBase::deconvolve 	[ngc4254_12m_hcop] Total model flux (over all planes) : 0     Peak Residual (over all planes) : 0.00171213 in C4:P0
2026-08-04 19:49:46	INFO	SynthesisDeconvolver::setupDeconvolution 	Set Deconvolution Options for [ngc4254_12m_hcop] : multiscale
2026-08-04 19:49:47	INFO	SynthesisDeconvolver::initMinorCycle 	 Absolute Peak residual within mask : 0.0040933, over full image : 0.0040933
2026-08-04 19:49:47	INFO	CubeMinorCycleAlgorithm::task 	Processing channels in range [20, 29]
2026-08-04 19:49:47	INFO	SDAlgorithmBase::deconvolve 	[ngc4254_12m_hcop] Run multiscale minor-cycle on 10 chans | CycleThreshold=0.00204665, CycleNiter=100, Gain=0.1
2026-08-04 19:49:47	INFO	SDAlgorithmBase::deconvolve 	[ngc4254_12m_hcop:C0] iters=0->0 [0], model=0->0, peakres=0.00152893->0.00152893, Reached cyclethreshold.
2026-08-04 19:49:47	INFO	SDAlgorithmBase::deconvolve 	[ngc4254_12m_hcop:C1] iters=0->0 [0], model=0->0, peakres=0.00190664->0.00190664, Reached cyclethreshold.
2026-08-04 19:49:47	INFO	SDAlgorithmBase::deconvolve 	[ngc4254_12m_hcop:C2] iters=0->0 [0], model=0->0, peakres=0.00167516->0.00167516, Reached cyclethreshold.
2026-08-04 19:49:47	INFO	MatrixCleaner::validatePsf() 	Peak of PSF = 1 at [512, 576]
2026-08-04 19:49:48	INFO	MatrixCleaner::makePsfScales() 	Calculating convolutions for scale 0
2026-08-04 19:49:48	INFO	MatrixCleaner::makePsfScales() 	Calculating convolutions for scale 1
2026-08-04 19:49:48	INFO	MatrixCleaner::makePsfScales() 	Calculating convolutions for scale 2
2026-08-04 19:49:48	INFO	MatrixCleaner::makePsfScales() 	Calculating convolutions for scale 3
2026-08-04 19:49:48	INFO	MatrixCleaner::makeScaleMasks() 	Calculating mask convolution for scale 0
2026-08-04 19:49:48	INFO	MatrixCleaner::makeScaleMasks() 	Calculating mask convolution for scale 1
2026-08-04 19:49:48	INFO	MatrixCleaner::makeScaleMasks() 	Calculating mask convolution for scale 2
2026-08-04 19:49:48	INFO	MatrixCleaner::makeScaleMasks() 	Calculating mask convolution for scale 3
2026-08-04 19:49:48	INFO	MatrixCleaner::clean() 	scale 1 = 0 pixels with bias = 1
2026-08-04 19:49:48	INFO	MatrixCleaner::clean() 	scale 2 = 4 pixels with bias = 0.82
2026-08-04 19:49:48	INFO	MatrixCleaner::clean() 	scale 3 = 10 pixels with bias = 0.55
2026-08-04 19:49:48	INFO	MatrixCleaner::clean() 	scale 4 = 20 pixels with bias = 0.1
2026-08-04 19:49:48	INFO	MatrixCleaner::clean() 	Cleaning using given mask
2026-08-04 19:49:48	INFO	MatrixCleaner::clean() 	Cleaning pixels with mask values above 0.9
2026-08-04 19:49:48	INFO	MatrixCleaner::clean() 	Starting iteration
2026-08-04 19:49:48	INFO	MatrixCleaner::clean() 	Initial maximum residual is 0.00232639 within the mask 
2026-08-04 19:49:48	INFO	MatrixCleaner::clean() 	iteration    MaximumResidual   CleanedFlux
2026-08-04 19:49:48	INFO	MatrixCleaner::clean() 	Reached stopping threshold 0.00204665 at iteration 2
2026-08-04 19:49:48	INFO	MatrixCleaner::clean() 	Optimum flux is 0.00190778
2026-08-04 19:49:48	INFO	MatrixCleaner::clean() 	  0    0.000632792
2026-08-04 19:49:48	INFO	MatrixCleaner::clean() 	  1    0
2026-08-04 19:49:48	INFO	MatrixCleaner::clean() 	  2    0
2026-08-04 19:49:48	INFO	MatrixCleaner::clean() 	  3    0
2026-08-04 19:49:48	INFO	SDAlgorithmBase::deconvolve 	[ngc4254_12m_hcop:C3] iters=0->3 [3], model=0->0.000442014, peakres=0.00232639->0.00190778, Reached cyclethreshold.
2026-08-04 19:49:48	INFO	MatrixCleaner::validatePsf() 	Peak of PSF = 1 at [512, 576]
2026-08-04 19:49:48	INFO	MatrixCleaner::makePsfScales() 	Calculating convolutions for scale 0
2026-08-04 19:49:48	INFO	MatrixCleaner::makePsfScales() 	Calculating convolutions for scale 1
2026-08-04 19:49:48	INFO	MatrixCleaner::makePsfScales() 	Calculating convolutions for scale 2
2026-08-04 19:49:48	INFO	MatrixCleaner::makePsfScales() 	Calculating convolutions for scale 3
2026-08-04 19:49:48	INFO	MatrixCleaner::makeScaleMasks() 	Calculating mask convolution for scale 0
2026-08-04 19:49:48	INFO	MatrixCleaner::makeScaleMasks() 	Calculating mask convolution for scale 1
2026-08-04 19:49:49	INFO	MatrixCleaner::makeScaleMasks() 	Calculating mask convolution for scale 2
2026-08-04 19:49:49	INFO	MatrixCleaner::makeScaleMasks() 	Calculating mask convolution for scale 3
2026-08-04 19:49:49	INFO	MatrixCleaner::clean() 	scale 1 = 0 pixels with bias = 1
2026-08-04 19:49:49	INFO	MatrixCleaner::clean() 	scale 2 = 4 pixels with bias = 0.82
2026-08-04 19:49:49	INFO	MatrixCleaner::clean() 	scale 3 = 10 pixels with bias = 0.55
2026-08-04 19:49:49	INFO	MatrixCleaner::clean() 	scale 4 = 20 pixels with bias = 0.1
2026-08-04 19:49:49	INFO	MatrixCleaner::clean() 	Cleaning using given mask
2026-08-04 19:49:49	INFO	MatrixCleaner::clean() 	Cleaning pixels with mask values above 0.9
2026-08-04 19:49:49	INFO	MatrixCleaner::clean() 	Starting iteration
2026-08-04 19:49:49	INFO	MatrixCleaner::clean() 	Initial maximum residual is 0.00205919 within the mask 
2026-08-04 19:49:49	INFO	MatrixCleaner::clean() 	iteration    MaximumResidual   CleanedFlux
2026-08-04 19:49:49	INFO	MatrixCleaner::clean() 	Reached stopping threshold 0.00204665 at iteration 1
2026-08-04 19:49:49	INFO	MatrixCleaner::clean() 	Optimum flux is 0.00185327
2026-08-04 19:49:49	INFO	MatrixCleaner::clean() 	  0    0.000391246
2026-08-04 19:49:49	INFO	MatrixCleaner::clean() 	  1    0
2026-08-04 19:49:49	INFO	MatrixCleaner::clean() 	  2    0
2026-08-04 19:49:49	INFO	MatrixCleaner::clean() 	  3    0
2026-08-04 19:49:49	INFO	SDAlgorithmBase::deconvolve 	[ngc4254_12m_hcop:C4] iters=3->5 [2], model=0->0.000205919, peakres=0.00205919->0.00185327, Reached cyclethreshold.
2026-08-04 19:49:49	INFO	MatrixCleaner::validatePsf() 	Peak of PSF = 1 at [512, 576]
2026-08-04 19:49:49	INFO	MatrixCleaner::makePsfScales() 	Calculating convolutions for scale 0
2026-08-04 19:49:49	INFO	MatrixCleaner::makePsfScales() 	Calculating convolutions for scale 1
2026-08-04 19:49:49	INFO	MatrixCleaner::makePsfScales() 	Calculating convolutions for scale 2
2026-08-04 19:49:49	INFO	MatrixCleaner::makePsfScales() 	Calculating convolutions for scale 3
2026-08-04 19:49:49	INFO	MatrixCleaner::makeScaleMasks() 	Calculating mask convolution for scale 0
2026-08-04 19:49:49	INFO	MatrixCleaner::makeScaleMasks() 	Calculating mask convolution for scale 1
2026-08-04 19:49:49	INFO	MatrixCleaner::makeScaleMasks() 	Calculating mask convolution for scale 2
2026-08-04 19:49:49	INFO	MatrixCleaner::makeScaleMasks() 	Calculating mask convolution for scale 3
2026-08-04 19:49:49	INFO	MatrixCleaner::clean() 	scale 1 = 0 pixels with bias = 1
2026-08-04 19:49:49	INFO	MatrixCleaner::clean() 	scale 2 = 4 pixels with bias = 0.82
2026-08-04 19:49:49	INFO	MatrixCleaner::clean() 	scale 3 = 10 pixels with bias = 0.55
2026-08-04 19:49:49	INFO	MatrixCleaner::clean() 	scale 4 = 20 pixels with bias = 0.1
2026-08-04 19:49:49	INFO	MatrixCleaner::clean() 	Cleaning using given mask
2026-08-04 19:49:49	INFO	MatrixCleaner::clean() 	Cleaning pixels with mask values above 0.9
2026-08-04 19:49:49	INFO	MatrixCleaner::clean() 	Starting iteration
2026-08-04 19:49:49	INFO	MatrixCleaner::clean() 	Initial maximum residual is 0.0040933 within the mask 
2026-08-04 19:49:49	INFO	MatrixCleaner::clean() 	iteration    MaximumResidual   CleanedFlux
2026-08-04 19:49:50	INFO	MatrixCleaner::clean() 	Diverging due to large scale?
2026-08-04 19:49:50	INFO	MatrixCleaner::clean() 	  0    0.00192525
2026-08-04 19:49:50	INFO	MatrixCleaner::clean() 	  1    0.000342496
2026-08-04 19:49:50	INFO	MatrixCleaner::clean() 	  2    0.000634751
2026-08-04 19:49:50	INFO	MatrixCleaner::clean() 	  3    0
2026-08-04 19:49:50	WARN	SDAlgorithmMSClean::takeOneStep (file /source/casa6/casatools/src/code/synthesis/ImagerObjects/SDAlgorithmMSClean.cc, line 185)	MSClean minor cycle stopped at large scale negative or diverging
2026-08-04 19:49:50	INFO	SDAlgorithmBase::deconvolve 	[ngc4254_12m_hcop:C5] iters=5->13 [8], model=0->0.00226774, peakres=0.0040933->0.0022087, Exited multiscale minor cycle without reaching any stopping criterion.
2026-08-04 19:49:50	INFO	MatrixCleaner::validatePsf() 	Peak of PSF = 1 at [512, 576]
2026-08-04 19:49:50	INFO	MatrixCleaner::makePsfScales() 	Calculating convolutions for scale 0
2026-08-04 19:49:50	INFO	MatrixCleaner::makePsfScales() 	Calculating convolutions for scale 1
2026-08-04 19:49:50	INFO	MatrixCleaner::makePsfScales() 	Calculating convolutions for scale 2
2026-08-04 19:49:50	INFO	MatrixCleaner::makePsfScales() 	Calculating convolutions for scale 3
2026-08-04 19:49:50	INFO	MatrixCleaner::makeScaleMasks() 	Calculating mask convolution for scale 0
2026-08-04 19:49:50	INFO	MatrixCleaner::makeScaleMasks() 	Calculating mask convolution for scale 1
2026-08-04 19:49:50	INFO	MatrixCleaner::makeScaleMasks() 	Calculating mask convolution for scale 2
2026-08-04 19:49:50	INFO	MatrixCleaner::makeScaleMasks() 	Calculating mask convolution for scale 3
2026-08-04 19:49:50	INFO	MatrixCleaner::clean() 	scale 1 = 0 pixels with bias = 1
2026-08-04 19:49:50	INFO	MatrixCleaner::clean() 	scale 2 = 4 pixels with bias = 0.82
2026-08-04 19:49:50	INFO	MatrixCleaner::clean() 	scale 3 = 10 pixels with bias = 0.55
2026-08-04 19:49:50	INFO	MatrixCleaner::clean() 	scale 4 = 20 pixels with bias = 0.1
2026-08-04 19:49:50	INFO	MatrixCleaner::clean() 	Cleaning using given mask
2026-08-04 19:49:50	INFO	MatrixCleaner::clean() 	Cleaning pixels with mask values above 0.9
2026-08-04 19:49:50	INFO	MatrixCleaner::clean() 	Starting iteration
2026-08-04 19:49:50	INFO	MatrixCleaner::clean() 	Initial maximum residual is 0.0028978 within the mask 
2026-08-04 19:49:50	INFO	MatrixCleaner::clean() 	iteration    MaximumResidual   CleanedFlux
2026-08-04 19:49:50	INFO	MatrixCleaner::clean() 	Diverging due to large scale?
2026-08-04 19:49:50	INFO	MatrixCleaner::clean() 	  0    0.000550582
2026-08-04 19:49:50	INFO	MatrixCleaner::clean() 	  1    0
2026-08-04 19:49:50	INFO	MatrixCleaner::clean() 	  2    0.000676825
2026-08-04 19:49:50	INFO	MatrixCleaner::clean() 	  3    0
2026-08-04 19:49:50	WARN	SDAlgorithmMSClean::takeOneStep (file /source/casa6/casatools/src/code/synthesis/ImagerObjects/SDAlgorithmMSClean.cc, line 185)	MSClean minor cycle stopped at large scale negative or diverging
2026-08-04 19:49:50	INFO	SDAlgorithmBase::deconvolve 	[ngc4254_12m_hcop:C6] iters=13->16 [3], model=0->0.000550582, peakres=0.0028978->0.00234722, Exited multiscale minor cycle without reaching any stopping criterion.
2026-08-04 19:49:50	INFO	SDAlgorithmBase::deconvolve 	[ngc4254_12m_hcop:C7] iters=16->16 [0], model=0->0, peakres=0.00164632->0.00164632, Reached cyclethreshold.
2026-08-04 19:49:50	INFO	MatrixCleaner::validatePsf() 	Peak of PSF = 1 at [512, 576]
2026-08-04 19:49:50	INFO	MatrixCleaner::makePsfScales() 	Calculating convolutions for scale 0
2026-08-04 19:49:50	INFO	MatrixCleaner::makePsfScales() 	Calculating convolutions for scale 1
2026-08-04 19:49:50	INFO	MatrixCleaner::makePsfScales() 	Calculating convolutions for scale 2
2026-08-04 19:49:50	INFO	MatrixCleaner::makePsfScales() 	Calculating convolutions for scale 3
2026-08-04 19:49:50	INFO	MatrixCleaner::makeScaleMasks() 	Calculating mask convolution for scale 0
2026-08-04 19:49:50	INFO	MatrixCleaner::makeScaleMasks() 	Calculating mask convolution for scale 1
2026-08-04 19:49:50	INFO	MatrixCleaner::makeScaleMasks() 	Calculating mask convolution for scale 2
2026-08-04 19:49:50	INFO	MatrixCleaner::makeScaleMasks() 	Calculating mask convolution for scale 3
2026-08-04 19:49:51	INFO	MatrixCleaner::clean() 	scale 1 = 0 pixels with bias = 1
2026-08-04 19:49:51	INFO	MatrixCleaner::clean() 	scale 2 = 4 pixels with bias = 0.82
2026-08-04 19:49:51	INFO	MatrixCleaner::clean() 	scale 3 = 10 pixels with bias = 0.55
2026-08-04 19:49:51	INFO	MatrixCleaner::clean() 	scale 4 = 20 pixels with bias = 0.1
2026-08-04 19:49:51	INFO	MatrixCleaner::clean() 	Cleaning using given mask
2026-08-04 19:49:51	INFO	MatrixCleaner::clean() 	Cleaning pixels with mask values above 0.9
2026-08-04 19:49:51	INFO	MatrixCleaner::clean() 	Starting iteration
2026-08-04 19:49:51	INFO	MatrixCleaner::clean() 	Initial maximum residual is 0.0021973 within the mask 
2026-08-04 19:49:51	INFO	MatrixCleaner::clean() 	iteration    MaximumResidual   CleanedFlux
2026-08-04 19:49:51	INFO	MatrixCleaner::clean() 	Reached stopping threshold 0.00204665 at iteration 1
2026-08-04 19:49:51	INFO	MatrixCleaner::clean() 	Optimum flux is 0.00197757
2026-08-04 19:49:51	INFO	MatrixCleaner::clean() 	  0    0.000417488
2026-08-04 19:49:51	INFO	MatrixCleaner::clean() 	  1    0
2026-08-04 19:49:51	INFO	MatrixCleaner::clean() 	  2    0
2026-08-04 19:49:51	INFO	MatrixCleaner::clean() 	  3    0
2026-08-04 19:49:51	INFO	SDAlgorithmBase::deconvolve 	[ngc4254_12m_hcop:C8] iters=16->18 [2], model=0->0.00021973, peakres=0.0021973->0.00197757, Reached cyclethreshold.
2026-08-04 19:49:51	INFO	SDAlgorithmBase::deconvolve 	[ngc4254_12m_hcop:C9] iters=18->18 [0], model=0->0, peakres=0.00203836->0.00203836, Reached cyclethreshold.
2026-08-04 19:49:51	INFO	SDAlgorithmBase::deconvolve 	[ngc4254_12m_hcop] Total model flux (over all planes) : 0.00368599     Peak Residual (over all planes) : 0.00234722 in C6:P0
2026-08-04 19:49:51	INFO	SynthesisDeconvolver::setupDeconvolution 	Set Deconvolution Options for [ngc4254_12m_hcop] : multiscale
2026-08-04 19:49:52	INFO	SynthesisDeconvolver::initMinorCycle 	 Absolute Peak residual within mask : 0.00323351, over full image : 0.00323351
2026-08-04 19:49:52	INFO	CubeMinorCycleAlgorithm::task 	Processing channels in range [30, 39]
2026-08-04 19:49:52	INFO	SDAlgorithmBase::deconvolve 	[ngc4254_12m_hcop] Run multiscale minor-cycle on 10 chans | CycleThreshold=0.00204665, CycleNiter=100, Gain=0.1
2026-08-04 19:49:52	INFO	MatrixCleaner::validatePsf() 	Peak of PSF = 1 at [512, 576]
2026-08-04 19:49:52	INFO	MatrixCleaner::makePsfScales() 	Calculating convolutions for scale 0
2026-08-04 19:49:53	INFO	MatrixCleaner::makePsfScales() 	Calculating convolutions for scale 1
2026-08-04 19:49:53	INFO	MatrixCleaner::makePsfScales() 	Calculating convolutions for scale 2
2026-08-04 19:49:53	INFO	MatrixCleaner::makePsfScales() 	Calculating convolutions for scale 3
2026-08-04 19:49:53	INFO	MatrixCleaner::makeScaleMasks() 	Calculating mask convolution for scale 0
2026-08-04 19:49:53	INFO	MatrixCleaner::makeScaleMasks() 	Calculating mask convolution for scale 1
2026-08-04 19:49:53	INFO	MatrixCleaner::makeScaleMasks() 	Calculating mask convolution for scale 2
2026-08-04 19:49:53	INFO	MatrixCleaner::makeScaleMasks() 	Calculating mask convolution for scale 3
2026-08-04 19:49:53	INFO	MatrixCleaner::clean() 	scale 1 = 0 pixels with bias = 1
2026-08-04 19:49:53	INFO	MatrixCleaner::clean() 	scale 2 = 4 pixels with bias = 0.82
2026-08-04 19:49:53	INFO	MatrixCleaner::clean() 	scale 3 = 10 pixels with bias = 0.55
2026-08-04 19:49:53	INFO	MatrixCleaner::clean() 	scale 4 = 20 pixels with bias = 0.1
2026-08-04 19:49:53	INFO	MatrixCleaner::clean() 	Cleaning using given mask
2026-08-04 19:49:53	INFO	MatrixCleaner::clean() 	Cleaning pixels with mask values above 0.9
2026-08-04 19:49:53	INFO	MatrixCleaner::clean() 	Starting iteration
2026-08-04 19:49:53	INFO	MatrixCleaner::clean() 	Initial maximum residual is 0.0020598 within the mask 
2026-08-04 19:49:53	INFO	MatrixCleaner::clean() 	iteration    MaximumResidual   CleanedFlux
2026-08-04 19:49:53	INFO	MatrixCleaner::clean() 	Reached stopping threshold 0.00204665 at iteration 1
2026-08-04 19:49:53	INFO	MatrixCleaner::clean() 	Optimum flux is 0.00187297
2026-08-04 19:49:53	INFO	MatrixCleaner::clean() 	  0    0.000393278
2026-08-04 19:49:53	INFO	MatrixCleaner::clean() 	  1    0
2026-08-04 19:49:53	INFO	MatrixCleaner::clean() 	  2    0
2026-08-04 19:49:53	INFO	MatrixCleaner::clean() 	  3    0
2026-08-04 19:49:53	INFO	SDAlgorithmBase::deconvolve 	[ngc4254_12m_hcop:C0] iters=0->2 [2], model=0->0.00020598, peakres=0.00205981->0.00187297, Reached cyclethreshold.
2026-08-04 19:49:53	INFO	SDAlgorithmBase::deconvolve 	[ngc4254_12m_hcop:C1] iters=2->2 [0], model=0->0, peakres=0.00198518->0.00198518, Reached cyclethreshold.
2026-08-04 19:49:53	INFO	MatrixCleaner::validatePsf() 	Peak of PSF = 1 at [512, 576]
2026-08-04 19:49:53	INFO	MatrixCleaner::makePsfScales() 	Calculating convolutions for scale 0
2026-08-04 19:49:53	INFO	MatrixCleaner::makePsfScales() 	Calculating convolutions for scale 1
2026-08-04 19:49:53	INFO	MatrixCleaner::makePsfScales() 	Calculating convolutions for scale 2
2026-08-04 19:49:53	INFO	MatrixCleaner::makePsfScales() 	Calculating convolutions for scale 3
2026-08-04 19:49:53	INFO	MatrixCleaner::makeScaleMasks() 	Calculating mask convolution for scale 0
2026-08-04 19:49:53	INFO	MatrixCleaner::makeScaleMasks() 	Calculating mask convolution for scale 1
2026-08-04 19:49:53	INFO	MatrixCleaner::makeScaleMasks() 	Calculating mask convolution for scale 2
2026-08-04 19:49:53	INFO	MatrixCleaner::makeScaleMasks() 	Calculating mask convolution for scale 3
2026-08-04 19:49:54	INFO	MatrixCleaner::clean() 	scale 1 = 0 pixels with bias = 1
2026-08-04 19:49:54	INFO	MatrixCleaner::clean() 	scale 2 = 4 pixels with bias = 0.82
2026-08-04 19:49:54	INFO	MatrixCleaner::clean() 	scale 3 = 10 pixels with bias = 0.55
2026-08-04 19:49:54	INFO	MatrixCleaner::clean() 	scale 4 = 20 pixels with bias = 0.1
2026-08-04 19:49:54	INFO	MatrixCleaner::clean() 	Cleaning using given mask
2026-08-04 19:49:54	INFO	MatrixCleaner::clean() 	Cleaning pixels with mask values above 0.9
2026-08-04 19:49:54	INFO	MatrixCleaner::clean() 	Starting iteration
2026-08-04 19:49:54	INFO	MatrixCleaner::clean() 	Initial maximum residual is 0.0077478 within the mask 
2026-08-04 19:49:54	INFO	MatrixCleaner::clean() 	iteration    MaximumResidual   CleanedFlux
2026-08-04 19:49:54	INFO	MatrixCleaner::clean() 	Reached stopping threshold 0.00204665 at iteration 6
2026-08-04 19:49:54	INFO	MatrixCleaner::clean() 	Optimum flux is 0.00190514
2026-08-04 19:49:54	INFO	MatrixCleaner::clean() 	  0    0.000633249
2026-08-04 19:49:54	INFO	MatrixCleaner::clean() 	  1    0
2026-08-04 19:49:54	INFO	MatrixCleaner::clean() 	  2    0.00266464
2026-08-04 19:49:54	INFO	MatrixCleaner::clean() 	  3    0
2026-08-04 19:49:54	INFO	SDAlgorithmBase::deconvolve 	[ngc4254_12m_hcop:C2] iters=2->9 [7], model=0->0.00310738, peakres=0.00237516->0.00190514, Reached cyclethreshold.
2026-08-04 19:49:54	INFO	MatrixCleaner::validatePsf() 	Peak of PSF = 1 at [512, 576]
2026-08-04 19:49:54	INFO	MatrixCleaner::makePsfScales() 	Calculating convolutions for scale 0
2026-08-04 19:49:54	INFO	MatrixCleaner::makePsfScales() 	Calculating convolutions for scale 1
2026-08-04 19:49:54	INFO	MatrixCleaner::makePsfScales() 	Calculating convolutions for scale 2
2026-08-04 19:49:54	INFO	MatrixCleaner::makePsfScales() 	Calculating convolutions for scale 3
2026-08-04 19:49:54	INFO	MatrixCleaner::makeScaleMasks() 	Calculating mask convolution for scale 0
2026-08-04 19:49:54	INFO	MatrixCleaner::makeScaleMasks() 	Calculating mask convolution for scale 1
2026-08-04 19:49:54	INFO	MatrixCleaner::makeScaleMasks() 	Calculating mask convolution for scale 2
2026-08-04 19:49:54	INFO	MatrixCleaner::makeScaleMasks() 	Calculating mask convolution for scale 3
2026-08-04 19:49:54	INFO	MatrixCleaner::clean() 	scale 1 = 0 pixels with bias = 1
2026-08-04 19:49:54	INFO	MatrixCleaner::clean() 	scale 2 = 4 pixels with bias = 0.82
2026-08-04 19:49:54	INFO	MatrixCleaner::clean() 	scale 3 = 10 pixels with bias = 0.55
2026-08-04 19:49:54	INFO	MatrixCleaner::clean() 	scale 4 = 20 pixels with bias = 0.1
2026-08-04 19:49:54	INFO	MatrixCleaner::clean() 	Cleaning using given mask
2026-08-04 19:49:54	INFO	MatrixCleaner::clean() 	Cleaning pixels with mask values above 0.9
2026-08-04 19:49:54	INFO	MatrixCleaner::clean() 	Starting iteration
2026-08-04 19:49:54	INFO	MatrixCleaner::clean() 	Initial maximum residual is 0.0100715 within the mask 
2026-08-04 19:49:54	INFO	MatrixCleaner::clean() 	iteration    MaximumResidual   CleanedFlux
2026-08-04 19:49:54	INFO	MatrixCleaner::clean() 	10      0.00535755      0.00606334
2026-08-04 19:49:54	INFO	MatrixCleaner::clean() 	Reached stopping threshold 0.00204665 at iteration 10
2026-08-04 19:49:54	INFO	MatrixCleaner::clean() 	Optimum flux is 0.00177804
2026-08-04 19:49:54	INFO	MatrixCleaner::clean() 	  0    6.22883e-05
2026-08-04 19:49:54	INFO	MatrixCleaner::clean() 	  1    0.000567734
2026-08-04 19:49:54	INFO	MatrixCleaner::clean() 	  2    0.00525551
2026-08-04 19:49:54	INFO	MatrixCleaner::clean() 	  3    0
2026-08-04 19:49:55	INFO	SDAlgorithmBase::deconvolve 	[ngc4254_12m_hcop:C3] iters=9->20 [11], model=0->0.00606334, peakres=0.00323351->0.00177804, Reached cyclethreshold.
2026-08-04 19:49:55	INFO	MatrixCleaner::validatePsf() 	Peak of PSF = 1 at [512, 576]
2026-08-04 19:49:55	INFO	MatrixCleaner::makePsfScales() 	Calculating convolutions for scale 0
2026-08-04 19:49:55	INFO	MatrixCleaner::makePsfScales() 	Calculating convolutions for scale 1
2026-08-04 19:49:55	INFO	MatrixCleaner::makePsfScales() 	Calculating convolutions for scale 2
2026-08-04 19:49:55	INFO	MatrixCleaner::makePsfScales() 	Calculating convolutions for scale 3
2026-08-04 19:49:55	INFO	MatrixCleaner::makeScaleMasks() 	Calculating mask convolution for scale 0
2026-08-04 19:49:55	INFO	MatrixCleaner::makeScaleMasks() 	Calculating mask convolution for scale 1
2026-08-04 19:49:55	INFO	MatrixCleaner::makeScaleMasks() 	Calculating mask convolution for scale 2
2026-08-04 19:49:55	INFO	MatrixCleaner::makeScaleMasks() 	Calculating mask convolution for scale 3
2026-08-04 19:49:55	INFO	MatrixCleaner::clean() 	scale 1 = 0 pixels with bias = 1
2026-08-04 19:49:55	INFO	MatrixCleaner::clean() 	scale 2 = 4 pixels with bias = 0.82
2026-08-04 19:49:55	INFO	MatrixCleaner::clean() 	scale 3 = 10 pixels with bias = 0.55
2026-08-04 19:49:55	INFO	MatrixCleaner::clean() 	scale 4 = 20 pixels with bias = 0.1
2026-08-04 19:49:55	INFO	MatrixCleaner::clean() 	Cleaning using given mask
2026-08-04 19:49:55	INFO	MatrixCleaner::clean() 	Cleaning pixels with mask values above 0.9
2026-08-04 19:49:55	INFO	MatrixCleaner::clean() 	Starting iteration
2026-08-04 19:49:55	INFO	MatrixCleaner::clean() 	Initial maximum residual is 0.00706879 within the mask 
2026-08-04 19:49:55	INFO	MatrixCleaner::clean() 	iteration    MaximumResidual   CleanedFlux
2026-08-04 19:49:55	INFO	MatrixCleaner::clean() 	Reached stopping threshold 0.00204665 at iteration 4
2026-08-04 19:49:55	INFO	MatrixCleaner::clean() 	Optimum flux is 0.00181898
2026-08-04 19:49:55	INFO	MatrixCleaner::clean() 	  0    0.000392931
2026-08-04 19:49:55	INFO	MatrixCleaner::clean() 	  1    0
2026-08-04 19:49:55	INFO	MatrixCleaner::clean() 	  2    0.0018978
2026-08-04 19:49:55	INFO	MatrixCleaner::clean() 	  3    0
2026-08-04 19:49:55	INFO	SDAlgorithmBase::deconvolve 	[ngc4254_12m_hcop:C4] iters=20->25 [5], model=0->0.00210883, peakres=0.00237483->0.00181898, Reached cyclethreshold.
2026-08-04 19:49:55	INFO	SDAlgorithmBase::deconvolve 	[ngc4254_12m_hcop:C5] iters=25->25 [0], model=0->0, peakres=0.0017335->0.0017335, Reached cyclethreshold.
2026-08-04 19:49:55	INFO	MatrixCleaner::validatePsf() 	Peak of PSF = 1 at [512, 576]
2026-08-04 19:49:55	INFO	MatrixCleaner::makePsfScales() 	Calculating convolutions for scale 0
2026-08-04 19:49:55	INFO	MatrixCleaner::makePsfScales() 	Calculating convolutions for scale 1
2026-08-04 19:49:55	INFO	MatrixCleaner::makePsfScales() 	Calculating convolutions for scale 2
2026-08-04 19:49:55	INFO	MatrixCleaner::makePsfScales() 	Calculating convolutions for scale 3
2026-08-04 19:49:55	INFO	MatrixCleaner::makeScaleMasks() 	Calculating mask convolution for scale 0
2026-08-04 19:49:55	INFO	MatrixCleaner::makeScaleMasks() 	Calculating mask convolution for scale 1
2026-08-04 19:49:55	INFO	MatrixCleaner::makeScaleMasks() 	Calculating mask convolution for scale 2
2026-08-04 19:49:55	INFO	MatrixCleaner::makeScaleMasks() 	Calculating mask convolution for scale 3
2026-08-04 19:49:56	INFO	MatrixCleaner::clean() 	scale 1 = 0 pixels with bias = 1
2026-08-04 19:49:56	INFO	MatrixCleaner::clean() 	scale 2 = 4 pixels with bias = 0.82
2026-08-04 19:49:56	INFO	MatrixCleaner::clean() 	scale 3 = 10 pixels with bias = 0.55
2026-08-04 19:49:56	INFO	MatrixCleaner::clean() 	scale 4 = 20 pixels with bias = 0.1
2026-08-04 19:49:56	INFO	MatrixCleaner::clean() 	Cleaning using given mask
2026-08-04 19:49:56	INFO	MatrixCleaner::clean() 	Cleaning pixels with mask values above 0.9
2026-08-04 19:49:56	INFO	MatrixCleaner::clean() 	Starting iteration
2026-08-04 19:49:56	INFO	MatrixCleaner::clean() 	Initial maximum residual is 0.00232434 within the mask 
2026-08-04 19:49:56	INFO	MatrixCleaner::clean() 	iteration    MaximumResidual   CleanedFlux
2026-08-04 19:49:56	INFO	MatrixCleaner::clean() 	Reached stopping threshold 0.00204665 at iteration 3
2026-08-04 19:49:56	INFO	MatrixCleaner::clean() 	Optimum flux is 0.00188294
2026-08-04 19:49:56	INFO	MatrixCleaner::clean() 	  0    0.000629919
2026-08-04 19:49:56	INFO	MatrixCleaner::clean() 	  1    0.00028096
2026-08-04 19:49:56	INFO	MatrixCleaner::clean() 	  2    0
2026-08-04 19:49:56	INFO	MatrixCleaner::clean() 	  3    0
2026-08-04 19:49:56	INFO	SDAlgorithmBase::deconvolve 	[ngc4254_12m_hcop:C6] iters=25->29 [4], model=0->0.000722585, peakres=0.00232434->0.00188294, Reached cyclethreshold.
2026-08-04 19:49:56	INFO	MatrixCleaner::validatePsf() 	Peak of PSF = 1 at [512, 576]
2026-08-04 19:49:56	INFO	MatrixCleaner::makePsfScales() 	Calculating convolutions for scale 0
2026-08-04 19:49:56	INFO	MatrixCleaner::makePsfScales() 	Calculating convolutions for scale 1
2026-08-04 19:49:56	INFO	MatrixCleaner::makePsfScales() 	Calculating convolutions for scale 2
2026-08-04 19:49:56	INFO	MatrixCleaner::makePsfScales() 	Calculating convolutions for scale 3
2026-08-04 19:49:56	INFO	MatrixCleaner::makeScaleMasks() 	Calculating mask convolution for scale 0
2026-08-04 19:49:56	INFO	MatrixCleaner::makeScaleMasks() 	Calculating mask convolution for scale 1
2026-08-04 19:49:56	INFO	MatrixCleaner::makeScaleMasks() 	Calculating mask convolution for scale 2
2026-08-04 19:49:56	INFO	MatrixCleaner::makeScaleMasks() 	Calculating mask convolution for scale 3
2026-08-04 19:49:56	INFO	MatrixCleaner::clean() 	scale 1 = 0 pixels with bias = 1
2026-08-04 19:49:56	INFO	MatrixCleaner::clean() 	scale 2 = 4 pixels with bias = 0.82
2026-08-04 19:49:56	INFO	MatrixCleaner::clean() 	scale 3 = 10 pixels with bias = 0.55
2026-08-04 19:49:56	INFO	MatrixCleaner::clean() 	scale 4 = 20 pixels with bias = 0.1
2026-08-04 19:49:56	INFO	MatrixCleaner::clean() 	Cleaning using given mask
2026-08-04 19:49:56	INFO	MatrixCleaner::clean() 	Cleaning pixels with mask values above 0.9
2026-08-04 19:49:56	INFO	MatrixCleaner::clean() 	Starting iteration
2026-08-04 19:49:56	INFO	MatrixCleaner::clean() 	Initial maximum residual is 0.0029843 within the mask 
2026-08-04 19:49:56	INFO	MatrixCleaner::clean() 	iteration    MaximumResidual   CleanedFlux
2026-08-04 19:49:57	INFO	MatrixCleaner::clean() 	Diverging due to large scale?
2026-08-04 19:49:57	INFO	MatrixCleaner::clean() 	  0    0.00029843
2026-08-04 19:49:57	INFO	MatrixCleaner::clean() 	  1    0.000713687
2026-08-04 19:49:57	INFO	MatrixCleaner::clean() 	  2    0.000630827
2026-08-04 19:49:57	INFO	MatrixCleaner::clean() 	  3    0
2026-08-04 19:49:57	WARN	SDAlgorithmMSClean::takeOneStep (file /source/casa6/casatools/src/code/synthesis/ImagerObjects/SDAlgorithmMSClean.cc, line 185)	MSClean minor cycle stopped at large scale negative or diverging
2026-08-04 19:49:57	INFO	SDAlgorithmBase::deconvolve 	[ngc4254_12m_hcop:C7] iters=29->33 [4], model=0->0.00101212, peakres=0.0029843->0.00216843, Exited multiscale minor cycle without reaching any stopping criterion.
2026-08-04 19:49:57	INFO	MatrixCleaner::validatePsf() 	Peak of PSF = 1 at [512, 576]
2026-08-04 19:49:57	INFO	MatrixCleaner::makePsfScales() 	Calculating convolutions for scale 0
2026-08-04 19:49:57	INFO	MatrixCleaner::makePsfScales() 	Calculating convolutions for scale 1
2026-08-04 19:49:57	INFO	MatrixCleaner::makePsfScales() 	Calculating convolutions for scale 2
2026-08-04 19:49:57	INFO	MatrixCleaner::makePsfScales() 	Calculating convolutions for scale 3
2026-08-04 19:49:57	INFO	MatrixCleaner::makeScaleMasks() 	Calculating mask convolution for scale 0
2026-08-04 19:49:57	INFO	MatrixCleaner::makeScaleMasks() 	Calculating mask convolution for scale 1
2026-08-04 19:49:57	INFO	MatrixCleaner::makeScaleMasks() 	Calculating mask convolution for scale 2
2026-08-04 19:49:57	INFO	MatrixCleaner::makeScaleMasks() 	Calculating mask convolution for scale 3
2026-08-04 19:49:57	INFO	MatrixCleaner::clean() 	scale 1 = 0 pixels with bias = 1
2026-08-04 19:49:57	INFO	MatrixCleaner::clean() 	scale 2 = 4 pixels with bias = 0.82
2026-08-04 19:49:57	INFO	MatrixCleaner::clean() 	scale 3 = 10 pixels with bias = 0.55
2026-08-04 19:49:57	INFO	MatrixCleaner::clean() 	scale 4 = 20 pixels with bias = 0.1
2026-08-04 19:49:57	INFO	MatrixCleaner::clean() 	Cleaning using given mask
2026-08-04 19:49:57	INFO	MatrixCleaner::clean() 	Cleaning pixels with mask values above 0.9
2026-08-04 19:49:57	INFO	MatrixCleaner::clean() 	Starting iteration
2026-08-04 19:49:57	INFO	MatrixCleaner::clean() 	Initial maximum residual is 0.00679394 within the mask 
2026-08-04 19:49:57	INFO	MatrixCleaner::clean() 	iteration    MaximumResidual   CleanedFlux
2026-08-04 19:49:57	INFO	MatrixCleaner::clean() 	Reached stopping threshold 0.00204665 at iteration 4
2026-08-04 19:49:57	INFO	MatrixCleaner::clean() 	Optimum flux is 0.00189794
2026-08-04 19:49:57	INFO	MatrixCleaner::clean() 	  0    0.000400658
2026-08-04 19:49:57	INFO	MatrixCleaner::clean() 	  1    0
2026-08-04 19:49:57	INFO	MatrixCleaner::clean() 	  2    0.00184119
2026-08-04 19:49:57	INFO	MatrixCleaner::clean() 	  3    0
2026-08-04 19:49:57	INFO	SDAlgorithmBase::deconvolve 	[ngc4254_12m_hcop:C8] iters=33->38 [5], model=0->0.00205205, peakres=0.00233648->0.00189794, Reached cyclethreshold.
2026-08-04 19:49:57	INFO	MatrixCleaner::validatePsf() 	Peak of PSF = 1 at [512, 576]
2026-08-04 19:49:57	INFO	MatrixCleaner::makePsfScales() 	Calculating convolutions for scale 0
2026-08-04 19:49:57	INFO	MatrixCleaner::makePsfScales() 	Calculating convolutions for scale 1
2026-08-04 19:49:58	INFO	MatrixCleaner::makePsfScales() 	Calculating convolutions for scale 2
2026-08-04 19:49:58	INFO	MatrixCleaner::makePsfScales() 	Calculating convolutions for scale 3
2026-08-04 19:49:58	INFO	MatrixCleaner::makeScaleMasks() 	Calculating mask convolution for scale 0
2026-08-04 19:49:58	INFO	MatrixCleaner::makeScaleMasks() 	Calculating mask convolution for scale 1
2026-08-04 19:49:58	INFO	MatrixCleaner::makeScaleMasks() 	Calculating mask convolution for scale 2
2026-08-04 19:49:58	INFO	MatrixCleaner::makeScaleMasks() 	Calculating mask convolution for scale 3
2026-08-04 19:49:58	INFO	MatrixCleaner::clean() 	scale 1 = 0 pixels with bias = 1
2026-08-04 19:49:58	INFO	MatrixCleaner::clean() 	scale 2 = 4 pixels with bias = 0.82
2026-08-04 19:49:58	INFO	MatrixCleaner::clean() 	scale 3 = 10 pixels with bias = 0.55
2026-08-04 19:49:58	INFO	MatrixCleaner::clean() 	scale 4 = 20 pixels with bias = 0.1
2026-08-04 19:49:58	INFO	MatrixCleaner::clean() 	Cleaning using given mask
2026-08-04 19:49:58	INFO	MatrixCleaner::clean() 	Cleaning pixels with mask values above 0.9
2026-08-04 19:49:58	INFO	MatrixCleaner::clean() 	Starting iteration
2026-08-04 19:49:58	INFO	MatrixCleaner::clean() 	Initial maximum residual is 0.00286632 within the mask 
2026-08-04 19:49:58	INFO	MatrixCleaner::clean() 	iteration    MaximumResidual   CleanedFlux
2026-08-04 19:49:58	INFO	MatrixCleaner::clean() 	Diverging due to large scale?
2026-08-04 19:49:58	INFO	MatrixCleaner::clean() 	  0    0.000500906
2026-08-04 19:49:58	INFO	MatrixCleaner::clean() 	  1    0.000672305
2026-08-04 19:49:58	INFO	MatrixCleaner::clean() 	  2    0.000597905
2026-08-04 19:49:58	INFO	MatrixCleaner::clean() 	  3    0
2026-08-04 19:49:58	WARN	SDAlgorithmMSClean::takeOneStep (file /source/casa6/casatools/src/code/synthesis/ImagerObjects/SDAlgorithmMSClean.cc, line 185)	MSClean minor cycle stopped at large scale negative or diverging
2026-08-04 19:49:58	INFO	SDAlgorithmBase::deconvolve 	[ngc4254_12m_hcop:C9] iters=38->43 [5], model=0->0.00117321, peakres=0.00286632->0.00205145, Exited multiscale minor cycle without reaching any stopping criterion.
2026-08-04 19:49:58	INFO	SDAlgorithmBase::deconvolve 	[ngc4254_12m_hcop] Total model flux (over all planes) : 0.0164455     Peak Residual (over all planes) : 0.00216843 in C7:P0
2026-08-04 19:49:59	INFO	SynthesisDeconvolver::setupDeconvolution 	Set Deconvolution Options for [ngc4254_12m_hcop] : multiscale
2026-08-04 19:50:00	INFO	SynthesisDeconvolver::initMinorCycle 	 Absolute Peak residual within mask : 0.00311218, over full image : 0.00311218
2026-08-04 19:50:00	INFO	CubeMinorCycleAlgorithm::task 	Processing channels in range [40, 49]
2026-08-04 19:50:00	INFO	SDAlgorithmBase::deconvolve 	[ngc4254_12m_hcop] Run multiscale minor-cycle on 10 chans | CycleThreshold=0.00204665, CycleNiter=100, Gain=0.1
2026-08-04 19:50:00	INFO	MatrixCleaner::validatePsf() 	Peak of PSF = 1 at [512, 576]
2026-08-04 19:50:00	INFO	MatrixCleaner::makePsfScales() 	Calculating convolutions for scale 0
2026-08-04 19:50:00	INFO	MatrixCleaner::makePsfScales() 	Calculating convolutions for scale 1
2026-08-04 19:50:00	INFO	MatrixCleaner::makePsfScales() 	Calculating convolutions for scale 2
2026-08-04 19:50:00	INFO	MatrixCleaner::makePsfScales() 	Calculating convolutions for scale 3
2026-08-04 19:50:00	INFO	MatrixCleaner::makeScaleMasks() 	Calculating mask convolution for scale 0
2026-08-04 19:50:00	INFO	MatrixCleaner::makeScaleMasks() 	Calculating mask convolution for scale 1
2026-08-04 19:50:00	INFO	MatrixCleaner::makeScaleMasks() 	Calculating mask convolution for scale 2
2026-08-04 19:50:00	INFO	MatrixCleaner::makeScaleMasks() 	Calculating mask convolution for scale 3
2026-08-04 19:50:00	INFO	MatrixCleaner::clean() 	scale 1 = 0 pixels with bias = 1
2026-08-04 19:50:00	INFO	MatrixCleaner::clean() 	scale 2 = 4 pixels with bias = 0.82
2026-08-04 19:50:00	INFO	MatrixCleaner::clean() 	scale 3 = 10 pixels with bias = 0.55
2026-08-04 19:50:00	INFO	MatrixCleaner::clean() 	scale 4 = 20 pixels with bias = 0.1
2026-08-04 19:50:00	INFO	MatrixCleaner::clean() 	Cleaning using given mask
2026-08-04 19:50:00	INFO	MatrixCleaner::clean() 	Cleaning pixels with mask values above 0.9
2026-08-04 19:50:00	INFO	MatrixCleaner::clean() 	Starting iteration
2026-08-04 19:50:00	INFO	MatrixCleaner::clean() 	Initial maximum residual is 0.0024475 within the mask 
2026-08-04 19:50:00	INFO	MatrixCleaner::clean() 	iteration    MaximumResidual   CleanedFlux
2026-08-04 19:50:00	INFO	MatrixCleaner::clean() 	Reached stopping threshold 0.00204665 at iteration 3
2026-08-04 19:50:00	INFO	MatrixCleaner::clean() 	Optimum flux is 0.00199549
2026-08-04 19:50:00	INFO	MatrixCleaner::clean() 	  0    0.000665909
2026-08-04 19:50:00	INFO	MatrixCleaner::clean() 	  1    0.000300281
2026-08-04 19:50:00	INFO	MatrixCleaner::clean() 	  2    0
2026-08-04 19:50:00	INFO	MatrixCleaner::clean() 	  3    0
2026-08-04 19:50:01	INFO	SDAlgorithmBase::deconvolve 	[ngc4254_12m_hcop:C0] iters=0->4 [4], model=0->0.000766641, peakres=0.0024475->0.00199549, Reached cyclethreshold.
2026-08-04 19:50:01	INFO	MatrixCleaner::validatePsf() 	Peak of PSF = 1 at [512, 576]
2026-08-04 19:50:01	INFO	MatrixCleaner::makePsfScales() 	Calculating convolutions for scale 0
2026-08-04 19:50:01	INFO	MatrixCleaner::makePsfScales() 	Calculating convolutions for scale 1
2026-08-04 19:50:01	INFO	MatrixCleaner::makePsfScales() 	Calculating convolutions for scale 2
2026-08-04 19:50:01	INFO	MatrixCleaner::makePsfScales() 	Calculating convolutions for scale 3
2026-08-04 19:50:01	INFO	MatrixCleaner::makeScaleMasks() 	Calculating mask convolution for scale 0
2026-08-04 19:50:01	INFO	MatrixCleaner::makeScaleMasks() 	Calculating mask convolution for scale 1
2026-08-04 19:50:01	INFO	MatrixCleaner::makeScaleMasks() 	Calculating mask convolution for scale 2
2026-08-04 19:50:01	INFO	MatrixCleaner::makeScaleMasks() 	Calculating mask convolution for scale 3
2026-08-04 19:50:01	INFO	MatrixCleaner::clean() 	scale 1 = 0 pixels with bias = 1
2026-08-04 19:50:01	INFO	MatrixCleaner::clean() 	scale 2 = 4 pixels with bias = 0.82
2026-08-04 19:50:01	INFO	MatrixCleaner::clean() 	scale 3 = 10 pixels with bias = 0.55
2026-08-04 19:50:01	INFO	MatrixCleaner::clean() 	scale 4 = 20 pixels with bias = 0.1
2026-08-04 19:50:01	INFO	MatrixCleaner::clean() 	Cleaning using given mask
2026-08-04 19:50:01	INFO	MatrixCleaner::clean() 	Cleaning pixels with mask values above 0.9
2026-08-04 19:50:01	INFO	MatrixCleaner::clean() 	Starting iteration
2026-08-04 19:50:01	INFO	MatrixCleaner::clean() 	Initial maximum residual is 0.00311218 within the mask 
2026-08-04 19:50:01	INFO	MatrixCleaner::clean() 	iteration    MaximumResidual   CleanedFlux
2026-08-04 19:50:01	INFO	MatrixCleaner::clean() 	Reached stopping threshold 0.00204665 at iteration 7
2026-08-04 19:50:01	INFO	MatrixCleaner::clean() 	Optimum flux is 0.00191468
2026-08-04 19:50:01	INFO	MatrixCleaner::clean() 	  0    0.00147785
2026-08-04 19:50:01	INFO	MatrixCleaner::clean() 	  1    0.000578667
2026-08-04 19:50:01	INFO	MatrixCleaner::clean() 	  2    0
2026-08-04 19:50:01	INFO	MatrixCleaner::clean() 	  3    0
2026-08-04 19:50:01	INFO	SDAlgorithmBase::deconvolve 	[ngc4254_12m_hcop:C1] iters=4->12 [8], model=0->0.00186505, peakres=0.00311218->0.00191468, Reached cyclethreshold.
2026-08-04 19:50:01	INFO	MatrixCleaner::validatePsf() 	Peak of PSF = 1 at [512, 576]
2026-08-04 19:50:01	INFO	MatrixCleaner::makePsfScales() 	Calculating convolutions for scale 0
2026-08-04 19:50:01	INFO	MatrixCleaner::makePsfScales() 	Calculating convolutions for scale 1
2026-08-04 19:50:02	INFO	MatrixCleaner::makePsfScales() 	Calculating convolutions for scale 2
2026-08-04 19:50:02	INFO	MatrixCleaner::makePsfScales() 	Calculating convolutions for scale 3
2026-08-04 19:50:02	INFO	MatrixCleaner::makeScaleMasks() 	Calculating mask convolution for scale 0
2026-08-04 19:50:02	INFO	MatrixCleaner::makeScaleMasks() 	Calculating mask convolution for scale 1
2026-08-04 19:50:02	INFO	MatrixCleaner::makeScaleMasks() 	Calculating mask convolution for scale 2
2026-08-04 19:50:02	INFO	MatrixCleaner::makeScaleMasks() 	Calculating mask convolution for scale 3
2026-08-04 19:50:02	INFO	MatrixCleaner::clean() 	scale 1 = 0 pixels with bias = 1
2026-08-04 19:50:02	INFO	MatrixCleaner::clean() 	scale 2 = 4 pixels with bias = 0.82
2026-08-04 19:50:02	INFO	MatrixCleaner::clean() 	scale 3 = 10 pixels with bias = 0.55
2026-08-04 19:50:02	INFO	MatrixCleaner::clean() 	scale 4 = 20 pixels with bias = 0.1
2026-08-04 19:50:02	INFO	MatrixCleaner::clean() 	Cleaning using given mask
2026-08-04 19:50:02	INFO	MatrixCleaner::clean() 	Cleaning pixels with mask values above 0.9
2026-08-04 19:50:02	INFO	MatrixCleaner::clean() 	Starting iteration
2026-08-04 19:50:02	INFO	MatrixCleaner::clean() 	Initial maximum residual is 0.00287552 within the mask 
2026-08-04 19:50:02	INFO	MatrixCleaner::clean() 	iteration    MaximumResidual   CleanedFlux
2026-08-04 19:50:02	INFO	MatrixCleaner::clean() 	Diverging due to large scale?
2026-08-04 19:50:02	INFO	MatrixCleaner::clean() 	  0    0.000992039
2026-08-04 19:50:02	INFO	MatrixCleaner::clean() 	  1    0.000266401
2026-08-04 19:50:02	INFO	MatrixCleaner::clean() 	  2    0.000498507
2026-08-04 19:50:02	INFO	MatrixCleaner::clean() 	  3    0
2026-08-04 19:50:02	WARN	SDAlgorithmMSClean::takeOneStep (file /source/casa6/casatools/src/code/synthesis/ImagerObjects/SDAlgorithmMSClean.cc, line 185)	MSClean minor cycle stopped at large scale negative or diverging
2026-08-04 19:50:02	INFO	SDAlgorithmBase::deconvolve 	[ngc4254_12m_hcop:C2] iters=12->18 [6], model=0->0.00125844, peakres=0.00287552->0.00173808, Reached cyclethreshold.
2026-08-04 19:50:02	INFO	MatrixCleaner::validatePsf() 	Peak of PSF = 1 at [512, 576]
2026-08-04 19:50:02	INFO	MatrixCleaner::makePsfScales() 	Calculating convolutions for scale 0
2026-08-04 19:50:02	INFO	MatrixCleaner::makePsfScales() 	Calculating convolutions for scale 1
2026-08-04 19:50:02	INFO	MatrixCleaner::makePsfScales() 	Calculating convolutions for scale 2
2026-08-04 19:50:02	INFO	MatrixCleaner::makePsfScales() 	Calculating convolutions for scale 3
2026-08-04 19:50:02	INFO	MatrixCleaner::makeScaleMasks() 	Calculating mask convolution for scale 0
2026-08-04 19:50:02	INFO	MatrixCleaner::makeScaleMasks() 	Calculating mask convolution for scale 1
2026-08-04 19:50:02	INFO	MatrixCleaner::makeScaleMasks() 	Calculating mask convolution for scale 2
2026-08-04 19:50:02	INFO	MatrixCleaner::makeScaleMasks() 	Calculating mask convolution for scale 3
2026-08-04 19:50:02	INFO	MatrixCleaner::clean() 	scale 1 = 0 pixels with bias = 1
2026-08-04 19:50:02	INFO	MatrixCleaner::clean() 	scale 2 = 4 pixels with bias = 0.82
2026-08-04 19:50:02	INFO	MatrixCleaner::clean() 	scale 3 = 10 pixels with bias = 0.55
2026-08-04 19:50:02	INFO	MatrixCleaner::clean() 	scale 4 = 20 pixels with bias = 0.1
2026-08-04 19:50:02	INFO	MatrixCleaner::clean() 	Cleaning using given mask
2026-08-04 19:50:02	INFO	MatrixCleaner::clean() 	Cleaning pixels with mask values above 0.9
2026-08-04 19:50:02	INFO	MatrixCleaner::clean() 	Starting iteration
2026-08-04 19:50:02	INFO	MatrixCleaner::clean() 	Initial maximum residual is 0.00588897 within the mask 
2026-08-04 19:50:02	INFO	MatrixCleaner::clean() 	iteration    MaximumResidual   CleanedFlux
2026-08-04 19:50:03	INFO	MatrixCleaner::clean() 	Reached stopping threshold 0.00204665 at iteration 1
2026-08-04 19:50:03	INFO	MatrixCleaner::clean() 	Optimum flux is 0.00190506
2026-08-04 19:50:03	INFO	MatrixCleaner::clean() 	  0    0.000190506
2026-08-04 19:50:03	INFO	MatrixCleaner::clean() 	  1    0
2026-08-04 19:50:03	INFO	MatrixCleaner::clean() 	  2    0.000588897
2026-08-04 19:50:03	INFO	MatrixCleaner::clean() 	  3    0
2026-08-04 19:50:03	INFO	SDAlgorithmBase::deconvolve 	[ngc4254_12m_hcop:C3] iters=18->20 [2], model=0->0.000588897, peakres=0.00206422->0.00190506, Reached cyclethreshold.
2026-08-04 19:50:03	INFO	SDAlgorithmBase::deconvolve 	[ngc4254_12m_hcop:C4] iters=20->20 [0], model=0->0, peakres=0.00171873->0.00171873, Reached cyclethreshold.
2026-08-04 19:50:03	INFO	SDAlgorithmBase::deconvolve 	[ngc4254_12m_hcop:C5] iters=20->20 [0], model=0->0, peakres=0.00158877->0.00158877, Reached cyclethreshold.
2026-08-04 19:50:03	INFO	SDAlgorithmBase::deconvolve 	[ngc4254_12m_hcop:C6] iters=20->20 [0], model=0->0, peakres=0.00168187->0.00168187, Reached cyclethreshold.
2026-08-04 19:50:03	INFO	SDAlgorithmBase::deconvolve 	[ngc4254_12m_hcop:C7] iters=20->20 [0], model=0->0, peakres=0.00157725->0.00157725, Reached cyclethreshold.
2026-08-04 19:50:03	INFO	SDAlgorithmBase::deconvolve 	[ngc4254_12m_hcop:C8] iters=20->20 [0], model=0->0, peakres=0.00161933->0.00161933, Reached cyclethreshold.
2026-08-04 19:50:03	INFO	SDAlgorithmBase::deconvolve 	[ngc4254_12m_hcop:C9] iters=20->20 [0], model=0->0, peakres=0.00175582->0.00175582, Reached cyclethreshold.
2026-08-04 19:50:03	INFO	SDAlgorithmBase::deconvolve 	[ngc4254_12m_hcop] Total model flux (over all planes) : 0.00447903     Peak Residual (over all planes) : 0.00199549 in C0:P0
2026-08-04 19:50:04	INFO	SynthesisDeconvolver::setupDeconvolution 	Set Deconvolution Options for [ngc4254_12m_hcop] : multiscale
2026-08-04 19:50:04	INFO	SynthesisDeconvolver::initMinorCycle 	 Absolute Peak residual within mask : 0.00177034, over full image : 0.00177034
2026-08-04 19:50:04	INFO	CubeMinorCycleAlgorithm::task 	Processing channels in range [50, 59]
2026-08-04 19:50:04	INFO	SDAlgorithmBase::deconvolve 	[ngc4254_12m_hcop] Run multiscale minor-cycle on 10 chans | CycleThreshold=0.00204665, CycleNiter=100, Gain=0.1
2026-08-04 19:50:05	INFO	SDAlgorithmBase::deconvolve 	[ngc4254_12m_hcop:C0] iters=0->0 [0], model=0->0, peakres=0.00172685->0.00172685, Reached cyclethreshold.
2026-08-04 19:50:05	INFO	SDAlgorithmBase::deconvolve 	[ngc4254_12m_hcop:C1] iters=0->0 [0], model=0->0, peakres=0.00155327->0.00155327, Reached cyclethreshold.
2026-08-04 19:50:05	INFO	SDAlgorithmBase::deconvolve 	[ngc4254_12m_hcop:C2] iters=0->0 [0], model=0->0, peakres=0.00160241->0.00160241, Reached cyclethreshold.
2026-08-04 19:50:05	INFO	SDAlgorithmBase::deconvolve 	[ngc4254_12m_hcop:C3] iters=0->0 [0], model=0->0, peakres=0.00177034->0.00177034, Reached cyclethreshold.
2026-08-04 19:50:05	INFO	SDAlgorithmBase::deconvolve 	[ngc4254_12m_hcop:C4] iters=0->0 [0], model=0->0, peakres=0.0015759->0.0015759, Reached cyclethreshold.
2026-08-04 19:50:05	INFO	SDAlgorithmBase::deconvolve 	[ngc4254_12m_hcop:C5] iters=0->0 [0], model=0->0, peakres=0.00158664->0.00158664, Reached cyclethreshold.
2026-08-04 19:50:05	INFO	SDAlgorithmBase::deconvolve 	[ngc4254_12m_hcop:C6] iters=0->0 [0], model=0->0, peakres=0.00169249->0.00169249, Reached cyclethreshold.
2026-08-04 19:50:05	INFO	SDAlgorithmBase::deconvolve 	[ngc4254_12m_hcop:C7] iters=0->0 [0], model=0->0, peakres=0.00163181->0.00163181, Reached cyclethreshold.
2026-08-04 19:50:05	INFO	SDAlgorithmBase::deconvolve 	[ngc4254_12m_hcop:C8] iters=0->0 [0], model=0->0, peakres=0.00150392->0.00150392, Reached cyclethreshold.
2026-08-04 19:50:05	INFO	SDAlgorithmBase::deconvolve 	[ngc4254_12m_hcop:C9] iters=0->0 [0], model=0->0, peakres=0.0015958->0.0015958, Reached cyclethreshold.
2026-08-04 19:50:05	INFO	SDAlgorithmBase::deconvolve 	[ngc4254_12m_hcop] Total model flux (over all planes) : 0     Peak Residual (over all planes) : 0.00177034 in C3:P0
2026-08-04 19:50:05	INFO	SynthesisDeconvolver::setupDeconvolution 	Set Deconvolution Options for [ngc4254_12m_hcop] : multiscale
2026-08-04 19:50:06	INFO	SynthesisDeconvolver::initMinorCycle 	 Absolute Peak residual within mask : 0.00182667, over full image : 0.00182667
2026-08-04 19:50:06	INFO	CubeMinorCycleAlgorithm::task 	Processing channels in range [60, 69]
2026-08-04 19:50:06	INFO	SDAlgorithmBase::deconvolve 	[ngc4254_12m_hcop] Run multiscale minor-cycle on 10 chans | CycleThreshold=0.00204665, CycleNiter=100, Gain=0.1
2026-08-04 19:50:06	INFO	SDAlgorithmBase::deconvolve 	[ngc4254_12m_hcop:C0] iters=0->0 [0], model=0->0, peakres=0.00182667->0.00182667, Reached cyclethreshold.
2026-08-04 19:50:06	INFO	SDAlgorithmBase::deconvolve 	[ngc4254_12m_hcop:C1] iters=0->0 [0], model=0->0, peakres=0.00158206->0.00158206, Reached cyclethreshold.
2026-08-04 19:50:06	INFO	SDAlgorithmBase::deconvolve 	[ngc4254_12m_hcop:C2] iters=0->0 [0], model=0->0, peakres=0.00171245->0.00171245, Reached cyclethreshold.
2026-08-04 19:50:06	INFO	SDAlgorithmBase::deconvolve 	[ngc4254_12m_hcop:C3] iters=0->0 [0], model=0->0, peakres=0.00170151->0.00170151, Reached cyclethreshold.
2026-08-04 19:50:06	INFO	SDAlgorithmBase::deconvolve 	[ngc4254_12m_hcop:C4] iters=0->0 [0], model=0->0, peakres=0.00153081->0.00153081, Reached cyclethreshold.
2026-08-04 19:50:06	INFO	SDAlgorithmBase::deconvolve 	[ngc4254_12m_hcop:C5] iters=0->0 [0], model=0->0, peakres=0.00180683->0.00180683, Reached cyclethreshold.
2026-08-04 19:50:06	INFO	SDAlgorithmBase::deconvolve 	[ngc4254_12m_hcop:C6] iters=0->0 [0], model=0->0, peakres=0.00152589->0.00152589, Reached cyclethreshold.
2026-08-04 19:50:06	INFO	SDAlgorithmBase::deconvolve 	[ngc4254_12m_hcop:C7] iters=0->0 [0], model=0->0, peakres=0.00151528->0.00151528, Reached cyclethreshold.
2026-08-04 19:50:07	INFO	SDAlgorithmBase::deconvolve 	[ngc4254_12m_hcop:C8] iters=0->0 [0], model=0->0, peakres=0.00167098->0.00167098, Reached cyclethreshold.
2026-08-04 19:50:07	INFO	SDAlgorithmBase::deconvolve 	[ngc4254_12m_hcop:C9] iters=0->0 [0], model=0->0, peakres=0.0014885->0.0014885, Reached cyclethreshold.
2026-08-04 19:50:07	INFO	SDAlgorithmBase::deconvolve 	[ngc4254_12m_hcop] Total model flux (over all planes) : 0     Peak Residual (over all planes) : 0.00182667 in C0:P0
2026-08-04 19:50:07	INFO	SynthesisDeconvolver::setupDeconvolution 	Set Deconvolution Options for [ngc4254_12m_hcop] : multiscale
2026-08-04 19:50:07	INFO	SynthesisDeconvolver::initMinorCycle 	 Absolute Peak residual within mask : 0.00148552, over full image : 0.00148552
2026-08-04 19:50:07	INFO	CubeMinorCycleAlgorithm::task 	Processing channels in range [70, 70]
2026-08-04 19:50:07	INFO	SDAlgorithmBase::deconvolve 	[ngc4254_12m_hcop] Run multiscale minor-cycle | CycleThreshold=0.00204665, CycleNiter=100, Gain=0.1
2026-08-04 19:50:07	INFO	SDAlgorithmBase::deconvolve 	[ngc4254_12m_hcop] iters=0->0 [0], model=0->0, peakres=0.00148552->0.00148552, Reached cyclethreshold.
2026-08-04 19:50:08	INFO	grpcInteractiveCleanManager::mergeCycleExecutionRecord 	Completed 81 iterations.
2026-08-04 19:50:08	INFO	task_tclean::SynthesisImager::executeMajorCycle 	----------------------------------------------------------- Run Major Cycle 1 -------------------------------------
2026-08-04 19:50:08	INFO	task_tclean::SynthesisImagerVi2::nSubCubeFitInMemory	Required memory: 10.47 GB. Available mem.: 251.4 GB (rc, mem. fraction: 80%, memory: -) => Subcubes: 1. Processes on node: 1.
2026-08-04 19:50:08	INFO	task_tclean::SynthesisImagerVi2::selectData 	MS : ngc4254_12m_hcop.ms | [Opened in readonly mode]
2026-08-04 19:50:08	INFO	task_tclean::SynthesisImagerVi2::selectData 	  NRows selected : 5338975
2026-08-04 19:50:15	INFO	task_tclean::SynthesisImager::getVPRecord 	Using default Voltage Patterns from the VPManager
2026-08-04 19:50:15	INFO	task_tclean::VPSkyJones::VPSkyJones	PB used ALMA
2026-08-04 19:50:15	INFO	task_tclean::SynthesisImagerVi2::weight() 	Set imaging weights : Briggs weighting: sidelobes will be suppressed over full image
2026-08-04 19:50:15	INFO	task_tclean::SynthesisImagerVi2::weight() 	Doing spectral cube Briggs weighting formula --  norm
2026-08-04 19:50:15	INFO	task_tclean::SynthesisImager::tuneSelectData 	Tuning frequency data selection to match image spectral coordinates
2026-08-04 19:50:15	INFO	task_tclean::SynthesisImagerVi2::selectData 	MS : ngc4254_12m_hcop.ms | [Opened in readonly mode]
2026-08-04 19:50:16	INFO	task_tclean::SynthesisImagerVi2::selectData 	  NRows selected : 5338975
2026-08-04 19:50:18	INFO	task_tclean::SynthesisImager::executeMajorCycle 	----------------------------------------------------------- Run Major Cycle 1 -------------------------------------
2026-08-04 19:50:20	INFO	task_tclean::HetArrConvFunc::findAntennaSizes	Overriding PB with Airy of diam,blockage=10.7 m,0.75 m starting with antenna 0
2026-08-04 19:50:20	INFO	task_tclean::HetArrConvFunc::findConvFunction 	convolution function support: [7]ELKEY 0_0_71 actualConvInd 0 pointer 1
2026-08-04 20:16:44	INFO	task_tclean::SynthesisDeconvolver::initMinorCycle 	 Absolute Peak residual within mask : 0.00235189, over full image : 0.00235189
2026-08-04 20:16:44	INFO	tclean::::casa	Minor Cycle controls : {'cycleniter': 100, 'cyclethreshold': 0.0013828957453370094, 'loopgain': 0.10000000149011612, 'nsigma': 0.0, 'thresholdreached': True}
2026-08-04 20:16:44	INFO	SynthesisDeconvolver::executeCubeMinorCycle 	---------------------------------------------------- Run Minor Cycle Iterations  ---------------------------------------------
2026-08-04 20:16:44	INFO	SynthesisDeconvolver::setupDeconvolution 	Set Deconvolution Options for [ngc4254_12m_hcop] : multiscale
2026-08-04 20:16:44	INFO	SynthesisDeconvolver::initMinorCycle 	 Absolute Peak residual within mask : 0.00175226, over full image : 0.00175226
2026-08-04 20:16:44	INFO	CubeMinorCycleAlgorithm::task 	Processing channels in range [0, 9]
2026-08-04 20:16:44	INFO	SDAlgorithmBase::deconvolve 	[ngc4254_12m_hcop] Run multiscale minor-cycle on 10 chans | CycleThreshold=0.0013829, CycleNiter=100, Gain=0.1
2026-08-04 20:16:45	INFO	SDAlgorithmBase::deconvolve 	[ngc4254_12m_hcop:C0] iters=0->0 [0], model=0->0, peakres=0->0, Reached cyclethreshold.
2026-08-04 20:16:45	INFO	MatrixCleaner::validatePsf() 	Peak of PSF = 1 at [512, 576]
2026-08-04 20:16:45	INFO	MatrixCleaner::makePsfScales() 	Calculating convolutions for scale 0
2026-08-04 20:16:45	INFO	MatrixCleaner::makePsfScales() 	Calculating convolutions for scale 1
2026-08-04 20:16:45	INFO	MatrixCleaner::makePsfScales() 	Calculating convolutions for scale 2
2026-08-04 20:16:45	INFO	MatrixCleaner::makePsfScales() 	Calculating convolutions for scale 3
2026-08-04 20:16:45	INFO	MatrixCleaner::makeScaleMasks() 	Calculating mask convolution for scale 0
2026-08-04 20:16:45	INFO	MatrixCleaner::makeScaleMasks() 	Calculating mask convolution for scale 1
2026-08-04 20:16:45	INFO	MatrixCleaner::makeScaleMasks() 	Calculating mask convolution for scale 2
2026-08-04 20:16:45	INFO	MatrixCleaner::makeScaleMasks() 	Calculating mask convolution for scale 3
2026-08-04 20:16:45	INFO	MatrixCleaner::clean() 	scale 1 = 0 pixels with bias = 1
2026-08-04 20:16:45	INFO	MatrixCleaner::clean() 	scale 2 = 4 pixels with bias = 0.82
2026-08-04 20:16:45	INFO	MatrixCleaner::clean() 	scale 3 = 10 pixels with bias = 0.55
2026-08-04 20:16:45	INFO	MatrixCleaner::clean() 	scale 4 = 20 pixels with bias = 0.1
2026-08-04 20:16:45	INFO	MatrixCleaner::clean() 	Cleaning using given mask
2026-08-04 20:16:45	INFO	MatrixCleaner::clean() 	Cleaning pixels with mask values above 0.9
2026-08-04 20:16:45	INFO	MatrixCleaner::clean() 	Starting iteration
2026-08-04 20:16:45	INFO	MatrixCleaner::clean() 	Initial maximum residual is 0.00155512 within the mask 
2026-08-04 20:16:45	INFO	MatrixCleaner::clean() 	iteration    MaximumResidual   CleanedFlux
2026-08-04 20:16:45	INFO	MatrixCleaner::clean() 	10      0.00139785      0.000579342
2026-08-04 20:16:45	INFO	MatrixCleaner::clean() 	Reached stopping threshold 0.0013829 at iteration 14
2026-08-04 20:16:45	INFO	MatrixCleaner::clean() 	Optimum flux is 0.0013754
2026-08-04 20:16:45	INFO	MatrixCleaner::clean() 	  0    0.00127215
2026-08-04 20:16:45	INFO	MatrixCleaner::clean() 	  1    0
2026-08-04 20:16:45	INFO	MatrixCleaner::clean() 	  2    0
2026-08-04 20:16:45	INFO	MatrixCleaner::clean() 	  3    0
2026-08-04 20:16:45	INFO	SDAlgorithmBase::deconvolve 	[ngc4254_12m_hcop:C1] iters=0->15 [15], model=0->0.00113461, peakres=0.00155512->0.0013754, Reached cyclethreshold.
2026-08-04 20:16:45	INFO	MatrixCleaner::validatePsf() 	Peak of PSF = 1 at [512, 576]
2026-08-04 20:16:45	INFO	MatrixCleaner::makePsfScales() 	Calculating convolutions for scale 0
2026-08-04 20:16:45	INFO	MatrixCleaner::makePsfScales() 	Calculating convolutions for scale 1
2026-08-04 20:16:45	INFO	MatrixCleaner::makePsfScales() 	Calculating convolutions for scale 2
2026-08-04 20:16:45	INFO	MatrixCleaner::makePsfScales() 	Calculating convolutions for scale 3
2026-08-04 20:16:45	INFO	MatrixCleaner::makeScaleMasks() 	Calculating mask convolution for scale 0
2026-08-04 20:16:46	INFO	MatrixCleaner::makeScaleMasks() 	Calculating mask convolution for scale 1
2026-08-04 20:16:46	INFO	MatrixCleaner::makeScaleMasks() 	Calculating mask convolution for scale 2
2026-08-04 20:16:46	INFO	MatrixCleaner::makeScaleMasks() 	Calculating mask convolution for scale 3
2026-08-04 20:16:46	INFO	MatrixCleaner::clean() 	scale 1 = 0 pixels with bias = 1
2026-08-04 20:16:46	INFO	MatrixCleaner::clean() 	scale 2 = 4 pixels with bias = 0.82
2026-08-04 20:16:46	INFO	MatrixCleaner::clean() 	scale 3 = 10 pixels with bias = 0.55
2026-08-04 20:16:46	INFO	MatrixCleaner::clean() 	scale 4 = 20 pixels with bias = 0.1
2026-08-04 20:16:46	INFO	MatrixCleaner::clean() 	Cleaning using given mask
2026-08-04 20:16:46	INFO	MatrixCleaner::clean() 	Cleaning pixels with mask values above 0.9
2026-08-04 20:16:46	INFO	MatrixCleaner::clean() 	Starting iteration
2026-08-04 20:16:46	INFO	MatrixCleaner::clean() 	Initial maximum residual is 0.00175226 within the mask 
2026-08-04 20:16:46	INFO	MatrixCleaner::clean() 	iteration    MaximumResidual   CleanedFlux
2026-08-04 20:16:46	INFO	MatrixCleaner::clean() 	10      -0.00139062      0.000637575
2026-08-04 20:16:46	INFO	MatrixCleaner::clean() 	Reached stopping threshold 0.0013829 at iteration 11
2026-08-04 20:16:46	INFO	MatrixCleaner::clean() 	Optimum flux is 0.00137767
2026-08-04 20:16:46	INFO	MatrixCleaner::clean() 	  0    0.000636345
2026-08-04 20:16:46	INFO	MatrixCleaner::clean() 	  1    0
2026-08-04 20:16:46	INFO	MatrixCleaner::clean() 	  2    0
2026-08-04 20:16:46	INFO	MatrixCleaner::clean() 	  3    0
2026-08-04 20:16:46	INFO	SDAlgorithmBase::deconvolve 	[ngc4254_12m_hcop:C2] iters=15->27 [12], model=0->0.000498578, peakres=0.00175226->0.00137769, Reached cyclethreshold.
2026-08-04 20:16:46	INFO	MatrixCleaner::validatePsf() 	Peak of PSF = 1 at [512, 576]
2026-08-04 20:16:46	INFO	MatrixCleaner::makePsfScales() 	Calculating convolutions for scale 0
2026-08-04 20:16:46	INFO	MatrixCleaner::makePsfScales() 	Calculating convolutions for scale 1
2026-08-04 20:16:46	INFO	MatrixCleaner::makePsfScales() 	Calculating convolutions for scale 2
2026-08-04 20:16:46	INFO	MatrixCleaner::makePsfScales() 	Calculating convolutions for scale 3
2026-08-04 20:16:46	INFO	MatrixCleaner::makeScaleMasks() 	Calculating mask convolution for scale 0
2026-08-04 20:16:46	INFO	MatrixCleaner::makeScaleMasks() 	Calculating mask convolution for scale 1
2026-08-04 20:16:46	INFO	MatrixCleaner::makeScaleMasks() 	Calculating mask convolution for scale 2
2026-08-04 20:16:46	INFO	MatrixCleaner::makeScaleMasks() 	Calculating mask convolution for scale 3
2026-08-04 20:16:46	INFO	MatrixCleaner::clean() 	scale 1 = 0 pixels with bias = 1
2026-08-04 20:16:46	INFO	MatrixCleaner::clean() 	scale 2 = 4 pixels with bias = 0.82
2026-08-04 20:16:46	INFO	MatrixCleaner::clean() 	scale 3 = 10 pixels with bias = 0.55
2026-08-04 20:16:46	INFO	MatrixCleaner::clean() 	scale 4 = 20 pixels with bias = 0.1
2026-08-04 20:16:46	INFO	MatrixCleaner::clean() 	Cleaning using given mask
2026-08-04 20:16:46	INFO	MatrixCleaner::clean() 	Cleaning pixels with mask values above 0.9
2026-08-04 20:16:46	INFO	MatrixCleaner::clean() 	Starting iteration
2026-08-04 20:16:46	INFO	MatrixCleaner::clean() 	Initial maximum residual is 0.00151231 within the mask 
2026-08-04 20:16:46	INFO	MatrixCleaner::clean() 	iteration    MaximumResidual   CleanedFlux
2026-08-04 20:16:46	INFO	MatrixCleaner::clean() 	Reached stopping threshold 0.0013829 at iteration 7
2026-08-04 20:16:46	INFO	MatrixCleaner::clean() 	Optimum flux is 0.00137838
2026-08-04 20:16:46	INFO	MatrixCleaner::clean() 	  0    -0.00029422
2026-08-04 20:16:46	INFO	MatrixCleaner::clean() 	  1    0
2026-08-04 20:16:46	INFO	MatrixCleaner::clean() 	  2    0
2026-08-04 20:16:46	INFO	MatrixCleaner::clean() 	  3    0
2026-08-04 20:16:46	INFO	SDAlgorithmBase::deconvolve 	[ngc4254_12m_hcop:C3] iters=27->35 [8], model=0->-0.000156382, peakres=0.00151231->0.00137838, Reached cyclethreshold.
2026-08-04 20:16:46	INFO	MatrixCleaner::validatePsf() 	Peak of PSF = 1 at [512, 576]
2026-08-04 20:16:47	INFO	MatrixCleaner::makePsfScales() 	Calculating convolutions for scale 0
2026-08-04 20:16:47	INFO	MatrixCleaner::makePsfScales() 	Calculating convolutions for scale 1
2026-08-04 20:16:47	INFO	MatrixCleaner::makePsfScales() 	Calculating convolutions for scale 2
2026-08-04 20:16:47	INFO	MatrixCleaner::makePsfScales() 	Calculating convolutions for scale 3
2026-08-04 20:16:47	INFO	MatrixCleaner::makeScaleMasks() 	Calculating mask convolution for scale 0
2026-08-04 20:16:47	INFO	MatrixCleaner::makeScaleMasks() 	Calculating mask convolution for scale 1
2026-08-04 20:16:47	INFO	MatrixCleaner::makeScaleMasks() 	Calculating mask convolution for scale 2
2026-08-04 20:16:47	INFO	MatrixCleaner::makeScaleMasks() 	Calculating mask convolution for scale 3
2026-08-04 20:16:47	INFO	MatrixCleaner::clean() 	scale 1 = 0 pixels with bias = 1
2026-08-04 20:16:47	INFO	MatrixCleaner::clean() 	scale 2 = 4 pixels with bias = 0.82
2026-08-04 20:16:47	INFO	MatrixCleaner::clean() 	scale 3 = 10 pixels with bias = 0.55
2026-08-04 20:16:47	INFO	MatrixCleaner::clean() 	scale 4 = 20 pixels with bias = 0.1
2026-08-04 20:16:47	INFO	MatrixCleaner::clean() 	Cleaning using given mask
2026-08-04 20:16:47	INFO	MatrixCleaner::clean() 	Cleaning pixels with mask values above 0.9
2026-08-04 20:16:47	INFO	MatrixCleaner::clean() 	Starting iteration
2026-08-04 20:16:47	INFO	MatrixCleaner::clean() 	Initial maximum residual is 0.00159846 within the mask 
2026-08-04 20:16:47	INFO	MatrixCleaner::clean() 	iteration    MaximumResidual   CleanedFlux
2026-08-04 20:16:47	INFO	MatrixCleaner::clean() 	Reached stopping threshold 0.0013829 at iteration 7
2026-08-04 20:16:47	INFO	MatrixCleaner::clean() 	Optimum flux is 0.00137986
2026-08-04 20:16:47	INFO	MatrixCleaner::clean() 	  0    3.34244e-05
2026-08-04 20:16:47	INFO	MatrixCleaner::clean() 	  1    0
2026-08-04 20:16:47	INFO	MatrixCleaner::clean() 	  2    0
2026-08-04 20:16:47	INFO	MatrixCleaner::clean() 	  3    0
2026-08-04 20:16:47	INFO	SDAlgorithmBase::deconvolve 	[ngc4254_12m_hcop:C4] iters=35->43 [8], model=0->0.00017141, peakres=0.00159846->0.00137986, Reached cyclethreshold.
2026-08-04 20:16:47	INFO	MatrixCleaner::validatePsf() 	Peak of PSF = 1 at [512, 576]
2026-08-04 20:16:47	INFO	MatrixCleaner::makePsfScales() 	Calculating convolutions for scale 0
2026-08-04 20:16:47	INFO	MatrixCleaner::makePsfScales() 	Calculating convolutions for scale 1
2026-08-04 20:16:47	INFO	MatrixCleaner::makePsfScales() 	Calculating convolutions for scale 2
2026-08-04 20:16:47	INFO	MatrixCleaner::makePsfScales() 	Calculating convolutions for scale 3
2026-08-04 20:16:47	INFO	MatrixCleaner::makeScaleMasks() 	Calculating mask convolution for scale 0
2026-08-04 20:16:47	INFO	MatrixCleaner::makeScaleMasks() 	Calculating mask convolution for scale 1
2026-08-04 20:16:47	INFO	MatrixCleaner::makeScaleMasks() 	Calculating mask convolution for scale 2
2026-08-04 20:16:47	INFO	MatrixCleaner::makeScaleMasks() 	Calculating mask convolution for scale 3
2026-08-04 20:16:48	INFO	MatrixCleaner::clean() 	scale 1 = 0 pixels with bias = 1
2026-08-04 20:16:48	INFO	MatrixCleaner::clean() 	scale 2 = 4 pixels with bias = 0.82
2026-08-04 20:16:48	INFO	MatrixCleaner::clean() 	scale 3 = 10 pixels with bias = 0.55
2026-08-04 20:16:48	INFO	MatrixCleaner::clean() 	scale 4 = 20 pixels with bias = 0.1
2026-08-04 20:16:48	INFO	MatrixCleaner::clean() 	Cleaning using given mask
2026-08-04 20:16:48	INFO	MatrixCleaner::clean() 	Cleaning pixels with mask values above 0.9
2026-08-04 20:16:48	INFO	MatrixCleaner::clean() 	Starting iteration
2026-08-04 20:16:48	INFO	MatrixCleaner::clean() 	Initial maximum residual is 0.00160863 within the mask 
2026-08-04 20:16:48	INFO	MatrixCleaner::clean() 	iteration    MaximumResidual   CleanedFlux
2026-08-04 20:16:48	INFO	MatrixCleaner::clean() 	10      -0.00140283      -0.000573335
2026-08-04 20:16:48	INFO	MatrixCleaner::clean() 	Reached stopping threshold 0.0013829 at iteration 11
2026-08-04 20:16:48	INFO	MatrixCleaner::clean() 	Optimum flux is 0.0013815
2026-08-04 20:16:48	INFO	MatrixCleaner::clean() 	  0    -0.000295505
2026-08-04 20:16:48	INFO	MatrixCleaner::clean() 	  1    0
2026-08-04 20:16:48	INFO	MatrixCleaner::clean() 	  2    0
2026-08-04 20:16:48	INFO	MatrixCleaner::clean() 	  3    0
2026-08-04 20:16:48	INFO	SDAlgorithmBase::deconvolve 	[ngc4254_12m_hcop:C5] iters=43->55 [12], model=0->-0.000433654, peakres=0.00160863->0.00138149, Reached cyclethreshold.
2026-08-04 20:16:48	INFO	MatrixCleaner::validatePsf() 	Peak of PSF = 1 at [512, 576]
2026-08-04 20:16:48	INFO	MatrixCleaner::makePsfScales() 	Calculating convolutions for scale 0
2026-08-04 20:16:48	INFO	MatrixCleaner::makePsfScales() 	Calculating convolutions for scale 1
2026-08-04 20:16:48	INFO	MatrixCleaner::makePsfScales() 	Calculating convolutions for scale 2
2026-08-04 20:16:48	INFO	MatrixCleaner::makePsfScales() 	Calculating convolutions for scale 3
2026-08-04 20:16:48	INFO	MatrixCleaner::makeScaleMasks() 	Calculating mask convolution for scale 0
2026-08-04 20:16:48	INFO	MatrixCleaner::makeScaleMasks() 	Calculating mask convolution for scale 1
2026-08-04 20:16:48	INFO	MatrixCleaner::makeScaleMasks() 	Calculating mask convolution for scale 2
2026-08-04 20:16:48	INFO	MatrixCleaner::makeScaleMasks() 	Calculating mask convolution for scale 3
2026-08-04 20:16:48	INFO	MatrixCleaner::clean() 	scale 1 = 0 pixels with bias = 1
2026-08-04 20:16:48	INFO	MatrixCleaner::clean() 	scale 2 = 4 pixels with bias = 0.82
2026-08-04 20:16:48	INFO	MatrixCleaner::clean() 	scale 3 = 10 pixels with bias = 0.55
2026-08-04 20:16:48	INFO	MatrixCleaner::clean() 	scale 4 = 20 pixels with bias = 0.1
2026-08-04 20:16:48	INFO	MatrixCleaner::clean() 	Cleaning using given mask
2026-08-04 20:16:48	INFO	MatrixCleaner::clean() 	Cleaning pixels with mask values above 0.9
2026-08-04 20:16:48	INFO	MatrixCleaner::clean() 	Starting iteration
2026-08-04 20:16:48	INFO	MatrixCleaner::clean() 	Initial maximum residual is 0.00152601 within the mask 
2026-08-04 20:16:48	INFO	MatrixCleaner::clean() 	iteration    MaximumResidual   CleanedFlux
2026-08-04 20:16:48	INFO	MatrixCleaner::clean() 	10      -0.0014082      -0.000872709
2026-08-04 20:16:48	INFO	MatrixCleaner::clean() 	Reached stopping threshold 0.0013829 at iteration 13
2026-08-04 20:16:48	INFO	MatrixCleaner::clean() 	Optimum flux is 0.0013806
2026-08-04 20:16:48	INFO	MatrixCleaner::clean() 	  0    -0.000590438
2026-08-04 20:16:48	INFO	MatrixCleaner::clean() 	  1    0
2026-08-04 20:16:48	INFO	MatrixCleaner::clean() 	  2    0
2026-08-04 20:16:48	INFO	MatrixCleaner::clean() 	  3    0
2026-08-04 20:16:48	INFO	SDAlgorithmBase::deconvolve 	[ngc4254_12m_hcop:C6] iters=55->69 [14], model=0->-0.000452378, peakres=0.00152601->0.0013806, Reached cyclethreshold.
2026-08-04 20:16:49	INFO	MatrixCleaner::validatePsf() 	Peak of PSF = 1 at [512, 576]
2026-08-04 20:16:49	INFO	MatrixCleaner::makePsfScales() 	Calculating convolutions for scale 0
2026-08-04 20:16:49	INFO	MatrixCleaner::makePsfScales() 	Calculating convolutions for scale 1
2026-08-04 20:16:49	INFO	MatrixCleaner::makePsfScales() 	Calculating convolutions for scale 2
2026-08-04 20:16:49	INFO	MatrixCleaner::makePsfScales() 	Calculating convolutions for scale 3
2026-08-04 20:16:49	INFO	MatrixCleaner::makeScaleMasks() 	Calculating mask convolution for scale 0
2026-08-04 20:16:49	INFO	MatrixCleaner::makeScaleMasks() 	Calculating mask convolution for scale 1
2026-08-04 20:16:49	INFO	MatrixCleaner::makeScaleMasks() 	Calculating mask convolution for scale 2
2026-08-04 20:16:49	INFO	MatrixCleaner::makeScaleMasks() 	Calculating mask convolution for scale 3
2026-08-04 20:16:49	INFO	MatrixCleaner::clean() 	scale 1 = 0 pixels with bias = 1
2026-08-04 20:16:49	INFO	MatrixCleaner::clean() 	scale 2 = 4 pixels with bias = 0.82
2026-08-04 20:16:49	INFO	MatrixCleaner::clean() 	scale 3 = 10 pixels with bias = 0.55
2026-08-04 20:16:49	INFO	MatrixCleaner::clean() 	scale 4 = 20 pixels with bias = 0.1
2026-08-04 20:16:49	INFO	MatrixCleaner::clean() 	Cleaning using given mask
2026-08-04 20:16:49	INFO	MatrixCleaner::clean() 	Cleaning pixels with mask values above 0.9
2026-08-04 20:16:49	INFO	MatrixCleaner::clean() 	Starting iteration
2026-08-04 20:16:49	INFO	MatrixCleaner::clean() 	Initial maximum residual is 0.00160541 within the mask 
2026-08-04 20:16:49	INFO	MatrixCleaner::clean() 	iteration    MaximumResidual   CleanedFlux
2026-08-04 20:16:49	INFO	MatrixCleaner::clean() 	10      -0.00139949      3.27692e-05
2026-08-04 20:16:49	INFO	MatrixCleaner::clean() 	Reached stopping threshold 0.0013829 at iteration 12
2026-08-04 20:16:49	INFO	MatrixCleaner::clean() 	Optimum flux is 0.00138026
2026-08-04 20:16:49	INFO	MatrixCleaner::clean() 	  0    0.000170977
2026-08-04 20:16:49	INFO	MatrixCleaner::clean() 	  1    0
2026-08-04 20:16:49	INFO	MatrixCleaner::clean() 	  2    0
2026-08-04 20:16:49	INFO	MatrixCleaner::clean() 	  3    0
2026-08-04 20:16:49	INFO	SDAlgorithmBase::deconvolve 	[ngc4254_12m_hcop:C7] iters=69->82 [13], model=0->3.29506e-05, peakres=0.00160541->0.00138026, Reached cyclethreshold.
2026-08-04 20:16:49	INFO	MatrixCleaner::validatePsf() 	Peak of PSF = 1 at [512, 576]
2026-08-04 20:16:49	INFO	MatrixCleaner::makePsfScales() 	Calculating convolutions for scale 0
2026-08-04 20:16:49	INFO	MatrixCleaner::makePsfScales() 	Calculating convolutions for scale 1
2026-08-04 20:16:49	INFO	MatrixCleaner::makePsfScales() 	Calculating convolutions for scale 2
2026-08-04 20:16:49	INFO	MatrixCleaner::makePsfScales() 	Calculating convolutions for scale 3
2026-08-04 20:16:49	INFO	MatrixCleaner::makeScaleMasks() 	Calculating mask convolution for scale 0
2026-08-04 20:16:50	INFO	MatrixCleaner::makeScaleMasks() 	Calculating mask convolution for scale 1
2026-08-04 20:16:50	INFO	MatrixCleaner::makeScaleMasks() 	Calculating mask convolution for scale 2
2026-08-04 20:16:50	INFO	MatrixCleaner::makeScaleMasks() 	Calculating mask convolution for scale 3
2026-08-04 20:16:50	INFO	MatrixCleaner::clean() 	scale 1 = 0 pixels with bias = 1
2026-08-04 20:16:50	INFO	MatrixCleaner::clean() 	scale 2 = 4 pixels with bias = 0.82
2026-08-04 20:16:50	INFO	MatrixCleaner::clean() 	scale 3 = 10 pixels with bias = 0.55
2026-08-04 20:16:50	INFO	MatrixCleaner::clean() 	scale 4 = 20 pixels with bias = 0.1
2026-08-04 20:16:50	INFO	MatrixCleaner::clean() 	Cleaning using given mask
2026-08-04 20:16:50	INFO	MatrixCleaner::clean() 	Cleaning pixels with mask values above 0.9
2026-08-04 20:16:50	INFO	MatrixCleaner::clean() 	Starting iteration
2026-08-04 20:16:50	INFO	MatrixCleaner::clean() 	Initial maximum residual is 0.00163721 within the mask 
2026-08-04 20:16:50	INFO	MatrixCleaner::clean() 	iteration    MaximumResidual   CleanedFlux
2026-08-04 20:16:50	INFO	MatrixCleaner::clean() 	10      0.00141948      0.000602992
2026-08-04 20:16:50	INFO	MatrixCleaner::clean() 	Reached stopping threshold 0.0013829 at iteration 18
2026-08-04 20:16:50	INFO	MatrixCleaner::clean() 	Optimum flux is 0.00138182
2026-08-04 20:16:50	INFO	MatrixCleaner::clean() 	  0    0.00186669
2026-08-04 20:16:50	INFO	MatrixCleaner::clean() 	  1    0
2026-08-04 20:16:50	INFO	MatrixCleaner::clean() 	  2    0
2026-08-04 20:16:50	INFO	MatrixCleaner::clean() 	  3    0
2026-08-04 20:16:50	INFO	SDAlgorithmBase::deconvolve 	[ngc4254_12m_hcop:C8] iters=82->101 [19], model=0->0.00172851, peakres=0.00163721->0.00138184, Reached cyclethreshold.
2026-08-04 20:16:50	INFO	MatrixCleaner::validatePsf() 	Peak of PSF = 1 at [512, 576]
2026-08-04 20:16:50	INFO	MatrixCleaner::makePsfScales() 	Calculating convolutions for scale 0
2026-08-04 20:16:50	INFO	MatrixCleaner::makePsfScales() 	Calculating convolutions for scale 1
2026-08-04 20:16:50	INFO	MatrixCleaner::makePsfScales() 	Calculating convolutions for scale 2
2026-08-04 20:16:50	INFO	MatrixCleaner::makePsfScales() 	Calculating convolutions for scale 3
2026-08-04 20:16:50	INFO	MatrixCleaner::makeScaleMasks() 	Calculating mask convolution for scale 0
2026-08-04 20:16:50	INFO	MatrixCleaner::makeScaleMasks() 	Calculating mask convolution for scale 1
2026-08-04 20:16:50	INFO	MatrixCleaner::makeScaleMasks() 	Calculating mask convolution for scale 2
2026-08-04 20:16:50	INFO	MatrixCleaner::makeScaleMasks() 	Calculating mask convolution for scale 3
2026-08-04 20:16:50	INFO	MatrixCleaner::clean() 	scale 1 = 0 pixels with bias = 1
2026-08-04 20:16:50	INFO	MatrixCleaner::clean() 	scale 2 = 4 pixels with bias = 0.82
2026-08-04 20:16:50	INFO	MatrixCleaner::clean() 	scale 3 = 10 pixels with bias = 0.55
2026-08-04 20:16:50	INFO	MatrixCleaner::clean() 	scale 4 = 20 pixels with bias = 0.1
2026-08-04 20:16:50	INFO	MatrixCleaner::clean() 	Cleaning using given mask
2026-08-04 20:16:50	INFO	MatrixCleaner::clean() 	Cleaning pixels with mask values above 0.9
2026-08-04 20:16:50	INFO	MatrixCleaner::clean() 	Starting iteration
2026-08-04 20:16:50	INFO	MatrixCleaner::clean() 	Initial maximum residual is 0.00171415 within the mask 
2026-08-04 20:16:50	INFO	MatrixCleaner::clean() 	iteration    MaximumResidual   CleanedFlux
2026-08-04 20:16:50	INFO	MatrixCleaner::clean() 	10      -0.00144316      3.28713e-05
2026-08-04 20:16:50	INFO	MatrixCleaner::clean() 	Reached stopping threshold 0.0013829 at iteration 17
2026-08-04 20:16:50	INFO	MatrixCleaner::clean() 	Optimum flux is 0.0013793
2026-08-04 20:16:50	INFO	MatrixCleaner::clean() 	  0    3.37991e-05
2026-08-04 20:16:50	INFO	MatrixCleaner::clean() 	  1    0
2026-08-04 20:16:50	INFO	MatrixCleaner::clean() 	  2    0
2026-08-04 20:16:50	INFO	MatrixCleaner::clean() 	  3    0
2026-08-04 20:16:51	INFO	SDAlgorithmBase::deconvolve 	[ngc4254_12m_hcop:C9] iters=101->119 [18], model=0->-0.000104131, peakres=0.00171415->0.0013793, Reached cyclethreshold.
2026-08-04 20:16:51	INFO	SDAlgorithmBase::deconvolve 	[ngc4254_12m_hcop] Total model flux (over all planes) : 0.00241952     Peak Residual (over all planes) : 0.00138184 in C8:P0
2026-08-04 20:16:51	INFO	SynthesisDeconvolver::setupDeconvolution 	Set Deconvolution Options for [ngc4254_12m_hcop] : multiscale
2026-08-04 20:16:52	INFO	SynthesisDeconvolver::initMinorCycle 	 Absolute Peak residual within mask : 0.00171213, over full image : 0.00171213
2026-08-04 20:16:52	INFO	CubeMinorCycleAlgorithm::task 	Processing channels in range [10, 19]
2026-08-04 20:16:52	INFO	SDAlgorithmBase::deconvolve 	[ngc4254_12m_hcop] Run multiscale minor-cycle on 10 chans | CycleThreshold=0.0013829, CycleNiter=100, Gain=0.1
2026-08-04 20:16:52	INFO	MatrixCleaner::validatePsf() 	Peak of PSF = 1 at [512, 576]
2026-08-04 20:16:52	INFO	MatrixCleaner::makePsfScales() 	Calculating convolutions for scale 0
2026-08-04 20:16:52	INFO	MatrixCleaner::makePsfScales() 	Calculating convolutions for scale 1
2026-08-04 20:16:52	INFO	MatrixCleaner::makePsfScales() 	Calculating convolutions for scale 2
2026-08-04 20:16:52	INFO	MatrixCleaner::makePsfScales() 	Calculating convolutions for scale 3
2026-08-04 20:16:52	INFO	MatrixCleaner::makeScaleMasks() 	Calculating mask convolution for scale 0
2026-08-04 20:16:52	INFO	MatrixCleaner::makeScaleMasks() 	Calculating mask convolution for scale 1
2026-08-04 20:16:53	INFO	MatrixCleaner::makeScaleMasks() 	Calculating mask convolution for scale 2
2026-08-04 20:16:53	INFO	MatrixCleaner::makeScaleMasks() 	Calculating mask convolution for scale 3
2026-08-04 20:16:53	INFO	MatrixCleaner::clean() 	scale 1 = 0 pixels with bias = 1
2026-08-04 20:16:53	INFO	MatrixCleaner::clean() 	scale 2 = 4 pixels with bias = 0.82
2026-08-04 20:16:53	INFO	MatrixCleaner::clean() 	scale 3 = 10 pixels with bias = 0.55
2026-08-04 20:16:53	INFO	MatrixCleaner::clean() 	scale 4 = 20 pixels with bias = 0.1
2026-08-04 20:16:53	INFO	MatrixCleaner::clean() 	Cleaning using given mask
2026-08-04 20:16:53	INFO	MatrixCleaner::clean() 	Cleaning pixels with mask values above 0.9
2026-08-04 20:16:53	INFO	MatrixCleaner::clean() 	Starting iteration
2026-08-04 20:16:53	INFO	MatrixCleaner::clean() 	Initial maximum residual is 0.00162246 within the mask 
2026-08-04 20:16:53	INFO	MatrixCleaner::clean() 	iteration    MaximumResidual   CleanedFlux
2026-08-04 20:16:53	INFO	MatrixCleaner::clean() 	10      0.00146032      0.000629888
2026-08-04 20:16:53	INFO	MatrixCleaner::clean() 	20      0.00139172      0.000618993
2026-08-04 20:16:53	INFO	MatrixCleaner::clean() 	Reached stopping threshold 0.0013829 at iteration 21
2026-08-04 20:16:53	INFO	MatrixCleaner::clean() 	Optimum flux is 0.001381
2026-08-04 20:16:53	INFO	MatrixCleaner::clean() 	  0    0.000895981
2026-08-04 20:16:53	INFO	MatrixCleaner::clean() 	  1    0
2026-08-04 20:16:53	INFO	MatrixCleaner::clean() 	  2    0
2026-08-04 20:16:53	INFO	MatrixCleaner::clean() 	  3    0
2026-08-04 20:16:53	INFO	SDAlgorithmBase::deconvolve 	[ngc4254_12m_hcop:C0] iters=0->22 [22], model=0->0.000757881, peakres=0.00162246->0.00138097, Reached cyclethreshold.
2026-08-04 20:16:53	INFO	MatrixCleaner::validatePsf() 	Peak of PSF = 1 at [512, 576]
2026-08-04 20:16:53	INFO	MatrixCleaner::makePsfScales() 	Calculating convolutions for scale 0
2026-08-04 20:16:53	INFO	MatrixCleaner::makePsfScales() 	Calculating convolutions for scale 1
2026-08-04 20:16:53	INFO	MatrixCleaner::makePsfScales() 	Calculating convolutions for scale 2
2026-08-04 20:16:53	INFO	MatrixCleaner::makePsfScales() 	Calculating convolutions for scale 3
2026-08-04 20:16:53	INFO	MatrixCleaner::makeScaleMasks() 	Calculating mask convolution for scale 0
2026-08-04 20:16:53	INFO	MatrixCleaner::makeScaleMasks() 	Calculating mask convolution for scale 1
2026-08-04 20:16:53	INFO	MatrixCleaner::makeScaleMasks() 	Calculating mask convolution for scale 2
2026-08-04 20:16:53	INFO	MatrixCleaner::makeScaleMasks() 	Calculating mask convolution for scale 3
2026-08-04 20:16:53	INFO	MatrixCleaner::clean() 	scale 1 = 0 pixels with bias = 1
2026-08-04 20:16:53	INFO	MatrixCleaner::clean() 	scale 2 = 4 pixels with bias = 0.82
2026-08-04 20:16:53	INFO	MatrixCleaner::clean() 	scale 3 = 10 pixels with bias = 0.55
2026-08-04 20:16:53	INFO	MatrixCleaner::clean() 	scale 4 = 20 pixels with bias = 0.1
2026-08-04 20:16:53	INFO	MatrixCleaner::clean() 	Cleaning using given mask
2026-08-04 20:16:53	INFO	MatrixCleaner::clean() 	Cleaning pixels with mask values above 0.9
2026-08-04 20:16:53	INFO	MatrixCleaner::clean() 	Starting iteration
2026-08-04 20:16:54	INFO	MatrixCleaner::clean() 	Initial maximum residual is 0.00151406 within the mask 
2026-08-04 20:16:54	INFO	MatrixCleaner::clean() 	iteration    MaximumResidual   CleanedFlux
2026-08-04 20:16:54	INFO	MatrixCleaner::clean() 	10      -0.00138661      3.05896e-05
2026-08-04 20:16:54	INFO	MatrixCleaner::clean() 	Reached stopping threshold 0.0013829 at iteration 10
2026-08-04 20:16:54	INFO	MatrixCleaner::clean() 	Optimum flux is 0.00138184
2026-08-04 20:16:54	INFO	MatrixCleaner::clean() 	  0    0.000168774
2026-08-04 20:16:54	INFO	MatrixCleaner::clean() 	  1    0
2026-08-04 20:16:54	INFO	MatrixCleaner::clean() 	  2    0
2026-08-04 20:16:54	INFO	MatrixCleaner::clean() 	  3    0
2026-08-04 20:16:54	INFO	SDAlgorithmBase::deconvolve 	[ngc4254_12m_hcop:C1] iters=22->33 [11], model=0->3.05896e-05, peakres=0.00151406->0.00138184, Reached cyclethreshold.
2026-08-04 20:16:54	INFO	MatrixCleaner::validatePsf() 	Peak of PSF = 1 at [512, 576]
2026-08-04 20:16:54	INFO	MatrixCleaner::makePsfScales() 	Calculating convolutions for scale 0
2026-08-04 20:16:54	INFO	MatrixCleaner::makePsfScales() 	Calculating convolutions for scale 1
2026-08-04 20:16:54	INFO	MatrixCleaner::makePsfScales() 	Calculating convolutions for scale 2
2026-08-04 20:16:54	INFO	MatrixCleaner::makePsfScales() 	Calculating convolutions for scale 3
2026-08-04 20:16:54	INFO	MatrixCleaner::makeScaleMasks() 	Calculating mask convolution for scale 0
2026-08-04 20:16:54	INFO	MatrixCleaner::makeScaleMasks() 	Calculating mask convolution for scale 1
2026-08-04 20:16:54	INFO	MatrixCleaner::makeScaleMasks() 	Calculating mask convolution for scale 2
2026-08-04 20:16:54	INFO	MatrixCleaner::makeScaleMasks() 	Calculating mask convolution for scale 3
2026-08-04 20:16:54	INFO	MatrixCleaner::clean() 	scale 1 = 0 pixels with bias = 1
2026-08-04 20:16:54	INFO	MatrixCleaner::clean() 	scale 2 = 4 pixels with bias = 0.82
2026-08-04 20:16:54	INFO	MatrixCleaner::clean() 	scale 3 = 10 pixels with bias = 0.55
2026-08-04 20:16:54	INFO	MatrixCleaner::clean() 	scale 4 = 20 pixels with bias = 0.1
2026-08-04 20:16:54	INFO	MatrixCleaner::clean() 	Cleaning using given mask
2026-08-04 20:16:54	INFO	MatrixCleaner::clean() 	Cleaning pixels with mask values above 0.9
2026-08-04 20:16:54	INFO	MatrixCleaner::clean() 	Starting iteration
2026-08-04 20:16:54	INFO	MatrixCleaner::clean() 	Initial maximum residual is 0.00153297 within the mask 
2026-08-04 20:16:54	INFO	MatrixCleaner::clean() 	iteration    MaximumResidual   CleanedFlux
2026-08-04 20:16:54	INFO	MatrixCleaner::clean() 	10      -0.00139173      2.36464e-05
2026-08-04 20:16:54	INFO	MatrixCleaner::clean() 	Reached stopping threshold 0.0013829 at iteration 10
2026-08-04 20:16:54	INFO	MatrixCleaner::clean() 	Optimum flux is 0.00137874
2026-08-04 20:16:54	INFO	MatrixCleaner::clean() 	  0    0.00016152
2026-08-04 20:16:54	INFO	MatrixCleaner::clean() 	  1    0
2026-08-04 20:16:54	INFO	MatrixCleaner::clean() 	  2    0
2026-08-04 20:16:54	INFO	MatrixCleaner::clean() 	  3    0
2026-08-04 20:16:54	INFO	SDAlgorithmBase::deconvolve 	[ngc4254_12m_hcop:C2] iters=33->44 [11], model=0->2.36463e-05, peakres=0.00153297->0.00137874, Reached cyclethreshold.
2026-08-04 20:16:54	INFO	MatrixCleaner::validatePsf() 	Peak of PSF = 1 at [512, 576]
2026-08-04 20:16:54	INFO	MatrixCleaner::makePsfScales() 	Calculating convolutions for scale 0
2026-08-04 20:16:54	INFO	MatrixCleaner::makePsfScales() 	Calculating convolutions for scale 1
2026-08-04 20:16:54	INFO	MatrixCleaner::makePsfScales() 	Calculating convolutions for scale 2
2026-08-04 20:16:54	INFO	MatrixCleaner::makePsfScales() 	Calculating convolutions for scale 3
2026-08-04 20:16:55	INFO	MatrixCleaner::makeScaleMasks() 	Calculating mask convolution for scale 0
2026-08-04 20:16:55	INFO	MatrixCleaner::makeScaleMasks() 	Calculating mask convolution for scale 1
2026-08-04 20:16:55	INFO	MatrixCleaner::makeScaleMasks() 	Calculating mask convolution for scale 2
2026-08-04 20:16:55	INFO	MatrixCleaner::makeScaleMasks() 	Calculating mask convolution for scale 3
2026-08-04 20:16:55	INFO	MatrixCleaner::clean() 	scale 1 = 0 pixels with bias = 1
2026-08-04 20:16:55	INFO	MatrixCleaner::clean() 	scale 2 = 4 pixels with bias = 0.82
2026-08-04 20:16:55	INFO	MatrixCleaner::clean() 	scale 3 = 10 pixels with bias = 0.55
2026-08-04 20:16:55	INFO	MatrixCleaner::clean() 	scale 4 = 20 pixels with bias = 0.1
2026-08-04 20:16:55	INFO	MatrixCleaner::clean() 	Cleaning using given mask
2026-08-04 20:16:55	INFO	MatrixCleaner::clean() 	Cleaning pixels with mask values above 0.9
2026-08-04 20:16:55	INFO	MatrixCleaner::clean() 	Starting iteration
2026-08-04 20:16:55	INFO	MatrixCleaner::clean() 	Initial maximum residual is 0.00162112 within the mask 
2026-08-04 20:16:55	INFO	MatrixCleaner::clean() 	iteration    MaximumResidual   CleanedFlux
2026-08-04 20:16:55	INFO	MatrixCleaner::clean() 	10      0.00143925      6.384e-06
2026-08-04 20:16:55	INFO	MatrixCleaner::clean() 	20      0.00140295      0.000853555
2026-08-04 20:16:55	INFO	MatrixCleaner::clean() 	Reached stopping threshold 0.0013829 at iteration 24
2026-08-04 20:16:55	INFO	MatrixCleaner::clean() 	Optimum flux is 0.00137712
2026-08-04 20:16:55	INFO	MatrixCleaner::clean() 	  0    0.000711981
2026-08-04 20:16:55	INFO	MatrixCleaner::clean() 	  1    0
2026-08-04 20:16:55	INFO	MatrixCleaner::clean() 	  2    0
2026-08-04 20:16:55	INFO	MatrixCleaner::clean() 	  3    0
2026-08-04 20:16:55	INFO	SDAlgorithmBase::deconvolve 	[ngc4254_12m_hcop:C3] iters=44->69 [25], model=0->0.000574269, peakres=0.00162112->0.00137712, Reached cyclethreshold.
2026-08-04 20:16:55	INFO	MatrixCleaner::validatePsf() 	Peak of PSF = 1 at [512, 576]
2026-08-04 20:16:55	INFO	MatrixCleaner::makePsfScales() 	Calculating convolutions for scale 0
2026-08-04 20:16:55	INFO	MatrixCleaner::makePsfScales() 	Calculating convolutions for scale 1
2026-08-04 20:16:55	INFO	MatrixCleaner::makePsfScales() 	Calculating convolutions for scale 2
2026-08-04 20:16:55	INFO	MatrixCleaner::makePsfScales() 	Calculating convolutions for scale 3
2026-08-04 20:16:55	INFO	MatrixCleaner::makeScaleMasks() 	Calculating mask convolution for scale 0
2026-08-04 20:16:55	INFO	MatrixCleaner::makeScaleMasks() 	Calculating mask convolution for scale 1
2026-08-04 20:16:55	INFO	MatrixCleaner::makeScaleMasks() 	Calculating mask convolution for scale 2
2026-08-04 20:16:55	INFO	MatrixCleaner::makeScaleMasks() 	Calculating mask convolution for scale 3
2026-08-04 20:16:56	INFO	MatrixCleaner::clean() 	scale 1 = 0 pixels with bias = 1
2026-08-04 20:16:56	INFO	MatrixCleaner::clean() 	scale 2 = 4 pixels with bias = 0.82
2026-08-04 20:16:56	INFO	MatrixCleaner::clean() 	scale 3 = 10 pixels with bias = 0.55
2026-08-04 20:16:56	INFO	MatrixCleaner::clean() 	scale 4 = 20 pixels with bias = 0.1
2026-08-04 20:16:56	INFO	MatrixCleaner::clean() 	Cleaning using given mask
2026-08-04 20:16:56	INFO	MatrixCleaner::clean() 	Cleaning pixels with mask values above 0.9
2026-08-04 20:16:56	INFO	MatrixCleaner::clean() 	Starting iteration
2026-08-04 20:16:56	INFO	MatrixCleaner::clean() 	Initial maximum residual is 0.00171213 within the mask 
2026-08-04 20:16:56	INFO	MatrixCleaner::clean() 	iteration    MaximumResidual   CleanedFlux
2026-08-04 20:16:56	INFO	MatrixCleaner::clean() 	10      -0.00140762      0.000311384
2026-08-04 20:16:56	INFO	MatrixCleaner::clean() 	Reached stopping threshold 0.0013829 at iteration 16
2026-08-04 20:16:56	INFO	MatrixCleaner::clean() 	Optimum flux is 0.00137574
2026-08-04 20:16:56	INFO	MatrixCleaner::clean() 	  0    0.000173382
2026-08-04 20:16:56	INFO	MatrixCleaner::clean() 	  1    0
2026-08-04 20:16:56	INFO	MatrixCleaner::clean() 	  2    0
2026-08-04 20:16:56	INFO	MatrixCleaner::clean() 	  3    0
2026-08-04 20:16:56	INFO	SDAlgorithmBase::deconvolve 	[ngc4254_12m_hcop:C4] iters=69->86 [17], model=0->0.000310956, peakres=0.00171213->0.00137574, Reached cyclethreshold.
2026-08-04 20:16:56	INFO	MatrixCleaner::validatePsf() 	Peak of PSF = 1 at [512, 576]
2026-08-04 20:16:56	INFO	MatrixCleaner::makePsfScales() 	Calculating convolutions for scale 0
2026-08-04 20:16:56	INFO	MatrixCleaner::makePsfScales() 	Calculating convolutions for scale 1
2026-08-04 20:16:56	INFO	MatrixCleaner::makePsfScales() 	Calculating convolutions for scale 2
2026-08-04 20:16:56	INFO	MatrixCleaner::makePsfScales() 	Calculating convolutions for scale 3
2026-08-04 20:16:56	INFO	MatrixCleaner::makeScaleMasks() 	Calculating mask convolution for scale 0
2026-08-04 20:16:56	INFO	MatrixCleaner::makeScaleMasks() 	Calculating mask convolution for scale 1
2026-08-04 20:16:56	INFO	MatrixCleaner::makeScaleMasks() 	Calculating mask convolution for scale 2
2026-08-04 20:16:56	INFO	MatrixCleaner::makeScaleMasks() 	Calculating mask convolution for scale 3
2026-08-04 20:16:56	INFO	MatrixCleaner::clean() 	scale 1 = 0 pixels with bias = 1
2026-08-04 20:16:56	INFO	MatrixCleaner::clean() 	scale 2 = 4 pixels with bias = 0.82
2026-08-04 20:16:56	INFO	MatrixCleaner::clean() 	scale 3 = 10 pixels with bias = 0.55
2026-08-04 20:16:56	INFO	MatrixCleaner::clean() 	scale 4 = 20 pixels with bias = 0.1
2026-08-04 20:16:56	INFO	MatrixCleaner::clean() 	Cleaning using given mask
2026-08-04 20:16:56	INFO	MatrixCleaner::clean() 	Cleaning pixels with mask values above 0.9
2026-08-04 20:16:56	INFO	MatrixCleaner::clean() 	Starting iteration
2026-08-04 20:16:56	INFO	MatrixCleaner::clean() 	Initial maximum residual is 0.00163682 within the mask 
2026-08-04 20:16:56	INFO	MatrixCleaner::clean() 	iteration    MaximumResidual   CleanedFlux
2026-08-04 20:16:56	INFO	MatrixCleaner::clean() 	10      0.00139791      -0.000610404
2026-08-04 20:16:56	INFO	MatrixCleaner::clean() 	Reached stopping threshold 0.0013829 at iteration 11
2026-08-04 20:16:56	INFO	MatrixCleaner::clean() 	Optimum flux is 0.00137694
2026-08-04 20:16:56	INFO	MatrixCleaner::clean() 	  0    -0.000886608
2026-08-04 20:16:56	INFO	MatrixCleaner::clean() 	  1    0
2026-08-04 20:16:56	INFO	MatrixCleaner::clean() 	  2    0
2026-08-04 20:16:56	INFO	MatrixCleaner::clean() 	  3    0
2026-08-04 20:16:56	INFO	SDAlgorithmBase::deconvolve 	[ngc4254_12m_hcop:C5] iters=86->98 [12], model=0->-0.000748914, peakres=0.00163682->0.00137694, Reached cyclethreshold.
2026-08-04 20:16:56	INFO	MatrixCleaner::validatePsf() 	Peak of PSF = 1 at [512, 576]
2026-08-04 20:16:56	INFO	MatrixCleaner::makePsfScales() 	Calculating convolutions for scale 0
2026-08-04 20:16:57	INFO	MatrixCleaner::makePsfScales() 	Calculating convolutions for scale 1
2026-08-04 20:16:57	INFO	MatrixCleaner::makePsfScales() 	Calculating convolutions for scale 2
2026-08-04 20:16:57	INFO	MatrixCleaner::makePsfScales() 	Calculating convolutions for scale 3
2026-08-04 20:16:57	INFO	MatrixCleaner::makeScaleMasks() 	Calculating mask convolution for scale 0
2026-08-04 20:16:57	INFO	MatrixCleaner::makeScaleMasks() 	Calculating mask convolution for scale 1
2026-08-04 20:16:57	INFO	MatrixCleaner::makeScaleMasks() 	Calculating mask convolution for scale 2
2026-08-04 20:16:57	INFO	MatrixCleaner::makeScaleMasks() 	Calculating mask convolution for scale 3
2026-08-04 20:16:57	INFO	MatrixCleaner::clean() 	scale 1 = 0 pixels with bias = 1
2026-08-04 20:16:57	INFO	MatrixCleaner::clean() 	scale 2 = 4 pixels with bias = 0.82
2026-08-04 20:16:57	INFO	MatrixCleaner::clean() 	scale 3 = 10 pixels with bias = 0.55
2026-08-04 20:16:57	INFO	MatrixCleaner::clean() 	scale 4 = 20 pixels with bias = 0.1
2026-08-04 20:16:57	INFO	MatrixCleaner::clean() 	Cleaning using given mask
2026-08-04 20:16:57	INFO	MatrixCleaner::clean() 	Cleaning pixels with mask values above 0.9
2026-08-04 20:16:57	INFO	MatrixCleaner::clean() 	Starting iteration
2026-08-04 20:16:57	INFO	MatrixCleaner::clean() 	Initial maximum residual is 0.00153282 within the mask 
2026-08-04 20:16:57	INFO	MatrixCleaner::clean() 	iteration    MaximumResidual   CleanedFlux
2026-08-04 20:16:57	INFO	MatrixCleaner::clean() 	10      -0.00138618      -0.000886655
2026-08-04 20:16:57	INFO	MatrixCleaner::clean() 	Reached stopping threshold 0.0013829 at iteration 11
2026-08-04 20:16:57	INFO	MatrixCleaner::clean() 	Optimum flux is 0.00138261
2026-08-04 20:16:57	INFO	MatrixCleaner::clean() 	  0    -0.000609908
2026-08-04 20:16:57	INFO	MatrixCleaner::clean() 	  1    0
2026-08-04 20:16:57	INFO	MatrixCleaner::clean() 	  2    0
2026-08-04 20:16:57	INFO	MatrixCleaner::clean() 	  3    0
2026-08-04 20:16:57	INFO	SDAlgorithmBase::deconvolve 	[ngc4254_12m_hcop:C6] iters=98->110 [12], model=0->-0.000748169, peakres=0.00153282->0.00138261, Reached cyclethreshold.
2026-08-04 20:16:57	INFO	MatrixCleaner::validatePsf() 	Peak of PSF = 1 at [512, 576]
2026-08-04 20:16:57	INFO	MatrixCleaner::makePsfScales() 	Calculating convolutions for scale 0
2026-08-04 20:16:57	INFO	MatrixCleaner::makePsfScales() 	Calculating convolutions for scale 1
2026-08-04 20:16:57	INFO	MatrixCleaner::makePsfScales() 	Calculating convolutions for scale 2
2026-08-04 20:16:57	INFO	MatrixCleaner::makePsfScales() 	Calculating convolutions for scale 3
2026-08-04 20:16:57	INFO	MatrixCleaner::makeScaleMasks() 	Calculating mask convolution for scale 0
2026-08-04 20:16:57	INFO	MatrixCleaner::makeScaleMasks() 	Calculating mask convolution for scale 1
2026-08-04 20:16:57	INFO	MatrixCleaner::makeScaleMasks() 	Calculating mask convolution for scale 2
2026-08-04 20:16:57	INFO	MatrixCleaner::makeScaleMasks() 	Calculating mask convolution for scale 3
2026-08-04 20:16:58	INFO	MatrixCleaner::clean() 	scale 1 = 0 pixels with bias = 1
2026-08-04 20:16:58	INFO	MatrixCleaner::clean() 	scale 2 = 4 pixels with bias = 0.82
2026-08-04 20:16:58	INFO	MatrixCleaner::clean() 	scale 3 = 10 pixels with bias = 0.55
2026-08-04 20:16:58	INFO	MatrixCleaner::clean() 	scale 4 = 20 pixels with bias = 0.1
2026-08-04 20:16:58	INFO	MatrixCleaner::clean() 	Cleaning using given mask
2026-08-04 20:16:58	INFO	MatrixCleaner::clean() 	Cleaning pixels with mask values above 0.9
2026-08-04 20:16:58	INFO	MatrixCleaner::clean() 	Starting iteration
2026-08-04 20:16:58	INFO	MatrixCleaner::clean() 	Initial maximum residual is 0.00158014 within the mask 
2026-08-04 20:16:58	INFO	MatrixCleaner::clean() 	iteration    MaximumResidual   CleanedFlux
2026-08-04 20:16:58	INFO	MatrixCleaner::clean() 	Reached stopping threshold 0.0013829 at iteration 8
2026-08-04 20:16:58	INFO	MatrixCleaner::clean() 	Optimum flux is 0.00137802
2026-08-04 20:16:58	INFO	MatrixCleaner::clean() 	  0    -0.000722583
2026-08-04 20:16:58	INFO	MatrixCleaner::clean() 	  1    0
2026-08-04 20:16:58	INFO	MatrixCleaner::clean() 	  2    0
2026-08-04 20:16:58	INFO	MatrixCleaner::clean() 	  3    0
2026-08-04 20:16:58	INFO	SDAlgorithmBase::deconvolve 	[ngc4254_12m_hcop:C7] iters=110->119 [9], model=0->-0.000584781, peakres=0.00158014->0.001378, Reached cyclethreshold.
2026-08-04 20:16:58	INFO	MatrixCleaner::validatePsf() 	Peak of PSF = 1 at [512, 576]
2026-08-04 20:16:58	INFO	MatrixCleaner::makePsfScales() 	Calculating convolutions for scale 0
2026-08-04 20:16:58	INFO	MatrixCleaner::makePsfScales() 	Calculating convolutions for scale 1
2026-08-04 20:16:58	INFO	MatrixCleaner::makePsfScales() 	Calculating convolutions for scale 2
2026-08-04 20:16:58	INFO	MatrixCleaner::makePsfScales() 	Calculating convolutions for scale 3
2026-08-04 20:16:58	INFO	MatrixCleaner::makeScaleMasks() 	Calculating mask convolution for scale 0
2026-08-04 20:16:58	INFO	MatrixCleaner::makeScaleMasks() 	Calculating mask convolution for scale 1
2026-08-04 20:16:58	INFO	MatrixCleaner::makeScaleMasks() 	Calculating mask convolution for scale 2
2026-08-04 20:16:58	INFO	MatrixCleaner::makeScaleMasks() 	Calculating mask convolution for scale 3
2026-08-04 20:16:58	INFO	MatrixCleaner::clean() 	scale 1 = 0 pixels with bias = 1
2026-08-04 20:16:58	INFO	MatrixCleaner::clean() 	scale 2 = 4 pixels with bias = 0.82
2026-08-04 20:16:58	INFO	MatrixCleaner::clean() 	scale 3 = 10 pixels with bias = 0.55
2026-08-04 20:16:58	INFO	MatrixCleaner::clean() 	scale 4 = 20 pixels with bias = 0.1
2026-08-04 20:16:58	INFO	MatrixCleaner::clean() 	Cleaning using given mask
2026-08-04 20:16:58	INFO	MatrixCleaner::clean() 	Cleaning pixels with mask values above 0.9
2026-08-04 20:16:58	INFO	MatrixCleaner::clean() 	Starting iteration
2026-08-04 20:16:58	INFO	MatrixCleaner::clean() 	Initial maximum residual is 0.00159703 within the mask 
2026-08-04 20:16:58	INFO	MatrixCleaner::clean() 	iteration    MaximumResidual   CleanedFlux
2026-08-04 20:16:58	INFO	MatrixCleaner::clean() 	Reached stopping threshold 0.0013829 at iteration 9
2026-08-04 20:16:58	INFO	MatrixCleaner::clean() 	Optimum flux is 0.0013756
2026-08-04 20:16:58	INFO	MatrixCleaner::clean() 	  0    0.000554305
2026-08-04 20:16:58	INFO	MatrixCleaner::clean() 	  1    0
2026-08-04 20:16:58	INFO	MatrixCleaner::clean() 	  2    0
2026-08-04 20:16:58	INFO	MatrixCleaner::clean() 	  3    0
2026-08-04 20:16:58	INFO	SDAlgorithmBase::deconvolve 	[ngc4254_12m_hcop:C8] iters=119->129 [10], model=0->0.000416744, peakres=0.00159703->0.00137562, Reached cyclethreshold.
2026-08-04 20:16:58	INFO	MatrixCleaner::validatePsf() 	Peak of PSF = 1 at [512, 576]
2026-08-04 20:16:59	INFO	MatrixCleaner::makePsfScales() 	Calculating convolutions for scale 0
2026-08-04 20:16:59	INFO	MatrixCleaner::makePsfScales() 	Calculating convolutions for scale 1
2026-08-04 20:16:59	INFO	MatrixCleaner::makePsfScales() 	Calculating convolutions for scale 2
2026-08-04 20:16:59	INFO	MatrixCleaner::makePsfScales() 	Calculating convolutions for scale 3
2026-08-04 20:16:59	INFO	MatrixCleaner::makeScaleMasks() 	Calculating mask convolution for scale 0
2026-08-04 20:16:59	INFO	MatrixCleaner::makeScaleMasks() 	Calculating mask convolution for scale 1
2026-08-04 20:16:59	INFO	MatrixCleaner::makeScaleMasks() 	Calculating mask convolution for scale 2
2026-08-04 20:16:59	INFO	MatrixCleaner::makeScaleMasks() 	Calculating mask convolution for scale 3
2026-08-04 20:16:59	INFO	MatrixCleaner::clean() 	scale 1 = 0 pixels with bias = 1
2026-08-04 20:16:59	INFO	MatrixCleaner::clean() 	scale 2 = 4 pixels with bias = 0.82
2026-08-04 20:16:59	INFO	MatrixCleaner::clean() 	scale 3 = 10 pixels with bias = 0.55
2026-08-04 20:16:59	INFO	MatrixCleaner::clean() 	scale 4 = 20 pixels with bias = 0.1
2026-08-04 20:16:59	INFO	MatrixCleaner::clean() 	Cleaning using given mask
2026-08-04 20:16:59	INFO	MatrixCleaner::clean() 	Cleaning pixels with mask values above 0.9
2026-08-04 20:16:59	INFO	MatrixCleaner::clean() 	Starting iteration
2026-08-04 20:16:59	INFO	MatrixCleaner::clean() 	Initial maximum residual is 0.00169167 within the mask 
2026-08-04 20:16:59	INFO	MatrixCleaner::clean() 	iteration    MaximumResidual   CleanedFlux
2026-08-04 20:16:59	INFO	MatrixCleaner::clean() 	10      0.00147033      0.000288784
2026-08-04 20:16:59	INFO	MatrixCleaner::clean() 	20      -0.00142859      0.000287334
2026-08-04 20:16:59	INFO	MatrixCleaner::clean() 	30      0.00139607      2.92741e-07
2026-08-04 20:16:59	INFO	MatrixCleaner::clean() 	Reached stopping threshold 0.0013829 at iteration 31
2026-08-04 20:16:59	INFO	MatrixCleaner::clean() 	Optimum flux is 0.00138104
2026-08-04 20:16:59	INFO	MatrixCleaner::clean() 	  0    0.000277432
2026-08-04 20:16:59	INFO	MatrixCleaner::clean() 	  1    0
2026-08-04 20:16:59	INFO	MatrixCleaner::clean() 	  2    0
2026-08-04 20:16:59	INFO	MatrixCleaner::clean() 	  3    0
2026-08-04 20:16:59	INFO	SDAlgorithmBase::deconvolve 	[ngc4254_12m_hcop:C9] iters=129->161 [32], model=0->0.000139328, peakres=0.00169167->0.00138104, Reached cyclethreshold.
2026-08-04 20:16:59	INFO	SDAlgorithmBase::deconvolve 	[ngc4254_12m_hcop] Total model flux (over all planes) : 0.00017155     Peak Residual (over all planes) : 0.00138261 in C6:P0
2026-08-04 20:17:00	INFO	SynthesisDeconvolver::setupDeconvolution 	Set Deconvolution Options for [ngc4254_12m_hcop] : multiscale
2026-08-04 20:17:01	INFO	SynthesisDeconvolver::initMinorCycle 	 Absolute Peak residual within mask : 0.00235189, over full image : 0.00235189
2026-08-04 20:17:01	INFO	CubeMinorCycleAlgorithm::task 	Processing channels in range [20, 29]
2026-08-04 20:17:01	INFO	SDAlgorithmBase::deconvolve 	[ngc4254_12m_hcop] Run multiscale minor-cycle on 10 chans | CycleThreshold=0.0013829, CycleNiter=100, Gain=0.1
2026-08-04 20:17:01	INFO	MatrixCleaner::validatePsf() 	Peak of PSF = 1 at [512, 576]
2026-08-04 20:17:01	INFO	MatrixCleaner::makePsfScales() 	Calculating convolutions for scale 0
2026-08-04 20:17:01	INFO	MatrixCleaner::makePsfScales() 	Calculating convolutions for scale 1
2026-08-04 20:17:01	INFO	MatrixCleaner::makePsfScales() 	Calculating convolutions for scale 2
2026-08-04 20:17:01	INFO	MatrixCleaner::makePsfScales() 	Calculating convolutions for scale 3
2026-08-04 20:17:01	INFO	MatrixCleaner::makeScaleMasks() 	Calculating mask convolution for scale 0
2026-08-04 20:17:01	INFO	MatrixCleaner::makeScaleMasks() 	Calculating mask convolution for scale 1
2026-08-04 20:17:01	INFO	MatrixCleaner::makeScaleMasks() 	Calculating mask convolution for scale 2
2026-08-04 20:17:01	INFO	MatrixCleaner::makeScaleMasks() 	Calculating mask convolution for scale 3
2026-08-04 20:17:01	INFO	MatrixCleaner::clean() 	scale 1 = 0 pixels with bias = 1
2026-08-04 20:17:01	INFO	MatrixCleaner::clean() 	scale 2 = 4 pixels with bias = 0.82
2026-08-04 20:17:01	INFO	MatrixCleaner::clean() 	scale 3 = 10 pixels with bias = 0.55
2026-08-04 20:17:01	INFO	MatrixCleaner::clean() 	scale 4 = 20 pixels with bias = 0.1
2026-08-04 20:17:01	INFO	MatrixCleaner::clean() 	Cleaning using given mask
2026-08-04 20:17:01	INFO	MatrixCleaner::clean() 	Cleaning pixels with mask values above 0.9
2026-08-04 20:17:01	INFO	MatrixCleaner::clean() 	Starting iteration
2026-08-04 20:17:01	INFO	MatrixCleaner::clean() 	Initial maximum residual is 0.00152893 within the mask 
2026-08-04 20:17:01	INFO	MatrixCleaner::clean() 	iteration    MaximumResidual   CleanedFlux
2026-08-04 20:17:01	INFO	MatrixCleaner::clean() 	10      -0.00138916      7.94652e-06
2026-08-04 20:17:01	INFO	MatrixCleaner::clean() 	Reached stopping threshold 0.0013829 at iteration 11
2026-08-04 20:17:01	INFO	MatrixCleaner::clean() 	Optimum flux is 0.0013766
2026-08-04 20:17:01	INFO	MatrixCleaner::clean() 	  0    7.11736e-06
2026-08-04 20:17:01	INFO	MatrixCleaner::clean() 	  1    0
2026-08-04 20:17:01	INFO	MatrixCleaner::clean() 	  2    0
2026-08-04 20:17:01	INFO	MatrixCleaner::clean() 	  3    0
2026-08-04 20:17:02	INFO	SDAlgorithmBase::deconvolve 	[ngc4254_12m_hcop:C0] iters=0->12 [12], model=0->-0.000130543, peakres=0.00152893->0.0013766, Reached cyclethreshold.
2026-08-04 20:17:02	INFO	MatrixCleaner::validatePsf() 	Peak of PSF = 1 at [512, 576]
2026-08-04 20:17:02	INFO	MatrixCleaner::makePsfScales() 	Calculating convolutions for scale 0
2026-08-04 20:17:02	INFO	MatrixCleaner::makePsfScales() 	Calculating convolutions for scale 1
2026-08-04 20:17:02	INFO	MatrixCleaner::makePsfScales() 	Calculating convolutions for scale 2
2026-08-04 20:17:02	INFO	MatrixCleaner::makePsfScales() 	Calculating convolutions for scale 3
2026-08-04 20:17:02	INFO	MatrixCleaner::makeScaleMasks() 	Calculating mask convolution for scale 0
2026-08-04 20:17:02	INFO	MatrixCleaner::makeScaleMasks() 	Calculating mask convolution for scale 1
2026-08-04 20:17:02	INFO	MatrixCleaner::makeScaleMasks() 	Calculating mask convolution for scale 2
2026-08-04 20:17:02	INFO	MatrixCleaner::makeScaleMasks() 	Calculating mask convolution for scale 3
2026-08-04 20:17:02	INFO	MatrixCleaner::clean() 	scale 1 = 0 pixels with bias = 1
2026-08-04 20:17:02	INFO	MatrixCleaner::clean() 	scale 2 = 4 pixels with bias = 0.82
2026-08-04 20:17:02	INFO	MatrixCleaner::clean() 	scale 3 = 10 pixels with bias = 0.55
2026-08-04 20:17:02	INFO	MatrixCleaner::clean() 	scale 4 = 20 pixels with bias = 0.1
2026-08-04 20:17:02	INFO	MatrixCleaner::clean() 	Cleaning using given mask
2026-08-04 20:17:02	INFO	MatrixCleaner::clean() 	Cleaning pixels with mask values above 0.9
2026-08-04 20:17:02	INFO	MatrixCleaner::clean() 	Starting iteration
2026-08-04 20:17:02	INFO	MatrixCleaner::clean() 	Initial maximum residual is 0.00190664 within the mask 
2026-08-04 20:17:02	INFO	MatrixCleaner::clean() 	iteration    MaximumResidual   CleanedFlux
2026-08-04 20:17:02	INFO	MatrixCleaner::clean() 	10      -0.00147621      -0.000982413
2026-08-04 20:17:02	INFO	MatrixCleaner::clean() 	Reached stopping threshold 0.0013829 at iteration 19
2026-08-04 20:17:02	INFO	MatrixCleaner::clean() 	Optimum flux is 0.00137542
2026-08-04 20:17:02	INFO	MatrixCleaner::clean() 	  0    -0.00155203
2026-08-04 20:17:02	INFO	MatrixCleaner::clean() 	  1    0
2026-08-04 20:17:02	INFO	MatrixCleaner::clean() 	  2    0
2026-08-04 20:17:02	INFO	MatrixCleaner::clean() 	  3    0
2026-08-04 20:17:02	INFO	SDAlgorithmBase::deconvolve 	[ngc4254_12m_hcop:C1] iters=12->32 [20], model=0->-0.00168957, peakres=0.00190664->0.00137542, Reached cyclethreshold.
2026-08-04 20:17:02	INFO	MatrixCleaner::validatePsf() 	Peak of PSF = 1 at [512, 576]
2026-08-04 20:17:02	INFO	MatrixCleaner::makePsfScales() 	Calculating convolutions for scale 0
2026-08-04 20:17:02	INFO	MatrixCleaner::makePsfScales() 	Calculating convolutions for scale 1
2026-08-04 20:17:03	INFO	MatrixCleaner::makePsfScales() 	Calculating convolutions for scale 2
2026-08-04 20:17:03	INFO	MatrixCleaner::makePsfScales() 	Calculating convolutions for scale 3
2026-08-04 20:17:03	INFO	MatrixCleaner::makeScaleMasks() 	Calculating mask convolution for scale 0
2026-08-04 20:17:03	INFO	MatrixCleaner::makeScaleMasks() 	Calculating mask convolution for scale 1
2026-08-04 20:17:03	INFO	MatrixCleaner::makeScaleMasks() 	Calculating mask convolution for scale 2
2026-08-04 20:17:03	INFO	MatrixCleaner::makeScaleMasks() 	Calculating mask convolution for scale 3
2026-08-04 20:17:03	INFO	MatrixCleaner::clean() 	scale 1 = 0 pixels with bias = 1
2026-08-04 20:17:03	INFO	MatrixCleaner::clean() 	scale 2 = 4 pixels with bias = 0.82
2026-08-04 20:17:03	INFO	MatrixCleaner::clean() 	scale 3 = 10 pixels with bias = 0.55
2026-08-04 20:17:03	INFO	MatrixCleaner::clean() 	scale 4 = 20 pixels with bias = 0.1
2026-08-04 20:17:03	INFO	MatrixCleaner::clean() 	Cleaning using given mask
2026-08-04 20:17:03	INFO	MatrixCleaner::clean() 	Cleaning pixels with mask values above 0.9
2026-08-04 20:17:03	INFO	MatrixCleaner::clean() 	Starting iteration
2026-08-04 20:17:03	INFO	MatrixCleaner::clean() 	Initial maximum residual is 0.00167516 within the mask 
2026-08-04 20:17:03	INFO	MatrixCleaner::clean() 	iteration    MaximumResidual   CleanedFlux
2026-08-04 20:17:03	INFO	MatrixCleaner::clean() 	10      0.00143783      0.000626659
2026-08-04 20:17:03	INFO	MatrixCleaner::clean() 	Reached stopping threshold 0.0013829 at iteration 18
2026-08-04 20:17:03	INFO	MatrixCleaner::clean() 	Optimum flux is 0.00137691
2026-08-04 20:17:03	INFO	MatrixCleaner::clean() 	  0    0.000202489
2026-08-04 20:17:03	INFO	MatrixCleaner::clean() 	  1    0
2026-08-04 20:17:03	INFO	MatrixCleaner::clean() 	  2    0
2026-08-04 20:17:03	INFO	MatrixCleaner::clean() 	  3    0
2026-08-04 20:17:03	INFO	SDAlgorithmBase::deconvolve 	[ngc4254_12m_hcop:C2] iters=32->51 [19], model=0->0.000340179, peakres=0.00167516->0.00137691, Reached cyclethreshold.
2026-08-04 20:17:03	INFO	MatrixCleaner::validatePsf() 	Peak of PSF = 1 at [512, 576]
2026-08-04 20:17:03	INFO	MatrixCleaner::makePsfScales() 	Calculating convolutions for scale 0
2026-08-04 20:17:03	INFO	MatrixCleaner::makePsfScales() 	Calculating convolutions for scale 1
2026-08-04 20:17:03	INFO	MatrixCleaner::makePsfScales() 	Calculating convolutions for scale 2
2026-08-04 20:17:03	INFO	MatrixCleaner::makePsfScales() 	Calculating convolutions for scale 3
2026-08-04 20:17:03	INFO	MatrixCleaner::makeScaleMasks() 	Calculating mask convolution for scale 0
2026-08-04 20:17:03	INFO	MatrixCleaner::makeScaleMasks() 	Calculating mask convolution for scale 1
2026-08-04 20:17:03	INFO	MatrixCleaner::makeScaleMasks() 	Calculating mask convolution for scale 2
2026-08-04 20:17:03	INFO	MatrixCleaner::makeScaleMasks() 	Calculating mask convolution for scale 3
2026-08-04 20:17:04	INFO	MatrixCleaner::clean() 	scale 1 = 0 pixels with bias = 1
2026-08-04 20:17:04	INFO	MatrixCleaner::clean() 	scale 2 = 4 pixels with bias = 0.82
2026-08-04 20:17:04	INFO	MatrixCleaner::clean() 	scale 3 = 10 pixels with bias = 0.55
2026-08-04 20:17:04	INFO	MatrixCleaner::clean() 	scale 4 = 20 pixels with bias = 0.1
2026-08-04 20:17:04	INFO	MatrixCleaner::clean() 	Cleaning using given mask
2026-08-04 20:17:04	INFO	MatrixCleaner::clean() 	Cleaning pixels with mask values above 0.9
2026-08-04 20:17:04	INFO	MatrixCleaner::clean() 	Starting iteration
2026-08-04 20:17:04	INFO	MatrixCleaner::clean() 	Initial maximum residual is 0.00191099 within the mask 
2026-08-04 20:17:04	INFO	MatrixCleaner::clean() 	iteration    MaximumResidual   CleanedFlux
2026-08-04 20:17:04	INFO	MatrixCleaner::clean() 	10      -0.00148162      0.000982995
2026-08-04 20:17:04	INFO	MatrixCleaner::clean() 	20      0.00140064      0.00222692
2026-08-04 20:17:04	INFO	MatrixCleaner::clean() 	Reached stopping threshold 0.0013829 at iteration 22
2026-08-04 20:17:04	INFO	MatrixCleaner::clean() 	Optimum flux is 0.00137133
2026-08-04 20:17:04	INFO	MatrixCleaner::clean() 	  0    0.000515084
2026-08-04 20:17:04	INFO	MatrixCleaner::clean() 	  1    0.00129677
2026-08-04 20:17:04	INFO	MatrixCleaner::clean() 	  2    0
2026-08-04 20:17:04	INFO	MatrixCleaner::clean() 	  3    0
2026-08-04 20:17:04	INFO	SDAlgorithmBase::deconvolve 	[ngc4254_12m_hcop:C3] iters=51->74 [23], model=0.000442014->0.002391, peakres=0.00191099->0.00137133, Reached cyclethreshold.
2026-08-04 20:17:04	INFO	MatrixCleaner::validatePsf() 	Peak of PSF = 1 at [512, 576]
2026-08-04 20:17:04	INFO	MatrixCleaner::makePsfScales() 	Calculating convolutions for scale 0
2026-08-04 20:17:04	INFO	MatrixCleaner::makePsfScales() 	Calculating convolutions for scale 1
2026-08-04 20:17:04	INFO	MatrixCleaner::makePsfScales() 	Calculating convolutions for scale 2
2026-08-04 20:17:04	INFO	MatrixCleaner::makePsfScales() 	Calculating convolutions for scale 3
2026-08-04 20:17:04	INFO	MatrixCleaner::makeScaleMasks() 	Calculating mask convolution for scale 0
2026-08-04 20:17:04	INFO	MatrixCleaner::makeScaleMasks() 	Calculating mask convolution for scale 1
2026-08-04 20:17:04	INFO	MatrixCleaner::makeScaleMasks() 	Calculating mask convolution for scale 2
2026-08-04 20:17:04	INFO	MatrixCleaner::makeScaleMasks() 	Calculating mask convolution for scale 3
2026-08-04 20:17:04	INFO	MatrixCleaner::clean() 	scale 1 = 0 pixels with bias = 1
2026-08-04 20:17:04	INFO	MatrixCleaner::clean() 	scale 2 = 4 pixels with bias = 0.82
2026-08-04 20:17:04	INFO	MatrixCleaner::clean() 	scale 3 = 10 pixels with bias = 0.55
2026-08-04 20:17:04	INFO	MatrixCleaner::clean() 	scale 4 = 20 pixels with bias = 0.1
2026-08-04 20:17:04	INFO	MatrixCleaner::clean() 	Cleaning using given mask
2026-08-04 20:17:04	INFO	MatrixCleaner::clean() 	Cleaning pixels with mask values above 0.9
2026-08-04 20:17:04	INFO	MatrixCleaner::clean() 	Starting iteration
2026-08-04 20:17:04	INFO	MatrixCleaner::clean() 	Initial maximum residual is 0.00185502 within the mask 
2026-08-04 20:17:04	INFO	MatrixCleaner::clean() 	iteration    MaximumResidual   CleanedFlux
2026-08-04 20:17:05	INFO	MatrixCleaner::clean() 	10      0.00155801      0.000346492
2026-08-04 20:17:05	INFO	MatrixCleaner::clean() 	20      0.00150316      0.000349965
2026-08-04 20:17:05	INFO	MatrixCleaner::clean() 	30      0.00142378      0.000346197
2026-08-04 20:17:05	INFO	MatrixCleaner::clean() 	40      0.00139656      0.00119206
2026-08-04 20:17:05	INFO	MatrixCleaner::clean() 	Reached stopping threshold 0.0013829 at iteration 42
2026-08-04 20:17:05	INFO	MatrixCleaner::clean() 	Optimum flux is 0.00137549
2026-08-04 20:17:05	INFO	MatrixCleaner::clean() 	  0    0.00132913
2026-08-04 20:17:05	INFO	MatrixCleaner::clean() 	  1    0
2026-08-04 20:17:05	INFO	MatrixCleaner::clean() 	  2    0
2026-08-04 20:17:05	INFO	MatrixCleaner::clean() 	  3    0
2026-08-04 20:17:05	INFO	SDAlgorithmBase::deconvolve 	[ngc4254_12m_hcop:C4] iters=74->117 [43], model=0.000205919->0.0013975, peakres=0.00185502->0.00137549, Reached cyclethreshold.
2026-08-04 20:17:05	INFO	MatrixCleaner::validatePsf() 	Peak of PSF = 1 at [512, 576]
2026-08-04 20:17:05	INFO	MatrixCleaner::makePsfScales() 	Calculating convolutions for scale 0
2026-08-04 20:17:05	INFO	MatrixCleaner::makePsfScales() 	Calculating convolutions for scale 1
2026-08-04 20:17:05	INFO	MatrixCleaner::makePsfScales() 	Calculating convolutions for scale 2
2026-08-04 20:17:05	INFO	MatrixCleaner::makePsfScales() 	Calculating convolutions for scale 3
2026-08-04 20:17:05	INFO	MatrixCleaner::makeScaleMasks() 	Calculating mask convolution for scale 0
2026-08-04 20:17:05	INFO	MatrixCleaner::makeScaleMasks() 	Calculating mask convolution for scale 1
2026-08-04 20:17:05	INFO	MatrixCleaner::makeScaleMasks() 	Calculating mask convolution for scale 2
2026-08-04 20:17:05	INFO	MatrixCleaner::makeScaleMasks() 	Calculating mask convolution for scale 3
2026-08-04 20:17:05	INFO	MatrixCleaner::clean() 	scale 1 = 0 pixels with bias = 1
2026-08-04 20:17:05	INFO	MatrixCleaner::clean() 	scale 2 = 4 pixels with bias = 0.82
2026-08-04 20:17:05	INFO	MatrixCleaner::clean() 	scale 3 = 10 pixels with bias = 0.55
2026-08-04 20:17:05	INFO	MatrixCleaner::clean() 	scale 4 = 20 pixels with bias = 0.1
2026-08-04 20:17:05	INFO	MatrixCleaner::clean() 	Cleaning using given mask
2026-08-04 20:17:05	INFO	MatrixCleaner::clean() 	Cleaning pixels with mask values above 0.9
2026-08-04 20:17:05	INFO	MatrixCleaner::clean() 	Starting iteration
2026-08-04 20:17:05	INFO	MatrixCleaner::clean() 	Initial maximum residual is 0.00310265 within the mask 
2026-08-04 20:17:05	INFO	MatrixCleaner::clean() 	iteration    MaximumResidual   CleanedFlux
2026-08-04 20:17:05	INFO	MatrixCleaner::clean() 	Diverging due to large scale?
2026-08-04 20:17:05	INFO	MatrixCleaner::clean() 	  0    0.000221085
2026-08-04 20:17:05	INFO	MatrixCleaner::clean() 	  1    0.000310265
2026-08-04 20:17:05	INFO	MatrixCleaner::clean() 	  2    0.000594302
2026-08-04 20:17:05	INFO	MatrixCleaner::clean() 	  3    0
2026-08-04 20:17:05	WARN	SDAlgorithmMSClean::takeOneStep (file /source/casa6/casatools/src/code/synthesis/ImagerObjects/SDAlgorithmMSClean.cc, line 185)	MSClean minor cycle stopped at large scale negative or diverging
2026-08-04 20:17:06	INFO	SDAlgorithmBase::deconvolve 	[ngc4254_12m_hcop:C5] iters=117->120 [3], model=0.00226774->0.00279909, peakres=0.00222375->0.00201073, Exited multiscale minor cycle without reaching any stopping criterion.
2026-08-04 20:17:06	INFO	MatrixCleaner::validatePsf() 	Peak of PSF = 1 at [512, 576]
2026-08-04 20:17:06	INFO	MatrixCleaner::makePsfScales() 	Calculating convolutions for scale 0
2026-08-04 20:17:06	INFO	MatrixCleaner::makePsfScales() 	Calculating convolutions for scale 1
2026-08-04 20:17:06	INFO	MatrixCleaner::makePsfScales() 	Calculating convolutions for scale 2
2026-08-04 20:17:06	INFO	MatrixCleaner::makePsfScales() 	Calculating convolutions for scale 3
2026-08-04 20:17:06	INFO	MatrixCleaner::makeScaleMasks() 	Calculating mask convolution for scale 0
2026-08-04 20:17:06	INFO	MatrixCleaner::makeScaleMasks() 	Calculating mask convolution for scale 1
2026-08-04 20:17:06	INFO	MatrixCleaner::makeScaleMasks() 	Calculating mask convolution for scale 2
2026-08-04 20:17:06	INFO	MatrixCleaner::makeScaleMasks() 	Calculating mask convolution for scale 3
2026-08-04 20:17:06	INFO	MatrixCleaner::clean() 	scale 1 = 0 pixels with bias = 1
2026-08-04 20:17:06	INFO	MatrixCleaner::clean() 	scale 2 = 4 pixels with bias = 0.82
2026-08-04 20:17:06	INFO	MatrixCleaner::clean() 	scale 3 = 10 pixels with bias = 0.55
2026-08-04 20:17:06	INFO	MatrixCleaner::clean() 	scale 4 = 20 pixels with bias = 0.1
2026-08-04 20:17:06	INFO	MatrixCleaner::clean() 	Cleaning using given mask
2026-08-04 20:17:06	INFO	MatrixCleaner::clean() 	Cleaning pixels with mask values above 0.9
2026-08-04 20:17:06	INFO	MatrixCleaner::clean() 	Starting iteration
2026-08-04 20:17:06	INFO	MatrixCleaner::clean() 	Initial maximum residual is 0.00677493 within the mask 
2026-08-04 20:17:06	INFO	MatrixCleaner::clean() 	iteration    MaximumResidual   CleanedFlux
2026-08-04 20:17:06	INFO	MatrixCleaner::clean() 	10      0.00157662      0.00336378
2026-08-04 20:17:06	INFO	MatrixCleaner::clean() 	20      0.00145096      0.00456045
2026-08-04 20:17:06	INFO	MatrixCleaner::clean() 	30      0.00140754      0.00596766
2026-08-04 20:17:06	INFO	MatrixCleaner::clean() 	Reached stopping threshold 0.0013829 at iteration 38
2026-08-04 20:17:06	INFO	MatrixCleaner::clean() 	Optimum flux is 0.00138049
2026-08-04 20:17:06	INFO	MatrixCleaner::clean() 	  0    0.00238847
2026-08-04 20:17:06	INFO	MatrixCleaner::clean() 	  1    0
2026-08-04 20:17:06	INFO	MatrixCleaner::clean() 	  2    0.00316373
2026-08-04 20:17:06	INFO	MatrixCleaner::clean() 	  3    0
2026-08-04 20:17:06	INFO	SDAlgorithmBase::deconvolve 	[ngc4254_12m_hcop:C6] iters=120->159 [39], model=0.000550582->0.00624083, peakres=0.00235189->0.0013805, Reached cyclethreshold.
2026-08-04 20:17:06	INFO	MatrixCleaner::validatePsf() 	Peak of PSF = 1 at [512, 576]
2026-08-04 20:17:06	INFO	MatrixCleaner::makePsfScales() 	Calculating convolutions for scale 0
2026-08-04 20:17:07	INFO	MatrixCleaner::makePsfScales() 	Calculating convolutions for scale 1
2026-08-04 20:17:07	INFO	MatrixCleaner::makePsfScales() 	Calculating convolutions for scale 2
2026-08-04 20:17:07	INFO	MatrixCleaner::makePsfScales() 	Calculating convolutions for scale 3
2026-08-04 20:17:07	INFO	MatrixCleaner::makeScaleMasks() 	Calculating mask convolution for scale 0
2026-08-04 20:17:07	INFO	MatrixCleaner::makeScaleMasks() 	Calculating mask convolution for scale 1
2026-08-04 20:17:07	INFO	MatrixCleaner::makeScaleMasks() 	Calculating mask convolution for scale 2
2026-08-04 20:17:07	INFO	MatrixCleaner::makeScaleMasks() 	Calculating mask convolution for scale 3
2026-08-04 20:17:07	INFO	MatrixCleaner::clean() 	scale 1 = 0 pixels with bias = 1
2026-08-04 20:17:07	INFO	MatrixCleaner::clean() 	scale 2 = 4 pixels with bias = 0.82
2026-08-04 20:17:07	INFO	MatrixCleaner::clean() 	scale 3 = 10 pixels with bias = 0.55
2026-08-04 20:17:07	INFO	MatrixCleaner::clean() 	scale 4 = 20 pixels with bias = 0.1
2026-08-04 20:17:07	INFO	MatrixCleaner::clean() 	Cleaning using given mask
2026-08-04 20:17:07	INFO	MatrixCleaner::clean() 	Cleaning pixels with mask values above 0.9
2026-08-04 20:17:07	INFO	MatrixCleaner::clean() 	Starting iteration
2026-08-04 20:17:07	INFO	MatrixCleaner::clean() 	Initial maximum residual is 0.00164632 within the mask 
2026-08-04 20:17:07	INFO	MatrixCleaner::clean() 	iteration    MaximumResidual   CleanedFlux
2026-08-04 20:17:07	INFO	MatrixCleaner::clean() 	10      -0.00146283      0.000296025
2026-08-04 20:17:07	INFO	MatrixCleaner::clean() 	20      0.00140319      0.000288325
2026-08-04 20:17:07	INFO	MatrixCleaner::clean() 	Reached stopping threshold 0.0013829 at iteration 25
2026-08-04 20:17:07	INFO	MatrixCleaner::clean() 	Optimum flux is 0.00136811
2026-08-04 20:17:07	INFO	MatrixCleaner::clean() 	  0    -0.000547286
2026-08-04 20:17:07	INFO	MatrixCleaner::clean() 	  1    0
2026-08-04 20:17:07	INFO	MatrixCleaner::clean() 	  2    0
2026-08-04 20:17:07	INFO	MatrixCleaner::clean() 	  3    0
2026-08-04 20:17:07	INFO	SDAlgorithmBase::deconvolve 	[ngc4254_12m_hcop:C7] iters=159->185 [26], model=0->-0.000410474, peakres=0.00164632->0.00136811, Reached cyclethreshold.
2026-08-04 20:17:07	INFO	MatrixCleaner::validatePsf() 	Peak of PSF = 1 at [512, 576]
2026-08-04 20:17:07	INFO	MatrixCleaner::makePsfScales() 	Calculating convolutions for scale 0
2026-08-04 20:17:07	INFO	MatrixCleaner::makePsfScales() 	Calculating convolutions for scale 1
2026-08-04 20:17:07	INFO	MatrixCleaner::makePsfScales() 	Calculating convolutions for scale 2
2026-08-04 20:17:07	INFO	MatrixCleaner::makePsfScales() 	Calculating convolutions for scale 3
2026-08-04 20:17:07	INFO	MatrixCleaner::makeScaleMasks() 	Calculating mask convolution for scale 0
2026-08-04 20:17:08	INFO	MatrixCleaner::makeScaleMasks() 	Calculating mask convolution for scale 1
2026-08-04 20:17:08	INFO	MatrixCleaner::makeScaleMasks() 	Calculating mask convolution for scale 2
2026-08-04 20:17:08	INFO	MatrixCleaner::makeScaleMasks() 	Calculating mask convolution for scale 3
2026-08-04 20:17:08	INFO	MatrixCleaner::clean() 	scale 1 = 0 pixels with bias = 1
2026-08-04 20:17:08	INFO	MatrixCleaner::clean() 	scale 2 = 4 pixels with bias = 0.82
2026-08-04 20:17:08	INFO	MatrixCleaner::clean() 	scale 3 = 10 pixels with bias = 0.55
2026-08-04 20:17:08	INFO	MatrixCleaner::clean() 	scale 4 = 20 pixels with bias = 0.1
2026-08-04 20:17:08	INFO	MatrixCleaner::clean() 	Cleaning using given mask
2026-08-04 20:17:08	INFO	MatrixCleaner::clean() 	Cleaning pixels with mask values above 0.9
2026-08-04 20:17:08	INFO	MatrixCleaner::clean() 	Starting iteration
2026-08-04 20:17:08	INFO	MatrixCleaner::clean() 	Initial maximum residual is 0.00197943 within the mask 
2026-08-04 20:17:08	INFO	MatrixCleaner::clean() 	iteration    MaximumResidual   CleanedFlux
2026-08-04 20:17:08	INFO	MatrixCleaner::clean() 	10      0.00146845      0.000704399
2026-08-04 20:17:08	INFO	MatrixCleaner::clean() 	Diverging due to large scale?
2026-08-04 20:17:08	INFO	MatrixCleaner::clean() 	  0    0.000561899
2026-08-04 20:17:08	INFO	MatrixCleaner::clean() 	  1    0
2026-08-04 20:17:08	INFO	MatrixCleaner::clean() 	  2    0.000398164
2026-08-04 20:17:08	INFO	MatrixCleaner::clean() 	  3    0
2026-08-04 20:17:08	WARN	SDAlgorithmMSClean::takeOneStep (file /source/casa6/casatools/src/code/synthesis/ImagerObjects/SDAlgorithmMSClean.cc, line 185)	MSClean minor cycle stopped at large scale negative or diverging
2026-08-04 20:17:08	INFO	SDAlgorithmBase::deconvolve 	[ngc4254_12m_hcop:C8] iters=185->203 [18], model=0.00021973->0.000781629, peakres=0.00197944->0.00140992, Exited multiscale minor cycle without reaching any stopping criterion.
2026-08-04 20:17:08	INFO	MatrixCleaner::validatePsf() 	Peak of PSF = 1 at [512, 576]
2026-08-04 20:17:08	INFO	MatrixCleaner::makePsfScales() 	Calculating convolutions for scale 0
2026-08-04 20:17:08	INFO	MatrixCleaner::makePsfScales() 	Calculating convolutions for scale 1
2026-08-04 20:17:08	INFO	MatrixCleaner::makePsfScales() 	Calculating convolutions for scale 2
2026-08-04 20:17:08	INFO	MatrixCleaner::makePsfScales() 	Calculating convolutions for scale 3
2026-08-04 20:17:08	INFO	MatrixCleaner::makeScaleMasks() 	Calculating mask convolution for scale 0
2026-08-04 20:17:08	INFO	MatrixCleaner::makeScaleMasks() 	Calculating mask convolution for scale 1
2026-08-04 20:17:08	INFO	MatrixCleaner::makeScaleMasks() 	Calculating mask convolution for scale 2
2026-08-04 20:17:08	INFO	MatrixCleaner::makeScaleMasks() 	Calculating mask convolution for scale 3
2026-08-04 20:17:09	INFO	MatrixCleaner::clean() 	scale 1 = 0 pixels with bias = 1
2026-08-04 20:17:09	INFO	MatrixCleaner::clean() 	scale 2 = 4 pixels with bias = 0.82
2026-08-04 20:17:09	INFO	MatrixCleaner::clean() 	scale 3 = 10 pixels with bias = 0.55
2026-08-04 20:17:09	INFO	MatrixCleaner::clean() 	scale 4 = 20 pixels with bias = 0.1
2026-08-04 20:17:09	INFO	MatrixCleaner::clean() 	Cleaning using given mask
2026-08-04 20:17:09	INFO	MatrixCleaner::clean() 	Cleaning pixels with mask values above 0.9
2026-08-04 20:17:09	INFO	MatrixCleaner::clean() 	Starting iteration
2026-08-04 20:17:09	INFO	MatrixCleaner::clean() 	Initial maximum residual is 0.00203836 within the mask 
2026-08-04 20:17:09	INFO	MatrixCleaner::clean() 	iteration    MaximumResidual   CleanedFlux
2026-08-04 20:17:09	INFO	MatrixCleaner::clean() 	Diverging due to large scale?
2026-08-04 20:17:09	INFO	MatrixCleaner::clean() 	  0    0.00126799
2026-08-04 20:17:09	INFO	MatrixCleaner::clean() 	  1    0
2026-08-04 20:17:09	INFO	MatrixCleaner::clean() 	  2    0.000469708
2026-08-04 20:17:09	INFO	MatrixCleaner::clean() 	  3    0
2026-08-04 20:17:09	WARN	SDAlgorithmMSClean::takeOneStep (file /source/casa6/casatools/src/code/synthesis/ImagerObjects/SDAlgorithmMSClean.cc, line 185)	MSClean minor cycle stopped at large scale negative or diverging
2026-08-04 20:17:09	INFO	SDAlgorithmBase::deconvolve 	[ngc4254_12m_hcop:C9] iters=203->213 [10], model=0->0.00126799, peakres=0.00203836->0.00165293, Exited multiscale minor cycle without reaching any stopping criterion.
2026-08-04 20:17:09	INFO	SDAlgorithmBase::deconvolve 	[ngc4254_12m_hcop] Total model flux (over all planes) : 0.0129876     Peak Residual (over all planes) : 0.00201073 in C5:P0
2026-08-04 20:17:09	INFO	SynthesisDeconvolver::setupDeconvolution 	Set Deconvolution Options for [ngc4254_12m_hcop] : multiscale
2026-08-04 20:17:10	INFO	SynthesisDeconvolver::initMinorCycle 	 Absolute Peak residual within mask : 0.00217586, over full image : 0.00217586
2026-08-04 20:17:10	INFO	CubeMinorCycleAlgorithm::task 	Processing channels in range [30, 39]
2026-08-04 20:17:10	INFO	SDAlgorithmBase::deconvolve 	[ngc4254_12m_hcop] Run multiscale minor-cycle on 10 chans | CycleThreshold=0.0013829, CycleNiter=100, Gain=0.1
2026-08-04 20:17:10	INFO	MatrixCleaner::validatePsf() 	Peak of PSF = 1 at [512, 576]
2026-08-04 20:17:10	INFO	MatrixCleaner::makePsfScales() 	Calculating convolutions for scale 0
2026-08-04 20:17:10	INFO	MatrixCleaner::makePsfScales() 	Calculating convolutions for scale 1
2026-08-04 20:17:10	INFO	MatrixCleaner::makePsfScales() 	Calculating convolutions for scale 2
2026-08-04 20:17:10	INFO	MatrixCleaner::makePsfScales() 	Calculating convolutions for scale 3
2026-08-04 20:17:10	INFO	MatrixCleaner::makeScaleMasks() 	Calculating mask convolution for scale 0
2026-08-04 20:17:10	INFO	MatrixCleaner::makeScaleMasks() 	Calculating mask convolution for scale 1
2026-08-04 20:17:10	INFO	MatrixCleaner::makeScaleMasks() 	Calculating mask convolution for scale 2
2026-08-04 20:17:10	INFO	MatrixCleaner::makeScaleMasks() 	Calculating mask convolution for scale 3
2026-08-04 20:17:11	INFO	MatrixCleaner::clean() 	scale 1 = 0 pixels with bias = 1
2026-08-04 20:17:11	INFO	MatrixCleaner::clean() 	scale 2 = 4 pixels with bias = 0.82
2026-08-04 20:17:11	INFO	MatrixCleaner::clean() 	scale 3 = 10 pixels with bias = 0.55
2026-08-04 20:17:11	INFO	MatrixCleaner::clean() 	scale 4 = 20 pixels with bias = 0.1
2026-08-04 20:17:11	INFO	MatrixCleaner::clean() 	Cleaning using given mask
2026-08-04 20:17:11	INFO	MatrixCleaner::clean() 	Cleaning pixels with mask values above 0.9
2026-08-04 20:17:11	INFO	MatrixCleaner::clean() 	Starting iteration
2026-08-04 20:17:11	INFO	MatrixCleaner::clean() 	Initial maximum residual is 0.00187454 within the mask 
2026-08-04 20:17:11	INFO	MatrixCleaner::clean() 	iteration    MaximumResidual   CleanedFlux
2026-08-04 20:17:11	INFO	MatrixCleaner::clean() 	Diverging due to large scale?
2026-08-04 20:17:11	INFO	MatrixCleaner::clean() 	  0    0.000187454
2026-08-04 20:17:11	INFO	MatrixCleaner::clean() 	  1    0
2026-08-04 20:17:11	INFO	MatrixCleaner::clean() 	  2    0.000518674
2026-08-04 20:17:11	INFO	MatrixCleaner::clean() 	  3    0
2026-08-04 20:17:11	WARN	SDAlgorithmMSClean::takeOneStep (file /source/casa6/casatools/src/code/synthesis/ImagerObjects/SDAlgorithmMSClean.cc, line 185)	MSClean minor cycle stopped at large scale negative or diverging
2026-08-04 20:17:11	INFO	SDAlgorithmBase::deconvolve 	[ngc4254_12m_hcop:C0] iters=0->2 [2], model=0.00020598->0.000393434, peakres=0.00187454->0.00177732, Exited multiscale minor cycle without reaching any stopping criterion.
2026-08-04 20:17:11	INFO	MatrixCleaner::validatePsf() 	Peak of PSF = 1 at [512, 576]
2026-08-04 20:17:11	INFO	MatrixCleaner::makePsfScales() 	Calculating convolutions for scale 0
2026-08-04 20:17:11	INFO	MatrixCleaner::makePsfScales() 	Calculating convolutions for scale 1
2026-08-04 20:17:11	INFO	MatrixCleaner::makePsfScales() 	Calculating convolutions for scale 2
2026-08-04 20:17:11	INFO	MatrixCleaner::makePsfScales() 	Calculating convolutions for scale 3
2026-08-04 20:17:11	INFO	MatrixCleaner::makeScaleMasks() 	Calculating mask convolution for scale 0
2026-08-04 20:17:11	INFO	MatrixCleaner::makeScaleMasks() 	Calculating mask convolution for scale 1
2026-08-04 20:17:11	INFO	MatrixCleaner::makeScaleMasks() 	Calculating mask convolution for scale 2
2026-08-04 20:17:11	INFO	MatrixCleaner::makeScaleMasks() 	Calculating mask convolution for scale 3
2026-08-04 20:17:11	INFO	MatrixCleaner::clean() 	scale 1 = 0 pixels with bias = 1
2026-08-04 20:17:11	INFO	MatrixCleaner::clean() 	scale 2 = 4 pixels with bias = 0.82
2026-08-04 20:17:11	INFO	MatrixCleaner::clean() 	scale 3 = 10 pixels with bias = 0.55
2026-08-04 20:17:11	INFO	MatrixCleaner::clean() 	scale 4 = 20 pixels with bias = 0.1
2026-08-04 20:17:11	INFO	MatrixCleaner::clean() 	Cleaning using given mask
2026-08-04 20:17:11	INFO	MatrixCleaner::clean() 	Cleaning pixels with mask values above 0.9
2026-08-04 20:17:11	INFO	MatrixCleaner::clean() 	Starting iteration
2026-08-04 20:17:11	INFO	MatrixCleaner::clean() 	Initial maximum residual is 0.00279357 within the mask 
2026-08-04 20:17:11	INFO	MatrixCleaner::clean() 	iteration    MaximumResidual   CleanedFlux
2026-08-04 20:17:11	INFO	MatrixCleaner::clean() 	Diverging due to large scale?
2026-08-04 20:17:11	INFO	MatrixCleaner::clean() 	  0    0
2026-08-04 20:17:11	INFO	MatrixCleaner::clean() 	  1    0.000279357
2026-08-04 20:17:11	INFO	MatrixCleaner::clean() 	  2    0.000555114
2026-08-04 20:17:11	INFO	MatrixCleaner::clean() 	  3    0
2026-08-04 20:17:11	WARN	SDAlgorithmMSClean::takeOneStep (file /source/casa6/casatools/src/code/synthesis/ImagerObjects/SDAlgorithmMSClean.cc, line 185)	MSClean minor cycle stopped at large scale negative or diverging
2026-08-04 20:17:11	INFO	SDAlgorithmBase::deconvolve 	[ngc4254_12m_hcop:C1] iters=2->4 [2], model=0->0.000279357, peakres=0.00198518->0.0019144, Exited multiscale minor cycle without reaching any stopping criterion.
2026-08-04 20:17:11	INFO	MatrixCleaner::validatePsf() 	Peak of PSF = 1 at [512, 576]
2026-08-04 20:17:11	INFO	MatrixCleaner::makePsfScales() 	Calculating convolutions for scale 0
2026-08-04 20:17:11	INFO	MatrixCleaner::makePsfScales() 	Calculating convolutions for scale 1
2026-08-04 20:17:11	INFO	MatrixCleaner::makePsfScales() 	Calculating convolutions for scale 2
2026-08-04 20:17:12	INFO	MatrixCleaner::makePsfScales() 	Calculating convolutions for scale 3
2026-08-04 20:17:12	INFO	MatrixCleaner::makeScaleMasks() 	Calculating mask convolution for scale 0
2026-08-04 20:17:12	INFO	MatrixCleaner::makeScaleMasks() 	Calculating mask convolution for scale 1
2026-08-04 20:17:12	INFO	MatrixCleaner::makeScaleMasks() 	Calculating mask convolution for scale 2
2026-08-04 20:17:12	INFO	MatrixCleaner::makeScaleMasks() 	Calculating mask convolution for scale 3
2026-08-04 20:17:12	INFO	MatrixCleaner::clean() 	scale 1 = 0 pixels with bias = 1
2026-08-04 20:17:12	INFO	MatrixCleaner::clean() 	scale 2 = 4 pixels with bias = 0.82
2026-08-04 20:17:12	INFO	MatrixCleaner::clean() 	scale 3 = 10 pixels with bias = 0.55
2026-08-04 20:17:12	INFO	MatrixCleaner::clean() 	scale 4 = 20 pixels with bias = 0.1
2026-08-04 20:17:12	INFO	MatrixCleaner::clean() 	Cleaning using given mask
2026-08-04 20:17:12	INFO	MatrixCleaner::clean() 	Cleaning pixels with mask values above 0.9
2026-08-04 20:17:12	INFO	MatrixCleaner::clean() 	Starting iteration
2026-08-04 20:17:12	INFO	MatrixCleaner::clean() 	Initial maximum residual is 0.00190784 within the mask 
2026-08-04 20:17:12	INFO	MatrixCleaner::clean() 	iteration    MaximumResidual   CleanedFlux
2026-08-04 20:17:12	INFO	MatrixCleaner::clean() 	Diverging due to large scale?
2026-08-04 20:17:12	INFO	MatrixCleaner::clean() 	  0    0.00037518
2026-08-04 20:17:12	INFO	MatrixCleaner::clean() 	  1    0
2026-08-04 20:17:12	INFO	MatrixCleaner::clean() 	  2    0.000512162
2026-08-04 20:17:12	INFO	MatrixCleaner::clean() 	  3    0
2026-08-04 20:17:12	WARN	SDAlgorithmMSClean::takeOneStep (file /source/casa6/casatools/src/code/synthesis/ImagerObjects/SDAlgorithmMSClean.cc, line 185)	MSClean minor cycle stopped at large scale negative or diverging
2026-08-04 20:17:12	INFO	SDAlgorithmBase::deconvolve 	[ngc4254_12m_hcop:C2] iters=4->7 [3], model=0.00310738->0.00348256, peakres=0.00190784->0.00171918, Exited multiscale minor cycle without reaching any stopping criterion.
2026-08-04 20:17:12	INFO	MatrixCleaner::validatePsf() 	Peak of PSF = 1 at [512, 576]
2026-08-04 20:17:12	INFO	MatrixCleaner::makePsfScales() 	Calculating convolutions for scale 0
2026-08-04 20:17:12	INFO	MatrixCleaner::makePsfScales() 	Calculating convolutions for scale 1
2026-08-04 20:17:12	INFO	MatrixCleaner::makePsfScales() 	Calculating convolutions for scale 2
2026-08-04 20:17:12	INFO	MatrixCleaner::makePsfScales() 	Calculating convolutions for scale 3
2026-08-04 20:17:12	INFO	MatrixCleaner::makeScaleMasks() 	Calculating mask convolution for scale 0
2026-08-04 20:17:12	INFO	MatrixCleaner::makeScaleMasks() 	Calculating mask convolution for scale 1
2026-08-04 20:17:12	INFO	MatrixCleaner::makeScaleMasks() 	Calculating mask convolution for scale 2
2026-08-04 20:17:12	INFO	MatrixCleaner::makeScaleMasks() 	Calculating mask convolution for scale 3
2026-08-04 20:17:12	INFO	MatrixCleaner::clean() 	scale 1 = 0 pixels with bias = 1
2026-08-04 20:17:12	INFO	MatrixCleaner::clean() 	scale 2 = 4 pixels with bias = 0.82
2026-08-04 20:17:12	INFO	MatrixCleaner::clean() 	scale 3 = 10 pixels with bias = 0.55
2026-08-04 20:17:12	INFO	MatrixCleaner::clean() 	scale 4 = 20 pixels with bias = 0.1
2026-08-04 20:17:12	INFO	MatrixCleaner::clean() 	Cleaning using given mask
2026-08-04 20:17:12	INFO	MatrixCleaner::clean() 	Cleaning pixels with mask values above 0.9
2026-08-04 20:17:12	INFO	MatrixCleaner::clean() 	Starting iteration
2026-08-04 20:17:12	INFO	MatrixCleaner::clean() 	Initial maximum residual is 0.0024393 within the mask 
2026-08-04 20:17:12	INFO	MatrixCleaner::clean() 	iteration    MaximumResidual   CleanedFlux
2026-08-04 20:17:12	INFO	MatrixCleaner::clean() 	Diverging due to large scale?
2026-08-04 20:17:12	INFO	MatrixCleaner::clean() 	  0    -0.00017776
2026-08-04 20:17:12	INFO	MatrixCleaner::clean() 	  1    0.00024393
2026-08-04 20:17:12	INFO	MatrixCleaner::clean() 	  2    0.000487871
2026-08-04 20:17:12	INFO	MatrixCleaner::clean() 	  3    0
2026-08-04 20:17:12	WARN	SDAlgorithmMSClean::takeOneStep (file /source/casa6/casatools/src/code/synthesis/ImagerObjects/SDAlgorithmMSClean.cc, line 185)	MSClean minor cycle stopped at large scale negative or diverging
2026-08-04 20:17:12	INFO	SDAlgorithmBase::deconvolve 	[ngc4254_12m_hcop:C3] iters=7->10 [3], model=0.00606334->0.00612951, peakres=0.00177801->0.00164786, Exited multiscale minor cycle without reaching any stopping criterion.
2026-08-04 20:17:12	INFO	MatrixCleaner::validatePsf() 	Peak of PSF = 1 at [512, 576]
2026-08-04 20:17:13	INFO	MatrixCleaner::makePsfScales() 	Calculating convolutions for scale 0
2026-08-04 20:17:13	INFO	MatrixCleaner::makePsfScales() 	Calculating convolutions for scale 1
2026-08-04 20:17:13	INFO	MatrixCleaner::makePsfScales() 	Calculating convolutions for scale 2
2026-08-04 20:17:13	INFO	MatrixCleaner::makePsfScales() 	Calculating convolutions for scale 3
2026-08-04 20:17:13	INFO	MatrixCleaner::makeScaleMasks() 	Calculating mask convolution for scale 0
2026-08-04 20:17:13	INFO	MatrixCleaner::makeScaleMasks() 	Calculating mask convolution for scale 1
2026-08-04 20:17:13	INFO	MatrixCleaner::makeScaleMasks() 	Calculating mask convolution for scale 2
2026-08-04 20:17:13	INFO	MatrixCleaner::makeScaleMasks() 	Calculating mask convolution for scale 3
2026-08-04 20:17:13	INFO	MatrixCleaner::clean() 	scale 1 = 0 pixels with bias = 1
2026-08-04 20:17:13	INFO	MatrixCleaner::clean() 	scale 2 = 4 pixels with bias = 0.82
2026-08-04 20:17:13	INFO	MatrixCleaner::clean() 	scale 3 = 10 pixels with bias = 0.55
2026-08-04 20:17:13	INFO	MatrixCleaner::clean() 	scale 4 = 20 pixels with bias = 0.1
2026-08-04 20:17:13	INFO	MatrixCleaner::clean() 	Cleaning using given mask
2026-08-04 20:17:13	INFO	MatrixCleaner::clean() 	Cleaning pixels with mask values above 0.9
2026-08-04 20:17:13	INFO	MatrixCleaner::clean() 	Starting iteration
2026-08-04 20:17:13	INFO	MatrixCleaner::clean() 	Initial maximum residual is 0.0018189 within the mask 
2026-08-04 20:17:13	INFO	MatrixCleaner::clean() 	iteration    MaximumResidual   CleanedFlux
2026-08-04 20:17:13	INFO	MatrixCleaner::clean() 	Diverging due to large scale?
2026-08-04 20:17:13	INFO	MatrixCleaner::clean() 	  0    0.00053638
2026-08-04 20:17:13	INFO	MatrixCleaner::clean() 	  1    0
2026-08-04 20:17:13	INFO	MatrixCleaner::clean() 	  2    0.000486791
2026-08-04 20:17:13	INFO	MatrixCleaner::clean() 	  3    0
2026-08-04 20:17:13	WARN	SDAlgorithmMSClean::takeOneStep (file /source/casa6/casatools/src/code/synthesis/ImagerObjects/SDAlgorithmMSClean.cc, line 185)	MSClean minor cycle stopped at large scale negative or diverging
2026-08-04 20:17:13	INFO	SDAlgorithmBase::deconvolve 	[ngc4254_12m_hcop:C4] iters=10->14 [4], model=0.00210883->0.00264521, peakres=0.0018189->0.00170977, Exited multiscale minor cycle without reaching any stopping criterion.
2026-08-04 20:17:13	INFO	MatrixCleaner::validatePsf() 	Peak of PSF = 1 at [512, 576]
2026-08-04 20:17:13	INFO	MatrixCleaner::makePsfScales() 	Calculating convolutions for scale 0
2026-08-04 20:17:13	INFO	MatrixCleaner::makePsfScales() 	Calculating convolutions for scale 1
2026-08-04 20:17:13	INFO	MatrixCleaner::makePsfScales() 	Calculating convolutions for scale 2
2026-08-04 20:17:13	INFO	MatrixCleaner::makePsfScales() 	Calculating convolutions for scale 3
2026-08-04 20:17:14	INFO	MatrixCleaner::makeScaleMasks() 	Calculating mask convolution for scale 0
2026-08-04 20:17:14	INFO	MatrixCleaner::makeScaleMasks() 	Calculating mask convolution for scale 1
2026-08-04 20:17:14	INFO	MatrixCleaner::makeScaleMasks() 	Calculating mask convolution for scale 2
2026-08-04 20:17:14	INFO	MatrixCleaner::makeScaleMasks() 	Calculating mask convolution for scale 3
2026-08-04 20:17:14	INFO	MatrixCleaner::clean() 	scale 1 = 0 pixels with bias = 1
2026-08-04 20:17:14	INFO	MatrixCleaner::clean() 	scale 2 = 4 pixels with bias = 0.82
2026-08-04 20:17:14	INFO	MatrixCleaner::clean() 	scale 3 = 10 pixels with bias = 0.55
2026-08-04 20:17:14	INFO	MatrixCleaner::clean() 	scale 4 = 20 pixels with bias = 0.1
2026-08-04 20:17:14	INFO	MatrixCleaner::clean() 	Cleaning using given mask
2026-08-04 20:17:14	INFO	MatrixCleaner::clean() 	Cleaning pixels with mask values above 0.9
2026-08-04 20:17:14	INFO	MatrixCleaner::clean() 	Starting iteration
2026-08-04 20:17:14	INFO	MatrixCleaner::clean() 	Initial maximum residual is 0.00566542 within the mask 
2026-08-04 20:17:14	INFO	MatrixCleaner::clean() 	iteration    MaximumResidual   CleanedFlux
2026-08-04 20:17:14	INFO	MatrixCleaner::clean() 	10      -0.00158511      0.00171563
2026-08-04 20:17:14	INFO	MatrixCleaner::clean() 	20      -0.00145867      0.00286229
2026-08-04 20:17:14	INFO	MatrixCleaner::clean() 	30      -0.00141794      0.00256956
2026-08-04 20:17:14	INFO	MatrixCleaner::clean() 	Reached stopping threshold 0.0013829 at iteration 33
2026-08-04 20:17:14	INFO	MatrixCleaner::clean() 	Optimum flux is 0.00136346
2026-08-04 20:17:14	INFO	MatrixCleaner::clean() 	  0    0.000190122
2026-08-04 20:17:14	INFO	MatrixCleaner::clean() 	  1    0
2026-08-04 20:17:14	INFO	MatrixCleaner::clean() 	  2    0.00237788
2026-08-04 20:17:14	INFO	MatrixCleaner::clean() 	  3    0
2026-08-04 20:17:14	INFO	SDAlgorithmBase::deconvolve 	[ngc4254_12m_hcop:C5] iters=14->48 [34], model=0->0.00243166, peakres=0.0017335->0.00136346, Reached cyclethreshold.
2026-08-04 20:17:14	INFO	MatrixCleaner::validatePsf() 	Peak of PSF = 1 at [512, 576]
2026-08-04 20:17:14	INFO	MatrixCleaner::makePsfScales() 	Calculating convolutions for scale 0
2026-08-04 20:17:14	INFO	MatrixCleaner::makePsfScales() 	Calculating convolutions for scale 1
2026-08-04 20:17:14	INFO	MatrixCleaner::makePsfScales() 	Calculating convolutions for scale 2
2026-08-04 20:17:14	INFO	MatrixCleaner::makePsfScales() 	Calculating convolutions for scale 3
2026-08-04 20:17:14	INFO	MatrixCleaner::makeScaleMasks() 	Calculating mask convolution for scale 0
2026-08-04 20:17:14	INFO	MatrixCleaner::makeScaleMasks() 	Calculating mask convolution for scale 1
2026-08-04 20:17:15	INFO	MatrixCleaner::makeScaleMasks() 	Calculating mask convolution for scale 2
2026-08-04 20:17:15	INFO	MatrixCleaner::makeScaleMasks() 	Calculating mask convolution for scale 3
2026-08-04 20:17:15	INFO	MatrixCleaner::clean() 	scale 1 = 0 pixels with bias = 1
2026-08-04 20:17:15	INFO	MatrixCleaner::clean() 	scale 2 = 4 pixels with bias = 0.82
2026-08-04 20:17:15	INFO	MatrixCleaner::clean() 	scale 3 = 10 pixels with bias = 0.55
2026-08-04 20:17:15	INFO	MatrixCleaner::clean() 	scale 4 = 20 pixels with bias = 0.1
2026-08-04 20:17:15	INFO	MatrixCleaner::clean() 	Cleaning using given mask
2026-08-04 20:17:15	INFO	MatrixCleaner::clean() 	Cleaning pixels with mask values above 0.9
2026-08-04 20:17:15	INFO	MatrixCleaner::clean() 	Starting iteration
2026-08-04 20:17:15	INFO	MatrixCleaner::clean() 	Initial maximum residual is 0.00188732 within the mask 
2026-08-04 20:17:15	INFO	MatrixCleaner::clean() 	iteration    MaximumResidual   CleanedFlux
2026-08-04 20:17:15	INFO	MatrixCleaner::clean() 	Diverging due to large scale?
2026-08-04 20:17:15	INFO	MatrixCleaner::clean() 	  0    0.000677829
2026-08-04 20:17:15	INFO	MatrixCleaner::clean() 	  1    0.000481004
2026-08-04 20:17:15	INFO	MatrixCleaner::clean() 	  2    0.000439895
2026-08-04 20:17:15	INFO	MatrixCleaner::clean() 	  3    0
2026-08-04 20:17:15	WARN	SDAlgorithmMSClean::takeOneStep (file /source/casa6/casatools/src/code/synthesis/ImagerObjects/SDAlgorithmMSClean.cc, line 185)	MSClean minor cycle stopped at large scale negative or diverging
2026-08-04 20:17:15	INFO	SDAlgorithmBase::deconvolve 	[ngc4254_12m_hcop:C6] iters=48->55 [7], model=0.000722585->0.00188142, peakres=0.00188732->0.0015291, Exited multiscale minor cycle without reaching any stopping criterion.
2026-08-04 20:17:15	INFO	MatrixCleaner::validatePsf() 	Peak of PSF = 1 at [512, 576]
2026-08-04 20:17:15	INFO	MatrixCleaner::makePsfScales() 	Calculating convolutions for scale 0
2026-08-04 20:17:15	INFO	MatrixCleaner::makePsfScales() 	Calculating convolutions for scale 1
2026-08-04 20:17:15	INFO	MatrixCleaner::makePsfScales() 	Calculating convolutions for scale 2
2026-08-04 20:17:15	INFO	MatrixCleaner::makePsfScales() 	Calculating convolutions for scale 3
2026-08-04 20:17:15	INFO	MatrixCleaner::makeScaleMasks() 	Calculating mask convolution for scale 0
2026-08-04 20:17:15	INFO	MatrixCleaner::makeScaleMasks() 	Calculating mask convolution for scale 1
2026-08-04 20:17:15	INFO	MatrixCleaner::makeScaleMasks() 	Calculating mask convolution for scale 2
2026-08-04 20:17:15	INFO	MatrixCleaner::makeScaleMasks() 	Calculating mask convolution for scale 3
2026-08-04 20:17:15	INFO	MatrixCleaner::clean() 	scale 1 = 0 pixels with bias = 1
2026-08-04 20:17:15	INFO	MatrixCleaner::clean() 	scale 2 = 4 pixels with bias = 0.82
2026-08-04 20:17:15	INFO	MatrixCleaner::clean() 	scale 3 = 10 pixels with bias = 0.55
2026-08-04 20:17:15	INFO	MatrixCleaner::clean() 	scale 4 = 20 pixels with bias = 0.1
2026-08-04 20:17:15	INFO	MatrixCleaner::clean() 	Cleaning using given mask
2026-08-04 20:17:15	INFO	MatrixCleaner::clean() 	Cleaning pixels with mask values above 0.9
2026-08-04 20:17:15	INFO	MatrixCleaner::clean() 	Starting iteration
2026-08-04 20:17:15	INFO	MatrixCleaner::clean() 	Initial maximum residual is 0.0063214 within the mask 
2026-08-04 20:17:15	INFO	MatrixCleaner::clean() 	iteration    MaximumResidual   CleanedFlux
2026-08-04 20:17:15	INFO	MatrixCleaner::clean() 	10      0.00160592      0.00289546
2026-08-04 20:17:16	INFO	MatrixCleaner::clean() 	20      0.00147956      0.00411344
2026-08-04 20:17:16	INFO	MatrixCleaner::clean() 	30      0.00142244      0.00450873
2026-08-04 20:17:16	INFO	MatrixCleaner::clean() 	Reached stopping threshold 0.0013829 at iteration 39
2026-08-04 20:17:16	INFO	MatrixCleaner::clean() 	Optimum flux is 0.00136349
2026-08-04 20:17:16	INFO	MatrixCleaner::clean() 	  0    0.00297124
2026-08-04 20:17:16	INFO	MatrixCleaner::clean() 	  1    0.000393521
2026-08-04 20:17:16	INFO	MatrixCleaner::clean() 	  2    0.00250774
2026-08-04 20:17:16	INFO	MatrixCleaner::clean() 	  3    0
2026-08-04 20:17:16	INFO	SDAlgorithmBase::deconvolve 	[ngc4254_12m_hcop:C7] iters=55->95 [40], model=0.00101212->0.00702097, peakres=0.00217586->0.00136349, Reached cyclethreshold.
2026-08-04 20:17:16	INFO	MatrixCleaner::validatePsf() 	Peak of PSF = 1 at [512, 576]
2026-08-04 20:17:16	INFO	MatrixCleaner::makePsfScales() 	Calculating convolutions for scale 0
2026-08-04 20:17:16	INFO	MatrixCleaner::makePsfScales() 	Calculating convolutions for scale 1
2026-08-04 20:17:16	INFO	MatrixCleaner::makePsfScales() 	Calculating convolutions for scale 2
2026-08-04 20:17:16	INFO	MatrixCleaner::makePsfScales() 	Calculating convolutions for scale 3
2026-08-04 20:17:16	INFO	MatrixCleaner::makeScaleMasks() 	Calculating mask convolution for scale 0
2026-08-04 20:17:16	INFO	MatrixCleaner::makeScaleMasks() 	Calculating mask convolution for scale 1
2026-08-04 20:17:16	INFO	MatrixCleaner::makeScaleMasks() 	Calculating mask convolution for scale 2
2026-08-04 20:17:16	INFO	MatrixCleaner::makeScaleMasks() 	Calculating mask convolution for scale 3
2026-08-04 20:17:16	INFO	MatrixCleaner::clean() 	scale 1 = 0 pixels with bias = 1
2026-08-04 20:17:16	INFO	MatrixCleaner::clean() 	scale 2 = 4 pixels with bias = 0.82
2026-08-04 20:17:16	INFO	MatrixCleaner::clean() 	scale 3 = 10 pixels with bias = 0.55
2026-08-04 20:17:16	INFO	MatrixCleaner::clean() 	scale 4 = 20 pixels with bias = 0.1
2026-08-04 20:17:16	INFO	MatrixCleaner::clean() 	Cleaning using given mask
2026-08-04 20:17:16	INFO	MatrixCleaner::clean() 	Cleaning pixels with mask values above 0.9
2026-08-04 20:17:16	INFO	MatrixCleaner::clean() 	Starting iteration
2026-08-04 20:17:16	INFO	MatrixCleaner::clean() 	Initial maximum residual is 0.00189986 within the mask 
2026-08-04 20:17:16	INFO	MatrixCleaner::clean() 	iteration    MaximumResidual   CleanedFlux
2026-08-04 20:17:17	INFO	MatrixCleaner::clean() 	Diverging due to large scale?
2026-08-04 20:17:17	INFO	MatrixCleaner::clean() 	  0    0.000869938
2026-08-04 20:17:17	INFO	MatrixCleaner::clean() 	  1    0.000243836
2026-08-04 20:17:17	INFO	MatrixCleaner::clean() 	  2    0.000459949
2026-08-04 20:17:17	INFO	MatrixCleaner::clean() 	  3    0
2026-08-04 20:17:17	WARN	SDAlgorithmMSClean::takeOneStep (file /source/casa6/casatools/src/code/synthesis/ImagerObjects/SDAlgorithmMSClean.cc, line 185)	MSClean minor cycle stopped at large scale negative or diverging
2026-08-04 20:17:17	INFO	SDAlgorithmBase::deconvolve 	[ngc4254_12m_hcop:C8] iters=95->102 [7], model=0.00205205->0.00316582, peakres=0.00189986->0.00159449, Exited multiscale minor cycle without reaching any stopping criterion.
2026-08-04 20:17:17	INFO	MatrixCleaner::validatePsf() 	Peak of PSF = 1 at [512, 576]
2026-08-04 20:17:17	INFO	MatrixCleaner::makePsfScales() 	Calculating convolutions for scale 0
2026-08-04 20:17:17	INFO	MatrixCleaner::makePsfScales() 	Calculating convolutions for scale 1
2026-08-04 20:17:17	INFO	MatrixCleaner::makePsfScales() 	Calculating convolutions for scale 2
2026-08-04 20:17:17	INFO	MatrixCleaner::makePsfScales() 	Calculating convolutions for scale 3
2026-08-04 20:17:17	INFO	MatrixCleaner::makeScaleMasks() 	Calculating mask convolution for scale 0
2026-08-04 20:17:17	INFO	MatrixCleaner::makeScaleMasks() 	Calculating mask convolution for scale 1
2026-08-04 20:17:17	INFO	MatrixCleaner::makeScaleMasks() 	Calculating mask convolution for scale 2
2026-08-04 20:17:17	INFO	MatrixCleaner::makeScaleMasks() 	Calculating mask convolution for scale 3
2026-08-04 20:17:17	INFO	MatrixCleaner::clean() 	scale 1 = 0 pixels with bias = 1
2026-08-04 20:17:17	INFO	MatrixCleaner::clean() 	scale 2 = 4 pixels with bias = 0.82
2026-08-04 20:17:17	INFO	MatrixCleaner::clean() 	scale 3 = 10 pixels with bias = 0.55
2026-08-04 20:17:17	INFO	MatrixCleaner::clean() 	scale 4 = 20 pixels with bias = 0.1
2026-08-04 20:17:17	INFO	MatrixCleaner::clean() 	Cleaning using given mask
2026-08-04 20:17:17	INFO	MatrixCleaner::clean() 	Cleaning pixels with mask values above 0.9
2026-08-04 20:17:17	INFO	MatrixCleaner::clean() 	Starting iteration
2026-08-04 20:17:17	INFO	MatrixCleaner::clean() 	Initial maximum residual is 0.00599083 within the mask 
2026-08-04 20:17:17	INFO	MatrixCleaner::clean() 	iteration    MaximumResidual   CleanedFlux
2026-08-04 20:17:17	INFO	MatrixCleaner::clean() 	10      0.00172492      0.00261089
2026-08-04 20:17:17	INFO	MatrixCleaner::clean() 	20      0.00155926      0.00420839
2026-08-04 20:17:18	INFO	MatrixCleaner::clean() 	30      0.00146264      0.00517307
2026-08-04 20:17:18	INFO	MatrixCleaner::clean() 	40      0.00142035      0.00597557
2026-08-04 20:17:18	INFO	MatrixCleaner::clean() 	50      0.00138495      0.00653436
2026-08-04 20:17:18	INFO	MatrixCleaner::clean() 	Reached stopping threshold 0.0013829 at iteration 51
2026-08-04 20:17:18	INFO	MatrixCleaner::clean() 	Optimum flux is 0.00136595
2026-08-04 20:17:18	INFO	MatrixCleaner::clean() 	  0    0.00375257
2026-08-04 20:17:18	INFO	MatrixCleaner::clean() 	  1    0.000400578
2026-08-04 20:17:18	INFO	MatrixCleaner::clean() 	  2    0.00243328
2026-08-04 20:17:18	INFO	MatrixCleaner::clean() 	  3    0
2026-08-04 20:17:18	INFO	SDAlgorithmBase::deconvolve 	[ngc4254_12m_hcop:C9] iters=102->154 [52], model=0.00117321->0.00789623, peakres=0.00205842->0.00136594, Reached cyclethreshold.
2026-08-04 20:17:18	INFO	SDAlgorithmBase::deconvolve 	[ngc4254_12m_hcop] Total model flux (over all planes) : 0.0353262     Peak Residual (over all planes) : 0.0019144 in C1:P0
2026-08-04 20:17:18	INFO	SynthesisDeconvolver::setupDeconvolution 	Set Deconvolution Options for [ngc4254_12m_hcop] : multiscale
2026-08-04 20:17:19	INFO	SynthesisDeconvolver::initMinorCycle 	 Absolute Peak residual within mask : 0.00199906, over full image : 0.00199906
2026-08-04 20:17:19	INFO	CubeMinorCycleAlgorithm::task 	Processing channels in range [40, 49]
2026-08-04 20:17:19	INFO	SDAlgorithmBase::deconvolve 	[ngc4254_12m_hcop] Run multiscale minor-cycle on 10 chans | CycleThreshold=0.0013829, CycleNiter=100, Gain=0.1
2026-08-04 20:17:19	INFO	MatrixCleaner::validatePsf() 	Peak of PSF = 1 at [512, 576]
2026-08-04 20:17:20	INFO	MatrixCleaner::makePsfScales() 	Calculating convolutions for scale 0
2026-08-04 20:17:20	INFO	MatrixCleaner::makePsfScales() 	Calculating convolutions for scale 1
2026-08-04 20:17:20	INFO	MatrixCleaner::makePsfScales() 	Calculating convolutions for scale 2
2026-08-04 20:17:20	INFO	MatrixCleaner::makePsfScales() 	Calculating convolutions for scale 3
2026-08-04 20:17:20	INFO	MatrixCleaner::makeScaleMasks() 	Calculating mask convolution for scale 0
2026-08-04 20:17:20	INFO	MatrixCleaner::makeScaleMasks() 	Calculating mask convolution for scale 1
2026-08-04 20:17:20	INFO	MatrixCleaner::makeScaleMasks() 	Calculating mask convolution for scale 2
2026-08-04 20:17:20	INFO	MatrixCleaner::makeScaleMasks() 	Calculating mask convolution for scale 3
2026-08-04 20:17:20	INFO	MatrixCleaner::clean() 	scale 1 = 0 pixels with bias = 1
2026-08-04 20:17:20	INFO	MatrixCleaner::clean() 	scale 2 = 4 pixels with bias = 0.82
2026-08-04 20:17:20	INFO	MatrixCleaner::clean() 	scale 3 = 10 pixels with bias = 0.55
2026-08-04 20:17:20	INFO	MatrixCleaner::clean() 	scale 4 = 20 pixels with bias = 0.1
2026-08-04 20:17:20	INFO	MatrixCleaner::clean() 	Cleaning using given mask
2026-08-04 20:17:20	INFO	MatrixCleaner::clean() 	Cleaning pixels with mask values above 0.9
2026-08-04 20:17:20	INFO	MatrixCleaner::clean() 	Starting iteration
2026-08-04 20:17:20	INFO	MatrixCleaner::clean() 	Initial maximum residual is 0.00199906 within the mask 
2026-08-04 20:17:20	INFO	MatrixCleaner::clean() 	iteration    MaximumResidual   CleanedFlux
2026-08-04 20:17:20	INFO	MatrixCleaner::clean() 	10      0.00238552      0.00214024
2026-08-04 20:17:20	INFO	MatrixCleaner::clean() 	Diverging due to large scale?
2026-08-04 20:17:20	INFO	MatrixCleaner::clean() 	  0    0.00180543
2026-08-04 20:17:20	INFO	MatrixCleaner::clean() 	  1    0.00123648
2026-08-04 20:17:20	INFO	MatrixCleaner::clean() 	  2    0.000460485
2026-08-04 20:17:20	INFO	MatrixCleaner::clean() 	  3    0
2026-08-04 20:17:20	WARN	SDAlgorithmMSClean::takeOneStep (file /source/casa6/casatools/src/code/synthesis/ImagerObjects/SDAlgorithmMSClean.cc, line 185)	MSClean minor cycle stopped at large scale negative or diverging
2026-08-04 20:17:20	INFO	SDAlgorithmBase::deconvolve 	[ngc4254_12m_hcop:C0] iters=0->16 [16], model=0.000766642->0.00380855, peakres=0.00199906->0.00163021, Exited multiscale minor cycle without reaching any stopping criterion.
2026-08-04 20:17:20	INFO	MatrixCleaner::validatePsf() 	Peak of PSF = 1 at [512, 576]
2026-08-04 20:17:20	INFO	MatrixCleaner::makePsfScales() 	Calculating convolutions for scale 0
2026-08-04 20:17:20	INFO	MatrixCleaner::makePsfScales() 	Calculating convolutions for scale 1
2026-08-04 20:17:20	INFO	MatrixCleaner::makePsfScales() 	Calculating convolutions for scale 2
2026-08-04 20:17:20	INFO	MatrixCleaner::makePsfScales() 	Calculating convolutions for scale 3
2026-08-04 20:17:20	INFO	MatrixCleaner::makeScaleMasks() 	Calculating mask convolution for scale 0
2026-08-04 20:17:21	INFO	MatrixCleaner::makeScaleMasks() 	Calculating mask convolution for scale 1
2026-08-04 20:17:21	INFO	MatrixCleaner::makeScaleMasks() 	Calculating mask convolution for scale 2
2026-08-04 20:17:21	INFO	MatrixCleaner::makeScaleMasks() 	Calculating mask convolution for scale 3
2026-08-04 20:17:21	INFO	MatrixCleaner::clean() 	scale 1 = 0 pixels with bias = 1
2026-08-04 20:17:21	INFO	MatrixCleaner::clean() 	scale 2 = 4 pixels with bias = 0.82
2026-08-04 20:17:21	INFO	MatrixCleaner::clean() 	scale 3 = 10 pixels with bias = 0.55
2026-08-04 20:17:21	INFO	MatrixCleaner::clean() 	scale 4 = 20 pixels with bias = 0.1
2026-08-04 20:17:21	INFO	MatrixCleaner::clean() 	Cleaning using given mask
2026-08-04 20:17:21	INFO	MatrixCleaner::clean() 	Cleaning pixels with mask values above 0.9
2026-08-04 20:17:21	INFO	MatrixCleaner::clean() 	Starting iteration
2026-08-04 20:17:21	INFO	MatrixCleaner::clean() 	Initial maximum residual is 0.00192562 within the mask 
2026-08-04 20:17:21	INFO	MatrixCleaner::clean() 	iteration    MaximumResidual   CleanedFlux
2026-08-04 20:17:21	INFO	MatrixCleaner::clean() 	Diverging due to large scale?
2026-08-04 20:17:21	INFO	MatrixCleaner::clean() 	  0    0.000192562
2026-08-04 20:17:21	INFO	MatrixCleaner::clean() 	  1    0
2026-08-04 20:17:21	INFO	MatrixCleaner::clean() 	  2    0.00051631
2026-08-04 20:17:21	INFO	MatrixCleaner::clean() 	  3    0
2026-08-04 20:17:21	WARN	SDAlgorithmMSClean::takeOneStep (file /source/casa6/casatools/src/code/synthesis/ImagerObjects/SDAlgorithmMSClean.cc, line 185)	MSClean minor cycle stopped at large scale negative or diverging
2026-08-04 20:17:21	INFO	SDAlgorithmBase::deconvolve 	[ngc4254_12m_hcop:C1] iters=16->18 [2], model=0.00186505->0.00205761, peakres=0.00192562->0.00177104, Exited multiscale minor cycle without reaching any stopping criterion.
2026-08-04 20:17:21	INFO	MatrixCleaner::validatePsf() 	Peak of PSF = 1 at [512, 576]
2026-08-04 20:17:21	INFO	MatrixCleaner::makePsfScales() 	Calculating convolutions for scale 0
2026-08-04 20:17:21	INFO	MatrixCleaner::makePsfScales() 	Calculating convolutions for scale 1
2026-08-04 20:17:21	INFO	MatrixCleaner::makePsfScales() 	Calculating convolutions for scale 2
2026-08-04 20:17:21	INFO	MatrixCleaner::makePsfScales() 	Calculating convolutions for scale 3
2026-08-04 20:17:21	INFO	MatrixCleaner::makeScaleMasks() 	Calculating mask convolution for scale 0
2026-08-04 20:17:21	INFO	MatrixCleaner::makeScaleMasks() 	Calculating mask convolution for scale 1
2026-08-04 20:17:21	INFO	MatrixCleaner::makeScaleMasks() 	Calculating mask convolution for scale 2
2026-08-04 20:17:21	INFO	MatrixCleaner::makeScaleMasks() 	Calculating mask convolution for scale 3
2026-08-04 20:17:21	INFO	MatrixCleaner::clean() 	scale 1 = 0 pixels with bias = 1
2026-08-04 20:17:21	INFO	MatrixCleaner::clean() 	scale 2 = 4 pixels with bias = 0.82
2026-08-04 20:17:21	INFO	MatrixCleaner::clean() 	scale 3 = 10 pixels with bias = 0.55
2026-08-04 20:17:21	INFO	MatrixCleaner::clean() 	scale 4 = 20 pixels with bias = 0.1
2026-08-04 20:17:21	INFO	MatrixCleaner::clean() 	Cleaning using given mask
2026-08-04 20:17:21	INFO	MatrixCleaner::clean() 	Cleaning pixels with mask values above 0.9
2026-08-04 20:17:21	INFO	MatrixCleaner::clean() 	Starting iteration
2026-08-04 20:17:21	INFO	MatrixCleaner::clean() 	Initial maximum residual is 0.00498198 within the mask 
2026-08-04 20:17:21	INFO	MatrixCleaner::clean() 	iteration    MaximumResidual   CleanedFlux
2026-08-04 20:17:21	INFO	MatrixCleaner::clean() 	10      0.00149334      0.00203034
2026-08-04 20:17:21	INFO	MatrixCleaner::clean() 	20      -0.0014062      0.00293415
2026-08-04 20:17:22	INFO	MatrixCleaner::clean() 	Reached stopping threshold 0.0013829 at iteration 21
2026-08-04 20:17:22	INFO	MatrixCleaner::clean() 	Optimum flux is 0.00137903
2026-08-04 20:17:22	INFO	MatrixCleaner::clean() 	  0    0.000917911
2026-08-04 20:17:22	INFO	MatrixCleaner::clean() 	  1    0.000659694
2026-08-04 20:17:22	INFO	MatrixCleaner::clean() 	  2    0.00135745
2026-08-04 20:17:22	INFO	MatrixCleaner::clean() 	  3    0
2026-08-04 20:17:22	INFO	SDAlgorithmBase::deconvolve 	[ngc4254_12m_hcop:C2] iters=18->40 [22], model=0.00125844->0.0043314, peakres=0.00174894->0.00137903, Reached cyclethreshold.
2026-08-04 20:17:22	INFO	MatrixCleaner::validatePsf() 	Peak of PSF = 1 at [512, 576]
2026-08-04 20:17:22	INFO	MatrixCleaner::makePsfScales() 	Calculating convolutions for scale 0
2026-08-04 20:17:22	INFO	MatrixCleaner::makePsfScales() 	Calculating convolutions for scale 1
2026-08-04 20:17:22	INFO	MatrixCleaner::makePsfScales() 	Calculating convolutions for scale 2
2026-08-04 20:17:22	INFO	MatrixCleaner::makePsfScales() 	Calculating convolutions for scale 3
2026-08-04 20:17:22	INFO	MatrixCleaner::makeScaleMasks() 	Calculating mask convolution for scale 0
2026-08-04 20:17:22	INFO	MatrixCleaner::makeScaleMasks() 	Calculating mask convolution for scale 1
2026-08-04 20:17:22	INFO	MatrixCleaner::makeScaleMasks() 	Calculating mask convolution for scale 2
2026-08-04 20:17:22	INFO	MatrixCleaner::makeScaleMasks() 	Calculating mask convolution for scale 3
2026-08-04 20:17:22	INFO	MatrixCleaner::clean() 	scale 1 = 0 pixels with bias = 1
2026-08-04 20:17:22	INFO	MatrixCleaner::clean() 	scale 2 = 4 pixels with bias = 0.82
2026-08-04 20:17:22	INFO	MatrixCleaner::clean() 	scale 3 = 10 pixels with bias = 0.55
2026-08-04 20:17:22	INFO	MatrixCleaner::clean() 	scale 4 = 20 pixels with bias = 0.1
2026-08-04 20:17:22	INFO	MatrixCleaner::clean() 	Cleaning using given mask
2026-08-04 20:17:22	INFO	MatrixCleaner::clean() 	Cleaning pixels with mask values above 0.9
2026-08-04 20:17:22	INFO	MatrixCleaner::clean() 	Starting iteration
2026-08-04 20:17:22	INFO	MatrixCleaner::clean() 	Initial maximum residual is 0.00190639 within the mask 
2026-08-04 20:17:22	INFO	MatrixCleaner::clean() 	iteration    MaximumResidual   CleanedFlux
2026-08-04 20:17:22	INFO	MatrixCleaner::clean() 	Diverging due to large scale?
2026-08-04 20:17:22	INFO	MatrixCleaner::clean() 	  0    0.000374495
2026-08-04 20:17:22	INFO	MatrixCleaner::clean() 	  1    0
2026-08-04 20:17:22	INFO	MatrixCleaner::clean() 	  2    0.000502812
2026-08-04 20:17:22	INFO	MatrixCleaner::clean() 	  3    0
2026-08-04 20:17:22	WARN	SDAlgorithmMSClean::takeOneStep (file /source/casa6/casatools/src/code/synthesis/ImagerObjects/SDAlgorithmMSClean.cc, line 185)	MSClean minor cycle stopped at large scale negative or diverging
2026-08-04 20:17:22	INFO	SDAlgorithmBase::deconvolve 	[ngc4254_12m_hcop:C3] iters=40->43 [3], model=0.000588897->0.000963392, peakres=0.00190639->0.00172718, Exited multiscale minor cycle without reaching any stopping criterion.
2026-08-04 20:17:22	INFO	MatrixCleaner::validatePsf() 	Peak of PSF = 1 at [512, 576]
2026-08-04 20:17:22	INFO	MatrixCleaner::makePsfScales() 	Calculating convolutions for scale 0
2026-08-04 20:17:22	INFO	MatrixCleaner::makePsfScales() 	Calculating convolutions for scale 1
2026-08-04 20:17:22	INFO	MatrixCleaner::makePsfScales() 	Calculating convolutions for scale 2
2026-08-04 20:17:22	INFO	MatrixCleaner::makePsfScales() 	Calculating convolutions for scale 3
2026-08-04 20:17:22	INFO	MatrixCleaner::makeScaleMasks() 	Calculating mask convolution for scale 0
2026-08-04 20:17:22	INFO	MatrixCleaner::makeScaleMasks() 	Calculating mask convolution for scale 1
2026-08-04 20:17:22	INFO	MatrixCleaner::makeScaleMasks() 	Calculating mask convolution for scale 2
2026-08-04 20:17:22	INFO	MatrixCleaner::makeScaleMasks() 	Calculating mask convolution for scale 3
2026-08-04 20:17:23	INFO	MatrixCleaner::clean() 	scale 1 = 0 pixels with bias = 1
2026-08-04 20:17:23	INFO	MatrixCleaner::clean() 	scale 2 = 4 pixels with bias = 0.82
2026-08-04 20:17:23	INFO	MatrixCleaner::clean() 	scale 3 = 10 pixels with bias = 0.55
2026-08-04 20:17:23	INFO	MatrixCleaner::clean() 	scale 4 = 20 pixels with bias = 0.1
2026-08-04 20:17:23	INFO	MatrixCleaner::clean() 	Cleaning using given mask
2026-08-04 20:17:23	INFO	MatrixCleaner::clean() 	Cleaning pixels with mask values above 0.9
2026-08-04 20:17:23	INFO	MatrixCleaner::clean() 	Starting iteration
2026-08-04 20:17:23	INFO	MatrixCleaner::clean() 	Initial maximum residual is 0.00171873 within the mask 
2026-08-04 20:17:23	INFO	MatrixCleaner::clean() 	iteration    MaximumResidual   CleanedFlux
2026-08-04 20:17:23	INFO	MatrixCleaner::clean() 	10      0.00147542      0.000301322
2026-08-04 20:17:23	INFO	MatrixCleaner::clean() 	20      -0.00140932      -0.000261711
2026-08-04 20:17:23	INFO	MatrixCleaner::clean() 	Reached stopping threshold 0.0013829 at iteration 25
2026-08-04 20:17:23	INFO	MatrixCleaner::clean() 	Optimum flux is 0.00136809
2026-08-04 20:17:23	INFO	MatrixCleaner::clean() 	  0    -0.000816661
2026-08-04 20:17:23	INFO	MatrixCleaner::clean() 	  1    0
2026-08-04 20:17:23	INFO	MatrixCleaner::clean() 	  2    0
2026-08-04 20:17:23	INFO	MatrixCleaner::clean() 	  3    0
2026-08-04 20:17:23	INFO	SDAlgorithmBase::deconvolve 	[ngc4254_12m_hcop:C4] iters=43->69 [26], model=0->-0.000679852, peakres=0.00171873->0.00136809, Reached cyclethreshold.
2026-08-04 20:17:23	INFO	MatrixCleaner::validatePsf() 	Peak of PSF = 1 at [512, 576]
2026-08-04 20:17:23	INFO	MatrixCleaner::makePsfScales() 	Calculating convolutions for scale 0
2026-08-04 20:17:23	INFO	MatrixCleaner::makePsfScales() 	Calculating convolutions for scale 1
2026-08-04 20:17:23	INFO	MatrixCleaner::makePsfScales() 	Calculating convolutions for scale 2
2026-08-04 20:17:23	INFO	MatrixCleaner::makePsfScales() 	Calculating convolutions for scale 3
2026-08-04 20:17:23	INFO	MatrixCleaner::makeScaleMasks() 	Calculating mask convolution for scale 0
2026-08-04 20:17:23	INFO	MatrixCleaner::makeScaleMasks() 	Calculating mask convolution for scale 1
2026-08-04 20:17:23	INFO	MatrixCleaner::makeScaleMasks() 	Calculating mask convolution for scale 2
2026-08-04 20:17:23	INFO	MatrixCleaner::makeScaleMasks() 	Calculating mask convolution for scale 3
2026-08-04 20:17:24	INFO	MatrixCleaner::clean() 	scale 1 = 0 pixels with bias = 1
2026-08-04 20:17:24	INFO	MatrixCleaner::clean() 	scale 2 = 4 pixels with bias = 0.82
2026-08-04 20:17:24	INFO	MatrixCleaner::clean() 	scale 3 = 10 pixels with bias = 0.55
2026-08-04 20:17:24	INFO	MatrixCleaner::clean() 	scale 4 = 20 pixels with bias = 0.1
2026-08-04 20:17:24	INFO	MatrixCleaner::clean() 	Cleaning using given mask
2026-08-04 20:17:24	INFO	MatrixCleaner::clean() 	Cleaning pixels with mask values above 0.9
2026-08-04 20:17:24	INFO	MatrixCleaner::clean() 	Starting iteration
2026-08-04 20:17:24	INFO	MatrixCleaner::clean() 	Initial maximum residual is 0.00158877 within the mask 
2026-08-04 20:17:24	INFO	MatrixCleaner::clean() 	iteration    MaximumResidual   CleanedFlux
2026-08-04 20:17:24	INFO	MatrixCleaner::clean() 	10      0.00142028      -0.000316758
2026-08-04 20:17:24	INFO	MatrixCleaner::clean() 	Reached stopping threshold 0.0013829 at iteration 15
2026-08-04 20:17:24	INFO	MatrixCleaner::clean() 	Optimum flux is 0.00138197
2026-08-04 20:17:24	INFO	MatrixCleaner::clean() 	  0    -0.000874115
2026-08-04 20:17:24	INFO	MatrixCleaner::clean() 	  1    0
2026-08-04 20:17:24	INFO	MatrixCleaner::clean() 	  2    0
2026-08-04 20:17:24	INFO	MatrixCleaner::clean() 	  3    0
2026-08-04 20:17:24	INFO	SDAlgorithmBase::deconvolve 	[ngc4254_12m_hcop:C5] iters=69->85 [16], model=0->-0.000735917, peakres=0.00158877->0.00138196, Reached cyclethreshold.
2026-08-04 20:17:24	INFO	MatrixCleaner::validatePsf() 	Peak of PSF = 1 at [512, 576]
2026-08-04 20:17:24	INFO	MatrixCleaner::makePsfScales() 	Calculating convolutions for scale 0
2026-08-04 20:17:24	INFO	MatrixCleaner::makePsfScales() 	Calculating convolutions for scale 1
2026-08-04 20:17:24	INFO	MatrixCleaner::makePsfScales() 	Calculating convolutions for scale 2
2026-08-04 20:17:24	INFO	MatrixCleaner::makePsfScales() 	Calculating convolutions for scale 3
2026-08-04 20:17:24	INFO	MatrixCleaner::makeScaleMasks() 	Calculating mask convolution for scale 0
2026-08-04 20:17:24	INFO	MatrixCleaner::makeScaleMasks() 	Calculating mask convolution for scale 1
2026-08-04 20:17:24	INFO	MatrixCleaner::makeScaleMasks() 	Calculating mask convolution for scale 2
2026-08-04 20:17:24	INFO	MatrixCleaner::makeScaleMasks() 	Calculating mask convolution for scale 3
2026-08-04 20:17:24	INFO	MatrixCleaner::clean() 	scale 1 = 0 pixels with bias = 1
2026-08-04 20:17:24	INFO	MatrixCleaner::clean() 	scale 2 = 4 pixels with bias = 0.82
2026-08-04 20:17:24	INFO	MatrixCleaner::clean() 	scale 3 = 10 pixels with bias = 0.55
2026-08-04 20:17:24	INFO	MatrixCleaner::clean() 	scale 4 = 20 pixels with bias = 0.1
2026-08-04 20:17:24	INFO	MatrixCleaner::clean() 	Cleaning using given mask
2026-08-04 20:17:24	INFO	MatrixCleaner::clean() 	Cleaning pixels with mask values above 0.9
2026-08-04 20:17:24	INFO	MatrixCleaner::clean() 	Starting iteration
2026-08-04 20:17:24	INFO	MatrixCleaner::clean() 	Initial maximum residual is 0.00168187 within the mask 
2026-08-04 20:17:24	INFO	MatrixCleaner::clean() 	iteration    MaximumResidual   CleanedFlux
2026-08-04 20:17:24	INFO	MatrixCleaner::clean() 	10      0.00143258      2.16056e-05
2026-08-04 20:17:24	INFO	MatrixCleaner::clean() 	Reached stopping threshold 0.0013829 at iteration 16
2026-08-04 20:17:24	INFO	MatrixCleaner::clean() 	Optimum flux is 0.00137659
2026-08-04 20:17:24	INFO	MatrixCleaner::clean() 	  0    -0.000108772
2026-08-04 20:17:24	INFO	MatrixCleaner::clean() 	  1    0
2026-08-04 20:17:24	INFO	MatrixCleaner::clean() 	  2    0
2026-08-04 20:17:24	INFO	MatrixCleaner::clean() 	  3    0
2026-08-04 20:17:24	INFO	SDAlgorithmBase::deconvolve 	[ngc4254_12m_hcop:C6] iters=85->102 [17], model=0->2.88869e-05, peakres=0.00168187->0.00137659, Reached cyclethreshold.
2026-08-04 20:17:24	INFO	MatrixCleaner::validatePsf() 	Peak of PSF = 1 at [512, 576]
2026-08-04 20:17:25	INFO	MatrixCleaner::makePsfScales() 	Calculating convolutions for scale 0
2026-08-04 20:17:25	INFO	MatrixCleaner::makePsfScales() 	Calculating convolutions for scale 1
2026-08-04 20:17:25	INFO	MatrixCleaner::makePsfScales() 	Calculating convolutions for scale 2
2026-08-04 20:17:25	INFO	MatrixCleaner::makePsfScales() 	Calculating convolutions for scale 3
2026-08-04 20:17:25	INFO	MatrixCleaner::makeScaleMasks() 	Calculating mask convolution for scale 0
2026-08-04 20:17:25	INFO	MatrixCleaner::makeScaleMasks() 	Calculating mask convolution for scale 1
2026-08-04 20:17:25	INFO	MatrixCleaner::makeScaleMasks() 	Calculating mask convolution for scale 2
2026-08-04 20:17:25	INFO	MatrixCleaner::makeScaleMasks() 	Calculating mask convolution for scale 3
2026-08-04 20:17:25	INFO	MatrixCleaner::clean() 	scale 1 = 0 pixels with bias = 1
2026-08-04 20:17:25	INFO	MatrixCleaner::clean() 	scale 2 = 4 pixels with bias = 0.82
2026-08-04 20:17:25	INFO	MatrixCleaner::clean() 	scale 3 = 10 pixels with bias = 0.55
2026-08-04 20:17:25	INFO	MatrixCleaner::clean() 	scale 4 = 20 pixels with bias = 0.1
2026-08-04 20:17:25	INFO	MatrixCleaner::clean() 	Cleaning using given mask
2026-08-04 20:17:25	INFO	MatrixCleaner::clean() 	Cleaning pixels with mask values above 0.9
2026-08-04 20:17:25	INFO	MatrixCleaner::clean() 	Starting iteration
2026-08-04 20:17:25	INFO	MatrixCleaner::clean() 	Initial maximum residual is 0.00157725 within the mask 
2026-08-04 20:17:25	INFO	MatrixCleaner::clean() 	iteration    MaximumResidual   CleanedFlux
2026-08-04 20:17:25	INFO	MatrixCleaner::clean() 	10      -0.00141882      -0.000595815
2026-08-04 20:17:25	INFO	MatrixCleaner::clean() 	Reached stopping threshold 0.0013829 at iteration 17
2026-08-04 20:17:25	INFO	MatrixCleaner::clean() 	Optimum flux is 0.00137368
2026-08-04 20:17:25	INFO	MatrixCleaner::clean() 	  0    -0.000592622
2026-08-04 20:17:25	INFO	MatrixCleaner::clean() 	  1    0
2026-08-04 20:17:25	INFO	MatrixCleaner::clean() 	  2    0
2026-08-04 20:17:25	INFO	MatrixCleaner::clean() 	  3    0
2026-08-04 20:17:25	INFO	SDAlgorithmBase::deconvolve 	[ngc4254_12m_hcop:C7] iters=102->120 [18], model=0->-0.000455253, peakres=0.00157725->0.00137368, Reached cyclethreshold.
2026-08-04 20:17:25	INFO	MatrixCleaner::validatePsf() 	Peak of PSF = 1 at [512, 576]
2026-08-04 20:17:25	INFO	MatrixCleaner::makePsfScales() 	Calculating convolutions for scale 0
2026-08-04 20:17:25	INFO	MatrixCleaner::makePsfScales() 	Calculating convolutions for scale 1
2026-08-04 20:17:25	INFO	MatrixCleaner::makePsfScales() 	Calculating convolutions for scale 2
2026-08-04 20:17:25	INFO	MatrixCleaner::makePsfScales() 	Calculating convolutions for scale 3
2026-08-04 20:17:26	INFO	MatrixCleaner::makeScaleMasks() 	Calculating mask convolution for scale 0
2026-08-04 20:17:26	INFO	MatrixCleaner::makeScaleMasks() 	Calculating mask convolution for scale 1
2026-08-04 20:17:26	INFO	MatrixCleaner::makeScaleMasks() 	Calculating mask convolution for scale 2
2026-08-04 20:17:26	INFO	MatrixCleaner::makeScaleMasks() 	Calculating mask convolution for scale 3
2026-08-04 20:17:26	INFO	MatrixCleaner::clean() 	scale 1 = 0 pixels with bias = 1
2026-08-04 20:17:26	INFO	MatrixCleaner::clean() 	scale 2 = 4 pixels with bias = 0.82
2026-08-04 20:17:26	INFO	MatrixCleaner::clean() 	scale 3 = 10 pixels with bias = 0.55
2026-08-04 20:17:26	INFO	MatrixCleaner::clean() 	scale 4 = 20 pixels with bias = 0.1
2026-08-04 20:17:26	INFO	MatrixCleaner::clean() 	Cleaning using given mask
2026-08-04 20:17:26	INFO	MatrixCleaner::clean() 	Cleaning pixels with mask values above 0.9
2026-08-04 20:17:26	INFO	MatrixCleaner::clean() 	Starting iteration
2026-08-04 20:17:26	INFO	MatrixCleaner::clean() 	Initial maximum residual is 0.00161933 within the mask 
2026-08-04 20:17:26	INFO	MatrixCleaner::clean() 	iteration    MaximumResidual   CleanedFlux
2026-08-04 20:17:26	INFO	MatrixCleaner::clean() 	10      -0.00145497      -0.000299279
2026-08-04 20:17:26	INFO	MatrixCleaner::clean() 	20      -0.0013831      -0.00057913
2026-08-04 20:17:26	INFO	MatrixCleaner::clean() 	Reached stopping threshold 0.0013829 at iteration 20
2026-08-04 20:17:26	INFO	MatrixCleaner::clean() 	Optimum flux is 0.00137479
2026-08-04 20:17:26	INFO	MatrixCleaner::clean() 	  0    -0.00071661
2026-08-04 20:17:26	INFO	MatrixCleaner::clean() 	  1    0
2026-08-04 20:17:26	INFO	MatrixCleaner::clean() 	  2    0
2026-08-04 20:17:26	INFO	MatrixCleaner::clean() 	  3    0
2026-08-04 20:17:26	INFO	SDAlgorithmBase::deconvolve 	[ngc4254_12m_hcop:C8] iters=120->141 [21], model=0->-0.00057913, peakres=0.00161933->0.00137478, Reached cyclethreshold.
2026-08-04 20:17:26	INFO	MatrixCleaner::validatePsf() 	Peak of PSF = 1 at [512, 576]
2026-08-04 20:17:26	INFO	MatrixCleaner::makePsfScales() 	Calculating convolutions for scale 0
2026-08-04 20:17:26	INFO	MatrixCleaner::makePsfScales() 	Calculating convolutions for scale 1
2026-08-04 20:17:26	INFO	MatrixCleaner::makePsfScales() 	Calculating convolutions for scale 2
2026-08-04 20:17:26	INFO	MatrixCleaner::makePsfScales() 	Calculating convolutions for scale 3
2026-08-04 20:17:26	INFO	MatrixCleaner::makeScaleMasks() 	Calculating mask convolution for scale 0
2026-08-04 20:17:26	INFO	MatrixCleaner::makeScaleMasks() 	Calculating mask convolution for scale 1
2026-08-04 20:17:26	INFO	MatrixCleaner::makeScaleMasks() 	Calculating mask convolution for scale 2
2026-08-04 20:17:26	INFO	MatrixCleaner::makeScaleMasks() 	Calculating mask convolution for scale 3
2026-08-04 20:17:27	INFO	MatrixCleaner::clean() 	scale 1 = 0 pixels with bias = 1
2026-08-04 20:17:27	INFO	MatrixCleaner::clean() 	scale 2 = 4 pixels with bias = 0.82
2026-08-04 20:17:27	INFO	MatrixCleaner::clean() 	scale 3 = 10 pixels with bias = 0.55
2026-08-04 20:17:27	INFO	MatrixCleaner::clean() 	scale 4 = 20 pixels with bias = 0.1
2026-08-04 20:17:27	INFO	MatrixCleaner::clean() 	Cleaning using given mask
2026-08-04 20:17:27	INFO	MatrixCleaner::clean() 	Cleaning pixels with mask values above 0.9
2026-08-04 20:17:27	INFO	MatrixCleaner::clean() 	Starting iteration
2026-08-04 20:17:27	INFO	MatrixCleaner::clean() 	Initial maximum residual is 0.00175582 within the mask 
2026-08-04 20:17:27	INFO	MatrixCleaner::clean() 	iteration    MaximumResidual   CleanedFlux
2026-08-04 20:17:27	INFO	MatrixCleaner::clean() 	10      -0.00143985      -7.30293e-05
2026-08-04 20:17:27	INFO	MatrixCleaner::clean() 	Reached stopping threshold 0.0013829 at iteration 16
2026-08-04 20:17:27	INFO	MatrixCleaner::clean() 	Optimum flux is 0.00136454
2026-08-04 20:17:27	INFO	MatrixCleaner::clean() 	  0    -0.000492984
2026-08-04 20:17:27	INFO	MatrixCleaner::clean() 	  1    0
2026-08-04 20:17:27	INFO	MatrixCleaner::clean() 	  2    0
2026-08-04 20:17:27	INFO	MatrixCleaner::clean() 	  3    0
2026-08-04 20:17:27	INFO	SDAlgorithmBase::deconvolve 	[ngc4254_12m_hcop:C9] iters=141->158 [17], model=0->-0.00035653, peakres=0.00175582->0.00136454, Reached cyclethreshold.
2026-08-04 20:17:27	INFO	SDAlgorithmBase::deconvolve 	[ngc4254_12m_hcop] Total model flux (over all planes) : 0.00838315     Peak Residual (over all planes) : 0.00177104 in C1:P0
2026-08-04 20:17:27	INFO	SynthesisDeconvolver::setupDeconvolution 	Set Deconvolution Options for [ngc4254_12m_hcop] : multiscale
2026-08-04 20:17:28	INFO	SynthesisDeconvolver::initMinorCycle 	 Absolute Peak residual within mask : 0.00177034, over full image : 0.00177034
2026-08-04 20:17:28	INFO	CubeMinorCycleAlgorithm::task 	Processing channels in range [50, 59]
2026-08-04 20:17:28	INFO	SDAlgorithmBase::deconvolve 	[ngc4254_12m_hcop] Run multiscale minor-cycle on 10 chans | CycleThreshold=0.0013829, CycleNiter=100, Gain=0.1
2026-08-04 20:17:28	INFO	MatrixCleaner::validatePsf() 	Peak of PSF = 1 at [512, 576]
2026-08-04 20:17:29	INFO	MatrixCleaner::makePsfScales() 	Calculating convolutions for scale 0
2026-08-04 20:17:29	INFO	MatrixCleaner::makePsfScales() 	Calculating convolutions for scale 1
2026-08-04 20:17:29	INFO	MatrixCleaner::makePsfScales() 	Calculating convolutions for scale 2
2026-08-04 20:17:29	INFO	MatrixCleaner::makePsfScales() 	Calculating convolutions for scale 3
2026-08-04 20:17:29	INFO	MatrixCleaner::makeScaleMasks() 	Calculating mask convolution for scale 0
2026-08-04 20:17:29	INFO	MatrixCleaner::makeScaleMasks() 	Calculating mask convolution for scale 1
2026-08-04 20:17:29	INFO	MatrixCleaner::makeScaleMasks() 	Calculating mask convolution for scale 2
2026-08-04 20:17:29	INFO	MatrixCleaner::makeScaleMasks() 	Calculating mask convolution for scale 3
2026-08-04 20:17:29	INFO	MatrixCleaner::clean() 	scale 1 = 0 pixels with bias = 1
2026-08-04 20:17:29	INFO	MatrixCleaner::clean() 	scale 2 = 4 pixels with bias = 0.82
2026-08-04 20:17:29	INFO	MatrixCleaner::clean() 	scale 3 = 10 pixels with bias = 0.55
2026-08-04 20:17:29	INFO	MatrixCleaner::clean() 	scale 4 = 20 pixels with bias = 0.1
2026-08-04 20:17:29	INFO	MatrixCleaner::clean() 	Cleaning using given mask
2026-08-04 20:17:29	INFO	MatrixCleaner::clean() 	Cleaning pixels with mask values above 0.9
2026-08-04 20:17:29	INFO	MatrixCleaner::clean() 	Starting iteration
2026-08-04 20:17:29	INFO	MatrixCleaner::clean() 	Initial maximum residual is 0.00172685 within the mask 
2026-08-04 20:17:29	INFO	MatrixCleaner::clean() 	iteration    MaximumResidual   CleanedFlux
2026-08-04 20:17:29	INFO	MatrixCleaner::clean() 	10      0.00149824      0.000626071
2026-08-04 20:17:29	INFO	MatrixCleaner::clean() 	20      -0.00139656      0.000626895
2026-08-04 20:17:29	INFO	MatrixCleaner::clean() 	Reached stopping threshold 0.0013829 at iteration 22
2026-08-04 20:17:29	INFO	MatrixCleaner::clean() 	Optimum flux is 0.0013786
2026-08-04 20:17:29	INFO	MatrixCleaner::clean() 	  0    0.000763796
2026-08-04 20:17:29	INFO	MatrixCleaner::clean() 	  1    0
2026-08-04 20:17:29	INFO	MatrixCleaner::clean() 	  2    0
2026-08-04 20:17:29	INFO	MatrixCleaner::clean() 	  3    0
2026-08-04 20:17:29	INFO	SDAlgorithmBase::deconvolve 	[ngc4254_12m_hcop:C0] iters=0->23 [23], model=0->0.000625937, peakres=0.00172685->0.00137859, Reached cyclethreshold.
2026-08-04 20:17:29	INFO	MatrixCleaner::validatePsf() 	Peak of PSF = 1 at [512, 576]
2026-08-04 20:17:29	INFO	MatrixCleaner::makePsfScales() 	Calculating convolutions for scale 0
2026-08-04 20:17:30	INFO	MatrixCleaner::makePsfScales() 	Calculating convolutions for scale 1
2026-08-04 20:17:30	INFO	MatrixCleaner::makePsfScales() 	Calculating convolutions for scale 2
2026-08-04 20:17:30	INFO	MatrixCleaner::makePsfScales() 	Calculating convolutions for scale 3
2026-08-04 20:17:30	INFO	MatrixCleaner::makeScaleMasks() 	Calculating mask convolution for scale 0
2026-08-04 20:17:30	INFO	MatrixCleaner::makeScaleMasks() 	Calculating mask convolution for scale 1
2026-08-04 20:17:30	INFO	MatrixCleaner::makeScaleMasks() 	Calculating mask convolution for scale 2
2026-08-04 20:17:30	INFO	MatrixCleaner::makeScaleMasks() 	Calculating mask convolution for scale 3
2026-08-04 20:17:30	INFO	MatrixCleaner::clean() 	scale 1 = 0 pixels with bias = 1
2026-08-04 20:17:30	INFO	MatrixCleaner::clean() 	scale 2 = 4 pixels with bias = 0.82
2026-08-04 20:17:30	INFO	MatrixCleaner::clean() 	scale 3 = 10 pixels with bias = 0.55
2026-08-04 20:17:30	INFO	MatrixCleaner::clean() 	scale 4 = 20 pixels with bias = 0.1
2026-08-04 20:17:30	INFO	MatrixCleaner::clean() 	Cleaning using given mask
2026-08-04 20:17:30	INFO	MatrixCleaner::clean() 	Cleaning pixels with mask values above 0.9
2026-08-04 20:17:30	INFO	MatrixCleaner::clean() 	Starting iteration
2026-08-04 20:17:30	INFO	MatrixCleaner::clean() 	Initial maximum residual is 0.00155327 within the mask 
2026-08-04 20:17:30	INFO	MatrixCleaner::clean() 	iteration    MaximumResidual   CleanedFlux
2026-08-04 20:17:30	INFO	MatrixCleaner::clean() 	10      -0.00140303      5.91496e-06
2026-08-04 20:17:30	INFO	MatrixCleaner::clean() 	Reached stopping threshold 0.0013829 at iteration 15
2026-08-04 20:17:30	INFO	MatrixCleaner::clean() 	Optimum flux is 0.00137784
2026-08-04 20:17:30	INFO	MatrixCleaner::clean() 	  0    6.89538e-06
2026-08-04 20:17:30	INFO	MatrixCleaner::clean() 	  1    0
2026-08-04 20:17:30	INFO	MatrixCleaner::clean() 	  2    0
2026-08-04 20:17:30	INFO	MatrixCleaner::clean() 	  3    0
2026-08-04 20:17:30	INFO	SDAlgorithmBase::deconvolve 	[ngc4254_12m_hcop:C1] iters=23->39 [16], model=0->-0.000130889, peakres=0.00155327->0.00137784, Reached cyclethreshold.
2026-08-04 20:17:30	INFO	MatrixCleaner::validatePsf() 	Peak of PSF = 1 at [512, 576]
2026-08-04 20:17:30	INFO	MatrixCleaner::makePsfScales() 	Calculating convolutions for scale 0
2026-08-04 20:17:30	INFO	MatrixCleaner::makePsfScales() 	Calculating convolutions for scale 1
2026-08-04 20:17:30	INFO	MatrixCleaner::makePsfScales() 	Calculating convolutions for scale 2
2026-08-04 20:17:30	INFO	MatrixCleaner::makePsfScales() 	Calculating convolutions for scale 3
2026-08-04 20:17:30	INFO	MatrixCleaner::makeScaleMasks() 	Calculating mask convolution for scale 0
2026-08-04 20:17:30	INFO	MatrixCleaner::makeScaleMasks() 	Calculating mask convolution for scale 1
2026-08-04 20:17:31	INFO	MatrixCleaner::makeScaleMasks() 	Calculating mask convolution for scale 2
2026-08-04 20:17:31	INFO	MatrixCleaner::makeScaleMasks() 	Calculating mask convolution for scale 3
2026-08-04 20:17:31	INFO	MatrixCleaner::clean() 	scale 1 = 0 pixels with bias = 1
2026-08-04 20:17:31	INFO	MatrixCleaner::clean() 	scale 2 = 4 pixels with bias = 0.82
2026-08-04 20:17:31	INFO	MatrixCleaner::clean() 	scale 3 = 10 pixels with bias = 0.55
2026-08-04 20:17:31	INFO	MatrixCleaner::clean() 	scale 4 = 20 pixels with bias = 0.1
2026-08-04 20:17:31	INFO	MatrixCleaner::clean() 	Cleaning using given mask
2026-08-04 20:17:31	INFO	MatrixCleaner::clean() 	Cleaning pixels with mask values above 0.9
2026-08-04 20:17:31	INFO	MatrixCleaner::clean() 	Starting iteration
2026-08-04 20:17:31	INFO	MatrixCleaner::clean() 	Initial maximum residual is 0.00160241 within the mask 
2026-08-04 20:17:31	INFO	MatrixCleaner::clean() 	iteration    MaximumResidual   CleanedFlux
2026-08-04 20:17:31	INFO	MatrixCleaner::clean() 	Reached stopping threshold 0.0013829 at iteration 9
2026-08-04 20:17:31	INFO	MatrixCleaner::clean() 	Optimum flux is 0.00137961
2026-08-04 20:17:31	INFO	MatrixCleaner::clean() 	  0    0.000614112
2026-08-04 20:17:31	INFO	MatrixCleaner::clean() 	  1    0
2026-08-04 20:17:31	INFO	MatrixCleaner::clean() 	  2    0
2026-08-04 20:17:31	INFO	MatrixCleaner::clean() 	  3    0
2026-08-04 20:17:31	INFO	SDAlgorithmBase::deconvolve 	[ngc4254_12m_hcop:C2] iters=39->49 [10], model=0->0.000476151, peakres=0.00160241->0.00137961, Reached cyclethreshold.
2026-08-04 20:17:31	INFO	MatrixCleaner::validatePsf() 	Peak of PSF = 1 at [512, 576]
2026-08-04 20:17:31	INFO	MatrixCleaner::makePsfScales() 	Calculating convolutions for scale 0
2026-08-04 20:17:31	INFO	MatrixCleaner::makePsfScales() 	Calculating convolutions for scale 1
2026-08-04 20:17:31	INFO	MatrixCleaner::makePsfScales() 	Calculating convolutions for scale 2
2026-08-04 20:17:31	INFO	MatrixCleaner::makePsfScales() 	Calculating convolutions for scale 3
2026-08-04 20:17:31	INFO	MatrixCleaner::makeScaleMasks() 	Calculating mask convolution for scale 0
2026-08-04 20:17:31	INFO	MatrixCleaner::makeScaleMasks() 	Calculating mask convolution for scale 1
2026-08-04 20:17:31	INFO	MatrixCleaner::makeScaleMasks() 	Calculating mask convolution for scale 2
2026-08-04 20:17:31	INFO	MatrixCleaner::makeScaleMasks() 	Calculating mask convolution for scale 3
2026-08-04 20:17:31	INFO	MatrixCleaner::clean() 	scale 1 = 0 pixels with bias = 1
2026-08-04 20:17:31	INFO	MatrixCleaner::clean() 	scale 2 = 4 pixels with bias = 0.82
2026-08-04 20:17:31	INFO	MatrixCleaner::clean() 	scale 3 = 10 pixels with bias = 0.55
2026-08-04 20:17:31	INFO	MatrixCleaner::clean() 	scale 4 = 20 pixels with bias = 0.1
2026-08-04 20:17:31	INFO	MatrixCleaner::clean() 	Cleaning using given mask
2026-08-04 20:17:31	INFO	MatrixCleaner::clean() 	Cleaning pixels with mask values above 0.9
2026-08-04 20:17:31	INFO	MatrixCleaner::clean() 	Starting iteration
2026-08-04 20:17:31	INFO	MatrixCleaner::clean() 	Initial maximum residual is 0.00177034 within the mask 
2026-08-04 20:17:31	INFO	MatrixCleaner::clean() 	iteration    MaximumResidual   CleanedFlux
2026-08-04 20:17:32	INFO	MatrixCleaner::clean() 	10      0.00145724      -3.37277e-05
2026-08-04 20:17:32	INFO	MatrixCleaner::clean() 	20      0.00141471      -0.000890311
2026-08-04 20:17:32	INFO	MatrixCleaner::clean() 	Reached stopping threshold 0.0013829 at iteration 21
2026-08-04 20:17:32	INFO	MatrixCleaner::clean() 	Optimum flux is 0.00138188
2026-08-04 20:17:32	INFO	MatrixCleaner::clean() 	  0    -0.00116766
2026-08-04 20:17:32	INFO	MatrixCleaner::clean() 	  1    0
2026-08-04 20:17:32	INFO	MatrixCleaner::clean() 	  2    0
2026-08-04 20:17:32	INFO	MatrixCleaner::clean() 	  3    0
2026-08-04 20:17:32	INFO	SDAlgorithmBase::deconvolve 	[ngc4254_12m_hcop:C3] iters=49->71 [22], model=0->-0.00102947, peakres=0.00177034->0.00138187, Reached cyclethreshold.
2026-08-04 20:17:32	INFO	MatrixCleaner::validatePsf() 	Peak of PSF = 1 at [512, 576]
2026-08-04 20:17:32	INFO	MatrixCleaner::makePsfScales() 	Calculating convolutions for scale 0
2026-08-04 20:17:32	INFO	MatrixCleaner::makePsfScales() 	Calculating convolutions for scale 1
2026-08-04 20:17:32	INFO	MatrixCleaner::makePsfScales() 	Calculating convolutions for scale 2
2026-08-04 20:17:32	INFO	MatrixCleaner::makePsfScales() 	Calculating convolutions for scale 3
2026-08-04 20:17:32	INFO	MatrixCleaner::makeScaleMasks() 	Calculating mask convolution for scale 0
2026-08-04 20:17:32	INFO	MatrixCleaner::makeScaleMasks() 	Calculating mask convolution for scale 1
2026-08-04 20:17:32	INFO	MatrixCleaner::makeScaleMasks() 	Calculating mask convolution for scale 2
2026-08-04 20:17:32	INFO	MatrixCleaner::makeScaleMasks() 	Calculating mask convolution for scale 3
2026-08-04 20:17:32	INFO	MatrixCleaner::clean() 	scale 1 = 0 pixels with bias = 1
2026-08-04 20:17:32	INFO	MatrixCleaner::clean() 	scale 2 = 4 pixels with bias = 0.82
2026-08-04 20:17:32	INFO	MatrixCleaner::clean() 	scale 3 = 10 pixels with bias = 0.55
2026-08-04 20:17:32	INFO	MatrixCleaner::clean() 	scale 4 = 20 pixels with bias = 0.1
2026-08-04 20:17:32	INFO	MatrixCleaner::clean() 	Cleaning using given mask
2026-08-04 20:17:32	INFO	MatrixCleaner::clean() 	Cleaning pixels with mask values above 0.9
2026-08-04 20:17:32	INFO	MatrixCleaner::clean() 	Starting iteration
2026-08-04 20:17:32	INFO	MatrixCleaner::clean() 	Initial maximum residual is 0.0015759 within the mask 
2026-08-04 20:17:32	INFO	MatrixCleaner::clean() 	iteration    MaximumResidual   CleanedFlux
2026-08-04 20:17:33	INFO	MatrixCleaner::clean() 	10      0.00141738      0.000290968
2026-08-04 20:17:33	INFO	MatrixCleaner::clean() 	Reached stopping threshold 0.0013829 at iteration 15
2026-08-04 20:17:33	INFO	MatrixCleaner::clean() 	Optimum flux is 0.00138129
2026-08-04 20:17:33	INFO	MatrixCleaner::clean() 	  0    0.000570317
2026-08-04 20:17:33	INFO	MatrixCleaner::clean() 	  1    0
2026-08-04 20:17:33	INFO	MatrixCleaner::clean() 	  2    0
2026-08-04 20:17:33	INFO	MatrixCleaner::clean() 	  3    0
2026-08-04 20:17:33	INFO	SDAlgorithmBase::deconvolve 	[ngc4254_12m_hcop:C4] iters=71->87 [16], model=0->0.000708446, peakres=0.0015759->0.00138129, Reached cyclethreshold.
2026-08-04 20:17:33	INFO	MatrixCleaner::validatePsf() 	Peak of PSF = 1 at [512, 576]
2026-08-04 20:17:33	INFO	MatrixCleaner::makePsfScales() 	Calculating convolutions for scale 0
2026-08-04 20:17:33	INFO	MatrixCleaner::makePsfScales() 	Calculating convolutions for scale 1
2026-08-04 20:17:33	INFO	MatrixCleaner::makePsfScales() 	Calculating convolutions for scale 2
2026-08-04 20:17:33	INFO	MatrixCleaner::makePsfScales() 	Calculating convolutions for scale 3
2026-08-04 20:17:33	INFO	MatrixCleaner::makeScaleMasks() 	Calculating mask convolution for scale 0
2026-08-04 20:17:33	INFO	MatrixCleaner::makeScaleMasks() 	Calculating mask convolution for scale 1
2026-08-04 20:17:33	INFO	MatrixCleaner::makeScaleMasks() 	Calculating mask convolution for scale 2
2026-08-04 20:17:33	INFO	MatrixCleaner::makeScaleMasks() 	Calculating mask convolution for scale 3
2026-08-04 20:17:33	INFO	MatrixCleaner::clean() 	scale 1 = 0 pixels with bias = 1
2026-08-04 20:17:33	INFO	MatrixCleaner::clean() 	scale 2 = 4 pixels with bias = 0.82
2026-08-04 20:17:33	INFO	MatrixCleaner::clean() 	scale 3 = 10 pixels with bias = 0.55
2026-08-04 20:17:33	INFO	MatrixCleaner::clean() 	scale 4 = 20 pixels with bias = 0.1
2026-08-04 20:17:33	INFO	MatrixCleaner::clean() 	Cleaning using given mask
2026-08-04 20:17:33	INFO	MatrixCleaner::clean() 	Cleaning pixels with mask values above 0.9
2026-08-04 20:17:33	INFO	MatrixCleaner::clean() 	Starting iteration
2026-08-04 20:17:33	INFO	MatrixCleaner::clean() 	Initial maximum residual is 0.00158664 within the mask 
2026-08-04 20:17:33	INFO	MatrixCleaner::clean() 	iteration    MaximumResidual   CleanedFlux
2026-08-04 20:17:33	INFO	MatrixCleaner::clean() 	10      -0.00144955      0.000590395
2026-08-04 20:17:34	INFO	MatrixCleaner::clean() 	Reached stopping threshold 0.0013829 at iteration 18
2026-08-04 20:17:34	INFO	MatrixCleaner::clean() 	Optimum flux is 0.00138209
2026-08-04 20:17:34	INFO	MatrixCleaner::clean() 	  0    0.00101606
2026-08-04 20:17:34	INFO	MatrixCleaner::clean() 	  1    0
2026-08-04 20:17:34	INFO	MatrixCleaner::clean() 	  2    0
2026-08-04 20:17:34	INFO	MatrixCleaner::clean() 	  3    0
2026-08-04 20:17:34	INFO	SDAlgorithmBase::deconvolve 	[ngc4254_12m_hcop:C5] iters=87->106 [19], model=0->0.000877847, peakres=0.00158664->0.00138209, Reached cyclethreshold.
2026-08-04 20:17:34	INFO	MatrixCleaner::validatePsf() 	Peak of PSF = 1 at [512, 576]
2026-08-04 20:17:34	INFO	MatrixCleaner::makePsfScales() 	Calculating convolutions for scale 0
2026-08-04 20:17:34	INFO	MatrixCleaner::makePsfScales() 	Calculating convolutions for scale 1
2026-08-04 20:17:34	INFO	MatrixCleaner::makePsfScales() 	Calculating convolutions for scale 2
2026-08-04 20:17:34	INFO	MatrixCleaner::makePsfScales() 	Calculating convolutions for scale 3
2026-08-04 20:17:34	INFO	MatrixCleaner::makeScaleMasks() 	Calculating mask convolution for scale 0
2026-08-04 20:17:34	INFO	MatrixCleaner::makeScaleMasks() 	Calculating mask convolution for scale 1
2026-08-04 20:17:34	INFO	MatrixCleaner::makeScaleMasks() 	Calculating mask convolution for scale 2
2026-08-04 20:17:34	INFO	MatrixCleaner::makeScaleMasks() 	Calculating mask convolution for scale 3
2026-08-04 20:17:34	INFO	MatrixCleaner::clean() 	scale 1 = 0 pixels with bias = 1
2026-08-04 20:17:34	INFO	MatrixCleaner::clean() 	scale 2 = 4 pixels with bias = 0.82
2026-08-04 20:17:34	INFO	MatrixCleaner::clean() 	scale 3 = 10 pixels with bias = 0.55
2026-08-04 20:17:34	INFO	MatrixCleaner::clean() 	scale 4 = 20 pixels with bias = 0.1
2026-08-04 20:17:34	INFO	MatrixCleaner::clean() 	Cleaning using given mask
2026-08-04 20:17:34	INFO	MatrixCleaner::clean() 	Cleaning pixels with mask values above 0.9
2026-08-04 20:17:34	INFO	MatrixCleaner::clean() 	Starting iteration
2026-08-04 20:17:34	INFO	MatrixCleaner::clean() 	Initial maximum residual is 0.00169249 within the mask 
2026-08-04 20:17:34	INFO	MatrixCleaner::clean() 	iteration    MaximumResidual   CleanedFlux
2026-08-04 20:17:34	INFO	MatrixCleaner::clean() 	10      0.00142297      0.000310632
2026-08-04 20:17:34	INFO	MatrixCleaner::clean() 	Reached stopping threshold 0.0013829 at iteration 14
2026-08-04 20:17:34	INFO	MatrixCleaner::clean() 	Optimum flux is 0.0013731
2026-08-04 20:17:34	INFO	MatrixCleaner::clean() 	  0    0.000173658
2026-08-04 20:17:34	INFO	MatrixCleaner::clean() 	  1    0
2026-08-04 20:17:34	INFO	MatrixCleaner::clean() 	  2    0
2026-08-04 20:17:34	INFO	MatrixCleaner::clean() 	  3    0
2026-08-04 20:17:34	INFO	SDAlgorithmBase::deconvolve 	[ngc4254_12m_hcop:C6] iters=106->121 [15], model=0->0.000310968, peakres=0.00169249->0.0013731, Reached cyclethreshold.
2026-08-04 20:17:34	INFO	MatrixCleaner::validatePsf() 	Peak of PSF = 1 at [512, 576]
2026-08-04 20:17:34	INFO	MatrixCleaner::makePsfScales() 	Calculating convolutions for scale 0
2026-08-04 20:17:35	INFO	MatrixCleaner::makePsfScales() 	Calculating convolutions for scale 1
2026-08-04 20:17:35	INFO	MatrixCleaner::makePsfScales() 	Calculating convolutions for scale 2
2026-08-04 20:17:35	INFO	MatrixCleaner::makePsfScales() 	Calculating convolutions for scale 3
2026-08-04 20:17:35	INFO	MatrixCleaner::makeScaleMasks() 	Calculating mask convolution for scale 0
2026-08-04 20:17:35	INFO	MatrixCleaner::makeScaleMasks() 	Calculating mask convolution for scale 1
2026-08-04 20:17:35	INFO	MatrixCleaner::makeScaleMasks() 	Calculating mask convolution for scale 2
2026-08-04 20:17:35	INFO	MatrixCleaner::makeScaleMasks() 	Calculating mask convolution for scale 3
2026-08-04 20:17:35	INFO	MatrixCleaner::clean() 	scale 1 = 0 pixels with bias = 1
2026-08-04 20:17:35	INFO	MatrixCleaner::clean() 	scale 2 = 4 pixels with bias = 0.82
2026-08-04 20:17:35	INFO	MatrixCleaner::clean() 	scale 3 = 10 pixels with bias = 0.55
2026-08-04 20:17:35	INFO	MatrixCleaner::clean() 	scale 4 = 20 pixels with bias = 0.1
2026-08-04 20:17:35	INFO	MatrixCleaner::clean() 	Cleaning using given mask
2026-08-04 20:17:35	INFO	MatrixCleaner::clean() 	Cleaning pixels with mask values above 0.9
2026-08-04 20:17:35	INFO	MatrixCleaner::clean() 	Starting iteration
2026-08-04 20:17:35	INFO	MatrixCleaner::clean() 	Initial maximum residual is 0.00163181 within the mask 
2026-08-04 20:17:35	INFO	MatrixCleaner::clean() 	iteration    MaximumResidual   CleanedFlux
2026-08-04 20:17:35	INFO	MatrixCleaner::clean() 	10      0.00141732      -0.000320075
2026-08-04 20:17:35	INFO	MatrixCleaner::clean() 	Reached stopping threshold 0.0013829 at iteration 13
2026-08-04 20:17:35	INFO	MatrixCleaner::clean() 	Optimum flux is 0.00138095
2026-08-04 20:17:35	INFO	MatrixCleaner::clean() 	  0    -0.000598373
2026-08-04 20:17:35	INFO	MatrixCleaner::clean() 	  1    0
2026-08-04 20:17:35	INFO	MatrixCleaner::clean() 	  2    0
2026-08-04 20:17:35	INFO	MatrixCleaner::clean() 	  3    0
2026-08-04 20:17:35	INFO	SDAlgorithmBase::deconvolve 	[ngc4254_12m_hcop:C7] iters=121->135 [14], model=0->-0.000460279, peakres=0.00163181->0.00138095, Reached cyclethreshold.
2026-08-04 20:17:35	INFO	MatrixCleaner::validatePsf() 	Peak of PSF = 1 at [512, 576]
2026-08-04 20:17:35	INFO	MatrixCleaner::makePsfScales() 	Calculating convolutions for scale 0
2026-08-04 20:17:35	INFO	MatrixCleaner::makePsfScales() 	Calculating convolutions for scale 1
2026-08-04 20:17:35	INFO	MatrixCleaner::makePsfScales() 	Calculating convolutions for scale 2
2026-08-04 20:17:36	INFO	MatrixCleaner::makePsfScales() 	Calculating convolutions for scale 3
2026-08-04 20:17:36	INFO	MatrixCleaner::makeScaleMasks() 	Calculating mask convolution for scale 0
2026-08-04 20:17:36	INFO	MatrixCleaner::makeScaleMasks() 	Calculating mask convolution for scale 1
2026-08-04 20:17:36	INFO	MatrixCleaner::makeScaleMasks() 	Calculating mask convolution for scale 2
2026-08-04 20:17:36	INFO	MatrixCleaner::makeScaleMasks() 	Calculating mask convolution for scale 3
2026-08-04 20:17:36	INFO	MatrixCleaner::clean() 	scale 1 = 0 pixels with bias = 1
2026-08-04 20:17:36	INFO	MatrixCleaner::clean() 	scale 2 = 4 pixels with bias = 0.82
2026-08-04 20:17:36	INFO	MatrixCleaner::clean() 	scale 3 = 10 pixels with bias = 0.55
2026-08-04 20:17:36	INFO	MatrixCleaner::clean() 	scale 4 = 20 pixels with bias = 0.1
2026-08-04 20:17:36	INFO	MatrixCleaner::clean() 	Cleaning using given mask
2026-08-04 20:17:36	INFO	MatrixCleaner::clean() 	Cleaning pixels with mask values above 0.9
2026-08-04 20:17:36	INFO	MatrixCleaner::clean() 	Starting iteration
2026-08-04 20:17:36	INFO	MatrixCleaner::clean() 	Initial maximum residual is 0.00150392 within the mask 
2026-08-04 20:17:36	INFO	MatrixCleaner::clean() 	iteration    MaximumResidual   CleanedFlux
2026-08-04 20:17:36	INFO	MatrixCleaner::clean() 	10      0.00139168      -7.0675e-06
2026-08-04 20:17:36	INFO	MatrixCleaner::clean() 	Reached stopping threshold 0.0013829 at iteration 14
2026-08-04 20:17:36	INFO	MatrixCleaner::clean() 	Optimum flux is 0.00138012
2026-08-04 20:17:36	INFO	MatrixCleaner::clean() 	  0    0.000685422
2026-08-04 20:17:36	INFO	MatrixCleaner::clean() 	  1    0
2026-08-04 20:17:36	INFO	MatrixCleaner::clean() 	  2    0
2026-08-04 20:17:36	INFO	MatrixCleaner::clean() 	  3    0
2026-08-04 20:17:36	INFO	SDAlgorithmBase::deconvolve 	[ngc4254_12m_hcop:C8] iters=135->150 [15], model=0->0.00054741, peakres=0.00150392->0.00138012, Reached cyclethreshold.
2026-08-04 20:17:36	INFO	MatrixCleaner::validatePsf() 	Peak of PSF = 1 at [512, 576]
2026-08-04 20:17:36	INFO	MatrixCleaner::makePsfScales() 	Calculating convolutions for scale 0
2026-08-04 20:17:36	INFO	MatrixCleaner::makePsfScales() 	Calculating convolutions for scale 1
2026-08-04 20:17:36	INFO	MatrixCleaner::makePsfScales() 	Calculating convolutions for scale 2
2026-08-04 20:17:36	INFO	MatrixCleaner::makePsfScales() 	Calculating convolutions for scale 3
2026-08-04 20:17:36	INFO	MatrixCleaner::makeScaleMasks() 	Calculating mask convolution for scale 0
2026-08-04 20:17:37	INFO	MatrixCleaner::makeScaleMasks() 	Calculating mask convolution for scale 1
2026-08-04 20:17:37	INFO	MatrixCleaner::makeScaleMasks() 	Calculating mask convolution for scale 2
2026-08-04 20:17:37	INFO	MatrixCleaner::makeScaleMasks() 	Calculating mask convolution for scale 3
2026-08-04 20:17:37	INFO	MatrixCleaner::clean() 	scale 1 = 0 pixels with bias = 1
2026-08-04 20:17:37	INFO	MatrixCleaner::clean() 	scale 2 = 4 pixels with bias = 0.82
2026-08-04 20:17:37	INFO	MatrixCleaner::clean() 	scale 3 = 10 pixels with bias = 0.55
2026-08-04 20:17:37	INFO	MatrixCleaner::clean() 	scale 4 = 20 pixels with bias = 0.1
2026-08-04 20:17:37	INFO	MatrixCleaner::clean() 	Cleaning using given mask
2026-08-04 20:17:37	INFO	MatrixCleaner::clean() 	Cleaning pixels with mask values above 0.9
2026-08-04 20:17:37	INFO	MatrixCleaner::clean() 	Starting iteration
2026-08-04 20:17:37	INFO	MatrixCleaner::clean() 	Initial maximum residual is 0.00159579 within the mask 
2026-08-04 20:17:37	INFO	MatrixCleaner::clean() 	iteration    MaximumResidual   CleanedFlux
2026-08-04 20:17:37	INFO	MatrixCleaner::clean() 	10      0.00143538      0.000591445
2026-08-04 20:17:37	INFO	MatrixCleaner::clean() 	Reached stopping threshold 0.0013829 at iteration 15
2026-08-04 20:17:37	INFO	MatrixCleaner::clean() 	Optimum flux is 0.00138019
2026-08-04 20:17:37	INFO	MatrixCleaner::clean() 	  0    0.000309711
2026-08-04 20:17:37	INFO	MatrixCleaner::clean() 	  1    0
2026-08-04 20:17:37	INFO	MatrixCleaner::clean() 	  2    0
2026-08-04 20:17:37	INFO	MatrixCleaner::clean() 	  3    0
2026-08-04 20:17:37	INFO	SDAlgorithmBase::deconvolve 	[ngc4254_12m_hcop:C9] iters=150->166 [16], model=0->0.000171693, peakres=0.0015958->0.00138019, Reached cyclethreshold.
2026-08-04 20:17:37	INFO	SDAlgorithmBase::deconvolve 	[ngc4254_12m_hcop] Total model flux (over all planes) : 0.00209781     Peak Residual (over all planes) : 0.00138209 in C5:P0
2026-08-04 20:17:38	INFO	SynthesisDeconvolver::setupDeconvolution 	Set Deconvolution Options for [ngc4254_12m_hcop] : multiscale
2026-08-04 20:17:38	INFO	SynthesisDeconvolver::initMinorCycle 	 Absolute Peak residual within mask : 0.00182667, over full image : 0.00182667
2026-08-04 20:17:38	INFO	CubeMinorCycleAlgorithm::task 	Processing channels in range [60, 69]
2026-08-04 20:17:38	INFO	SDAlgorithmBase::deconvolve 	[ngc4254_12m_hcop] Run multiscale minor-cycle on 10 chans | CycleThreshold=0.0013829, CycleNiter=100, Gain=0.1
2026-08-04 20:17:38	INFO	MatrixCleaner::validatePsf() 	Peak of PSF = 1 at [512, 576]
2026-08-04 20:17:38	INFO	MatrixCleaner::makePsfScales() 	Calculating convolutions for scale 0
2026-08-04 20:17:39	INFO	MatrixCleaner::makePsfScales() 	Calculating convolutions for scale 1
2026-08-04 20:17:39	INFO	MatrixCleaner::makePsfScales() 	Calculating convolutions for scale 2
2026-08-04 20:17:39	INFO	MatrixCleaner::makePsfScales() 	Calculating convolutions for scale 3
2026-08-04 20:17:39	INFO	MatrixCleaner::makeScaleMasks() 	Calculating mask convolution for scale 0
2026-08-04 20:17:39	INFO	MatrixCleaner::makeScaleMasks() 	Calculating mask convolution for scale 1
2026-08-04 20:17:39	INFO	MatrixCleaner::makeScaleMasks() 	Calculating mask convolution for scale 2
2026-08-04 20:17:39	INFO	MatrixCleaner::makeScaleMasks() 	Calculating mask convolution for scale 3
2026-08-04 20:17:39	INFO	MatrixCleaner::clean() 	scale 1 = 0 pixels with bias = 1
2026-08-04 20:17:39	INFO	MatrixCleaner::clean() 	scale 2 = 4 pixels with bias = 0.82
2026-08-04 20:17:39	INFO	MatrixCleaner::clean() 	scale 3 = 10 pixels with bias = 0.55
2026-08-04 20:17:39	INFO	MatrixCleaner::clean() 	scale 4 = 20 pixels with bias = 0.1
2026-08-04 20:17:39	INFO	MatrixCleaner::clean() 	Cleaning using given mask
2026-08-04 20:17:39	INFO	MatrixCleaner::clean() 	Cleaning pixels with mask values above 0.9
2026-08-04 20:17:39	INFO	MatrixCleaner::clean() 	Starting iteration
2026-08-04 20:17:39	INFO	MatrixCleaner::clean() 	Initial maximum residual is 0.00182667 within the mask 
2026-08-04 20:17:39	INFO	MatrixCleaner::clean() 	iteration    MaximumResidual   CleanedFlux
2026-08-04 20:17:39	INFO	MatrixCleaner::clean() 	10      -0.00148131      -0.000976319
2026-08-04 20:17:39	INFO	MatrixCleaner::clean() 	20      0.00139098      -0.000120258
2026-08-04 20:17:39	INFO	MatrixCleaner::clean() 	Reached stopping threshold 0.0013829 at iteration 22
2026-08-04 20:17:39	INFO	MatrixCleaner::clean() 	Optimum flux is 0.00137342
2026-08-04 20:17:39	INFO	MatrixCleaner::clean() 	  0    -0.00025965
2026-08-04 20:17:39	INFO	MatrixCleaner::clean() 	  1    0
2026-08-04 20:17:39	INFO	MatrixCleaner::clean() 	  2    0
2026-08-04 20:17:39	INFO	MatrixCleaner::clean() 	  3    0
2026-08-04 20:17:39	INFO	SDAlgorithmBase::deconvolve 	[ngc4254_12m_hcop:C0] iters=0->23 [23], model=0->-0.000396992, peakres=0.00182667->0.00137343, Reached cyclethreshold.
2026-08-04 20:17:39	INFO	MatrixCleaner::validatePsf() 	Peak of PSF = 1 at [512, 576]
2026-08-04 20:17:39	INFO	MatrixCleaner::makePsfScales() 	Calculating convolutions for scale 0
2026-08-04 20:17:39	INFO	MatrixCleaner::makePsfScales() 	Calculating convolutions for scale 1
2026-08-04 20:17:39	INFO	MatrixCleaner::makePsfScales() 	Calculating convolutions for scale 2
2026-08-04 20:17:39	INFO	MatrixCleaner::makePsfScales() 	Calculating convolutions for scale 3
2026-08-04 20:17:40	INFO	MatrixCleaner::makeScaleMasks() 	Calculating mask convolution for scale 0
2026-08-04 20:17:40	INFO	MatrixCleaner::makeScaleMasks() 	Calculating mask convolution for scale 1
2026-08-04 20:17:40	INFO	MatrixCleaner::makeScaleMasks() 	Calculating mask convolution for scale 2
2026-08-04 20:17:40	INFO	MatrixCleaner::makeScaleMasks() 	Calculating mask convolution for scale 3
2026-08-04 20:17:40	INFO	MatrixCleaner::clean() 	scale 1 = 0 pixels with bias = 1
2026-08-04 20:17:40	INFO	MatrixCleaner::clean() 	scale 2 = 4 pixels with bias = 0.82
2026-08-04 20:17:40	INFO	MatrixCleaner::clean() 	scale 3 = 10 pixels with bias = 0.55
2026-08-04 20:17:40	INFO	MatrixCleaner::clean() 	scale 4 = 20 pixels with bias = 0.1
2026-08-04 20:17:40	INFO	MatrixCleaner::clean() 	Cleaning using given mask
2026-08-04 20:17:40	INFO	MatrixCleaner::clean() 	Cleaning pixels with mask values above 0.9
2026-08-04 20:17:40	INFO	MatrixCleaner::clean() 	Starting iteration
2026-08-04 20:17:40	INFO	MatrixCleaner::clean() 	Initial maximum residual is 0.00158206 within the mask 
2026-08-04 20:17:40	INFO	MatrixCleaner::clean() 	iteration    MaximumResidual   CleanedFlux
2026-08-04 20:17:40	INFO	MatrixCleaner::clean() 	10      -0.00144864      -8.5069e-06
2026-08-04 20:17:40	INFO	MatrixCleaner::clean() 	20      -0.00140235      -0.000867004
2026-08-04 20:17:40	INFO	MatrixCleaner::clean() 	Reached stopping threshold 0.0013829 at iteration 24
2026-08-04 20:17:40	INFO	MatrixCleaner::clean() 	Optimum flux is 0.00137281
2026-08-04 20:17:40	INFO	MatrixCleaner::clean() 	  0    -0.00100453
2026-08-04 20:17:40	INFO	MatrixCleaner::clean() 	  1    0
2026-08-04 20:17:40	INFO	MatrixCleaner::clean() 	  2    0
2026-08-04 20:17:40	INFO	MatrixCleaner::clean() 	  3    0
2026-08-04 20:17:40	INFO	SDAlgorithmBase::deconvolve 	[ngc4254_12m_hcop:C1] iters=23->48 [25], model=0->-0.000867249, peakres=0.00158206->0.00137281, Reached cyclethreshold.
2026-08-04 20:17:40	INFO	MatrixCleaner::validatePsf() 	Peak of PSF = 1 at [512, 576]
2026-08-04 20:17:40	INFO	MatrixCleaner::makePsfScales() 	Calculating convolutions for scale 0
2026-08-04 20:17:40	INFO	MatrixCleaner::makePsfScales() 	Calculating convolutions for scale 1
2026-08-04 20:17:40	INFO	MatrixCleaner::makePsfScales() 	Calculating convolutions for scale 2
2026-08-04 20:17:40	INFO	MatrixCleaner::makePsfScales() 	Calculating convolutions for scale 3
2026-08-04 20:17:40	INFO	MatrixCleaner::makeScaleMasks() 	Calculating mask convolution for scale 0
2026-08-04 20:17:40	INFO	MatrixCleaner::makeScaleMasks() 	Calculating mask convolution for scale 1
2026-08-04 20:17:41	INFO	MatrixCleaner::makeScaleMasks() 	Calculating mask convolution for scale 2
2026-08-04 20:17:41	INFO	MatrixCleaner::makeScaleMasks() 	Calculating mask convolution for scale 3
2026-08-04 20:17:41	INFO	MatrixCleaner::clean() 	scale 1 = 0 pixels with bias = 1
2026-08-04 20:17:41	INFO	MatrixCleaner::clean() 	scale 2 = 4 pixels with bias = 0.82
2026-08-04 20:17:41	INFO	MatrixCleaner::clean() 	scale 3 = 10 pixels with bias = 0.55
2026-08-04 20:17:41	INFO	MatrixCleaner::clean() 	scale 4 = 20 pixels with bias = 0.1
2026-08-04 20:17:41	INFO	MatrixCleaner::clean() 	Cleaning using given mask
2026-08-04 20:17:41	INFO	MatrixCleaner::clean() 	Cleaning pixels with mask values above 0.9
2026-08-04 20:17:41	INFO	MatrixCleaner::clean() 	Starting iteration
2026-08-04 20:17:41	INFO	MatrixCleaner::clean() 	Initial maximum residual is 0.00171245 within the mask 
2026-08-04 20:17:41	INFO	MatrixCleaner::clean() 	iteration    MaximumResidual   CleanedFlux
2026-08-04 20:17:41	INFO	MatrixCleaner::clean() 	10      0.00139722      0.000255797
2026-08-04 20:17:41	INFO	MatrixCleaner::clean() 	Reached stopping threshold 0.0013829 at iteration 12
2026-08-04 20:17:41	INFO	MatrixCleaner::clean() 	Optimum flux is 0.00137935
2026-08-04 20:17:41	INFO	MatrixCleaner::clean() 	  0    0.000393419
2026-08-04 20:17:41	INFO	MatrixCleaner::clean() 	  1    0
2026-08-04 20:17:41	INFO	MatrixCleaner::clean() 	  2    0
2026-08-04 20:17:41	INFO	MatrixCleaner::clean() 	  3    0
2026-08-04 20:17:41	INFO	SDAlgorithmBase::deconvolve 	[ngc4254_12m_hcop:C2] iters=48->61 [13], model=0->0.000255483, peakres=0.00171245->0.00137935, Reached cyclethreshold.
2026-08-04 20:17:41	INFO	MatrixCleaner::validatePsf() 	Peak of PSF = 1 at [512, 576]
2026-08-04 20:17:41	INFO	MatrixCleaner::makePsfScales() 	Calculating convolutions for scale 0
2026-08-04 20:17:41	INFO	MatrixCleaner::makePsfScales() 	Calculating convolutions for scale 1
2026-08-04 20:17:41	INFO	MatrixCleaner::makePsfScales() 	Calculating convolutions for scale 2
2026-08-04 20:17:41	INFO	MatrixCleaner::makePsfScales() 	Calculating convolutions for scale 3
2026-08-04 20:17:41	INFO	MatrixCleaner::makeScaleMasks() 	Calculating mask convolution for scale 0
2026-08-04 20:17:41	INFO	MatrixCleaner::makeScaleMasks() 	Calculating mask convolution for scale 1
2026-08-04 20:17:41	INFO	MatrixCleaner::makeScaleMasks() 	Calculating mask convolution for scale 2
2026-08-04 20:17:41	INFO	MatrixCleaner::makeScaleMasks() 	Calculating mask convolution for scale 3
2026-08-04 20:17:41	INFO	MatrixCleaner::clean() 	scale 1 = 0 pixels with bias = 1
2026-08-04 20:17:41	INFO	MatrixCleaner::clean() 	scale 2 = 4 pixels with bias = 0.82
2026-08-04 20:17:41	INFO	MatrixCleaner::clean() 	scale 3 = 10 pixels with bias = 0.55
2026-08-04 20:17:41	INFO	MatrixCleaner::clean() 	scale 4 = 20 pixels with bias = 0.1
2026-08-04 20:17:41	INFO	MatrixCleaner::clean() 	Cleaning using given mask
2026-08-04 20:17:41	INFO	MatrixCleaner::clean() 	Cleaning pixels with mask values above 0.9
2026-08-04 20:17:41	INFO	MatrixCleaner::clean() 	Starting iteration
2026-08-04 20:17:41	INFO	MatrixCleaner::clean() 	Initial maximum residual is 0.00170151 within the mask 
2026-08-04 20:17:41	INFO	MatrixCleaner::clean() 	iteration    MaximumResidual   CleanedFlux
2026-08-04 20:17:42	INFO	MatrixCleaner::clean() 	10      -0.00144176      -0.000890782
2026-08-04 20:17:42	INFO	MatrixCleaner::clean() 	20      0.00139034      -0.000609889
2026-08-04 20:17:42	INFO	MatrixCleaner::clean() 	Reached stopping threshold 0.0013829 at iteration 25
2026-08-04 20:17:42	INFO	MatrixCleaner::clean() 	Optimum flux is 0.00138142
2026-08-04 20:17:42	INFO	MatrixCleaner::clean() 	  0    -0.000333075
2026-08-04 20:17:42	INFO	MatrixCleaner::clean() 	  1    0
2026-08-04 20:17:42	INFO	MatrixCleaner::clean() 	  2    0
2026-08-04 20:17:42	INFO	MatrixCleaner::clean() 	  3    0
2026-08-04 20:17:42	INFO	SDAlgorithmBase::deconvolve 	[ngc4254_12m_hcop:C3] iters=61->87 [26], model=0->-0.000471217, peakres=0.00170151->0.00138143, Reached cyclethreshold.
2026-08-04 20:17:42	INFO	MatrixCleaner::validatePsf() 	Peak of PSF = 1 at [512, 576]
2026-08-04 20:17:42	INFO	MatrixCleaner::makePsfScales() 	Calculating convolutions for scale 0
2026-08-04 20:17:42	INFO	MatrixCleaner::makePsfScales() 	Calculating convolutions for scale 1
2026-08-04 20:17:42	INFO	MatrixCleaner::makePsfScales() 	Calculating convolutions for scale 2
2026-08-04 20:17:42	INFO	MatrixCleaner::makePsfScales() 	Calculating convolutions for scale 3
2026-08-04 20:17:42	INFO	MatrixCleaner::makeScaleMasks() 	Calculating mask convolution for scale 0
2026-08-04 20:17:42	INFO	MatrixCleaner::makeScaleMasks() 	Calculating mask convolution for scale 1
2026-08-04 20:17:42	INFO	MatrixCleaner::makeScaleMasks() 	Calculating mask convolution for scale 2
2026-08-04 20:17:42	INFO	MatrixCleaner::makeScaleMasks() 	Calculating mask convolution for scale 3
2026-08-04 20:17:42	INFO	MatrixCleaner::clean() 	scale 1 = 0 pixels with bias = 1
2026-08-04 20:17:42	INFO	MatrixCleaner::clean() 	scale 2 = 4 pixels with bias = 0.82
2026-08-04 20:17:42	INFO	MatrixCleaner::clean() 	scale 3 = 10 pixels with bias = 0.55
2026-08-04 20:17:42	INFO	MatrixCleaner::clean() 	scale 4 = 20 pixels with bias = 0.1
2026-08-04 20:17:42	INFO	MatrixCleaner::clean() 	Cleaning using given mask
2026-08-04 20:17:42	INFO	MatrixCleaner::clean() 	Cleaning pixels with mask values above 0.9
2026-08-04 20:17:42	INFO	MatrixCleaner::clean() 	Starting iteration
2026-08-04 20:17:42	INFO	MatrixCleaner::clean() 	Initial maximum residual is 0.0015308 within the mask 
2026-08-04 20:17:42	INFO	MatrixCleaner::clean() 	iteration    MaximumResidual   CleanedFlux
2026-08-04 20:17:43	INFO	MatrixCleaner::clean() 	Reached stopping threshold 0.0013829 at iteration 8
2026-08-04 20:17:43	INFO	MatrixCleaner::clean() 	Optimum flux is 0.00137816
2026-08-04 20:17:43	INFO	MatrixCleaner::clean() 	  0    -0.00015981
2026-08-04 20:17:43	INFO	MatrixCleaner::clean() 	  1    0
2026-08-04 20:17:43	INFO	MatrixCleaner::clean() 	  2    0
2026-08-04 20:17:43	INFO	MatrixCleaner::clean() 	  3    0
2026-08-04 20:17:43	INFO	SDAlgorithmBase::deconvolve 	[ngc4254_12m_hcop:C4] iters=87->96 [9], model=0->-2.19934e-05, peakres=0.00153081->0.00137816, Reached cyclethreshold.
2026-08-04 20:17:43	INFO	MatrixCleaner::validatePsf() 	Peak of PSF = 1 at [512, 576]
2026-08-04 20:17:43	INFO	MatrixCleaner::makePsfScales() 	Calculating convolutions for scale 0
2026-08-04 20:17:43	INFO	MatrixCleaner::makePsfScales() 	Calculating convolutions for scale 1
2026-08-04 20:17:43	INFO	MatrixCleaner::makePsfScales() 	Calculating convolutions for scale 2
2026-08-04 20:17:43	INFO	MatrixCleaner::makePsfScales() 	Calculating convolutions for scale 3
2026-08-04 20:17:43	INFO	MatrixCleaner::makeScaleMasks() 	Calculating mask convolution for scale 0
2026-08-04 20:17:43	INFO	MatrixCleaner::makeScaleMasks() 	Calculating mask convolution for scale 1
2026-08-04 20:17:43	INFO	MatrixCleaner::makeScaleMasks() 	Calculating mask convolution for scale 2
2026-08-04 20:17:43	INFO	MatrixCleaner::makeScaleMasks() 	Calculating mask convolution for scale 3
2026-08-04 20:17:43	INFO	MatrixCleaner::clean() 	scale 1 = 0 pixels with bias = 1
2026-08-04 20:17:43	INFO	MatrixCleaner::clean() 	scale 2 = 4 pixels with bias = 0.82
2026-08-04 20:17:43	INFO	MatrixCleaner::clean() 	scale 3 = 10 pixels with bias = 0.55
2026-08-04 20:17:43	INFO	MatrixCleaner::clean() 	scale 4 = 20 pixels with bias = 0.1
2026-08-04 20:17:43	INFO	MatrixCleaner::clean() 	Cleaning using given mask
2026-08-04 20:17:43	INFO	MatrixCleaner::clean() 	Cleaning pixels with mask values above 0.9
2026-08-04 20:17:43	INFO	MatrixCleaner::clean() 	Starting iteration
2026-08-04 20:17:43	INFO	MatrixCleaner::clean() 	Initial maximum residual is 0.00180683 within the mask 
2026-08-04 20:17:43	INFO	MatrixCleaner::clean() 	iteration    MaximumResidual   CleanedFlux
2026-08-04 20:17:43	INFO	MatrixCleaner::clean() 	10      0.00138453      0.000909702
2026-08-04 20:17:43	INFO	MatrixCleaner::clean() 	Reached stopping threshold 0.0013829 at iteration 10
2026-08-04 20:17:43	INFO	MatrixCleaner::clean() 	Optimum flux is 0.00136445
2026-08-04 20:17:43	INFO	MatrixCleaner::clean() 	  0    0.000773258
2026-08-04 20:17:43	INFO	MatrixCleaner::clean() 	  1    0
2026-08-04 20:17:43	INFO	MatrixCleaner::clean() 	  2    0
2026-08-04 20:17:43	INFO	MatrixCleaner::clean() 	  3    0
2026-08-04 20:17:43	INFO	SDAlgorithmBase::deconvolve 	[ngc4254_12m_hcop:C5] iters=96->107 [11], model=0->0.000909703, peakres=0.00180683->0.00136445, Reached cyclethreshold.
2026-08-04 20:17:43	INFO	MatrixCleaner::validatePsf() 	Peak of PSF = 1 at [512, 576]
2026-08-04 20:17:43	INFO	MatrixCleaner::makePsfScales() 	Calculating convolutions for scale 0
2026-08-04 20:17:43	INFO	MatrixCleaner::makePsfScales() 	Calculating convolutions for scale 1
2026-08-04 20:17:43	INFO	MatrixCleaner::makePsfScales() 	Calculating convolutions for scale 2
2026-08-04 20:17:43	INFO	MatrixCleaner::makePsfScales() 	Calculating convolutions for scale 3
2026-08-04 20:17:43	INFO	MatrixCleaner::makeScaleMasks() 	Calculating mask convolution for scale 0
2026-08-04 20:17:43	INFO	MatrixCleaner::makeScaleMasks() 	Calculating mask convolution for scale 1
2026-08-04 20:17:44	INFO	MatrixCleaner::makeScaleMasks() 	Calculating mask convolution for scale 2
2026-08-04 20:17:44	INFO	MatrixCleaner::makeScaleMasks() 	Calculating mask convolution for scale 3
2026-08-04 20:17:44	INFO	MatrixCleaner::clean() 	scale 1 = 0 pixels with bias = 1
2026-08-04 20:17:44	INFO	MatrixCleaner::clean() 	scale 2 = 4 pixels with bias = 0.82
2026-08-04 20:17:44	INFO	MatrixCleaner::clean() 	scale 3 = 10 pixels with bias = 0.55
2026-08-04 20:17:44	INFO	MatrixCleaner::clean() 	scale 4 = 20 pixels with bias = 0.1
2026-08-04 20:17:44	INFO	MatrixCleaner::clean() 	Cleaning using given mask
2026-08-04 20:17:44	INFO	MatrixCleaner::clean() 	Cleaning pixels with mask values above 0.9
2026-08-04 20:17:44	INFO	MatrixCleaner::clean() 	Starting iteration
2026-08-04 20:17:44	INFO	MatrixCleaner::clean() 	Initial maximum residual is 0.00152589 within the mask 
2026-08-04 20:17:44	INFO	MatrixCleaner::clean() 	iteration    MaximumResidual   CleanedFlux
2026-08-04 20:17:44	INFO	MatrixCleaner::clean() 	Reached stopping threshold 0.0013829 at iteration 9
2026-08-04 20:17:44	INFO	MatrixCleaner::clean() 	Optimum flux is 0.0013821
2026-08-04 20:17:44	INFO	MatrixCleaner::clean() 	  0    -0.000304503
2026-08-04 20:17:44	INFO	MatrixCleaner::clean() 	  1    0
2026-08-04 20:17:44	INFO	MatrixCleaner::clean() 	  2    0
2026-08-04 20:17:44	INFO	MatrixCleaner::clean() 	  3    0
2026-08-04 20:17:44	INFO	SDAlgorithmBase::deconvolve 	[ngc4254_12m_hcop:C6] iters=107->117 [10], model=0->-0.000442713, peakres=0.00152589->0.00138211, Reached cyclethreshold.
2026-08-04 20:17:44	INFO	MatrixCleaner::validatePsf() 	Peak of PSF = 1 at [512, 576]
2026-08-04 20:17:44	INFO	MatrixCleaner::makePsfScales() 	Calculating convolutions for scale 0
2026-08-04 20:17:44	INFO	MatrixCleaner::makePsfScales() 	Calculating convolutions for scale 1
2026-08-04 20:17:44	INFO	MatrixCleaner::makePsfScales() 	Calculating convolutions for scale 2
2026-08-04 20:17:44	INFO	MatrixCleaner::makePsfScales() 	Calculating convolutions for scale 3
2026-08-04 20:17:44	INFO	MatrixCleaner::makeScaleMasks() 	Calculating mask convolution for scale 0
2026-08-04 20:17:44	INFO	MatrixCleaner::makeScaleMasks() 	Calculating mask convolution for scale 1
2026-08-04 20:17:44	INFO	MatrixCleaner::makeScaleMasks() 	Calculating mask convolution for scale 2
2026-08-04 20:17:44	INFO	MatrixCleaner::makeScaleMasks() 	Calculating mask convolution for scale 3
2026-08-04 20:17:45	INFO	MatrixCleaner::clean() 	scale 1 = 0 pixels with bias = 1
2026-08-04 20:17:45	INFO	MatrixCleaner::clean() 	scale 2 = 4 pixels with bias = 0.82
2026-08-04 20:17:45	INFO	MatrixCleaner::clean() 	scale 3 = 10 pixels with bias = 0.55
2026-08-04 20:17:45	INFO	MatrixCleaner::clean() 	scale 4 = 20 pixels with bias = 0.1
2026-08-04 20:17:45	INFO	MatrixCleaner::clean() 	Cleaning using given mask
2026-08-04 20:17:45	INFO	MatrixCleaner::clean() 	Cleaning pixels with mask values above 0.9
2026-08-04 20:17:45	INFO	MatrixCleaner::clean() 	Starting iteration
2026-08-04 20:17:45	INFO	MatrixCleaner::clean() 	Initial maximum residual is 0.00151528 within the mask 
2026-08-04 20:17:45	INFO	MatrixCleaner::clean() 	iteration    MaximumResidual   CleanedFlux
2026-08-04 20:17:45	INFO	MatrixCleaner::clean() 	Reached stopping threshold 0.0013829 at iteration 6
2026-08-04 20:17:45	INFO	MatrixCleaner::clean() 	Optimum flux is 0.00138027
2026-08-04 20:17:45	INFO	MatrixCleaner::clean() 	  0    0.000431724
2026-08-04 20:17:45	INFO	MatrixCleaner::clean() 	  1    0
2026-08-04 20:17:45	INFO	MatrixCleaner::clean() 	  2    0
2026-08-04 20:17:45	INFO	MatrixCleaner::clean() 	  3    0
2026-08-04 20:17:45	INFO	SDAlgorithmBase::deconvolve 	[ngc4254_12m_hcop:C7] iters=117->124 [7], model=0->0.00056975, peakres=0.00151528->0.00138027, Reached cyclethreshold.
2026-08-04 20:17:45	INFO	MatrixCleaner::validatePsf() 	Peak of PSF = 1 at [512, 576]
2026-08-04 20:17:45	INFO	MatrixCleaner::makePsfScales() 	Calculating convolutions for scale 0
2026-08-04 20:17:45	INFO	MatrixCleaner::makePsfScales() 	Calculating convolutions for scale 1
2026-08-04 20:17:45	INFO	MatrixCleaner::makePsfScales() 	Calculating convolutions for scale 2
2026-08-04 20:17:45	INFO	MatrixCleaner::makePsfScales() 	Calculating convolutions for scale 3
2026-08-04 20:17:45	INFO	MatrixCleaner::makeScaleMasks() 	Calculating mask convolution for scale 0
2026-08-04 20:17:45	INFO	MatrixCleaner::makeScaleMasks() 	Calculating mask convolution for scale 1
2026-08-04 20:17:45	INFO	MatrixCleaner::makeScaleMasks() 	Calculating mask convolution for scale 2
2026-08-04 20:17:45	INFO	MatrixCleaner::makeScaleMasks() 	Calculating mask convolution for scale 3
2026-08-04 20:17:45	INFO	MatrixCleaner::clean() 	scale 1 = 0 pixels with bias = 1
2026-08-04 20:17:45	INFO	MatrixCleaner::clean() 	scale 2 = 4 pixels with bias = 0.82
2026-08-04 20:17:45	INFO	MatrixCleaner::clean() 	scale 3 = 10 pixels with bias = 0.55
2026-08-04 20:17:45	INFO	MatrixCleaner::clean() 	scale 4 = 20 pixels with bias = 0.1
2026-08-04 20:17:45	INFO	MatrixCleaner::clean() 	Cleaning using given mask
2026-08-04 20:17:45	INFO	MatrixCleaner::clean() 	Cleaning pixels with mask values above 0.9
2026-08-04 20:17:45	INFO	MatrixCleaner::clean() 	Starting iteration
2026-08-04 20:17:45	INFO	MatrixCleaner::clean() 	Initial maximum residual is 0.00167098 within the mask 
2026-08-04 20:17:45	INFO	MatrixCleaner::clean() 	iteration    MaximumResidual   CleanedFlux
2026-08-04 20:17:45	INFO	MatrixCleaner::clean() 	10      0.00143317      0.00028745
2026-08-04 20:17:45	INFO	MatrixCleaner::clean() 	Reached stopping threshold 0.0013829 at iteration 17
2026-08-04 20:17:45	INFO	MatrixCleaner::clean() 	Optimum flux is 0.00137606
2026-08-04 20:17:45	INFO	MatrixCleaner::clean() 	  0    0.00140434
2026-08-04 20:17:45	INFO	MatrixCleaner::clean() 	  1    0
2026-08-04 20:17:45	INFO	MatrixCleaner::clean() 	  2    0
2026-08-04 20:17:45	INFO	MatrixCleaner::clean() 	  3    0
2026-08-04 20:17:45	INFO	SDAlgorithmBase::deconvolve 	[ngc4254_12m_hcop:C8] iters=124->142 [18], model=0->0.00126673, peakres=0.00167098->0.00137606, Reached cyclethreshold.
2026-08-04 20:17:45	INFO	MatrixCleaner::validatePsf() 	Peak of PSF = 1 at [512, 576]
2026-08-04 20:17:45	INFO	MatrixCleaner::makePsfScales() 	Calculating convolutions for scale 0
2026-08-04 20:17:46	INFO	MatrixCleaner::makePsfScales() 	Calculating convolutions for scale 1
2026-08-04 20:17:46	INFO	MatrixCleaner::makePsfScales() 	Calculating convolutions for scale 2
2026-08-04 20:17:46	INFO	MatrixCleaner::makePsfScales() 	Calculating convolutions for scale 3
2026-08-04 20:17:46	INFO	MatrixCleaner::makeScaleMasks() 	Calculating mask convolution for scale 0
2026-08-04 20:17:46	INFO	MatrixCleaner::makeScaleMasks() 	Calculating mask convolution for scale 1
2026-08-04 20:17:46	INFO	MatrixCleaner::makeScaleMasks() 	Calculating mask convolution for scale 2
2026-08-04 20:17:46	INFO	MatrixCleaner::makeScaleMasks() 	Calculating mask convolution for scale 3
2026-08-04 20:17:46	INFO	MatrixCleaner::clean() 	scale 1 = 0 pixels with bias = 1
2026-08-04 20:17:46	INFO	MatrixCleaner::clean() 	scale 2 = 4 pixels with bias = 0.82
2026-08-04 20:17:46	INFO	MatrixCleaner::clean() 	scale 3 = 10 pixels with bias = 0.55
2026-08-04 20:17:46	INFO	MatrixCleaner::clean() 	scale 4 = 20 pixels with bias = 0.1
2026-08-04 20:17:46	INFO	MatrixCleaner::clean() 	Cleaning using given mask
2026-08-04 20:17:46	INFO	MatrixCleaner::clean() 	Cleaning pixels with mask values above 0.9
2026-08-04 20:17:46	INFO	MatrixCleaner::clean() 	Starting iteration
2026-08-04 20:17:46	INFO	MatrixCleaner::clean() 	Initial maximum residual is 0.0014885 within the mask 
2026-08-04 20:17:46	INFO	MatrixCleaner::clean() 	iteration    MaximumResidual   CleanedFlux
2026-08-04 20:17:46	INFO	MatrixCleaner::clean() 	10      0.00139346      -9.56059e-06
2026-08-04 20:17:46	INFO	MatrixCleaner::clean() 	Reached stopping threshold 0.0013829 at iteration 11
2026-08-04 20:17:46	INFO	MatrixCleaner::clean() 	Optimum flux is 0.00137262
2026-08-04 20:17:46	INFO	MatrixCleaner::clean() 	  0    -0.000285331
2026-08-04 20:17:46	INFO	MatrixCleaner::clean() 	  1    0
2026-08-04 20:17:46	INFO	MatrixCleaner::clean() 	  2    0
2026-08-04 20:17:46	INFO	MatrixCleaner::clean() 	  3    0
2026-08-04 20:17:46	INFO	SDAlgorithmBase::deconvolve 	[ngc4254_12m_hcop:C9] iters=142->154 [12], model=0->-0.00014807, peakres=0.0014885->0.00137262, Reached cyclethreshold.
2026-08-04 20:17:46	INFO	SDAlgorithmBase::deconvolve 	[ngc4254_12m_hcop] Total model flux (over all planes) : 0.000653436     Peak Residual (over all planes) : 0.00138211 in C6:P0
2026-08-04 20:17:47	INFO	SynthesisDeconvolver::setupDeconvolution 	Set Deconvolution Options for [ngc4254_12m_hcop] : multiscale
2026-08-04 20:17:47	INFO	SynthesisDeconvolver::initMinorCycle 	 Absolute Peak residual within mask : 0.00148552, over full image : 0.00148552
2026-08-04 20:17:47	INFO	CubeMinorCycleAlgorithm::task 	Processing channels in range [70, 70]
2026-08-04 20:17:47	INFO	SDAlgorithmBase::deconvolve 	[ngc4254_12m_hcop] Run multiscale minor-cycle | CycleThreshold=0.0013829, CycleNiter=100, Gain=0.1
2026-08-04 20:17:47	INFO	MatrixCleaner::validatePsf() 	Peak of PSF = 1 at [512, 576]
2026-08-04 20:17:47	INFO	MatrixCleaner::makePsfScales() 	Calculating convolutions for scale 0
2026-08-04 20:17:47	INFO	MatrixCleaner::makePsfScales() 	Calculating convolutions for scale 1
2026-08-04 20:17:47	INFO	MatrixCleaner::makePsfScales() 	Calculating convolutions for scale 2
2026-08-04 20:17:47	INFO	MatrixCleaner::makePsfScales() 	Calculating convolutions for scale 3
2026-08-04 20:17:47	INFO	MatrixCleaner::makeScaleMasks() 	Calculating mask convolution for scale 0
2026-08-04 20:17:47	INFO	MatrixCleaner::makeScaleMasks() 	Calculating mask convolution for scale 1
2026-08-04 20:17:47	INFO	MatrixCleaner::makeScaleMasks() 	Calculating mask convolution for scale 2
2026-08-04 20:17:47	INFO	MatrixCleaner::makeScaleMasks() 	Calculating mask convolution for scale 3
2026-08-04 20:17:47	INFO	MatrixCleaner::clean() 	scale 1 = 0 pixels with bias = 1
2026-08-04 20:17:47	INFO	MatrixCleaner::clean() 	scale 2 = 4 pixels with bias = 0.82
2026-08-04 20:17:47	INFO	MatrixCleaner::clean() 	scale 3 = 10 pixels with bias = 0.55
2026-08-04 20:17:47	INFO	MatrixCleaner::clean() 	scale 4 = 20 pixels with bias = 0.1
2026-08-04 20:17:47	INFO	MatrixCleaner::clean() 	Cleaning using given mask
2026-08-04 20:17:47	INFO	MatrixCleaner::clean() 	Cleaning pixels with mask values above 0.9
2026-08-04 20:17:47	INFO	MatrixCleaner::clean() 	Starting iteration
2026-08-04 20:17:47	INFO	MatrixCleaner::clean() 	Initial maximum residual is 0.00148552 within the mask 
2026-08-04 20:17:47	INFO	MatrixCleaner::clean() 	iteration    MaximumResidual   CleanedFlux
2026-08-04 20:17:48	INFO	MatrixCleaner::clean() 	Reached stopping threshold 0.0013829 at iteration 7
2026-08-04 20:17:48	INFO	MatrixCleaner::clean() 	Optimum flux is 0.00137807
2026-08-04 20:17:48	INFO	MatrixCleaner::clean() 	  0    -0.000276175
2026-08-04 20:17:48	INFO	MatrixCleaner::clean() 	  1    0
2026-08-04 20:17:48	INFO	MatrixCleaner::clean() 	  2    0
2026-08-04 20:17:48	INFO	MatrixCleaner::clean() 	  3    0
2026-08-04 20:17:48	INFO	SDAlgorithmBase::deconvolve 	[ngc4254_12m_hcop] iters=0->8 [8], model=0->-0.000138368, peakres=0.00148552->0.00137804, Reached cyclethreshold.
2026-08-04 20:17:48	INFO	grpcInteractiveCleanManager::mergeCycleExecutionRecord 	Completed 1214 iterations.
2026-08-04 20:17:48	INFO	task_tclean::SynthesisImager::executeMajorCycle 	----------------------------------------------------------- Run Major Cycle 2 -------------------------------------
2026-08-04 20:17:48	INFO	task_tclean::SynthesisImagerVi2::nSubCubeFitInMemory	Required memory: 10.47 GB. Available mem.: 250.8 GB (rc, mem. fraction: 80%, memory: -) => Subcubes: 1. Processes on node: 1.
2026-08-04 20:17:48	INFO	task_tclean::SynthesisImagerVi2::selectData 	MS : ngc4254_12m_hcop.ms | [Opened in readonly mode]
2026-08-04 20:17:48	INFO	task_tclean::SynthesisImagerVi2::selectData 	  NRows selected : 5338975
2026-08-04 20:17:55	INFO	task_tclean::SynthesisImager::getVPRecord 	Using default Voltage Patterns from the VPManager
2026-08-04 20:17:55	INFO	task_tclean::VPSkyJones::VPSkyJones	PB used ALMA
2026-08-04 20:17:55	INFO	task_tclean::SynthesisImagerVi2::weight() 	Set imaging weights : Briggs weighting: sidelobes will be suppressed over full image
2026-08-04 20:17:55	INFO	task_tclean::SynthesisImagerVi2::weight() 	Doing spectral cube Briggs weighting formula --  norm
2026-08-04 20:17:56	INFO	task_tclean::SynthesisImager::tuneSelectData 	Tuning frequency data selection to match image spectral coordinates
2026-08-04 20:17:56	INFO	task_tclean::SynthesisImagerVi2::selectData 	MS : ngc4254_12m_hcop.ms | [Opened in readonly mode]
2026-08-04 20:17:56	INFO	task_tclean::SynthesisImagerVi2::selectData 	  NRows selected : 5338975
2026-08-04 20:17:58	INFO	task_tclean::SynthesisImager::executeMajorCycle 	----------------------------------------------------------- Run Major Cycle 2 -------------------------------------
2026-08-04 20:17:59	INFO	task_tclean::HetArrConvFunc::findAntennaSizes	Overriding PB with Airy of diam,blockage=10.7 m,0.75 m starting with antenna 0
2026-08-04 20:18:00	INFO	task_tclean::HetArrConvFunc::findConvFunction 	convolution function support: [7]ELKEY 0_0_71 actualConvInd 0 pointer 1
2026-08-04 20:38:24	INFO	task_tclean::SynthesisDeconvolver::initMinorCycle 	 Absolute Peak residual within mask : 0.00201251, over full image : 0.00201251
2026-08-04 20:38:24	INFO	tclean::::casa	Reached global stopping criterion : iteration limit
2026-08-04 20:38:24	INFO	tclean::::casa	getSummary call: fullsummary=True
2026-08-04 20:38:24	INFO	SDAlgorithmBase::restore 	[ngc4254_12m_hcop] : Restoring model image.
2026-08-04 20:38:24	INFO	SIImageStore::restore 	Getting common beam
2026-08-04 20:38:24	INFO	SIImageStore::restore 	Common Beam : 1.48726 arcsec, 1.17666 arcsec, -49.408 deg
2026-08-04 20:38:33	INFO	tclean::::casa	Searching for images with prefix 'ngc4254_12m_hcop'... Found these, writing history into them: ['ngc4254_12m_hcop.residual', 'ngc4254_12m_hcop.pb', 'ngc4254_12m_hcop.psf', 'ngc4254_12m_hcop.weight', 'ngc4254_12m_hcop.sumwt', 'ngc4254_12m_hcop.mask', 'ngc4254_12m_hcop.image', 'ngc4254_12m_hcop.model']
2026-08-04 20:38:33	INFO	tclean::::casa	Task tclean complete. Start time: 2026-08-04 19:49:30.869348 End time: 2026-08-04 20:38:33.135185
2026-08-04 20:38:33	INFO	tclean::::casa	##### End Task: tclean               #####
2026-08-04 20:38:33	INFO	tclean::::casa	##########################################
2026-08-04 20:38:33	INFO	imstat::::casa	##########################################
2026-08-04 20:38:33	INFO	imstat::::casa	##### Begin Task: imstat             #####
2026-08-04 20:38:33	INFO	imstat::::casa	imstat( imagename='ngc4254_12m_hcop.model', axes=[], region='', box='', chans='', stokes='', listit=True, verbose=True, mask='', stretch=False, logfile='', append=True, algorithm='classic', fence=-1.0, center='mean', lside=True, zscore=-1.0, maxiter=-1, clmethod='auto', niter=3 )
2026-08-04 20:38:33	INFO	imstat::CasacRegionManager::fromBCS	No directional region specified. Using full positional plane.
2026-08-04 20:38:33	INFO	imstat::CasacRegionManager::fromBCS	Using all spectral channels.
2026-08-04 20:38:33	INFO	imstat::CasacRegionManager::fromBCS	Using polarizations ALL
2026-08-04 20:38:33	INFO	imstat::image::statistics 	Determining stats for image ngc4254_12m_hcop.model
2026-08-04 20:38:33	INFO	imstat::ImageRegion::fromRecord	Selected bounding box : 
2026-08-04 20:38:33	INFO	imstat::ImageRegion::fromRecord+	    [0, 0, 0, 0] to [1023, 1151, 0, 70]  (12:18:58.409, +14.22.34.990, I, 8.85753e+10Hz to 12:18:40.805, +14.27.22.740, I, 8.83702e+10Hz)
2026-08-04 20:38:33	INFO	imstat::ImageStatsCalculator::_logStartup	Statistics calculated using Classic algorithm
2026-08-04 20:38:33	INFO	imstat::ImageStatsCalculator::_logStartup	Regions --- 
2026-08-04 20:38:33	INFO	imstat::ImageStatsCalculator::_logStartup	         -- bottom-left corner (pixel) [blc]:  [0, 0, 0, 0]
2026-08-04 20:38:33	INFO	imstat::ImageStatsCalculator::_logStartup	         -- top-right corner (pixel) [trc]:    [1023, 1151, 0, 70]
2026-08-04 20:38:33	INFO	imstat::ImageStatsCalculator::_logStartup	         -- bottom-left corner (world) [blcf]: 12:18:58.409, +14.22.34.990, I, 8.85753e+10Hz
2026-08-04 20:38:33	INFO	imstat::ImageStatsCalculator::_logStartup	         -- top-right corner (world) [trcf]:   12:18:40.805, +14.27.22.740, I, 8.83702e+10Hz
2026-08-04 20:38:35	INFO	imstat::::	Values --- 
2026-08-04 20:38:35	INFO	imstat::::	         -- number of points [npts]:                8.3755e+07
2026-08-04 20:38:35	INFO	imstat::::	         -- maximum value [max]:                    0.00117995 Jy/pixel
2026-08-04 20:38:35	INFO	imstat::::	         -- minimum value [min]:                    -0.000495231 Jy/pixel
2026-08-04 20:38:35	INFO	imstat::::	         -- position of max value (pixel) [maxpos]: [568, 502, 0, 25]
2026-08-04 20:38:35	INFO	imstat::::	         -- position of min value (pixel) [minpos]: [359, 581, 0, 60]
2026-08-04 20:38:35	INFO	imstat::::	         -- position of max value (world) [maxposf]: 12:18:48.636, +14.24.40.500, I, 8.85021e+10Hz
2026-08-04 20:38:35	INFO	imstat::::	         -- position of min value (world) [minposf]: 12:18:52.233, +14.25.00.249, I, 8.83995e+10Hz
2026-08-04 20:38:35	INFO	imstat::::	         -- Sum of pixel values [sum]:               0.0619009 Jy/pixel
2026-08-04 20:38:35	INFO	imstat::::	         -- Sum of squared pixel values [sumsq]:     3.94434e-05 Jy/pixel.Jy/pixel
2026-08-04 20:38:35	INFO	imstat::::	Statistics --- 
2026-08-04 20:38:35	INFO	imstat::::	        -- Mean of the pixel values [mean]:         7.39071e-10 Jy/pixel
2026-08-04 20:38:35	INFO	imstat::::	        -- Variance of the pixel values :           4.70938e-13 Jy/pixel
2026-08-04 20:38:35	INFO	imstat::::	        -- Standard deviation of the Mean [sigma]:  6.86249e-07 Jy/pixel
2026-08-04 20:38:35	INFO	imstat::::	        -- Root mean square [rms]:                  6.86249e-07 Jy/pixel
2026-08-04 20:38:35	INFO	imstat::::	        -- Median of the pixel values [median]:     0 Jy/pixel
2026-08-04 20:38:35	INFO	imstat::::	        -- Median of the deviations [medabsdevmed]: 0 Jy/pixel
2026-08-04 20:38:35	INFO	imstat::::	        -- IQR [quartile]:                          0 Jy/pixel
2026-08-04 20:38:35	INFO	imstat::::	        -- First quartile [q1]:                     0 Jy/pixel
2026-08-04 20:38:35	INFO	imstat::::	        -- Third quartile [q3]:                     0 Jy/pixel
2026-08-04 20:38:35	INFO	imstat::ImageStatsCalculator::statistics	Sum column unit = Jy/pixel
2026-08-04 20:38:35	INFO	imstat::ImageStatsCalculator::statistics+	Mean column unit = Jy/pixel
2026-08-04 20:38:35	INFO	imstat::ImageStatsCalculator::statistics+	Std_dev column unit = Jy/pixel
2026-08-04 20:38:35	INFO	imstat::ImageStatsCalculator::statistics+	Minimum column unit = Jy/pixel
2026-08-04 20:38:35	INFO	imstat::ImageStatsCalculator::statistics+	Maximum column unit = Jy/pixel
2026-08-04 20:38:35	INFO	imstat::ImageStatsCalculator::statistics	Npts          Sum           Mean          Rms           Std_dev       Minimum       Maximum     
2026-08-04 20:38:35	INFO	imstat::ImageStatsCalculator::statistics	 8.375501e+07  6.190090e-02  7.390711e-10  6.862494e-07  6.862491e-07 -4.952308e-04  1.179955e-03
2026-08-04 20:38:35	INFO	imstat::::casa	Task imstat complete. Start time: 2026-08-04 20:38:33.144033 End time: 2026-08-04 20:38:34.759288
2026-08-04 20:38:35	INFO	imstat::::casa	##### End Task: imstat               #####
2026-08-04 20:38:35	INFO	imstat::::casa	##########################################
2026-08-04 20:38:50	INFO	tclean::::casa	##########################################
2026-08-04 20:38:50	INFO	tclean::::casa	##### Begin Task: tclean             #####
2026-08-04 20:38:50	INFO	tclean::::casa	tclean( vis='ngc4254_12m_hcop.ms', selectdata=True, field='', spw='', timerange='', uvrange='', antenna='', scan='', observation='', intent='', datacolumn='corrected', imagename='ngc4254_12m_hcop', imsize=[1024, 1152], cell='0.25arcsec', phasecenter='J2000 12h18m49.6s +14d24m59s', stokes='I', projection='SIN', startmodel='', specmode='cube', reffreq='', nchan=-1, start='', width='', outframe='LSRK', veltype='radio', restfreq='89.18852GHz', interpolation='linear', perchanweightdensity=True, gridder='mosaic', facets=1, psfphasecenter='', wprojplanes=1, vptable='', mosweight=True, aterm=True, psterm=False, wbawp=True, conjbeams=False, cfcache='', usepointing=False, computepastep=360.0, rotatepastep=360.0, pointingoffsetsigdev=[], pblimit=0.2, normtype='flatnoise', deconvolver='multiscale', scales=[0, 4, 10, 20], nterms=1, smallscalebias=0.9, fusedthreshold=0.0, largestscale=-1, restoration=True, restoringbeam='common', pbcor=False, outlierfile='', weighting='briggs', robust=0.5, noise='1.0Jy', npixels=0, uvtaper=[], niter=1420, gain=0.1, threshold='0.00138142327916493Jy/beam', nsigma=0.0, cycleniter=200, cyclefactor=3.0, minpsffraction=0.5, maxpsffraction=0.8, interactive=False, nmajor=-1, fullsummary=True, usemask='pb', mask='', pbmask=0.2, sidelobethreshold=3.0, noisethreshold=5.0, lownoisethreshold=1.5, negativethreshold=0.0, smoothfactor=1.0, minbeamfrac=0.3, cutthreshold=0.01, growiterations=75, dogrowprune=True, minpercentchange=-1.0, verbose=False, fastnoise=True, restart=True, savemodel='none', calcres=False, calcpsf=False, psfcutoff=0.35, parallel=False )
2026-08-04 20:38:50	INFO	tclean::::casa	Verifying Input Parameters
2026-08-04 20:38:50	INFO	SynthesisImagerVi2::selectData 	MS : ngc4254_12m_hcop.ms | [Opened in readonly mode]
2026-08-04 20:38:51	INFO	SynthesisImagerVi2::selectData 	  NRows selected : 5338975
2026-08-04 20:38:52	INFO	SynthesisImagerVi2::defineImage 	Define image coordinates for [ngc4254_12m_hcop] : 
2026-08-04 20:38:52	INFO	SynthesisImagerVi2::defineImage 	Define image coordinates for [ngc4254_12m_hcop] : 
2026-08-04 20:38:53	INFO	MSTransformRegridder::calcChanFreqs	 phaseCenter='Direction: [-0.965246, -0.0794707, 0.248967]'  *** Encountered negative channel widths in input spectral window.
2026-08-04 20:38:53	INFO	MSTransformRegridder::calcChanFreqs	 Channels equidistant in freq
2026-08-04 20:38:53	INFO	MSTransformRegridder::calcChanFreqs+	 Central frequency (in output frame) = 8.84728e+10 Hz
2026-08-04 20:38:53	INFO	MSTransformRegridder::calcChanFreqs+	 Channel central frequency is decreasing with increasing channel number.
2026-08-04 20:38:53	INFO	MSTransformRegridder::calcChanFreqs+	 Width of central channel (in output frame) = 2.93057e+06 Hz
2026-08-04 20:38:53	INFO	MSTransformRegridder::calcChanFreqs+	 Number of channels = 71
2026-08-04 20:38:53	INFO	MSTransformRegridder::calcChanFreqs+	 Total width of SPW (in output frame) = 2.0807e+08 Hz
2026-08-04 20:38:53	INFO	MSTransformRegridder::calcChanFreqs+	 Lower edge = 8.83687e+10 Hz, upper edge = 8.85768e+10 Hz
2026-08-04 20:38:53	INFO	SynthesisImagerVi2::defineImage 	Impars: start 
2026-08-04 20:38:53	INFO	SynthesisImagerVi2::defineImage 	Shape: [1024, 1152, 1, 71] Spectral: [8.85753e+10] at [0] with increment [-2.93057e+06]
2026-08-04 20:38:53	INFO	SynthesisImagerVi2::defineImage 	Set Gridding options for [ngc4254_12m_hcop] with ftmachine : mosaicft
2026-08-04 20:38:53	INFO	SynthesisImager::getVPRecord 	Using default Voltage Patterns from the VPManager
2026-08-04 20:38:53	INFO	VPSkyJones::VPSkyJones	PB used ALMA
2026-08-04 20:38:53	INFO	SynthesisImagerVi2::nSubCubeFitInMemory	Required memory: 10.47 GB. Available mem.: 251.3 GB (rc, mem. fraction: 80%, memory: -) => Subcubes: 1. Processes on node: 1.
2026-08-04 20:38:53	INFO	tclean::::casa	CFCache already exists
2026-08-04 20:38:53	INFO	SynthesisImagerVi2::weight() 	Set imaging weights : Briggs weighting: sidelobes will be suppressed over full image
2026-08-04 20:38:53	INFO	SynthesisImagerVi2::weight() 	Doing spectral cube Briggs weighting formula --  norm
2026-08-04 20:38:53	INFO	task_tclean::SynthesisDeconvolver::setupDeconvolution 	Set Deconvolution Options for [ngc4254_12m_hcop] : multiscale
2026-08-04 20:38:59	INFO	task_tclean::SynthesisDeconvolver::initMinorCycle 	 Absolute Peak residual within mask : 0.00201251, over full image : 0.00201251
2026-08-04 20:38:59	INFO	SynthesisDeconvolver::setupMask 	[ngc4254_12m_hcop] Setting up a PB based mask
2026-08-04 20:38:59	INFO	SDMaskHandler::makePBMask 	MAKE PB mask
2026-08-04 20:38:59	INFO	SynthesisDeconvolver::setupMask 	----------------------------------------------------------------------------------------------------------------------------------------
2026-08-04 20:38:59	INFO	SynthesisDeconvolver::setupMask 	[ngc4254_12m_hcop] Number of pixels in the clean mask : 3.03685e+07 out of a total of 8.3755e+07 pixels. [ 36.2587 % ]
2026-08-04 20:39:01	INFO	SynthesisDeconvolver::initMinorCycle 	 Absolute Peak residual within mask : 0.00201251, over full image : 0.00201251
2026-08-04 20:39:02	INFO	tclean::::casa	Minor Cycle controls : {'cycleniter': 200, 'cyclethreshold': 0.0013814233243465424, 'loopgain': 0.10000000149011612, 'nsigma': 0.0, 'thresholdreached': True}
2026-08-04 20:39:02	INFO	SynthesisDeconvolver::executeCubeMinorCycle 	---------------------------------------------------- Run Minor Cycle Iterations  ---------------------------------------------
2026-08-04 20:39:02	INFO	SynthesisDeconvolver::setupDeconvolution 	Set Deconvolution Options for [ngc4254_12m_hcop] : multiscale
2026-08-04 20:39:02	INFO	SynthesisDeconvolver::initMinorCycle 	 Absolute Peak residual within mask : 0.00138208, over full image : 0.00138208
2026-08-04 20:39:02	INFO	CubeMinorCycleAlgorithm::task 	Processing channels in range [0, 9]
2026-08-04 20:39:02	INFO	SDAlgorithmBase::deconvolve 	[ngc4254_12m_hcop] Run multiscale minor-cycle on 10 chans | CycleThreshold=0.00138142, CycleNiter=200, Gain=0.1
2026-08-04 20:39:02	INFO	SDAlgorithmBase::deconvolve 	[ngc4254_12m_hcop:C0] iters=0->0 [0], model=0->0, peakres=0->0, Reached cyclethreshold.
2026-08-04 20:39:02	INFO	SDAlgorithmBase::deconvolve 	[ngc4254_12m_hcop:C1] iters=0->0 [0], model=0.00113461->0.00113461, peakres=0.00137565->0.00137565, Reached cyclethreshold.
2026-08-04 20:39:03	INFO	SDAlgorithmBase::deconvolve 	[ngc4254_12m_hcop:C2] iters=0->0 [0], model=0.000498578->0.000498578, peakres=0.00137839->0.00137839, Reached cyclethreshold.
2026-08-04 20:39:03	INFO	SDAlgorithmBase::deconvolve 	[ngc4254_12m_hcop:C3] iters=0->0 [0], model=-0.000156382->-0.000156382, peakres=0.00137822->0.00137822, Reached cyclethreshold.
2026-08-04 20:39:03	INFO	SDAlgorithmBase::deconvolve 	[ngc4254_12m_hcop:C4] iters=0->0 [0], model=0.00017141->0.00017141, peakres=0.00137927->0.00137927, Reached cyclethreshold.
2026-08-04 20:39:03	INFO	MatrixCleaner::validatePsf() 	Peak of PSF = 1 at [512, 576]
2026-08-04 20:39:03	INFO	MatrixCleaner::makePsfScales() 	Calculating convolutions for scale 0
2026-08-04 20:39:03	INFO	MatrixCleaner::makePsfScales() 	Calculating convolutions for scale 1
2026-08-04 20:39:03	INFO	MatrixCleaner::makePsfScales() 	Calculating convolutions for scale 2
2026-08-04 20:39:03	INFO	MatrixCleaner::makePsfScales() 	Calculating convolutions for scale 3
2026-08-04 20:39:03	INFO	MatrixCleaner::makeScaleMasks() 	Calculating mask convolution for scale 0
2026-08-04 20:39:03	INFO	MatrixCleaner::makeScaleMasks() 	Calculating mask convolution for scale 1
2026-08-04 20:39:03	INFO	MatrixCleaner::makeScaleMasks() 	Calculating mask convolution for scale 2
2026-08-04 20:39:03	INFO	MatrixCleaner::makeScaleMasks() 	Calculating mask convolution for scale 3
2026-08-04 20:39:03	INFO	MatrixCleaner::clean() 	scale 1 = 0 pixels with bias = 1
2026-08-04 20:39:03	INFO	MatrixCleaner::clean() 	scale 2 = 4 pixels with bias = 0.82
2026-08-04 20:39:03	INFO	MatrixCleaner::clean() 	scale 3 = 10 pixels with bias = 0.55
2026-08-04 20:39:03	INFO	MatrixCleaner::clean() 	scale 4 = 20 pixels with bias = 0.1
2026-08-04 20:39:03	INFO	MatrixCleaner::clean() 	Cleaning using given mask
2026-08-04 20:39:03	INFO	MatrixCleaner::clean() 	Cleaning pixels with mask values above 0.9
2026-08-04 20:39:03	INFO	MatrixCleaner::clean() 	Starting iteration
2026-08-04 20:39:03	INFO	MatrixCleaner::clean() 	Initial maximum residual is 0.00138208 within the mask 
2026-08-04 20:39:03	INFO	MatrixCleaner::clean() 	iteration    MaximumResidual   CleanedFlux
2026-08-04 20:39:03	INFO	MatrixCleaner::clean() 	Reached stopping threshold 0.00138142 at iteration 1
2026-08-04 20:39:03	INFO	MatrixCleaner::clean() 	Optimum flux is 0.0013801
2026-08-04 20:39:03	INFO	MatrixCleaner::clean() 	  0    1.98241e-07
2026-08-04 20:39:03	INFO	MatrixCleaner::clean() 	  1    0
2026-08-04 20:39:03	INFO	MatrixCleaner::clean() 	  2    0
2026-08-04 20:39:03	INFO	MatrixCleaner::clean() 	  3    0
2026-08-04 20:39:03	INFO	SDAlgorithmBase::deconvolve 	[ngc4254_12m_hcop:C5] iters=0->2 [2], model=-0.000433654->-0.000295447, peakres=0.00138208->0.0013801, Reached cyclethreshold.
2026-08-04 20:39:03	INFO	SDAlgorithmBase::deconvolve 	[ngc4254_12m_hcop:C6] iters=2->2 [0], model=-0.000452378->-0.000452378, peakres=0.00138097->0.00138097, Reached cyclethreshold.
2026-08-04 20:39:03	INFO	SDAlgorithmBase::deconvolve 	[ngc4254_12m_hcop:C7] iters=2->2 [0], model=3.29506e-05->3.29506e-05, peakres=0.00138005->0.00138005, Reached cyclethreshold.
2026-08-04 20:39:03	INFO	MatrixCleaner::validatePsf() 	Peak of PSF = 1 at [512, 576]
2026-08-04 20:39:03	INFO	MatrixCleaner::makePsfScales() 	Calculating convolutions for scale 0
2026-08-04 20:39:03	INFO	MatrixCleaner::makePsfScales() 	Calculating convolutions for scale 1
2026-08-04 20:39:03	INFO	MatrixCleaner::makePsfScales() 	Calculating convolutions for scale 2
2026-08-04 20:39:04	INFO	MatrixCleaner::makePsfScales() 	Calculating convolutions for scale 3
2026-08-04 20:39:04	INFO	MatrixCleaner::makeScaleMasks() 	Calculating mask convolution for scale 0
2026-08-04 20:39:04	INFO	MatrixCleaner::makeScaleMasks() 	Calculating mask convolution for scale 1
2026-08-04 20:39:04	INFO	MatrixCleaner::makeScaleMasks() 	Calculating mask convolution for scale 2
2026-08-04 20:39:04	INFO	MatrixCleaner::makeScaleMasks() 	Calculating mask convolution for scale 3
2026-08-04 20:39:04	INFO	MatrixCleaner::clean() 	scale 1 = 0 pixels with bias = 1
2026-08-04 20:39:04	INFO	MatrixCleaner::clean() 	scale 2 = 4 pixels with bias = 0.82
2026-08-04 20:39:04	INFO	MatrixCleaner::clean() 	scale 3 = 10 pixels with bias = 0.55
2026-08-04 20:39:04	INFO	MatrixCleaner::clean() 	scale 4 = 20 pixels with bias = 0.1
2026-08-04 20:39:04	INFO	MatrixCleaner::clean() 	Cleaning using given mask
2026-08-04 20:39:04	INFO	MatrixCleaner::clean() 	Cleaning pixels with mask values above 0.9
2026-08-04 20:39:04	INFO	MatrixCleaner::clean() 	Starting iteration
2026-08-04 20:39:04	INFO	MatrixCleaner::clean() 	Initial maximum residual is 0.00138148 within the mask 
2026-08-04 20:39:04	INFO	MatrixCleaner::clean() 	iteration    MaximumResidual   CleanedFlux
2026-08-04 20:39:04	INFO	MatrixCleaner::clean() 	Reached stopping threshold 0.00138142 at iteration 1
2026-08-04 20:39:04	INFO	MatrixCleaner::clean() 	Optimum flux is 0.0013813
2026-08-04 20:39:04	INFO	MatrixCleaner::clean() 	  0    1.75787e-08
2026-08-04 20:39:04	INFO	MatrixCleaner::clean() 	  1    0
2026-08-04 20:39:04	INFO	MatrixCleaner::clean() 	  2    0
2026-08-04 20:39:04	INFO	MatrixCleaner::clean() 	  3    0
2026-08-04 20:39:04	INFO	SDAlgorithmBase::deconvolve 	[ngc4254_12m_hcop:C8] iters=2->4 [2], model=0.00172851->0.00186666, peakres=0.00138148->0.0013813, Reached cyclethreshold.
2026-08-04 20:39:04	INFO	SDAlgorithmBase::deconvolve 	[ngc4254_12m_hcop:C9] iters=4->4 [0], model=-0.000104131->-0.000104131, peakres=0.00137958->0.00137958, Reached cyclethreshold.
2026-08-04 20:39:04	INFO	SDAlgorithmBase::deconvolve 	[ngc4254_12m_hcop] Total model flux (over all planes) : 0.00269587     Peak Residual (over all planes) : 0.0013813 in C8:P0
2026-08-04 20:39:04	INFO	SynthesisDeconvolver::setupDeconvolution 	Set Deconvolution Options for [ngc4254_12m_hcop] : multiscale
2026-08-04 20:39:05	INFO	SynthesisDeconvolver::initMinorCycle 	 Absolute Peak residual within mask : 0.00138267, over full image : 0.00138267
2026-08-04 20:39:05	INFO	CubeMinorCycleAlgorithm::task 	Processing channels in range [10, 19]
2026-08-04 20:39:05	INFO	SDAlgorithmBase::deconvolve 	[ngc4254_12m_hcop] Run multiscale minor-cycle on 10 chans | CycleThreshold=0.00138142, CycleNiter=200, Gain=0.1
2026-08-04 20:39:06	INFO	MatrixCleaner::validatePsf() 	Peak of PSF = 1 at [512, 576]
2026-08-04 20:39:06	INFO	MatrixCleaner::makePsfScales() 	Calculating convolutions for scale 0
2026-08-04 20:39:06	INFO	MatrixCleaner::makePsfScales() 	Calculating convolutions for scale 1
2026-08-04 20:39:06	INFO	MatrixCleaner::makePsfScales() 	Calculating convolutions for scale 2
2026-08-04 20:39:06	INFO	MatrixCleaner::makePsfScales() 	Calculating convolutions for scale 3
2026-08-04 20:39:06	INFO	MatrixCleaner::makeScaleMasks() 	Calculating mask convolution for scale 0
2026-08-04 20:39:06	INFO	MatrixCleaner::makeScaleMasks() 	Calculating mask convolution for scale 1
2026-08-04 20:39:06	INFO	MatrixCleaner::makeScaleMasks() 	Calculating mask convolution for scale 2
2026-08-04 20:39:06	INFO	MatrixCleaner::makeScaleMasks() 	Calculating mask convolution for scale 3
2026-08-04 20:39:06	INFO	MatrixCleaner::clean() 	scale 1 = 0 pixels with bias = 1
2026-08-04 20:39:06	INFO	MatrixCleaner::clean() 	scale 2 = 4 pixels with bias = 0.82
2026-08-04 20:39:06	INFO	MatrixCleaner::clean() 	scale 3 = 10 pixels with bias = 0.55
2026-08-04 20:39:06	INFO	MatrixCleaner::clean() 	scale 4 = 20 pixels with bias = 0.1
2026-08-04 20:39:06	INFO	MatrixCleaner::clean() 	Cleaning using given mask
2026-08-04 20:39:06	INFO	MatrixCleaner::clean() 	Cleaning pixels with mask values above 0.9
2026-08-04 20:39:06	INFO	MatrixCleaner::clean() 	Starting iteration
2026-08-04 20:39:06	INFO	MatrixCleaner::clean() 	Initial maximum residual is 0.00138192 within the mask 
2026-08-04 20:39:06	INFO	MatrixCleaner::clean() 	iteration    MaximumResidual   CleanedFlux
2026-08-04 20:39:06	INFO	MatrixCleaner::clean() 	Reached stopping threshold 0.00138142 at iteration 1
2026-08-04 20:39:06	INFO	MatrixCleaner::clean() 	Optimum flux is 0.00137832
2026-08-04 20:39:06	INFO	MatrixCleaner::clean() 	  0    0.000276024
2026-08-04 20:39:06	INFO	MatrixCleaner::clean() 	  1    0
2026-08-04 20:39:06	INFO	MatrixCleaner::clean() 	  2    0
2026-08-04 20:39:06	INFO	MatrixCleaner::clean() 	  3    0
2026-08-04 20:39:06	INFO	SDAlgorithmBase::deconvolve 	[ngc4254_12m_hcop:C0] iters=0->2 [2], model=0.000757881->0.000896073, peakres=0.00138192->0.00137832, Reached cyclethreshold.
2026-08-04 20:39:06	INFO	MatrixCleaner::validatePsf() 	Peak of PSF = 1 at [512, 576]
2026-08-04 20:39:06	INFO	MatrixCleaner::makePsfScales() 	Calculating convolutions for scale 0
2026-08-04 20:39:06	INFO	MatrixCleaner::makePsfScales() 	Calculating convolutions for scale 1
2026-08-04 20:39:06	INFO	MatrixCleaner::makePsfScales() 	Calculating convolutions for scale 2
2026-08-04 20:39:06	INFO	MatrixCleaner::makePsfScales() 	Calculating convolutions for scale 3
2026-08-04 20:39:06	INFO	MatrixCleaner::makeScaleMasks() 	Calculating mask convolution for scale 0
2026-08-04 20:39:06	INFO	MatrixCleaner::makeScaleMasks() 	Calculating mask convolution for scale 1
2026-08-04 20:39:06	INFO	MatrixCleaner::makeScaleMasks() 	Calculating mask convolution for scale 2
2026-08-04 20:39:06	INFO	MatrixCleaner::makeScaleMasks() 	Calculating mask convolution for scale 3
2026-08-04 20:39:07	INFO	MatrixCleaner::clean() 	scale 1 = 0 pixels with bias = 1
2026-08-04 20:39:07	INFO	MatrixCleaner::clean() 	scale 2 = 4 pixels with bias = 0.82
2026-08-04 20:39:07	INFO	MatrixCleaner::clean() 	scale 3 = 10 pixels with bias = 0.55
2026-08-04 20:39:07	INFO	MatrixCleaner::clean() 	scale 4 = 20 pixels with bias = 0.1
2026-08-04 20:39:07	INFO	MatrixCleaner::clean() 	Cleaning using given mask
2026-08-04 20:39:07	INFO	MatrixCleaner::clean() 	Cleaning pixels with mask values above 0.9
2026-08-04 20:39:07	INFO	MatrixCleaner::clean() 	Starting iteration
2026-08-04 20:39:07	INFO	MatrixCleaner::clean() 	Initial maximum residual is 0.00138208 within the mask 
2026-08-04 20:39:07	INFO	MatrixCleaner::clean() 	iteration    MaximumResidual   CleanedFlux
2026-08-04 20:39:07	INFO	MatrixCleaner::clean() 	Reached stopping threshold 0.00138142 at iteration 1
2026-08-04 20:39:07	INFO	MatrixCleaner::clean() 	Optimum flux is 0.00137813
2026-08-04 20:39:07	INFO	MatrixCleaner::clean() 	  0    3.95114e-07
2026-08-04 20:39:07	INFO	MatrixCleaner::clean() 	  1    0
2026-08-04 20:39:07	INFO	MatrixCleaner::clean() 	  2    0
2026-08-04 20:39:07	INFO	MatrixCleaner::clean() 	  3    0
2026-08-04 20:39:07	INFO	SDAlgorithmBase::deconvolve 	[ngc4254_12m_hcop:C1] iters=2->4 [2], model=3.05896e-05->0.000168797, peakres=0.00138208->0.00137813, Reached cyclethreshold.
2026-08-04 20:39:07	INFO	SDAlgorithmBase::deconvolve 	[ngc4254_12m_hcop:C2] iters=4->4 [0], model=2.36463e-05->2.36463e-05, peakres=0.00138046->0.00138046, Reached cyclethreshold.
2026-08-04 20:39:07	INFO	SDAlgorithmBase::deconvolve 	[ngc4254_12m_hcop:C3] iters=4->4 [0], model=0.000574269->0.000574269, peakres=0.0013775->0.0013775, Reached cyclethreshold.
2026-08-04 20:39:07	INFO	SDAlgorithmBase::deconvolve 	[ngc4254_12m_hcop:C4] iters=4->4 [0], model=0.000310956->0.000310956, peakres=0.00137518->0.00137518, Reached cyclethreshold.
2026-08-04 20:39:07	INFO	SDAlgorithmBase::deconvolve 	[ngc4254_12m_hcop:C5] iters=4->4 [0], model=-0.000748914->-0.000748914, peakres=0.0013763->0.0013763, Reached cyclethreshold.
2026-08-04 20:39:07	INFO	MatrixCleaner::validatePsf() 	Peak of PSF = 1 at [512, 576]
2026-08-04 20:39:07	INFO	MatrixCleaner::makePsfScales() 	Calculating convolutions for scale 0
2026-08-04 20:39:07	INFO	MatrixCleaner::makePsfScales() 	Calculating convolutions for scale 1
2026-08-04 20:39:07	INFO	MatrixCleaner::makePsfScales() 	Calculating convolutions for scale 2
2026-08-04 20:39:07	INFO	MatrixCleaner::makePsfScales() 	Calculating convolutions for scale 3
2026-08-04 20:39:07	INFO	MatrixCleaner::makeScaleMasks() 	Calculating mask convolution for scale 0
2026-08-04 20:39:07	INFO	MatrixCleaner::makeScaleMasks() 	Calculating mask convolution for scale 1
2026-08-04 20:39:07	INFO	MatrixCleaner::makeScaleMasks() 	Calculating mask convolution for scale 2
2026-08-04 20:39:07	INFO	MatrixCleaner::makeScaleMasks() 	Calculating mask convolution for scale 3
2026-08-04 20:39:07	INFO	MatrixCleaner::clean() 	scale 1 = 0 pixels with bias = 1
2026-08-04 20:39:07	INFO	MatrixCleaner::clean() 	scale 2 = 4 pixels with bias = 0.82
2026-08-04 20:39:07	INFO	MatrixCleaner::clean() 	scale 3 = 10 pixels with bias = 0.55
2026-08-04 20:39:07	INFO	MatrixCleaner::clean() 	scale 4 = 20 pixels with bias = 0.1
2026-08-04 20:39:07	INFO	MatrixCleaner::clean() 	Cleaning using given mask
2026-08-04 20:39:07	INFO	MatrixCleaner::clean() 	Cleaning pixels with mask values above 0.9
2026-08-04 20:39:07	INFO	MatrixCleaner::clean() 	Starting iteration
2026-08-04 20:39:07	INFO	MatrixCleaner::clean() 	Initial maximum residual is 0.00138267 within the mask 
2026-08-04 20:39:07	INFO	MatrixCleaner::clean() 	iteration    MaximumResidual   CleanedFlux
2026-08-04 20:39:07	INFO	MatrixCleaner::clean() 	Reached stopping threshold 0.00138142 at iteration 1
2026-08-04 20:39:07	INFO	MatrixCleaner::clean() 	Optimum flux is 0.00138067
2026-08-04 20:39:07	INFO	MatrixCleaner::clean() 	  0    1.99871e-07
2026-08-04 20:39:07	INFO	MatrixCleaner::clean() 	  1    0
2026-08-04 20:39:07	INFO	MatrixCleaner::clean() 	  2    0
2026-08-04 20:39:07	INFO	MatrixCleaner::clean() 	  3    0
2026-08-04 20:39:08	INFO	SDAlgorithmBase::deconvolve 	[ngc4254_12m_hcop:C6] iters=4->6 [2], model=-0.000748169->-0.000609902, peakres=0.00138267->0.00138067, Reached cyclethreshold.
2026-08-04 20:39:08	INFO	SDAlgorithmBase::deconvolve 	[ngc4254_12m_hcop:C7] iters=6->6 [0], model=-0.000584781->-0.000584781, peakres=0.00137802->0.00137802, Reached cyclethreshold.
2026-08-04 20:39:08	INFO	SDAlgorithmBase::deconvolve 	[ngc4254_12m_hcop:C8] iters=6->6 [0], model=0.000416744->0.000416744, peakres=0.00137559->0.00137559, Reached cyclethreshold.
2026-08-04 20:39:08	INFO	SDAlgorithmBase::deconvolve 	[ngc4254_12m_hcop:C9] iters=6->6 [0], model=0.000139328->0.000139328, peakres=0.00138131->0.00138131, Reached cyclethreshold.
2026-08-04 20:39:08	INFO	SDAlgorithmBase::deconvolve 	[ngc4254_12m_hcop] Total model flux (over all planes) : 0.000586217     Peak Residual (over all planes) : 0.00138131 in C9:P0
2026-08-04 20:39:08	INFO	SynthesisDeconvolver::setupDeconvolution 	Set Deconvolution Options for [ngc4254_12m_hcop] : multiscale
2026-08-04 20:39:09	INFO	SynthesisDeconvolver::initMinorCycle 	 Absolute Peak residual within mask : 0.00201251, over full image : 0.00201251
2026-08-04 20:39:09	INFO	CubeMinorCycleAlgorithm::task 	Processing channels in range [20, 29]
2026-08-04 20:39:09	INFO	SDAlgorithmBase::deconvolve 	[ngc4254_12m_hcop] Run multiscale minor-cycle on 10 chans | CycleThreshold=0.00138142, CycleNiter=200, Gain=0.1
2026-08-04 20:39:09	INFO	SDAlgorithmBase::deconvolve 	[ngc4254_12m_hcop:C0] iters=0->0 [0], model=-0.000130543->-0.000130543, peakres=0.00137774->0.00137774, Reached cyclethreshold.
2026-08-04 20:39:09	INFO	SDAlgorithmBase::deconvolve 	[ngc4254_12m_hcop:C1] iters=0->0 [0], model=-0.00168957->-0.00168957, peakres=0.00137642->0.00137642, Reached cyclethreshold.
2026-08-04 20:39:09	INFO	SDAlgorithmBase::deconvolve 	[ngc4254_12m_hcop:C2] iters=0->0 [0], model=0.000340179->0.000340179, peakres=0.00137758->0.00137758, Reached cyclethreshold.
2026-08-04 20:39:09	INFO	SDAlgorithmBase::deconvolve 	[ngc4254_12m_hcop:C3] iters=0->0 [0], model=0.002391->0.002391, peakres=0.00137121->0.00137121, Reached cyclethreshold.
2026-08-04 20:39:09	INFO	SDAlgorithmBase::deconvolve 	[ngc4254_12m_hcop:C4] iters=0->0 [0], model=0.0013975->0.0013975, peakres=0.00137869->0.00137869, Reached cyclethreshold.
2026-08-04 20:39:09	INFO	MatrixCleaner::validatePsf() 	Peak of PSF = 1 at [512, 576]
2026-08-04 20:39:09	INFO	MatrixCleaner::makePsfScales() 	Calculating convolutions for scale 0
2026-08-04 20:39:09	INFO	MatrixCleaner::makePsfScales() 	Calculating convolutions for scale 1
2026-08-04 20:39:09	INFO	MatrixCleaner::makePsfScales() 	Calculating convolutions for scale 2
2026-08-04 20:39:09	INFO	MatrixCleaner::makePsfScales() 	Calculating convolutions for scale 3
2026-08-04 20:39:09	INFO	MatrixCleaner::makeScaleMasks() 	Calculating mask convolution for scale 0
2026-08-04 20:39:09	INFO	MatrixCleaner::makeScaleMasks() 	Calculating mask convolution for scale 1
2026-08-04 20:39:09	INFO	MatrixCleaner::makeScaleMasks() 	Calculating mask convolution for scale 2
2026-08-04 20:39:10	INFO	MatrixCleaner::makeScaleMasks() 	Calculating mask convolution for scale 3
2026-08-04 20:39:10	INFO	MatrixCleaner::clean() 	scale 1 = 0 pixels with bias = 1
2026-08-04 20:39:10	INFO	MatrixCleaner::clean() 	scale 2 = 4 pixels with bias = 0.82
2026-08-04 20:39:10	INFO	MatrixCleaner::clean() 	scale 3 = 10 pixels with bias = 0.55
2026-08-04 20:39:10	INFO	MatrixCleaner::clean() 	scale 4 = 20 pixels with bias = 0.1
2026-08-04 20:39:10	INFO	MatrixCleaner::clean() 	Cleaning using given mask
2026-08-04 20:39:10	INFO	MatrixCleaner::clean() 	Cleaning pixels with mask values above 0.9
2026-08-04 20:39:10	INFO	MatrixCleaner::clean() 	Starting iteration
2026-08-04 20:39:10	INFO	MatrixCleaner::clean() 	Initial maximum residual is 0.00594689 within the mask 
2026-08-04 20:39:10	INFO	MatrixCleaner::clean() 	iteration    MaximumResidual   CleanedFlux
2026-08-04 20:39:10	INFO	MatrixCleaner::clean() 	20      0.00142671      0.0039625
2026-08-04 20:39:10	INFO	MatrixCleaner::clean() 	Reached stopping threshold 0.00138142 at iteration 30
2026-08-04 20:39:10	INFO	MatrixCleaner::clean() 	Optimum flux is 0.00138029
2026-08-04 20:39:10	INFO	MatrixCleaner::clean() 	  0    0.000983845
2026-08-04 20:39:10	INFO	MatrixCleaner::clean() 	  1    0.000191628
2026-08-04 20:39:10	INFO	MatrixCleaner::clean() 	  2    0.00298084
2026-08-04 20:39:10	INFO	MatrixCleaner::clean() 	  3    0
2026-08-04 20:39:10	INFO	SDAlgorithmBase::deconvolve 	[ngc4254_12m_hcop:C5] iters=0->31 [31], model=0.00279909->0.00681736, peakres=0.00201251->0.00138029, Reached cyclethreshold.
2026-08-04 20:39:10	INFO	SDAlgorithmBase::deconvolve 	[ngc4254_12m_hcop:C6] iters=31->31 [0], model=0.00624083->0.00624083, peakres=0.00138051->0.00138051, Reached cyclethreshold.
2026-08-04 20:39:10	INFO	SDAlgorithmBase::deconvolve 	[ngc4254_12m_hcop:C7] iters=31->31 [0], model=-0.000410474->-0.000410474, peakres=0.00136876->0.00136876, Reached cyclethreshold.
2026-08-04 20:39:10	INFO	MatrixCleaner::validatePsf() 	Peak of PSF = 1 at [512, 576]
2026-08-04 20:39:10	INFO	MatrixCleaner::makePsfScales() 	Calculating convolutions for scale 0
2026-08-04 20:39:10	INFO	MatrixCleaner::makePsfScales() 	Calculating convolutions for scale 1
2026-08-04 20:39:10	INFO	MatrixCleaner::makePsfScales() 	Calculating convolutions for scale 2
2026-08-04 20:39:10	INFO	MatrixCleaner::makePsfScales() 	Calculating convolutions for scale 3
2026-08-04 20:39:10	INFO	MatrixCleaner::makeScaleMasks() 	Calculating mask convolution for scale 0
2026-08-04 20:39:10	INFO	MatrixCleaner::makeScaleMasks() 	Calculating mask convolution for scale 1
2026-08-04 20:39:11	INFO	MatrixCleaner::makeScaleMasks() 	Calculating mask convolution for scale 2
2026-08-04 20:39:11	INFO	MatrixCleaner::makeScaleMasks() 	Calculating mask convolution for scale 3
2026-08-04 20:39:11	INFO	MatrixCleaner::clean() 	scale 1 = 0 pixels with bias = 1
2026-08-04 20:39:11	INFO	MatrixCleaner::clean() 	scale 2 = 4 pixels with bias = 0.82
2026-08-04 20:39:11	INFO	MatrixCleaner::clean() 	scale 3 = 10 pixels with bias = 0.55
2026-08-04 20:39:11	INFO	MatrixCleaner::clean() 	scale 4 = 20 pixels with bias = 0.1
2026-08-04 20:39:11	INFO	MatrixCleaner::clean() 	Cleaning using given mask
2026-08-04 20:39:11	INFO	MatrixCleaner::clean() 	Cleaning pixels with mask values above 0.9
2026-08-04 20:39:11	INFO	MatrixCleaner::clean() 	Starting iteration
2026-08-04 20:39:11	INFO	MatrixCleaner::clean() 	Initial maximum residual is 0.00398161 within the mask 
2026-08-04 20:39:11	INFO	MatrixCleaner::clean() 	iteration    MaximumResidual   CleanedFlux
2026-08-04 20:39:11	INFO	MatrixCleaner::clean() 	Reached stopping threshold 0.00138142 at iteration 4
2026-08-04 20:39:11	INFO	MatrixCleaner::clean() 	Optimum flux is 0.00137201
2026-08-04 20:39:11	INFO	MatrixCleaner::clean() 	  0    -4.60961e-07
2026-08-04 20:39:11	INFO	MatrixCleaner::clean() 	  1    0
2026-08-04 20:39:11	INFO	MatrixCleaner::clean() 	  2    0.000398161
2026-08-04 20:39:11	INFO	MatrixCleaner::clean() 	  3    0
2026-08-04 20:39:11	INFO	SDAlgorithmBase::deconvolve 	[ngc4254_12m_hcop:C8] iters=31->36 [5], model=0.000781629->0.00104213, peakres=0.00141002->0.00137201, Reached cyclethreshold.
2026-08-04 20:39:11	INFO	MatrixCleaner::validatePsf() 	Peak of PSF = 1 at [512, 576]
2026-08-04 20:39:11	INFO	MatrixCleaner::makePsfScales() 	Calculating convolutions for scale 0
2026-08-04 20:39:11	INFO	MatrixCleaner::makePsfScales() 	Calculating convolutions for scale 1
2026-08-04 20:39:11	INFO	MatrixCleaner::makePsfScales() 	Calculating convolutions for scale 2
2026-08-04 20:39:11	INFO	MatrixCleaner::makePsfScales() 	Calculating convolutions for scale 3
2026-08-04 20:39:11	INFO	MatrixCleaner::makeScaleMasks() 	Calculating mask convolution for scale 0
2026-08-04 20:39:11	INFO	MatrixCleaner::makeScaleMasks() 	Calculating mask convolution for scale 1
2026-08-04 20:39:11	INFO	MatrixCleaner::makeScaleMasks() 	Calculating mask convolution for scale 2
2026-08-04 20:39:11	INFO	MatrixCleaner::makeScaleMasks() 	Calculating mask convolution for scale 3
2026-08-04 20:39:11	INFO	MatrixCleaner::clean() 	scale 1 = 0 pixels with bias = 1
2026-08-04 20:39:11	INFO	MatrixCleaner::clean() 	scale 2 = 4 pixels with bias = 0.82
2026-08-04 20:39:11	INFO	MatrixCleaner::clean() 	scale 3 = 10 pixels with bias = 0.55
2026-08-04 20:39:11	INFO	MatrixCleaner::clean() 	scale 4 = 20 pixels with bias = 0.1
2026-08-04 20:39:11	INFO	MatrixCleaner::clean() 	Cleaning using given mask
2026-08-04 20:39:11	INFO	MatrixCleaner::clean() 	Cleaning pixels with mask values above 0.9
2026-08-04 20:39:11	INFO	MatrixCleaner::clean() 	Starting iteration
2026-08-04 20:39:11	INFO	MatrixCleaner::clean() 	Initial maximum residual is 0.00470421 within the mask 
2026-08-04 20:39:11	INFO	MatrixCleaner::clean() 	iteration    MaximumResidual   CleanedFlux
2026-08-04 20:39:12	INFO	MatrixCleaner::clean() 	20      -0.00144295      0.00123531
2026-08-04 20:39:12	INFO	MatrixCleaner::clean() 	Reached stopping threshold 0.00138142 at iteration 34
2026-08-04 20:39:12	INFO	MatrixCleaner::clean() 	Optimum flux is 0.00137509
2026-08-04 20:39:12	INFO	MatrixCleaner::clean() 	  0    0.000754177
2026-08-04 20:39:12	INFO	MatrixCleaner::clean() 	  1    0.000193809
2026-08-04 20:39:12	INFO	MatrixCleaner::clean() 	  2    0.000470421
2026-08-04 20:39:12	INFO	MatrixCleaner::clean() 	  3    0
2026-08-04 20:39:12	INFO	SDAlgorithmBase::deconvolve 	[ngc4254_12m_hcop:C9] iters=36->71 [35], model=0.00126799->0.00254888, peakres=0.0016563->0.0013751, Reached cyclethreshold.
2026-08-04 20:39:12	INFO	SDAlgorithmBase::deconvolve 	[ngc4254_12m_hcop] Total model flux (over all planes) : 0.0185473     Peak Residual (over all planes) : 0.00138051 in C6:P0
2026-08-04 20:39:12	INFO	SynthesisDeconvolver::setupDeconvolution 	Set Deconvolution Options for [ngc4254_12m_hcop] : multiscale
2026-08-04 20:39:13	INFO	SynthesisDeconvolver::initMinorCycle 	 Absolute Peak residual within mask : 0.00191449, over full image : 0.00191449
2026-08-04 20:39:13	INFO	CubeMinorCycleAlgorithm::task 	Processing channels in range [30, 39]
2026-08-04 20:39:13	INFO	SDAlgorithmBase::deconvolve 	[ngc4254_12m_hcop] Run multiscale minor-cycle on 10 chans | CycleThreshold=0.00138142, CycleNiter=200, Gain=0.1
2026-08-04 20:39:13	INFO	MatrixCleaner::validatePsf() 	Peak of PSF = 1 at [512, 576]
2026-08-04 20:39:13	INFO	MatrixCleaner::makePsfScales() 	Calculating convolutions for scale 0
2026-08-04 20:39:13	INFO	MatrixCleaner::makePsfScales() 	Calculating convolutions for scale 1
2026-08-04 20:39:13	INFO	MatrixCleaner::makePsfScales() 	Calculating convolutions for scale 2
2026-08-04 20:39:13	INFO	MatrixCleaner::makePsfScales() 	Calculating convolutions for scale 3
2026-08-04 20:39:14	INFO	MatrixCleaner::makeScaleMasks() 	Calculating mask convolution for scale 0
2026-08-04 20:39:14	INFO	MatrixCleaner::makeScaleMasks() 	Calculating mask convolution for scale 1
2026-08-04 20:39:14	INFO	MatrixCleaner::makeScaleMasks() 	Calculating mask convolution for scale 2
2026-08-04 20:39:14	INFO	MatrixCleaner::makeScaleMasks() 	Calculating mask convolution for scale 3
2026-08-04 20:39:14	INFO	MatrixCleaner::clean() 	scale 1 = 0 pixels with bias = 1
2026-08-04 20:39:14	INFO	MatrixCleaner::clean() 	scale 2 = 4 pixels with bias = 0.82
2026-08-04 20:39:14	INFO	MatrixCleaner::clean() 	scale 3 = 10 pixels with bias = 0.55
2026-08-04 20:39:14	INFO	MatrixCleaner::clean() 	scale 4 = 20 pixels with bias = 0.1
2026-08-04 20:39:14	INFO	MatrixCleaner::clean() 	Cleaning using given mask
2026-08-04 20:39:14	INFO	MatrixCleaner::clean() 	Cleaning pixels with mask values above 0.9
2026-08-04 20:39:14	INFO	MatrixCleaner::clean() 	Starting iteration
2026-08-04 20:39:14	INFO	MatrixCleaner::clean() 	Initial maximum residual is 0.00518667 within the mask 
2026-08-04 20:39:14	INFO	MatrixCleaner::clean() 	iteration    MaximumResidual   CleanedFlux
2026-08-04 20:39:14	INFO	MatrixCleaner::clean() 	20      -0.00140203      0.0040149
2026-08-04 20:39:14	INFO	MatrixCleaner::clean() 	Reached stopping threshold 0.00138142 at iteration 26
2026-08-04 20:39:14	INFO	MatrixCleaner::clean() 	Optimum flux is 0.00138044
2026-08-04 20:39:14	INFO	MatrixCleaner::clean() 	  0    0.00210163
2026-08-04 20:39:14	INFO	MatrixCleaner::clean() 	  1    0
2026-08-04 20:39:14	INFO	MatrixCleaner::clean() 	  2    0.00233274
2026-08-04 20:39:14	INFO	MatrixCleaner::clean() 	  3    0
2026-08-04 20:39:14	INFO	SDAlgorithmBase::deconvolve 	[ngc4254_12m_hcop:C0] iters=0->27 [27], model=0.000393434->0.00496584, peakres=0.00177736->0.00138044, Reached cyclethreshold.
2026-08-04 20:39:14	INFO	MatrixCleaner::validatePsf() 	Peak of PSF = 1 at [512, 576]
2026-08-04 20:39:14	INFO	MatrixCleaner::makePsfScales() 	Calculating convolutions for scale 0
2026-08-04 20:39:14	INFO	MatrixCleaner::makePsfScales() 	Calculating convolutions for scale 1
2026-08-04 20:39:14	INFO	MatrixCleaner::makePsfScales() 	Calculating convolutions for scale 2
2026-08-04 20:39:14	INFO	MatrixCleaner::makePsfScales() 	Calculating convolutions for scale 3
2026-08-04 20:39:14	INFO	MatrixCleaner::makeScaleMasks() 	Calculating mask convolution for scale 0
2026-08-04 20:39:15	INFO	MatrixCleaner::makeScaleMasks() 	Calculating mask convolution for scale 1
2026-08-04 20:39:15	INFO	MatrixCleaner::makeScaleMasks() 	Calculating mask convolution for scale 2
2026-08-04 20:39:15	INFO	MatrixCleaner::makeScaleMasks() 	Calculating mask convolution for scale 3
2026-08-04 20:39:15	INFO	MatrixCleaner::clean() 	scale 1 = 0 pixels with bias = 1
2026-08-04 20:39:15	INFO	MatrixCleaner::clean() 	scale 2 = 4 pixels with bias = 0.82
2026-08-04 20:39:15	INFO	MatrixCleaner::clean() 	scale 3 = 10 pixels with bias = 0.55
2026-08-04 20:39:15	INFO	MatrixCleaner::clean() 	scale 4 = 20 pixels with bias = 0.1
2026-08-04 20:39:15	INFO	MatrixCleaner::clean() 	Cleaning using given mask
2026-08-04 20:39:15	INFO	MatrixCleaner::clean() 	Cleaning pixels with mask values above 0.9
2026-08-04 20:39:15	INFO	MatrixCleaner::clean() 	Starting iteration
2026-08-04 20:39:15	INFO	MatrixCleaner::clean() 	Initial maximum residual is 0.00555076 within the mask 
2026-08-04 20:39:15	INFO	MatrixCleaner::clean() 	iteration    MaximumResidual   CleanedFlux
2026-08-04 20:39:15	INFO	MatrixCleaner::clean() 	20      0.00146293      0.00425014
2026-08-04 20:39:15	INFO	MatrixCleaner::clean() 	Reached stopping threshold 0.00138142 at iteration 39
2026-08-04 20:39:15	INFO	MatrixCleaner::clean() 	Optimum flux is 0.00136725
2026-08-04 20:39:15	INFO	MatrixCleaner::clean() 	  0    0.000847824
2026-08-04 20:39:15	INFO	MatrixCleaner::clean() 	  1    0.000187692
2026-08-04 20:39:15	INFO	MatrixCleaner::clean() 	  2    0.00461602
2026-08-04 20:39:15	INFO	MatrixCleaner::clean() 	  3    0
2026-08-04 20:39:15	INFO	SDAlgorithmBase::deconvolve 	[ngc4254_12m_hcop:C1] iters=27->67 [40], model=0.000279357->0.00606762, peakres=0.00191449->0.00136726, Reached cyclethreshold.
2026-08-04 20:39:15	INFO	MatrixCleaner::validatePsf() 	Peak of PSF = 1 at [512, 576]
2026-08-04 20:39:15	INFO	MatrixCleaner::makePsfScales() 	Calculating convolutions for scale 0
2026-08-04 20:39:15	INFO	MatrixCleaner::makePsfScales() 	Calculating convolutions for scale 1
2026-08-04 20:39:16	INFO	MatrixCleaner::makePsfScales() 	Calculating convolutions for scale 2
2026-08-04 20:39:16	INFO	MatrixCleaner::makePsfScales() 	Calculating convolutions for scale 3
2026-08-04 20:39:16	INFO	MatrixCleaner::makeScaleMasks() 	Calculating mask convolution for scale 0
2026-08-04 20:39:16	INFO	MatrixCleaner::makeScaleMasks() 	Calculating mask convolution for scale 1
2026-08-04 20:39:16	INFO	MatrixCleaner::makeScaleMasks() 	Calculating mask convolution for scale 2
2026-08-04 20:39:16	INFO	MatrixCleaner::makeScaleMasks() 	Calculating mask convolution for scale 3
2026-08-04 20:39:16	INFO	MatrixCleaner::clean() 	scale 1 = 0 pixels with bias = 1
2026-08-04 20:39:16	INFO	MatrixCleaner::clean() 	scale 2 = 4 pixels with bias = 0.82
2026-08-04 20:39:16	INFO	MatrixCleaner::clean() 	scale 3 = 10 pixels with bias = 0.55
2026-08-04 20:39:16	INFO	MatrixCleaner::clean() 	scale 4 = 20 pixels with bias = 0.1
2026-08-04 20:39:16	INFO	MatrixCleaner::clean() 	Cleaning using given mask
2026-08-04 20:39:16	INFO	MatrixCleaner::clean() 	Cleaning pixels with mask values above 0.9
2026-08-04 20:39:16	INFO	MatrixCleaner::clean() 	Starting iteration
2026-08-04 20:39:16	INFO	MatrixCleaner::clean() 	Initial maximum residual is 0.00512152 within the mask 
2026-08-04 20:39:16	INFO	MatrixCleaner::clean() 	iteration    MaximumResidual   CleanedFlux
2026-08-04 20:39:16	INFO	MatrixCleaner::clean() 	20      -0.00142788      0.00280069
2026-08-04 20:39:16	INFO	MatrixCleaner::clean() 	Reached stopping threshold 0.00138142 at iteration 31
2026-08-04 20:39:16	INFO	MatrixCleaner::clean() 	Optimum flux is 0.00137984
2026-08-04 20:39:16	INFO	MatrixCleaner::clean() 	  0    -0.000626653
2026-08-04 20:39:16	INFO	MatrixCleaner::clean() 	  1    0
2026-08-04 20:39:16	INFO	MatrixCleaner::clean() 	  2    0.0023018
2026-08-04 20:39:16	INFO	MatrixCleaner::clean() 	  3    0
2026-08-04 20:39:16	INFO	SDAlgorithmBase::deconvolve 	[ngc4254_12m_hcop:C2] iters=67->99 [32], model=0.00348256->0.00529568, peakres=0.00172092->0.00137984, Reached cyclethreshold.
2026-08-04 20:39:16	INFO	MatrixCleaner::validatePsf() 	Peak of PSF = 1 at [512, 576]
2026-08-04 20:39:16	INFO	MatrixCleaner::makePsfScales() 	Calculating convolutions for scale 0
2026-08-04 20:39:17	INFO	MatrixCleaner::makePsfScales() 	Calculating convolutions for scale 1
2026-08-04 20:39:17	INFO	MatrixCleaner::makePsfScales() 	Calculating convolutions for scale 2
2026-08-04 20:39:17	INFO	MatrixCleaner::makePsfScales() 	Calculating convolutions for scale 3
2026-08-04 20:39:17	INFO	MatrixCleaner::makeScaleMasks() 	Calculating mask convolution for scale 0
2026-08-04 20:39:17	INFO	MatrixCleaner::makeScaleMasks() 	Calculating mask convolution for scale 1
2026-08-04 20:39:17	INFO	MatrixCleaner::makeScaleMasks() 	Calculating mask convolution for scale 2
2026-08-04 20:39:17	INFO	MatrixCleaner::makeScaleMasks() 	Calculating mask convolution for scale 3
2026-08-04 20:39:17	INFO	MatrixCleaner::clean() 	scale 1 = 0 pixels with bias = 1
2026-08-04 20:39:17	INFO	MatrixCleaner::clean() 	scale 2 = 4 pixels with bias = 0.82
2026-08-04 20:39:17	INFO	MatrixCleaner::clean() 	scale 3 = 10 pixels with bias = 0.55
2026-08-04 20:39:17	INFO	MatrixCleaner::clean() 	scale 4 = 20 pixels with bias = 0.1
2026-08-04 20:39:17	INFO	MatrixCleaner::clean() 	Cleaning using given mask
2026-08-04 20:39:17	INFO	MatrixCleaner::clean() 	Cleaning pixels with mask values above 0.9
2026-08-04 20:39:17	INFO	MatrixCleaner::clean() 	Starting iteration
2026-08-04 20:39:17	INFO	MatrixCleaner::clean() 	Initial maximum residual is 0.00487894 within the mask 
2026-08-04 20:39:17	INFO	MatrixCleaner::clean() 	iteration    MaximumResidual   CleanedFlux
2026-08-04 20:39:17	INFO	MatrixCleaner::clean() 	20      -0.00140162      0.00161432
2026-08-04 20:39:17	INFO	MatrixCleaner::clean() 	Reached stopping threshold 0.00138142 at iteration 24
2026-08-04 20:39:17	INFO	MatrixCleaner::clean() 	Optimum flux is 0.00137735
2026-08-04 20:39:17	INFO	MatrixCleaner::clean() 	  0    -0.000554756
2026-08-04 20:39:17	INFO	MatrixCleaner::clean() 	  1    0.000207192
2026-08-04 20:39:17	INFO	MatrixCleaner::clean() 	  2    0.00182367
2026-08-04 20:39:17	INFO	MatrixCleaner::clean() 	  3    0
2026-08-04 20:39:17	INFO	SDAlgorithmBase::deconvolve 	[ngc4254_12m_hcop:C3] iters=99->124 [25], model=0.00612951->0.00774336, peakres=0.00164799->0.00137735, Reached cyclethreshold.
2026-08-04 20:39:17	INFO	MatrixCleaner::validatePsf() 	Peak of PSF = 1 at [512, 576]
2026-08-04 20:39:17	INFO	MatrixCleaner::makePsfScales() 	Calculating convolutions for scale 0
2026-08-04 20:39:18	INFO	MatrixCleaner::makePsfScales() 	Calculating convolutions for scale 1
2026-08-04 20:39:18	INFO	MatrixCleaner::makePsfScales() 	Calculating convolutions for scale 2
2026-08-04 20:39:18	INFO	MatrixCleaner::makePsfScales() 	Calculating convolutions for scale 3
2026-08-04 20:39:18	INFO	MatrixCleaner::makeScaleMasks() 	Calculating mask convolution for scale 0
2026-08-04 20:39:18	INFO	MatrixCleaner::makeScaleMasks() 	Calculating mask convolution for scale 1
2026-08-04 20:39:18	INFO	MatrixCleaner::makeScaleMasks() 	Calculating mask convolution for scale 2
2026-08-04 20:39:18	INFO	MatrixCleaner::makeScaleMasks() 	Calculating mask convolution for scale 3
2026-08-04 20:39:18	INFO	MatrixCleaner::clean() 	scale 1 = 0 pixels with bias = 1
2026-08-04 20:39:18	INFO	MatrixCleaner::clean() 	scale 2 = 4 pixels with bias = 0.82
2026-08-04 20:39:18	INFO	MatrixCleaner::clean() 	scale 3 = 10 pixels with bias = 0.55
2026-08-04 20:39:18	INFO	MatrixCleaner::clean() 	scale 4 = 20 pixels with bias = 0.1
2026-08-04 20:39:18	INFO	MatrixCleaner::clean() 	Cleaning using given mask
2026-08-04 20:39:18	INFO	MatrixCleaner::clean() 	Cleaning pixels with mask values above 0.9
2026-08-04 20:39:18	INFO	MatrixCleaner::clean() 	Starting iteration
2026-08-04 20:39:18	INFO	MatrixCleaner::clean() 	Initial maximum residual is 0.00486924 within the mask 
2026-08-04 20:39:18	INFO	MatrixCleaner::clean() 	iteration    MaximumResidual   CleanedFlux
2026-08-04 20:39:18	INFO	MatrixCleaner::clean() 	20      0.00146509      0.00274489
2026-08-04 20:39:18	INFO	MatrixCleaner::clean() 	Reached stopping threshold 0.00138142 at iteration 27
2026-08-04 20:39:18	INFO	MatrixCleaner::clean() 	Optimum flux is 0.00138076
2026-08-04 20:39:18	INFO	MatrixCleaner::clean() 	  0    0.00256155
2026-08-04 20:39:18	INFO	MatrixCleaner::clean() 	  1    0
2026-08-04 20:39:18	INFO	MatrixCleaner::clean() 	  2    0.00131903
2026-08-04 20:39:18	INFO	MatrixCleaner::clean() 	  3    0
2026-08-04 20:39:18	INFO	SDAlgorithmBase::deconvolve 	[ngc4254_12m_hcop:C4] iters=124->152 [28], model=0.00264521->0.00638771, peakres=0.00170976->0.00138076, Reached cyclethreshold.
2026-08-04 20:39:18	INFO	SDAlgorithmBase::deconvolve 	[ngc4254_12m_hcop:C5] iters=152->152 [0], model=0.00243166->0.00243166, peakres=0.00136328->0.00136328, Reached cyclethreshold.
2026-08-04 20:39:18	INFO	MatrixCleaner::validatePsf() 	Peak of PSF = 1 at [512, 576]
2026-08-04 20:39:18	INFO	MatrixCleaner::makePsfScales() 	Calculating convolutions for scale 0
2026-08-04 20:39:18	INFO	MatrixCleaner::makePsfScales() 	Calculating convolutions for scale 1
2026-08-04 20:39:19	INFO	MatrixCleaner::makePsfScales() 	Calculating convolutions for scale 2
2026-08-04 20:39:19	INFO	MatrixCleaner::makePsfScales() 	Calculating convolutions for scale 3
2026-08-04 20:39:19	INFO	MatrixCleaner::makeScaleMasks() 	Calculating mask convolution for scale 0
2026-08-04 20:39:19	INFO	MatrixCleaner::makeScaleMasks() 	Calculating mask convolution for scale 1
2026-08-04 20:39:19	INFO	MatrixCleaner::makeScaleMasks() 	Calculating mask convolution for scale 2
2026-08-04 20:39:19	INFO	MatrixCleaner::makeScaleMasks() 	Calculating mask convolution for scale 3
2026-08-04 20:39:19	INFO	MatrixCleaner::clean() 	scale 1 = 0 pixels with bias = 1
2026-08-04 20:39:19	INFO	MatrixCleaner::clean() 	scale 2 = 4 pixels with bias = 0.82
2026-08-04 20:39:19	INFO	MatrixCleaner::clean() 	scale 3 = 10 pixels with bias = 0.55
2026-08-04 20:39:19	INFO	MatrixCleaner::clean() 	scale 4 = 20 pixels with bias = 0.1
2026-08-04 20:39:19	INFO	MatrixCleaner::clean() 	Cleaning using given mask
2026-08-04 20:39:19	INFO	MatrixCleaner::clean() 	Cleaning pixels with mask values above 0.9
2026-08-04 20:39:19	INFO	MatrixCleaner::clean() 	Starting iteration
2026-08-04 20:39:19	INFO	MatrixCleaner::clean() 	Initial maximum residual is 0.00440424 within the mask 
2026-08-04 20:39:19	INFO	MatrixCleaner::clean() 	iteration    MaximumResidual   CleanedFlux
2026-08-04 20:39:19	INFO	MatrixCleaner::clean() 	20      0.00138553      0.00209042
2026-08-04 20:39:19	INFO	MatrixCleaner::clean() 	Reached stopping threshold 0.00138142 at iteration 22
2026-08-04 20:39:19	INFO	MatrixCleaner::clean() 	Optimum flux is 0.00138086
2026-08-04 20:39:19	INFO	MatrixCleaner::clean() 	  0    0.000986682
2026-08-04 20:39:19	INFO	MatrixCleaner::clean() 	  1    0.000404482
2026-08-04 20:39:19	INFO	MatrixCleaner::clean() 	  2    0.000837727
2026-08-04 20:39:19	INFO	MatrixCleaner::clean() 	  3    0
2026-08-04 20:39:19	INFO	SDAlgorithmBase::deconvolve 	[ngc4254_12m_hcop:C6] iters=152->175 [23], model=0.00188142->0.00424839, peakres=0.00153261->0.00138084, Reached cyclethreshold.
2026-08-04 20:39:19	INFO	SDAlgorithmBase::deconvolve 	[ngc4254_12m_hcop:C7] iters=175->175 [0], model=0.00702097->0.00702097, peakres=0.00136423->0.00136423, Reached cyclethreshold.
2026-08-04 20:39:19	INFO	MatrixCleaner::validatePsf() 	Peak of PSF = 1 at [512, 576]
2026-08-04 20:39:19	INFO	MatrixCleaner::makePsfScales() 	Calculating convolutions for scale 0
2026-08-04 20:39:19	INFO	MatrixCleaner::makePsfScales() 	Calculating convolutions for scale 1
2026-08-04 20:39:20	INFO	MatrixCleaner::makePsfScales() 	Calculating convolutions for scale 2
2026-08-04 20:39:20	INFO	MatrixCleaner::makePsfScales() 	Calculating convolutions for scale 3
2026-08-04 20:39:20	INFO	MatrixCleaner::makeScaleMasks() 	Calculating mask convolution for scale 0
2026-08-04 20:39:20	INFO	MatrixCleaner::makeScaleMasks() 	Calculating mask convolution for scale 1
2026-08-04 20:39:20	INFO	MatrixCleaner::makeScaleMasks() 	Calculating mask convolution for scale 2
2026-08-04 20:39:20	INFO	MatrixCleaner::makeScaleMasks() 	Calculating mask convolution for scale 3
2026-08-04 20:39:20	INFO	MatrixCleaner::clean() 	scale 1 = 0 pixels with bias = 1
2026-08-04 20:39:20	INFO	MatrixCleaner::clean() 	scale 2 = 4 pixels with bias = 0.82
2026-08-04 20:39:20	INFO	MatrixCleaner::clean() 	scale 3 = 10 pixels with bias = 0.55
2026-08-04 20:39:20	INFO	MatrixCleaner::clean() 	scale 4 = 20 pixels with bias = 0.1
2026-08-04 20:39:20	INFO	MatrixCleaner::clean() 	Cleaning using given mask
2026-08-04 20:39:20	INFO	MatrixCleaner::clean() 	Cleaning pixels with mask values above 0.9
2026-08-04 20:39:20	INFO	MatrixCleaner::clean() 	Starting iteration
2026-08-04 20:39:20	INFO	MatrixCleaner::clean() 	Initial maximum residual is 0.00460275 within the mask 
2026-08-04 20:39:20	INFO	MatrixCleaner::clean() 	iteration    MaximumResidual   CleanedFlux
2026-08-04 20:39:20	INFO	MatrixCleaner::clean() 	20      0.00141822      0.00119389
2026-08-04 20:39:20	INFO	MatrixCleaner::clean() 	Reached stopping threshold 0.00138142 at iteration 30
2026-08-04 20:39:20	INFO	MatrixCleaner::clean() 	Optimum flux is 0.00137795
2026-08-04 20:39:20	INFO	MatrixCleaner::clean() 	  0    0.000176343
2026-08-04 20:39:20	INFO	MatrixCleaner::clean() 	  1    0
2026-08-04 20:39:20	INFO	MatrixCleaner::clean() 	  2    0.000857557
2026-08-04 20:39:20	INFO	MatrixCleaner::clean() 	  3    0
2026-08-04 20:39:20	INFO	SDAlgorithmBase::deconvolve 	[ngc4254_12m_hcop:C8] iters=175->206 [31], model=0.00316583->0.00433752, peakres=0.00159616->0.00137795, Reached cyclethreshold.
2026-08-04 20:39:20	INFO	SDAlgorithmBase::deconvolve 	[ngc4254_12m_hcop:C9] iters=206->206 [0], model=0.00789623->0.00789623, peakres=0.00136687->0.00136687, Reached cyclethreshold.
2026-08-04 20:39:20	INFO	SDAlgorithmBase::deconvolve 	[ngc4254_12m_hcop] Total model flux (over all planes) : 0.056395     Peak Residual (over all planes) : 0.00138084 in C6:P0
2026-08-04 20:39:21	INFO	SynthesisDeconvolver::setupDeconvolution 	Set Deconvolution Options for [ngc4254_12m_hcop] : multiscale
2026-08-04 20:39:22	INFO	SynthesisDeconvolver::initMinorCycle 	 Absolute Peak residual within mask : 0.00177103, over full image : 0.00177103
2026-08-04 20:39:22	INFO	CubeMinorCycleAlgorithm::task 	Processing channels in range [40, 49]
2026-08-04 20:39:22	INFO	SDAlgorithmBase::deconvolve 	[ngc4254_12m_hcop] Run multiscale minor-cycle on 10 chans | CycleThreshold=0.00138142, CycleNiter=200, Gain=0.1
2026-08-04 20:39:22	INFO	MatrixCleaner::validatePsf() 	Peak of PSF = 1 at [512, 576]
2026-08-04 20:39:22	INFO	MatrixCleaner::makePsfScales() 	Calculating convolutions for scale 0
2026-08-04 20:39:22	INFO	MatrixCleaner::makePsfScales() 	Calculating convolutions for scale 1
2026-08-04 20:39:22	INFO	MatrixCleaner::makePsfScales() 	Calculating convolutions for scale 2
2026-08-04 20:39:22	INFO	MatrixCleaner::makePsfScales() 	Calculating convolutions for scale 3
2026-08-04 20:39:22	INFO	MatrixCleaner::makeScaleMasks() 	Calculating mask convolution for scale 0
2026-08-04 20:39:22	INFO	MatrixCleaner::makeScaleMasks() 	Calculating mask convolution for scale 1
2026-08-04 20:39:22	INFO	MatrixCleaner::makeScaleMasks() 	Calculating mask convolution for scale 2
2026-08-04 20:39:22	INFO	MatrixCleaner::makeScaleMasks() 	Calculating mask convolution for scale 3
2026-08-04 20:39:23	INFO	MatrixCleaner::clean() 	scale 1 = 0 pixels with bias = 1
2026-08-04 20:39:23	INFO	MatrixCleaner::clean() 	scale 2 = 4 pixels with bias = 0.82
2026-08-04 20:39:23	INFO	MatrixCleaner::clean() 	scale 3 = 10 pixels with bias = 0.55
2026-08-04 20:39:23	INFO	MatrixCleaner::clean() 	scale 4 = 20 pixels with bias = 0.1
2026-08-04 20:39:23	INFO	MatrixCleaner::clean() 	Cleaning using given mask
2026-08-04 20:39:23	INFO	MatrixCleaner::clean() 	Cleaning pixels with mask values above 0.9
2026-08-04 20:39:23	INFO	MatrixCleaner::clean() 	Starting iteration
2026-08-04 20:39:23	INFO	MatrixCleaner::clean() 	Initial maximum residual is 0.00461143 within the mask 
2026-08-04 20:39:23	INFO	MatrixCleaner::clean() 	iteration    MaximumResidual   CleanedFlux
2026-08-04 20:39:23	INFO	MatrixCleaner::clean() 	20      0.00145389      0.00283172
2026-08-04 20:39:23	INFO	MatrixCleaner::clean() 	Reached stopping threshold 0.00138142 at iteration 30
2026-08-04 20:39:23	INFO	MatrixCleaner::clean() 	Optimum flux is 0.00137945
2026-08-04 20:39:23	INFO	MatrixCleaner::clean() 	  0    0.00267703
2026-08-04 20:39:23	INFO	MatrixCleaner::clean() 	  1    0.000595302
2026-08-04 20:39:23	INFO	MatrixCleaner::clean() 	  2    0.000882078
2026-08-04 20:39:23	INFO	MatrixCleaner::clean() 	  3    0
2026-08-04 20:39:23	INFO	SDAlgorithmBase::deconvolve 	[ngc4254_12m_hcop:C0] iters=0->31 [31], model=0.00380855->0.00782501, peakres=0.00162945->0.00137945, Reached cyclethreshold.
2026-08-04 20:39:23	INFO	MatrixCleaner::validatePsf() 	Peak of PSF = 1 at [512, 576]
2026-08-04 20:39:23	INFO	MatrixCleaner::makePsfScales() 	Calculating convolutions for scale 0
2026-08-04 20:39:23	INFO	MatrixCleaner::makePsfScales() 	Calculating convolutions for scale 1
2026-08-04 20:39:23	INFO	MatrixCleaner::makePsfScales() 	Calculating convolutions for scale 2
2026-08-04 20:39:23	INFO	MatrixCleaner::makePsfScales() 	Calculating convolutions for scale 3
2026-08-04 20:39:23	INFO	MatrixCleaner::makeScaleMasks() 	Calculating mask convolution for scale 0
2026-08-04 20:39:23	INFO	MatrixCleaner::makeScaleMasks() 	Calculating mask convolution for scale 1
2026-08-04 20:39:23	INFO	MatrixCleaner::makeScaleMasks() 	Calculating mask convolution for scale 2
2026-08-04 20:39:23	INFO	MatrixCleaner::makeScaleMasks() 	Calculating mask convolution for scale 3
2026-08-04 20:39:24	INFO	MatrixCleaner::clean() 	scale 1 = 0 pixels with bias = 1
2026-08-04 20:39:24	INFO	MatrixCleaner::clean() 	scale 2 = 4 pixels with bias = 0.82
2026-08-04 20:39:24	INFO	MatrixCleaner::clean() 	scale 3 = 10 pixels with bias = 0.55
2026-08-04 20:39:24	INFO	MatrixCleaner::clean() 	scale 4 = 20 pixels with bias = 0.1
2026-08-04 20:39:24	INFO	MatrixCleaner::clean() 	Cleaning using given mask
2026-08-04 20:39:24	INFO	MatrixCleaner::clean() 	Cleaning pixels with mask values above 0.9
2026-08-04 20:39:24	INFO	MatrixCleaner::clean() 	Starting iteration
2026-08-04 20:39:24	INFO	MatrixCleaner::clean() 	Initial maximum residual is 0.0051628 within the mask 
2026-08-04 20:39:24	INFO	MatrixCleaner::clean() 	iteration    MaximumResidual   CleanedFlux
2026-08-04 20:39:24	INFO	MatrixCleaner::clean() 	20      0.00145006      0.00285967
2026-08-04 20:39:24	INFO	MatrixCleaner::clean() 	Reached stopping threshold 0.00138142 at iteration 29
2026-08-04 20:39:24	INFO	MatrixCleaner::clean() 	Optimum flux is 0.00137546
2026-08-04 20:39:24	INFO	MatrixCleaner::clean() 	  0    0.000839407
2026-08-04 20:39:24	INFO	MatrixCleaner::clean() 	  1    0.000199394
2026-08-04 20:39:24	INFO	MatrixCleaner::clean() 	  2    0.00182536
2026-08-04 20:39:24	INFO	MatrixCleaner::clean() 	  3    0
2026-08-04 20:39:24	INFO	SDAlgorithmBase::deconvolve 	[ngc4254_12m_hcop:C1] iters=31->61 [30], model=0.00205761->0.00505932, peakres=0.00177103->0.00137545, Reached cyclethreshold.
2026-08-04 20:39:24	INFO	SDAlgorithmBase::deconvolve 	[ngc4254_12m_hcop:C2] iters=61->61 [0], model=0.0043314->0.0043314, peakres=0.00137891->0.00137891, Reached cyclethreshold.
2026-08-04 20:39:24	INFO	MatrixCleaner::validatePsf() 	Peak of PSF = 1 at [512, 576]
2026-08-04 20:39:24	INFO	MatrixCleaner::makePsfScales() 	Calculating convolutions for scale 0
2026-08-04 20:39:24	INFO	MatrixCleaner::makePsfScales() 	Calculating convolutions for scale 1
2026-08-04 20:39:24	INFO	MatrixCleaner::makePsfScales() 	Calculating convolutions for scale 2
2026-08-04 20:39:24	INFO	MatrixCleaner::makePsfScales() 	Calculating convolutions for scale 3
2026-08-04 20:39:24	INFO	MatrixCleaner::makeScaleMasks() 	Calculating mask convolution for scale 0
2026-08-04 20:39:24	INFO	MatrixCleaner::makeScaleMasks() 	Calculating mask convolution for scale 1
2026-08-04 20:39:24	INFO	MatrixCleaner::makeScaleMasks() 	Calculating mask convolution for scale 2
2026-08-04 20:39:24	INFO	MatrixCleaner::makeScaleMasks() 	Calculating mask convolution for scale 3
2026-08-04 20:39:25	INFO	MatrixCleaner::clean() 	scale 1 = 0 pixels with bias = 1
2026-08-04 20:39:25	INFO	MatrixCleaner::clean() 	scale 2 = 4 pixels with bias = 0.82
2026-08-04 20:39:25	INFO	MatrixCleaner::clean() 	scale 3 = 10 pixels with bias = 0.55
2026-08-04 20:39:25	INFO	MatrixCleaner::clean() 	scale 4 = 20 pixels with bias = 0.1
2026-08-04 20:39:25	INFO	MatrixCleaner::clean() 	Cleaning using given mask
2026-08-04 20:39:25	INFO	MatrixCleaner::clean() 	Cleaning pixels with mask values above 0.9
2026-08-04 20:39:25	INFO	MatrixCleaner::clean() 	Starting iteration
2026-08-04 20:39:25	INFO	MatrixCleaner::clean() 	Initial maximum residual is 0.00503048 within the mask 
2026-08-04 20:39:25	INFO	MatrixCleaner::clean() 	iteration    MaximumResidual   CleanedFlux
2026-08-04 20:39:25	INFO	MatrixCleaner::clean() 	20      0.00141667      0.00269589
2026-08-04 20:39:25	INFO	MatrixCleaner::clean() 	Reached stopping threshold 0.00138142 at iteration 28
2026-08-04 20:39:25	INFO	MatrixCleaner::clean() 	Optimum flux is 0.00138136
2026-08-04 20:39:25	INFO	MatrixCleaner::clean() 	  0    0.00180262
2026-08-04 20:39:25	INFO	MatrixCleaner::clean() 	  1    0.000651253
2026-08-04 20:39:25	INFO	MatrixCleaner::clean() 	  2    0.000938007
2026-08-04 20:39:25	INFO	MatrixCleaner::clean() 	  3    0
2026-08-04 20:39:25	INFO	SDAlgorithmBase::deconvolve 	[ngc4254_12m_hcop:C3] iters=61->90 [29], model=0.000963392->0.00421714, peakres=0.00172726->0.00138136, Reached cyclethreshold.
2026-08-04 20:39:25	INFO	SDAlgorithmBase::deconvolve 	[ngc4254_12m_hcop:C4] iters=90->90 [0], model=-0.000679852->-0.000679852, peakres=0.00136804->0.00136804, Reached cyclethreshold.
2026-08-04 20:39:25	INFO	MatrixCleaner::validatePsf() 	Peak of PSF = 1 at [512, 576]
2026-08-04 20:39:25	INFO	MatrixCleaner::makePsfScales() 	Calculating convolutions for scale 0
2026-08-04 20:39:25	INFO	MatrixCleaner::makePsfScales() 	Calculating convolutions for scale 1
2026-08-04 20:39:25	INFO	MatrixCleaner::makePsfScales() 	Calculating convolutions for scale 2
2026-08-04 20:39:25	INFO	MatrixCleaner::makePsfScales() 	Calculating convolutions for scale 3
2026-08-04 20:39:25	INFO	MatrixCleaner::makeScaleMasks() 	Calculating mask convolution for scale 0
2026-08-04 20:39:25	INFO	MatrixCleaner::makeScaleMasks() 	Calculating mask convolution for scale 1
2026-08-04 20:39:25	INFO	MatrixCleaner::makeScaleMasks() 	Calculating mask convolution for scale 2
2026-08-04 20:39:26	INFO	MatrixCleaner::makeScaleMasks() 	Calculating mask convolution for scale 3
2026-08-04 20:39:26	INFO	MatrixCleaner::clean() 	scale 1 = 0 pixels with bias = 1
2026-08-04 20:39:26	INFO	MatrixCleaner::clean() 	scale 2 = 4 pixels with bias = 0.82
2026-08-04 20:39:26	INFO	MatrixCleaner::clean() 	scale 3 = 10 pixels with bias = 0.55
2026-08-04 20:39:26	INFO	MatrixCleaner::clean() 	scale 4 = 20 pixels with bias = 0.1
2026-08-04 20:39:26	INFO	MatrixCleaner::clean() 	Cleaning using given mask
2026-08-04 20:39:26	INFO	MatrixCleaner::clean() 	Cleaning pixels with mask values above 0.9
2026-08-04 20:39:26	INFO	MatrixCleaner::clean() 	Starting iteration
2026-08-04 20:39:26	INFO	MatrixCleaner::clean() 	Initial maximum residual is 0.00138185 within the mask 
2026-08-04 20:39:26	INFO	MatrixCleaner::clean() 	iteration    MaximumResidual   CleanedFlux
2026-08-04 20:39:26	INFO	MatrixCleaner::clean() 	Reached stopping threshold 0.00138142 at iteration 1
2026-08-04 20:39:26	INFO	MatrixCleaner::clean() 	Optimum flux is 0.00137816
2026-08-04 20:39:26	INFO	MatrixCleaner::clean() 	  0    -0.000276001
2026-08-04 20:39:26	INFO	MatrixCleaner::clean() 	  1    0
2026-08-04 20:39:26	INFO	MatrixCleaner::clean() 	  2    0
2026-08-04 20:39:26	INFO	MatrixCleaner::clean() 	  3    0
2026-08-04 20:39:26	INFO	SDAlgorithmBase::deconvolve 	[ngc4254_12m_hcop:C5] iters=90->92 [2], model=-0.000735917->-0.000874102, peakres=0.00138185->0.00137816, Reached cyclethreshold.
2026-08-04 20:39:26	INFO	SDAlgorithmBase::deconvolve 	[ngc4254_12m_hcop:C6] iters=92->92 [0], model=2.88869e-05->2.88869e-05, peakres=0.00137738->0.00137738, Reached cyclethreshold.
2026-08-04 20:39:26	INFO	SDAlgorithmBase::deconvolve 	[ngc4254_12m_hcop:C7] iters=92->92 [0], model=-0.000455253->-0.000455253, peakres=0.00137374->0.00137374, Reached cyclethreshold.
2026-08-04 20:39:26	INFO	SDAlgorithmBase::deconvolve 	[ngc4254_12m_hcop:C8] iters=92->92 [0], model=-0.00057913->-0.00057913, peakres=0.00137437->0.00137437, Reached cyclethreshold.
2026-08-04 20:39:26	INFO	SDAlgorithmBase::deconvolve 	[ngc4254_12m_hcop:C9] iters=92->92 [0], model=-0.00035653->-0.00035653, peakres=0.00136452->0.00136452, Reached cyclethreshold.
2026-08-04 20:39:26	INFO	SDAlgorithmBase::deconvolve 	[ngc4254_12m_hcop] Total model flux (over all planes) : 0.0185169     Peak Residual (over all planes) : 0.00138136 in C3:P0
2026-08-04 20:39:27	INFO	SynthesisDeconvolver::setupDeconvolution 	Set Deconvolution Options for [ngc4254_12m_hcop] : multiscale
2026-08-04 20:39:27	INFO	SynthesisDeconvolver::initMinorCycle 	 Absolute Peak residual within mask : 0.00138354, over full image : 0.00138354
2026-08-04 20:39:27	INFO	CubeMinorCycleAlgorithm::task 	Processing channels in range [50, 59]
2026-08-04 20:39:27	INFO	SDAlgorithmBase::deconvolve 	[ngc4254_12m_hcop] Run multiscale minor-cycle on 10 chans | CycleThreshold=0.00138142, CycleNiter=200, Gain=0.1
2026-08-04 20:39:27	INFO	SDAlgorithmBase::deconvolve 	[ngc4254_12m_hcop:C0] iters=0->0 [0], model=0.000625937->0.000625937, peakres=0.00137943->0.00137943, Reached cyclethreshold.
2026-08-04 20:39:27	INFO	SDAlgorithmBase::deconvolve 	[ngc4254_12m_hcop:C1] iters=0->0 [0], model=-0.000130889->-0.000130889, peakres=0.00137712->0.00137712, Reached cyclethreshold.
2026-08-04 20:39:28	INFO	SDAlgorithmBase::deconvolve 	[ngc4254_12m_hcop:C2] iters=0->0 [0], model=0.000476151->0.000476151, peakres=0.00138123->0.00138123, Reached cyclethreshold.
2026-08-04 20:39:28	INFO	MatrixCleaner::validatePsf() 	Peak of PSF = 1 at [512, 576]
2026-08-04 20:39:28	INFO	MatrixCleaner::makePsfScales() 	Calculating convolutions for scale 0
2026-08-04 20:39:28	INFO	MatrixCleaner::makePsfScales() 	Calculating convolutions for scale 1
2026-08-04 20:39:28	INFO	MatrixCleaner::makePsfScales() 	Calculating convolutions for scale 2
2026-08-04 20:39:28	INFO	MatrixCleaner::makePsfScales() 	Calculating convolutions for scale 3
2026-08-04 20:39:28	INFO	MatrixCleaner::makeScaleMasks() 	Calculating mask convolution for scale 0
2026-08-04 20:39:28	INFO	MatrixCleaner::makeScaleMasks() 	Calculating mask convolution for scale 1
2026-08-04 20:39:28	INFO	MatrixCleaner::makeScaleMasks() 	Calculating mask convolution for scale 2
2026-08-04 20:39:28	INFO	MatrixCleaner::makeScaleMasks() 	Calculating mask convolution for scale 3
2026-08-04 20:39:28	INFO	MatrixCleaner::clean() 	scale 1 = 0 pixels with bias = 1
2026-08-04 20:39:28	INFO	MatrixCleaner::clean() 	scale 2 = 4 pixels with bias = 0.82
2026-08-04 20:39:28	INFO	MatrixCleaner::clean() 	scale 3 = 10 pixels with bias = 0.55
2026-08-04 20:39:28	INFO	MatrixCleaner::clean() 	scale 4 = 20 pixels with bias = 0.1
2026-08-04 20:39:28	INFO	MatrixCleaner::clean() 	Cleaning using given mask
2026-08-04 20:39:28	INFO	MatrixCleaner::clean() 	Cleaning pixels with mask values above 0.9
2026-08-04 20:39:28	INFO	MatrixCleaner::clean() 	Starting iteration
2026-08-04 20:39:28	INFO	MatrixCleaner::clean() 	Initial maximum residual is 0.00138195 within the mask 
2026-08-04 20:39:28	INFO	MatrixCleaner::clean() 	iteration    MaximumResidual   CleanedFlux
2026-08-04 20:39:28	INFO	MatrixCleaner::clean() 	Reached stopping threshold 0.00138142 at iteration 2
2026-08-04 20:39:28	INFO	MatrixCleaner::clean() 	Optimum flux is 0.00137649
2026-08-04 20:39:28	INFO	MatrixCleaner::clean() 	  0    0.000137642
2026-08-04 20:39:28	INFO	MatrixCleaner::clean() 	  1    0
2026-08-04 20:39:28	INFO	MatrixCleaner::clean() 	  2    0
2026-08-04 20:39:28	INFO	MatrixCleaner::clean() 	  3    0
2026-08-04 20:39:28	INFO	SDAlgorithmBase::deconvolve 	[ngc4254_12m_hcop:C3] iters=0->3 [3], model=-0.00102947->-0.00102948, peakres=0.00138195->0.00137649, Reached cyclethreshold.
2026-08-04 20:39:28	INFO	MatrixCleaner::validatePsf() 	Peak of PSF = 1 at [512, 576]
2026-08-04 20:39:28	INFO	MatrixCleaner::makePsfScales() 	Calculating convolutions for scale 0
2026-08-04 20:39:28	INFO	MatrixCleaner::makePsfScales() 	Calculating convolutions for scale 1
2026-08-04 20:39:29	INFO	MatrixCleaner::makePsfScales() 	Calculating convolutions for scale 2
2026-08-04 20:39:29	INFO	MatrixCleaner::makePsfScales() 	Calculating convolutions for scale 3
2026-08-04 20:39:29	INFO	MatrixCleaner::makeScaleMasks() 	Calculating mask convolution for scale 0
2026-08-04 20:39:29	INFO	MatrixCleaner::makeScaleMasks() 	Calculating mask convolution for scale 1
2026-08-04 20:39:29	INFO	MatrixCleaner::makeScaleMasks() 	Calculating mask convolution for scale 2
2026-08-04 20:39:29	INFO	MatrixCleaner::makeScaleMasks() 	Calculating mask convolution for scale 3
2026-08-04 20:39:29	INFO	MatrixCleaner::clean() 	scale 1 = 0 pixels with bias = 1
2026-08-04 20:39:29	INFO	MatrixCleaner::clean() 	scale 2 = 4 pixels with bias = 0.82
2026-08-04 20:39:29	INFO	MatrixCleaner::clean() 	scale 3 = 10 pixels with bias = 0.55
2026-08-04 20:39:29	INFO	MatrixCleaner::clean() 	scale 4 = 20 pixels with bias = 0.1
2026-08-04 20:39:29	INFO	MatrixCleaner::clean() 	Cleaning using given mask
2026-08-04 20:39:29	INFO	MatrixCleaner::clean() 	Cleaning pixels with mask values above 0.9
2026-08-04 20:39:29	INFO	MatrixCleaner::clean() 	Starting iteration
2026-08-04 20:39:29	INFO	MatrixCleaner::clean() 	Initial maximum residual is 0.00138354 within the mask 
2026-08-04 20:39:29	INFO	MatrixCleaner::clean() 	iteration    MaximumResidual   CleanedFlux
2026-08-04 20:39:29	INFO	MatrixCleaner::clean() 	Reached stopping threshold 0.00138142 at iteration 1
2026-08-04 20:39:29	INFO	MatrixCleaner::clean() 	Optimum flux is 0.00136812
2026-08-04 20:39:29	INFO	MatrixCleaner::clean() 	  0    -0.000275167
2026-08-04 20:39:29	INFO	MatrixCleaner::clean() 	  1    0
2026-08-04 20:39:29	INFO	MatrixCleaner::clean() 	  2    0
2026-08-04 20:39:29	INFO	MatrixCleaner::clean() 	  3    0
2026-08-04 20:39:29	INFO	SDAlgorithmBase::deconvolve 	[ngc4254_12m_hcop:C4] iters=3->5 [2], model=0.000708446->0.000570091, peakres=0.00138354->0.00136812, Reached cyclethreshold.
2026-08-04 20:39:29	INFO	MatrixCleaner::validatePsf() 	Peak of PSF = 1 at [512, 576]
2026-08-04 20:39:29	INFO	MatrixCleaner::makePsfScales() 	Calculating convolutions for scale 0
2026-08-04 20:39:29	INFO	MatrixCleaner::makePsfScales() 	Calculating convolutions for scale 1
2026-08-04 20:39:29	INFO	MatrixCleaner::makePsfScales() 	Calculating convolutions for scale 2
2026-08-04 20:39:29	INFO	MatrixCleaner::makePsfScales() 	Calculating convolutions for scale 3
2026-08-04 20:39:29	INFO	MatrixCleaner::makeScaleMasks() 	Calculating mask convolution for scale 0
2026-08-04 20:39:29	INFO	MatrixCleaner::makeScaleMasks() 	Calculating mask convolution for scale 1
2026-08-04 20:39:29	INFO	MatrixCleaner::makeScaleMasks() 	Calculating mask convolution for scale 2
2026-08-04 20:39:29	INFO	MatrixCleaner::makeScaleMasks() 	Calculating mask convolution for scale 3
2026-08-04 20:39:29	INFO	MatrixCleaner::clean() 	scale 1 = 0 pixels with bias = 1
2026-08-04 20:39:29	INFO	MatrixCleaner::clean() 	scale 2 = 4 pixels with bias = 0.82
2026-08-04 20:39:29	INFO	MatrixCleaner::clean() 	scale 3 = 10 pixels with bias = 0.55
2026-08-04 20:39:29	INFO	MatrixCleaner::clean() 	scale 4 = 20 pixels with bias = 0.1
2026-08-04 20:39:29	INFO	MatrixCleaner::clean() 	Cleaning using given mask
2026-08-04 20:39:29	INFO	MatrixCleaner::clean() 	Cleaning pixels with mask values above 0.9
2026-08-04 20:39:29	INFO	MatrixCleaner::clean() 	Starting iteration
2026-08-04 20:39:29	INFO	MatrixCleaner::clean() 	Initial maximum residual is 0.00138244 within the mask 
2026-08-04 20:39:29	INFO	MatrixCleaner::clean() 	iteration    MaximumResidual   CleanedFlux
2026-08-04 20:39:29	INFO	MatrixCleaner::clean() 	Reached stopping threshold 0.00138142 at iteration 1
2026-08-04 20:39:29	INFO	MatrixCleaner::clean() 	Optimum flux is 0.00137937
2026-08-04 20:39:29	INFO	MatrixCleaner::clean() 	  0    3.07584e-07
2026-08-04 20:39:29	INFO	MatrixCleaner::clean() 	  1    0
2026-08-04 20:39:29	INFO	MatrixCleaner::clean() 	  2    0
2026-08-04 20:39:29	INFO	MatrixCleaner::clean() 	  3    0
2026-08-04 20:39:29	INFO	SDAlgorithmBase::deconvolve 	[ngc4254_12m_hcop:C5] iters=5->7 [2], model=0.000877847->0.00101609, peakres=0.00138244->0.00137937, Reached cyclethreshold.
2026-08-04 20:39:29	INFO	SDAlgorithmBase::deconvolve 	[ngc4254_12m_hcop:C6] iters=7->7 [0], model=0.000310968->0.000310968, peakres=0.00137413->0.00137413, Reached cyclethreshold.
2026-08-04 20:39:29	INFO	SDAlgorithmBase::deconvolve 	[ngc4254_12m_hcop:C7] iters=7->7 [0], model=-0.000460279->-0.000460279, peakres=0.00138109->0.00138109, Reached cyclethreshold.
2026-08-04 20:39:29	INFO	SDAlgorithmBase::deconvolve 	[ngc4254_12m_hcop:C8] iters=7->7 [0], model=0.00054741->0.00054741, peakres=0.00138017->0.00138017, Reached cyclethreshold.
2026-08-04 20:39:29	INFO	SDAlgorithmBase::deconvolve 	[ngc4254_12m_hcop:C9] iters=7->7 [0], model=0.000171693->0.000171693, peakres=0.00138037->0.00138037, Reached cyclethreshold.
2026-08-04 20:39:29	INFO	SDAlgorithmBase::deconvolve 	[ngc4254_12m_hcop] Total model flux (over all planes) : 0.00209769     Peak Residual (over all planes) : 0.00138123 in C2:P0
2026-08-04 20:39:30	INFO	SynthesisDeconvolver::setupDeconvolution 	Set Deconvolution Options for [ngc4254_12m_hcop] : multiscale
2026-08-04 20:39:31	INFO	SynthesisDeconvolver::initMinorCycle 	 Absolute Peak residual within mask : 0.00138228, over full image : 0.00138228
2026-08-04 20:39:31	INFO	CubeMinorCycleAlgorithm::task 	Processing channels in range [60, 69]
2026-08-04 20:39:31	INFO	SDAlgorithmBase::deconvolve 	[ngc4254_12m_hcop] Run multiscale minor-cycle on 10 chans | CycleThreshold=0.00138142, CycleNiter=200, Gain=0.1
2026-08-04 20:39:31	INFO	SDAlgorithmBase::deconvolve 	[ngc4254_12m_hcop:C0] iters=0->0 [0], model=-0.000396992->-0.000396992, peakres=0.00137326->0.00137326, Reached cyclethreshold.
2026-08-04 20:39:31	INFO	SDAlgorithmBase::deconvolve 	[ngc4254_12m_hcop:C1] iters=0->0 [0], model=-0.000867249->-0.000867249, peakres=0.00137243->0.00137243, Reached cyclethreshold.
2026-08-04 20:39:31	INFO	SDAlgorithmBase::deconvolve 	[ngc4254_12m_hcop:C2] iters=0->0 [0], model=0.000255483->0.000255483, peakres=0.00137918->0.00137918, Reached cyclethreshold.
2026-08-04 20:39:31	INFO	SDAlgorithmBase::deconvolve 	[ngc4254_12m_hcop:C3] iters=0->0 [0], model=-0.000471217->-0.000471217, peakres=0.00138134->0.00138134, Reached cyclethreshold.
2026-08-04 20:39:31	INFO	SDAlgorithmBase::deconvolve 	[ngc4254_12m_hcop:C4] iters=0->0 [0], model=-2.19934e-05->-2.19934e-05, peakres=0.00137855->0.00137855, Reached cyclethreshold.
2026-08-04 20:39:31	INFO	SDAlgorithmBase::deconvolve 	[ngc4254_12m_hcop:C5] iters=0->0 [0], model=0.000909703->0.000909703, peakres=0.00136721->0.00136721, Reached cyclethreshold.
2026-08-04 20:39:31	INFO	MatrixCleaner::validatePsf() 	Peak of PSF = 1 at [512, 576]
2026-08-04 20:39:31	INFO	MatrixCleaner::makePsfScales() 	Calculating convolutions for scale 0
2026-08-04 20:39:31	INFO	MatrixCleaner::makePsfScales() 	Calculating convolutions for scale 1
2026-08-04 20:39:31	INFO	MatrixCleaner::makePsfScales() 	Calculating convolutions for scale 2
2026-08-04 20:39:31	INFO	MatrixCleaner::makePsfScales() 	Calculating convolutions for scale 3
2026-08-04 20:39:32	INFO	MatrixCleaner::makeScaleMasks() 	Calculating mask convolution for scale 0
2026-08-04 20:39:32	INFO	MatrixCleaner::makeScaleMasks() 	Calculating mask convolution for scale 1
2026-08-04 20:39:32	INFO	MatrixCleaner::makeScaleMasks() 	Calculating mask convolution for scale 2
2026-08-04 20:39:32	INFO	MatrixCleaner::makeScaleMasks() 	Calculating mask convolution for scale 3
2026-08-04 20:39:32	INFO	MatrixCleaner::clean() 	scale 1 = 0 pixels with bias = 1
2026-08-04 20:39:32	INFO	MatrixCleaner::clean() 	scale 2 = 4 pixels with bias = 0.82
2026-08-04 20:39:32	INFO	MatrixCleaner::clean() 	scale 3 = 10 pixels with bias = 0.55
2026-08-04 20:39:32	INFO	MatrixCleaner::clean() 	scale 4 = 20 pixels with bias = 0.1
2026-08-04 20:39:32	INFO	MatrixCleaner::clean() 	Cleaning using given mask
2026-08-04 20:39:32	INFO	MatrixCleaner::clean() 	Cleaning pixels with mask values above 0.9
2026-08-04 20:39:32	INFO	MatrixCleaner::clean() 	Starting iteration
2026-08-04 20:39:32	INFO	MatrixCleaner::clean() 	Initial maximum residual is 0.00138228 within the mask 
2026-08-04 20:39:32	INFO	MatrixCleaner::clean() 	iteration    MaximumResidual   CleanedFlux
2026-08-04 20:39:32	INFO	MatrixCleaner::clean() 	Reached stopping threshold 0.00138142 at iteration 1
2026-08-04 20:39:32	INFO	MatrixCleaner::clean() 	Optimum flux is 0.00137484
2026-08-04 20:39:32	INFO	MatrixCleaner::clean() 	  0    7.44447e-07
2026-08-04 20:39:32	INFO	MatrixCleaner::clean() 	  1    0
2026-08-04 20:39:32	INFO	MatrixCleaner::clean() 	  2    0
2026-08-04 20:39:32	INFO	MatrixCleaner::clean() 	  3    0
2026-08-04 20:39:32	INFO	SDAlgorithmBase::deconvolve 	[ngc4254_12m_hcop:C6] iters=0->2 [2], model=-0.000442713->-0.000304485, peakres=0.00138228->0.00137484, Reached cyclethreshold.
2026-08-04 20:39:32	INFO	SDAlgorithmBase::deconvolve 	[ngc4254_12m_hcop:C7] iters=2->2 [0], model=0.00056975->0.00056975, peakres=0.00138002->0.00138002, Reached cyclethreshold.
2026-08-04 20:39:32	INFO	SDAlgorithmBase::deconvolve 	[ngc4254_12m_hcop:C8] iters=2->2 [0], model=0.00126673->0.00126673, peakres=0.00137656->0.00137656, Reached cyclethreshold.
2026-08-04 20:39:32	INFO	SDAlgorithmBase::deconvolve 	[ngc4254_12m_hcop:C9] iters=2->2 [0], model=-0.00014807->-0.00014807, peakres=0.00137279->0.00137279, Reached cyclethreshold.
2026-08-04 20:39:32	INFO	SDAlgorithmBase::deconvolve 	[ngc4254_12m_hcop] Total model flux (over all planes) : 0.000791665     Peak Residual (over all planes) : 0.00138134 in C3:P0
2026-08-04 20:39:32	INFO	SynthesisDeconvolver::setupDeconvolution 	Set Deconvolution Options for [ngc4254_12m_hcop] : multiscale
2026-08-04 20:39:33	INFO	SynthesisDeconvolver::initMinorCycle 	 Absolute Peak residual within mask : 0.001378, over full image : 0.001378
2026-08-04 20:39:33	INFO	CubeMinorCycleAlgorithm::task 	Processing channels in range [70, 70]
2026-08-04 20:39:33	INFO	SDAlgorithmBase::deconvolve 	[ngc4254_12m_hcop] Run multiscale minor-cycle | CycleThreshold=0.00138142, CycleNiter=200, Gain=0.1
2026-08-04 20:39:33	INFO	SDAlgorithmBase::deconvolve 	[ngc4254_12m_hcop] iters=0->0 [0], model=-0.000138368->-0.000138368, peakres=0.001378->0.001378, Reached cyclethreshold.
2026-08-04 20:39:33	INFO	grpcInteractiveCleanManager::mergeCycleExecutionRecord 	Completed 388 iterations.
2026-08-04 20:39:33	INFO	task_tclean::SynthesisImager::executeMajorCycle 	----------------------------------------------------------- Run Major Cycle 1 -------------------------------------
2026-08-04 20:39:33	INFO	task_tclean::SynthesisImagerVi2::nSubCubeFitInMemory	Required memory: 10.47 GB. Available mem.: 251 GB (rc, mem. fraction: 80%, memory: -) => Subcubes: 1. Processes on node: 1.
2026-08-04 20:39:33	INFO	task_tclean::SynthesisImagerVi2::selectData 	MS : ngc4254_12m_hcop.ms | [Opened in readonly mode]
2026-08-04 20:39:33	INFO	task_tclean::SynthesisImagerVi2::selectData 	  NRows selected : 5338975
2026-08-04 20:39:40	INFO	task_tclean::SynthesisImager::getVPRecord 	Using default Voltage Patterns from the VPManager
2026-08-04 20:39:40	INFO	task_tclean::VPSkyJones::VPSkyJones	PB used ALMA
2026-08-04 20:39:40	INFO	task_tclean::SynthesisImagerVi2::weight() 	Set imaging weights : Briggs weighting: sidelobes will be suppressed over full image
2026-08-04 20:39:40	INFO	task_tclean::SynthesisImagerVi2::weight() 	Doing spectral cube Briggs weighting formula --  norm
2026-08-04 20:39:40	INFO	task_tclean::SynthesisImager::tuneSelectData 	Tuning frequency data selection to match image spectral coordinates
2026-08-04 20:39:41	INFO	task_tclean::SynthesisImagerVi2::selectData 	MS : ngc4254_12m_hcop.ms | [Opened in readonly mode]
2026-08-04 20:39:41	INFO	task_tclean::SynthesisImagerVi2::selectData 	  NRows selected : 5338975
2026-08-04 20:39:43	INFO	task_tclean::SynthesisImager::executeMajorCycle 	----------------------------------------------------------- Run Major Cycle 1 -------------------------------------
2026-08-04 20:39:45	INFO	task_tclean::HetArrConvFunc::findAntennaSizes	Overriding PB with Airy of diam,blockage=10.7 m,0.75 m starting with antenna 0
2026-08-04 20:39:45	INFO	task_tclean::HetArrConvFunc::findConvFunction 	convolution function support: [7]ELKEY 0_0_71 actualConvInd 0 pointer 1
2026-08-04 21:05:57	INFO	task_tclean::SynthesisDeconvolver::initMinorCycle 	 Absolute Peak residual within mask : 0.00138526, over full image : 0.00138526
2026-08-04 21:05:57	INFO	tclean::::casa	Reached global stopping criterion : threshold
2026-08-04 21:05:57	INFO	tclean::::casa	getSummary call: fullsummary=True
2026-08-04 21:05:57	INFO	SDAlgorithmBase::restore 	[ngc4254_12m_hcop] : Restoring model image.
2026-08-04 21:05:57	INFO	SIImageStore::restore 	Getting common beam
2026-08-04 21:05:57	INFO	SIImageStore::restore 	Common Beam : 1.48726 arcsec, 1.17666 arcsec, -49.408 deg
2026-08-04 21:06:06	INFO	tclean::::casa	Searching for images with prefix 'ngc4254_12m_hcop'... Found these, writing history into them: ['ngc4254_12m_hcop.residual', 'ngc4254_12m_hcop.pb', 'ngc4254_12m_hcop.psf', 'ngc4254_12m_hcop.weight', 'ngc4254_12m_hcop.sumwt', 'ngc4254_12m_hcop.mask', 'ngc4254_12m_hcop.image', 'ngc4254_12m_hcop.model']
2026-08-04 21:06:06	INFO	tclean::::casa	Task tclean complete. Start time: 2026-08-04 20:38:50.099802 End time: 2026-08-04 21:06:06.058768
2026-08-04 21:06:06	INFO	tclean::::casa	##### End Task: tclean               #####
2026-08-04 21:06:06	INFO	tclean::::casa	##########################################
2026-08-04 21:06:06	INFO	imstat::::casa	##########################################
2026-08-04 21:06:06	INFO	imstat::::casa	##### Begin Task: imstat             #####
2026-08-04 21:06:06	INFO	imstat::::casa	imstat( imagename='ngc4254_12m_hcop.model', axes=[], region='', box='', chans='', stokes='', listit=True, verbose=True, mask='', stretch=False, logfile='', append=True, algorithm='classic', fence=-1.0, center='mean', lside=True, zscore=-1.0, maxiter=-1, clmethod='auto', niter=3 )
2026-08-04 21:06:06	INFO	imstat::CasacRegionManager::fromBCS	No directional region specified. Using full positional plane.
2026-08-04 21:06:06	INFO	imstat::CasacRegionManager::fromBCS	Using all spectral channels.
2026-08-04 21:06:06	INFO	imstat::CasacRegionManager::fromBCS	Using polarizations ALL
2026-08-04 21:06:06	INFO	imstat::image::statistics 	Determining stats for image ngc4254_12m_hcop.model
2026-08-04 21:06:06	INFO	imstat::ImageRegion::fromRecord	Selected bounding box : 
2026-08-04 21:06:06	INFO	imstat::ImageRegion::fromRecord+	    [0, 0, 0, 0] to [1023, 1151, 0, 70]  (12:18:58.409, +14.22.34.990, I, 8.85753e+10Hz to 12:18:40.805, +14.27.22.740, I, 8.83702e+10Hz)
2026-08-04 21:06:06	INFO	imstat::ImageStatsCalculator::_logStartup	Statistics calculated using Classic algorithm
2026-08-04 21:06:06	INFO	imstat::ImageStatsCalculator::_logStartup	Regions --- 
2026-08-04 21:06:06	INFO	imstat::ImageStatsCalculator::_logStartup	         -- bottom-left corner (pixel) [blc]:  [0, 0, 0, 0]
2026-08-04 21:06:06	INFO	imstat::ImageStatsCalculator::_logStartup	         -- top-right corner (pixel) [trc]:    [1023, 1151, 0, 70]
2026-08-04 21:06:06	INFO	imstat::ImageStatsCalculator::_logStartup	         -- bottom-left corner (world) [blcf]: 12:18:58.409, +14.22.34.990, I, 8.85753e+10Hz
2026-08-04 21:06:06	INFO	imstat::ImageStatsCalculator::_logStartup	         -- top-right corner (world) [trcf]:   12:18:40.805, +14.27.22.740, I, 8.83702e+10Hz
2026-08-04 21:06:08	INFO	imstat::::	Values --- 
2026-08-04 21:06:08	INFO	imstat::::	         -- number of points [npts]:                8.3755e+07
2026-08-04 21:06:08	INFO	imstat::::	         -- maximum value [max]:                    0.00121352 Jy/pixel
2026-08-04 21:06:08	INFO	imstat::::	         -- minimum value [min]:                    -0.000495231 Jy/pixel
2026-08-04 21:06:08	INFO	imstat::::	         -- position of max value (pixel) [maxpos]: [568, 502, 0, 25]
2026-08-04 21:06:08	INFO	imstat::::	         -- position of min value (pixel) [minpos]: [359, 581, 0, 60]
2026-08-04 21:06:08	INFO	imstat::::	         -- position of max value (world) [maxposf]: 12:18:48.636, +14.24.40.500, I, 8.85021e+10Hz
2026-08-04 21:06:08	INFO	imstat::::	         -- position of min value (world) [minposf]: 12:18:52.233, +14.25.00.249, I, 8.83995e+10Hz
2026-08-04 21:06:08	INFO	imstat::::	         -- Sum of pixel values [sum]:               0.0994923 Jy/pixel
2026-08-04 21:06:08	INFO	imstat::::	         -- Sum of squared pixel values [sumsq]:     5.17235e-05 Jy/pixel.Jy/pixel
2026-08-04 21:06:08	INFO	imstat::::	Statistics --- 
2026-08-04 21:06:08	INFO	imstat::::	        -- Mean of the pixel values [mean]:         1.1879e-09 Jy/pixel
2026-08-04 21:06:08	INFO	imstat::::	        -- Variance of the pixel values :           6.17556e-13 Jy/pixel
2026-08-04 21:06:08	INFO	imstat::::	        -- Standard deviation of the Mean [sigma]:  7.85847e-07 Jy/pixel
2026-08-04 21:06:08	INFO	imstat::::	        -- Root mean square [rms]:                  7.85848e-07 Jy/pixel
2026-08-04 21:06:08	INFO	imstat::::	        -- Median of the pixel values [median]:     0 Jy/pixel
2026-08-04 21:06:08	INFO	imstat::::	        -- Median of the deviations [medabsdevmed]: 0 Jy/pixel
2026-08-04 21:06:08	INFO	imstat::::	        -- IQR [quartile]:                          0 Jy/pixel
2026-08-04 21:06:08	INFO	imstat::::	        -- First quartile [q1]:                     0 Jy/pixel
2026-08-04 21:06:08	INFO	imstat::::	        -- Third quartile [q3]:                     0 Jy/pixel
2026-08-04 21:06:08	INFO	imstat::ImageStatsCalculator::statistics	Sum column unit = Jy/pixel
2026-08-04 21:06:08	INFO	imstat::ImageStatsCalculator::statistics+	Mean column unit = Jy/pixel
2026-08-04 21:06:08	INFO	imstat::ImageStatsCalculator::statistics+	Std_dev column unit = Jy/pixel
2026-08-04 21:06:08	INFO	imstat::ImageStatsCalculator::statistics+	Minimum column unit = Jy/pixel
2026-08-04 21:06:08	INFO	imstat::ImageStatsCalculator::statistics+	Maximum column unit = Jy/pixel
2026-08-04 21:06:08	INFO	imstat::ImageStatsCalculator::statistics	Npts          Sum           Mean          Rms           Std_dev       Minimum       Maximum     
2026-08-04 21:06:08	INFO	imstat::ImageStatsCalculator::statistics	 8.375501e+07  9.949228e-02  1.187897e-09  7.858480e-07  7.858471e-07 -4.952308e-04  1.213516e-03
2026-08-04 21:06:08	INFO	imstat::::casa	Task imstat complete. Start time: 2026-08-04 21:06:06.061713 End time: 2026-08-04 21:06:07.773299
2026-08-04 21:06:08	INFO	imstat::::casa	##### End Task: imstat               #####
2026-08-04 21:06:08	INFO	imstat::::casa	##########################################
2026-08-04 21:06:24	INFO	tclean::::casa	##########################################
2026-08-04 21:06:24	INFO	tclean::::casa	##### Begin Task: tclean             #####
2026-08-04 21:06:24	INFO	tclean::::casa	tclean( vis='ngc4254_12m_hcop.ms', selectdata=True, field='', spw='', timerange='', uvrange='', antenna='', scan='', observation='', intent='', datacolumn='corrected', imagename='ngc4254_12m_hcop', imsize=[1024, 1152], cell='0.25arcsec', phasecenter='J2000 12h18m49.6s +14d24m59s', stokes='I', projection='SIN', startmodel='', specmode='cube', reffreq='', nchan=-1, start='', width='', outframe='LSRK', veltype='radio', restfreq='89.18852GHz', interpolation='linear', perchanweightdensity=True, gridder='mosaic', facets=1, psfphasecenter='', wprojplanes=1, vptable='', mosweight=True, aterm=True, psterm=False, wbawp=True, conjbeams=False, cfcache='', usepointing=False, computepastep=360.0, rotatepastep=360.0, pointingoffsetsigdev=[], pblimit=0.2, normtype='flatnoise', deconvolver='multiscale', scales=[0, 4, 10, 20], nterms=1, smallscalebias=0.9, fusedthreshold=0.0, largestscale=-1, restoration=True, restoringbeam='common', pbcor=False, outlierfile='', weighting='briggs', robust=0.5, noise='1.0Jy', npixels=0, uvtaper=[], niter=2840, gain=0.1, threshold='0.0013807325464158104Jy/beam', nsigma=0.0, cycleniter=300, cyclefactor=3.0, minpsffraction=0.5, maxpsffraction=0.8, interactive=False, nmajor=-1, fullsummary=True, usemask='pb', mask='', pbmask=0.2, sidelobethreshold=3.0, noisethreshold=5.0, lownoisethreshold=1.5, negativethreshold=0.0, smoothfactor=1.0, minbeamfrac=0.3, cutthreshold=0.01, growiterations=75, dogrowprune=True, minpercentchange=-1.0, verbose=False, fastnoise=True, restart=True, savemodel='none', calcres=False, calcpsf=False, psfcutoff=0.35, parallel=False )
2026-08-04 21:06:24	INFO	tclean::::casa	Verifying Input Parameters
2026-08-04 21:06:24	INFO	SynthesisImagerVi2::selectData 	MS : ngc4254_12m_hcop.ms | [Opened in readonly mode]
2026-08-04 21:06:25	INFO	SynthesisImagerVi2::selectData 	  NRows selected : 5338975
2026-08-04 21:06:27	INFO	SynthesisImagerVi2::defineImage 	Define image coordinates for [ngc4254_12m_hcop] : 
2026-08-04 21:06:27	INFO	SynthesisImagerVi2::defineImage 	Define image coordinates for [ngc4254_12m_hcop] : 
2026-08-04 21:06:27	INFO	MSTransformRegridder::calcChanFreqs	 phaseCenter='Direction: [-0.965246, -0.0794707, 0.248967]'  *** Encountered negative channel widths in input spectral window.
2026-08-04 21:06:27	INFO	MSTransformRegridder::calcChanFreqs	 Channels equidistant in freq
2026-08-04 21:06:27	INFO	MSTransformRegridder::calcChanFreqs+	 Central frequency (in output frame) = 8.84728e+10 Hz
2026-08-04 21:06:27	INFO	MSTransformRegridder::calcChanFreqs+	 Channel central frequency is decreasing with increasing channel number.
2026-08-04 21:06:27	INFO	MSTransformRegridder::calcChanFreqs+	 Width of central channel (in output frame) = 2.93057e+06 Hz
2026-08-04 21:06:27	INFO	MSTransformRegridder::calcChanFreqs+	 Number of channels = 71
2026-08-04 21:06:27	INFO	MSTransformRegridder::calcChanFreqs+	 Total width of SPW (in output frame) = 2.0807e+08 Hz
2026-08-04 21:06:27	INFO	MSTransformRegridder::calcChanFreqs+	 Lower edge = 8.83687e+10 Hz, upper edge = 8.85768e+10 Hz
2026-08-04 21:06:27	INFO	SynthesisImagerVi2::defineImage 	Impars: start 
2026-08-04 21:06:27	INFO	SynthesisImagerVi2::defineImage 	Shape: [1024, 1152, 1, 71] Spectral: [8.85753e+10] at [0] with increment [-2.93057e+06]
2026-08-04 21:06:27	INFO	SynthesisImagerVi2::defineImage 	Set Gridding options for [ngc4254_12m_hcop] with ftmachine : mosaicft
2026-08-04 21:06:28	INFO	SynthesisImager::getVPRecord 	Using default Voltage Patterns from the VPManager
2026-08-04 21:06:28	INFO	VPSkyJones::VPSkyJones	PB used ALMA
2026-08-04 21:06:28	INFO	SynthesisImagerVi2::nSubCubeFitInMemory	Required memory: 10.47 GB. Available mem.: 251.2 GB (rc, mem. fraction: 80%, memory: -) => Subcubes: 1. Processes on node: 1.
2026-08-04 21:06:28	INFO	tclean::::casa	CFCache already exists
2026-08-04 21:06:28	INFO	SynthesisImagerVi2::weight() 	Set imaging weights : Briggs weighting: sidelobes will be suppressed over full image
2026-08-04 21:06:28	INFO	SynthesisImagerVi2::weight() 	Doing spectral cube Briggs weighting formula --  norm
2026-08-04 21:06:28	INFO	task_tclean::SynthesisDeconvolver::setupDeconvolution 	Set Deconvolution Options for [ngc4254_12m_hcop] : multiscale
2026-08-04 21:06:33	INFO	task_tclean::SynthesisDeconvolver::initMinorCycle 	 Absolute Peak residual within mask : 0.00138526, over full image : 0.00138526
2026-08-04 21:06:33	INFO	tclean::::casa	Reached global stopping criterion : threshold
2026-08-04 21:06:33	INFO	SynthesisDeconvolver::setupMask 	[ngc4254_12m_hcop] Setting up a PB based mask
2026-08-04 21:06:33	INFO	SDMaskHandler::makePBMask 	MAKE PB mask
2026-08-04 21:06:34	INFO	SynthesisDeconvolver::setupMask 	----------------------------------------------------------------------------------------------------------------------------------------
2026-08-04 21:06:34	INFO	SynthesisDeconvolver::setupMask 	[ngc4254_12m_hcop] Number of pixels in the clean mask : 3.03685e+07 out of a total of 8.3755e+07 pixels. [ 36.2587 % ]
2026-08-04 21:06:36	INFO	SynthesisDeconvolver::initMinorCycle 	 Absolute Peak residual within mask : 0.00138526, over full image : 0.00138526
2026-08-04 21:06:36	INFO	tclean::::casa	Reached global stopping criterion : threshold
2026-08-04 21:06:36	INFO	tclean::::casa	getSummary call: fullsummary=True
2026-08-04 21:06:36	INFO	SDAlgorithmBase::restore 	[ngc4254_12m_hcop] : Restoring model image.
2026-08-04 21:06:36	INFO	SIImageStore::restore 	Getting common beam
2026-08-04 21:06:36	INFO	SIImageStore::restore 	Common Beam : 1.48726 arcsec, 1.17666 arcsec, -49.408 deg
2026-08-04 21:06:47	INFO	tclean::::casa	Searching for images with prefix 'ngc4254_12m_hcop'... Found these, writing history into them: ['ngc4254_12m_hcop.residual', 'ngc4254_12m_hcop.pb', 'ngc4254_12m_hcop.psf', 'ngc4254_12m_hcop.weight', 'ngc4254_12m_hcop.sumwt', 'ngc4254_12m_hcop.mask', 'ngc4254_12m_hcop.image', 'ngc4254_12m_hcop.model']
2026-08-04 21:06:47	INFO	tclean::::casa	Task tclean complete. Start time: 2026-08-04 21:06:24.400768 End time: 2026-08-04 21:06:47.391384
2026-08-04 21:06:47	INFO	tclean::::casa	##### End Task: tclean               #####
2026-08-04 21:06:47	INFO	tclean::::casa	##########################################
2026-08-04 21:06:47	INFO	imstat::::casa	##########################################
2026-08-04 21:06:47	INFO	imstat::::casa	##### Begin Task: imstat             #####
2026-08-04 21:06:47	INFO	imstat::::casa	imstat( imagename='ngc4254_12m_hcop.model', axes=[], region='', box='', chans='', stokes='', listit=True, verbose=True, mask='', stretch=False, logfile='', append=True, algorithm='classic', fence=-1.0, center='mean', lside=True, zscore=-1.0, maxiter=-1, clmethod='auto', niter=3 )
2026-08-04 21:06:47	INFO	imstat::CasacRegionManager::fromBCS	No directional region specified. Using full positional plane.
2026-08-04 21:06:47	INFO	imstat::CasacRegionManager::fromBCS	Using all spectral channels.
2026-08-04 21:06:47	INFO	imstat::CasacRegionManager::fromBCS	Using polarizations ALL
2026-08-04 21:06:47	INFO	imstat::image::statistics 	Determining stats for image ngc4254_12m_hcop.model
2026-08-04 21:06:47	INFO	imstat::ImageRegion::fromRecord	Selected bounding box : 
2026-08-04 21:06:47	INFO	imstat::ImageRegion::fromRecord+	    [0, 0, 0, 0] to [1023, 1151, 0, 70]  (12:18:58.409, +14.22.34.990, I, 8.85753e+10Hz to 12:18:40.805, +14.27.22.740, I, 8.83702e+10Hz)
2026-08-04 21:06:47	INFO	imstat::ImageStatsCalculator::_logStartup	Statistics calculated using Classic algorithm
2026-08-04 21:06:47	INFO	imstat::ImageStatsCalculator::_logStartup	Regions --- 
2026-08-04 21:06:47	INFO	imstat::ImageStatsCalculator::_logStartup	         -- bottom-left corner (pixel) [blc]:  [0, 0, 0, 0]
2026-08-04 21:06:47	INFO	imstat::ImageStatsCalculator::_logStartup	         -- top-right corner (pixel) [trc]:    [1023, 1151, 0, 70]
2026-08-04 21:06:47	INFO	imstat::ImageStatsCalculator::_logStartup	         -- bottom-left corner (world) [blcf]: 12:18:58.409, +14.22.34.990, I, 8.85753e+10Hz
2026-08-04 21:06:47	INFO	imstat::ImageStatsCalculator::_logStartup	         -- top-right corner (world) [trcf]:   12:18:40.805, +14.27.22.740, I, 8.83702e+10Hz
2026-08-04 21:06:50	INFO	imstat::::	Values --- 
2026-08-04 21:06:50	INFO	imstat::::	         -- number of points [npts]:                8.3755e+07
2026-08-04 21:06:50	INFO	imstat::::	         -- maximum value [max]:                    0.00121352 Jy/pixel
2026-08-04 21:06:50	INFO	imstat::::	         -- minimum value [min]:                    -0.000495231 Jy/pixel
2026-08-04 21:06:50	INFO	imstat::::	         -- position of max value (pixel) [maxpos]: [568, 502, 0, 25]
2026-08-04 21:06:50	INFO	imstat::::	         -- position of min value (pixel) [minpos]: [359, 581, 0, 60]
2026-08-04 21:06:50	INFO	imstat::::	         -- position of max value (world) [maxposf]: 12:18:48.636, +14.24.40.500, I, 8.85021e+10Hz
2026-08-04 21:06:50	INFO	imstat::::	         -- position of min value (world) [minposf]: 12:18:52.233, +14.25.00.249, I, 8.83995e+10Hz
2026-08-04 21:06:50	INFO	imstat::::	         -- Sum of pixel values [sum]:               0.0994923 Jy/pixel
2026-08-04 21:06:50	INFO	imstat::::	         -- Sum of squared pixel values [sumsq]:     5.17235e-05 Jy/pixel.Jy/pixel
2026-08-04 21:06:50	INFO	imstat::::	Statistics --- 
2026-08-04 21:06:50	INFO	imstat::::	        -- Mean of the pixel values [mean]:         1.1879e-09 Jy/pixel
2026-08-04 21:06:50	INFO	imstat::::	        -- Variance of the pixel values :           6.17556e-13 Jy/pixel
2026-08-04 21:06:50	INFO	imstat::::	        -- Standard deviation of the Mean [sigma]:  7.85847e-07 Jy/pixel
2026-08-04 21:06:50	INFO	imstat::::	        -- Root mean square [rms]:                  7.85848e-07 Jy/pixel
2026-08-04 21:06:50	INFO	imstat::::	        -- Median of the pixel values [median]:     0 Jy/pixel
2026-08-04 21:06:50	INFO	imstat::::	        -- Median of the deviations [medabsdevmed]: 0 Jy/pixel
2026-08-04 21:06:50	INFO	imstat::::	        -- IQR [quartile]:                          0 Jy/pixel
2026-08-04 21:06:50	INFO	imstat::::	        -- First quartile [q1]:                     0 Jy/pixel
2026-08-04 21:06:50	INFO	imstat::::	        -- Third quartile [q3]:                     0 Jy/pixel
2026-08-04 21:06:50	INFO	imstat::ImageStatsCalculator::statistics	Sum column unit = Jy/pixel
2026-08-04 21:06:50	INFO	imstat::ImageStatsCalculator::statistics+	Mean column unit = Jy/pixel
2026-08-04 21:06:50	INFO	imstat::ImageStatsCalculator::statistics+	Std_dev column unit = Jy/pixel
2026-08-04 21:06:50	INFO	imstat::ImageStatsCalculator::statistics+	Minimum column unit = Jy/pixel
2026-08-04 21:06:50	INFO	imstat::ImageStatsCalculator::statistics+	Maximum column unit = Jy/pixel
2026-08-04 21:06:50	INFO	imstat::ImageStatsCalculator::statistics	Npts          Sum           Mean          Rms           Std_dev       Minimum       Maximum     
2026-08-04 21:06:50	INFO	imstat::ImageStatsCalculator::statistics	 8.375501e+07  9.949228e-02  1.187897e-09  7.858480e-07  7.858471e-07 -4.952308e-04  1.213516e-03
2026-08-04 21:06:50	INFO	imstat::::casa	Task imstat complete. Start time: 2026-08-04 21:06:47.393986 End time: 2026-08-04 21:06:49.911471
2026-08-04 21:06:50	INFO	imstat::::casa	##### End Task: imstat               #####
2026-08-04 21:06:50	INFO	imstat::::casa	##########################################
2026-08-04 21:07:05	INFO	imstat::::casa	##########################################
2026-08-04 21:07:05	INFO	imstat::::casa	##### Begin Task: imstat             #####
2026-08-04 21:07:05	INFO	imstat::::casa	imstat( imagename='ngc4254_12m_hcop.residual', axes=[], region='', box='', chans='', stokes='', listit=True, verbose=True, mask='', stretch=False, logfile='', append=True, algorithm='classic', fence=-1.0, center='mean', lside=True, zscore=-1.0, maxiter=-1, clmethod='auto', niter=3 )
2026-08-04 21:07:05	INFO	imstat::CasacRegionManager::fromBCS	No directional region specified. Using full positional plane.
2026-08-04 21:07:05	INFO	imstat::CasacRegionManager::fromBCS	Using all spectral channels.
2026-08-04 21:07:05	INFO	imstat::CasacRegionManager::fromBCS	Using polarizations ALL
2026-08-04 21:07:05	INFO	imstat::image::statistics 	Determining stats for image ngc4254_12m_hcop.residual
2026-08-04 21:07:05	INFO	imstat::ImageRegion::fromRecord	Selected bounding box : 
2026-08-04 21:07:05	INFO	imstat::ImageRegion::fromRecord+	    [0, 0, 0, 0] to [1023, 1151, 0, 70]  (12:18:58.409, +14.22.34.990, I, 8.85753e+10Hz to 12:18:40.805, +14.27.22.740, I, 8.83702e+10Hz)
2026-08-04 21:07:05	INFO	imstat::ImageStatsCalculator::_logStartup	Statistics calculated using Classic algorithm
2026-08-04 21:07:05	INFO	imstat::ImageStatsCalculator::_logStartup	Regions --- 
2026-08-04 21:07:05	INFO	imstat::ImageStatsCalculator::_logStartup	         -- bottom-left corner (pixel) [blc]:  [0, 0, 0, 0]
2026-08-04 21:07:05	INFO	imstat::ImageStatsCalculator::_logStartup	         -- top-right corner (pixel) [trc]:    [1023, 1151, 0, 70]
2026-08-04 21:07:05	INFO	imstat::ImageStatsCalculator::_logStartup	         -- bottom-left corner (world) [blcf]: 12:18:58.409, +14.22.34.990, I, 8.85753e+10Hz
2026-08-04 21:07:05	INFO	imstat::ImageStatsCalculator::_logStartup	         -- top-right corner (world) [trcf]:   12:18:40.805, +14.27.22.740, I, 8.83702e+10Hz
2026-08-04 21:07:07	INFO	imstat::::	Values --- 
2026-08-04 21:07:07	INFO	imstat::::	         -- number of points [npts]:                3.03685e+07
2026-08-04 21:07:07	INFO	imstat::::	         -- maximum value [max]:                    0.00138526 
2026-08-04 21:07:07	INFO	imstat::::	         -- minimum value [min]:                    -0.00138131 
2026-08-04 21:07:07	INFO	imstat::::	         -- position of max value (pixel) [maxpos]: [325, 661, 0, 43]
2026-08-04 21:07:07	INFO	imstat::::	         -- position of min value (pixel) [minpos]: [346, 535, 0, 8]
2026-08-04 21:07:07	INFO	imstat::::	         -- position of max value (world) [maxposf]: 12:18:52.818, +14.25.20.249, I, 8.84493e+10Hz
2026-08-04 21:07:07	INFO	imstat::::	         -- position of min value (world) [minposf]: 12:18:52.457, +14.24.48.749, I, 8.85519e+10Hz
2026-08-04 21:07:07	INFO	imstat::::	         -- Sum of pixel values [sum]:               1.45232 
2026-08-04 21:07:07	INFO	imstat::::	         -- Sum of squared pixel values [sumsq]:     3.61845 
2026-08-04 21:07:07	INFO	imstat::::	Statistics --- 
2026-08-04 21:07:07	INFO	imstat::::	        -- Mean of the pixel values [mean]:         4.78232e-08 
2026-08-04 21:07:07	INFO	imstat::::	        -- Variance of the pixel values :           1.19151e-07 
2026-08-04 21:07:07	INFO	imstat::::	        -- Standard deviation of the Mean [sigma]:  0.000345183 
2026-08-04 21:07:07	INFO	imstat::::	        -- Root mean square [rms]:                  0.000345183 
2026-08-04 21:07:07	INFO	imstat::::	        -- Median of the pixel values [median]:     -1.25582e-07 
2026-08-04 21:07:07	INFO	imstat::::	        -- Median of the deviations [medabsdevmed]: 0.000232668 
2026-08-04 21:07:07	INFO	imstat::::	        -- IQR [quartile]:                          0.000465335 
2026-08-04 21:07:07	INFO	imstat::::	        -- First quartile [q1]:                     -0.000232775 
2026-08-04 21:07:07	INFO	imstat::::	        -- Third quartile [q3]:                     0.000232559 
2026-08-04 21:07:07	INFO	imstat::ImageStatsCalculator::statistics	Sum column unit = 
2026-08-04 21:07:07	INFO	imstat::ImageStatsCalculator::statistics+	Mean column unit = 
2026-08-04 21:07:07	INFO	imstat::ImageStatsCalculator::statistics+	Std_dev column unit = 
2026-08-04 21:07:07	INFO	imstat::ImageStatsCalculator::statistics+	Minimum column unit = 
2026-08-04 21:07:07	INFO	imstat::ImageStatsCalculator::statistics+	Maximum column unit = 
2026-08-04 21:07:07	INFO	imstat::ImageStatsCalculator::statistics	Npts          Sum           Mean          Rms           Std_dev       Minimum       Maximum     
2026-08-04 21:07:07	INFO	imstat::ImageStatsCalculator::statistics	 3.036850e+07  1.452318e+00  4.782316e-08  3.451831e-04  3.451831e-04 -1.381311e-03  1.385261e-03
2026-08-04 21:07:07	INFO	imstat::::casa	Task imstat complete. Start time: 2026-08-04 21:07:05.138050 End time: 2026-08-04 21:07:07.227392
2026-08-04 21:07:07	INFO	imstat::::casa	##### End Task: imstat               #####
2026-08-04 21:07:07	INFO	imstat::::casa	##########################################
2026-08-04 21:07:07	INFO	imhead::::casa	##########################################
2026-08-04 21:07:07	INFO	imhead::::casa	##### Begin Task: imhead             #####
2026-08-04 21:07:07	INFO	imhead::::casa	imhead( imagename='ngc4254_12m_hcop.image', mode='summary', hdkey='', hdvalue='', verbose=False )
2026-08-04 21:07:07	INFO	ImageMetaData::summary	
2026-08-04 21:07:07	INFO	ImageMetaData::summary+	Image name       : ngc4254_12m_hcop.image
2026-08-04 21:07:07	INFO	ImageMetaData::summary+	Object name      : M99
2026-08-04 21:07:07	INFO	ImageMetaData::summary+	Image type       : PagedImage
2026-08-04 21:07:07	INFO	ImageMetaData::summary+	Image quantity   : Intensity
2026-08-04 21:07:07	INFO	ImageMetaData::summary+	Pixel mask(s)    : mask0
2026-08-04 21:07:07	INFO	ImageMetaData::summary+	Region(s)        : None
2026-08-04 21:07:07	INFO	ImageMetaData::summary+	Image units      : Jy/beam
2026-08-04 21:07:07	INFO	ImageMetaData::summary+	Restoring Beam   : 1.48726 arcsec, 1.17666 arcsec, -49.408 deg
2026-08-04 21:07:07	INFO	ImageMetaData::summary	
2026-08-04 21:07:07	INFO	ImageMetaData::summary+	Direction reference : J2000
2026-08-04 21:07:07	INFO	ImageMetaData::summary+	Spectral  reference : LSRK
2026-08-04 21:07:07	INFO	ImageMetaData::summary+	Velocity  type      : RADIO
2026-08-04 21:07:07	INFO	ImageMetaData::summary+	Rest frequency      : 8.91885e+10 Hz
2026-08-04 21:07:07	INFO	ImageMetaData::summary+	Pointing center     :  12:18:49.600000  +14.24.59.000000
2026-08-04 21:07:07	INFO	ImageMetaData::summary+	Telescope           : ALMA
2026-08-04 21:07:07	INFO	ImageMetaData::summary+	Observer            : lneumann
2026-08-04 21:07:07	INFO	ImageMetaData::summary+	Date observation    : 2025/02/02/08:41:48.095999
2026-08-04 21:07:07	INFO	ImageMetaData::summary+	Telescope position: [2.22514e+06m, -5.44031e+06m, -2.48103e+06m] (ITRF)
2026-08-04 21:07:07	INFO	ImageMetaData::summary+	
2026-08-04 21:07:07	INFO	ImageMetaData::summary+	Axis Coord Type      Name             Proj Shape Tile   Coord value at pixel       Coord incr Units
2026-08-04 21:07:07	INFO	ImageMetaData::summary+	--------------------------------------------------------------------------------------------------- 
2026-08-04 21:07:07	INFO	ImageMetaData::summary+	0    0     Direction Right Ascension   SIN  1024   64  12:18:49.600   512.00    -2.500000e-01 arcsec
2026-08-04 21:07:07	INFO	ImageMetaData::summary+	1    0     Direction Declination       SIN  1152   96 +14.24.59.000   576.00     2.500000e-01 arcsec
2026-08-04 21:07:07	INFO	ImageMetaData::summary+	2    1     Stokes    Stokes                    1    1             I
2026-08-04 21:07:07	INFO	ImageMetaData::summary+	3    2     Spectral  Frequency                71    6   8.85753e+10     0.00 -2.930566403e+06 Hz
2026-08-04 21:07:07	INFO	ImageMetaData::summary+	                     Velocity                                2061.1     0.00     9.850614e+00 km/s
2026-08-04 21:07:07	INFO	imhead::::casa	Task imhead complete. Start time: 2026-08-04 21:07:07.231098 End time: 2026-08-04 21:07:07.255768
2026-08-04 21:07:07	INFO	imhead::::casa	##### End Task: imhead               #####
2026-08-04 21:07:07	INFO	imhead::::casa	##########################################
2026-08-04 21:07:07	INFO	exportfits::::casa	##########################################
2026-08-04 21:07:07	INFO	exportfits::::casa	##### Begin Task: exportfits         #####
2026-08-04 21:07:07	INFO	exportfits::::casa	exportfits( imagename='ngc4254_12m_hcop.image', fitsimage='ngc4254_12m_hcop.image.fits', velocity=False, optical=False, bitpix=-32, minpix=0, maxpix=-1, overwrite=True, dropstokes=False, stokeslast=False, history=True, dropdeg=False )
2026-08-04 21:07:07	INFO	exportfits::ImageFactory::toFITS	Applying mask of name 'mask0'
2026-08-04 21:07:07	INFO	exportfits::ImageFitsConverter::ImageHeaderToFITS 	Truncating miscinfo field useweightimage to useweigh
2026-08-04 21:07:09	INFO	exportfits::::casa	Task exportfits complete. Start time: 2026-08-04 21:07:07.259659 End time: 2026-08-04 21:07:09.211248
2026-08-04 21:07:09	INFO	exportfits::::casa	##### End Task: exportfits           #####
2026-08-04 21:07:09	INFO	exportfits::::casa	##########################################
2026-08-04 21:07:15	INFO	exportfits::::casa	##########################################
2026-08-04 21:07:15	INFO	exportfits::::casa	##### Begin Task: exportfits         #####
2026-08-04 21:07:15	INFO	exportfits::::casa	exportfits( imagename='ngc4254_12m_hcop.mask', fitsimage='ngc4254_12m_hcop.mask.fits', velocity=False, optical=False, bitpix=-32, minpix=0, maxpix=-1, overwrite=True, dropstokes=False, stokeslast=False, history=True, dropdeg=False )
2026-08-04 21:07:15	INFO	exportfits::ImageFitsConverter::ImageHeaderToFITS 	Truncating miscinfo field useweightimage to useweigh
2026-08-04 21:07:17	INFO	exportfits::::casa	Task exportfits complete. Start time: 2026-08-04 21:07:15.475381 End time: 2026-08-04 21:07:17.476466
2026-08-04 21:07:17	INFO	exportfits::::casa	##### End Task: exportfits           #####
2026-08-04 21:07:17	INFO	exportfits::::casa	##########################################
2026-08-04 21:07:20	INFO	exportfits::::casa	##########################################
2026-08-04 21:07:20	INFO	exportfits::::casa	##### Begin Task: exportfits         #####
2026-08-04 21:07:20	INFO	exportfits::::casa	exportfits( imagename='ngc4254_12m_hcop.mask', fitsimage='ngc4254_12m_hcop.mask.fits', velocity=False, optical=False, bitpix=-32, minpix=0, maxpix=-1, overwrite=True, dropstokes=False, stokeslast=False, history=True, dropdeg=False )
2026-08-04 21:07:20	INFO	exportfits::ImageFactory::toFITS	Applying mask of name 'mask0'
2026-08-04 21:07:20	INFO	exportfits::ImageFitsConverter::ImageHeaderToFITS 	Truncating miscinfo field useweightimage to useweigh
2026-08-04 21:07:22	INFO	exportfits::::casa	Task exportfits complete. Start time: 2026-08-04 21:07:19.655842 End time: 2026-08-04 21:07:21.736549
2026-08-04 21:07:22	INFO	exportfits::::casa	##### End Task: exportfits           #####
2026-08-04 21:07:22	INFO	exportfits::::casa	##########################################
2026-08-04 21:07:22	INFO	imhead::::casa	##########################################
2026-08-04 21:07:22	INFO	imhead::::casa	##### Begin Task: imhead             #####
2026-08-04 21:07:22	INFO	imhead::::casa	imhead( imagename='ngc4254_12m_hcop.image', mode='list', hdkey='', hdvalue='', verbose=False )
2026-08-04 21:07:22	INFO	ImageMetaDataBase::_toLog 	General --
2026-08-04 21:07:22	INFO	ImageMetaDataBase::_toLog 	        -- imtype: Intensity
2026-08-04 21:07:22	INFO	ImageMetaDataBase::_toLog 	        -- object: M99
2026-08-04 21:07:22	INFO	ImageMetaDataBase::_toLog 	        -- equinox: J2000
2026-08-04 21:07:22	INFO	ImageMetaDataBase::_toLog 	        -- date-obs: 2025/02/02/08:41:48.095999
2026-08-04 21:07:22	INFO	ImageMetaDataBase::_toLog 	        -- observer: lneumann
2026-08-04 21:07:22	INFO	ImageMetaDataBase::_toLog 	        -- projection: SIN
2026-08-04 21:07:22	INFO	ImageMetaDataBase::_toLog 	        -- restfreq: [89188520000.0]
2026-08-04 21:07:22	INFO	ImageMetaDataBase::_toLog 	        -- reffreqtype: LSRK
2026-08-04 21:07:22	INFO	ImageMetaDataBase::_toLog 	        -- telescope: ALMA
2026-08-04 21:07:22	INFO	ImageMetaDataBase::_toLog 	        -- beammajor: 1.48726386608arcsec
2026-08-04 21:07:22	INFO	ImageMetaDataBase::_toLog 	        -- beamminor: 1.1766617603arcsec
2026-08-04 21:07:22	INFO	ImageMetaDataBase::_toLog 	        -- beampa: -0.86233280051rad
2026-08-04 21:07:22	INFO	ImageMetaDataBase::_toLog 	        -- bunit: Jy/beam
2026-08-04 21:07:22	INFO	ImageMetaDataBase::_toLog 	        -- masks: [mask0]
2026-08-04 21:07:22	INFO	ImageMetaDataBase::_toLog 	        -- shape: [1024, 1152, 1, 71]
2026-08-04 21:07:22	INFO	ImageMetaDataBase::_toLog 	        -- datamin: -0.00191208
2026-08-04 21:07:22	INFO	ImageMetaDataBase::_toLog 	        -- datamax: 0.00411939
2026-08-04 21:07:22	INFO	ImageMetaDataBase::_toLog 	        -- minpos: 12:18:48.550 +14.24.00.000 I 8.85138e+10Hz
2026-08-04 21:07:22	INFO	ImageMetaDataBase::_toLog 	        -- minpixpos: [573, 340, 0, 21]
2026-08-04 21:07:22	INFO	ImageMetaDataBase::_toLog 	        -- maxpos: 12:18:48.636 +14.24.40.500 I 8.85021e+10Hz
2026-08-04 21:07:22	INFO	ImageMetaDataBase::_toLog 	        -- maxpixpos: [568, 502, 0, 25]
2026-08-04 21:07:22	INFO	ImageMetaDataBase::_toLog 	axes --
2026-08-04 21:07:22	INFO	ImageMetaDataBase::_toLog 	        -- ctype1: Right Ascension
2026-08-04 21:07:22	INFO	ImageMetaDataBase::_toLog 	        -- ctype2: Declination
2026-08-04 21:07:22	INFO	ImageMetaDataBase::_toLog 	        -- ctype3: Stokes
2026-08-04 21:07:22	INFO	ImageMetaDataBase::_toLog 	        -- ctype4: Frequency
2026-08-04 21:07:22	INFO	ImageMetaDataBase::_toLog 	crpix --
2026-08-04 21:07:22	INFO	ImageMetaDataBase::_toLog 	        -- crpix1: 512.0
2026-08-04 21:07:22	INFO	ImageMetaDataBase::_toLog 	        -- crpix2: 576.0
2026-08-04 21:07:22	INFO	ImageMetaDataBase::_toLog 	        -- crpix3: 0.0
2026-08-04 21:07:22	INFO	ImageMetaDataBase::_toLog 	        -- crpix4: 0.0
2026-08-04 21:07:22	INFO	ImageMetaDataBase::_toLog 	crval --
2026-08-04 21:07:22	INFO	ImageMetaDataBase::_toLog 	        -- crval1:  184.42.24.000deg.min.sec
2026-08-04 21:07:22	INFO	ImageMetaDataBase::_toLog 	        -- crval2:   14.24.59.000deg.min.sec
2026-08-04 21:07:22	INFO	ImageMetaDataBase::_toLog 	        -- crval3: ['I']
2026-08-04 21:07:22	INFO	ImageMetaDataBase::_toLog 	        -- crval4: 88575339621.0Hz
2026-08-04 21:07:22	INFO	ImageMetaDataBase::_toLog 	cdelt --
2026-08-04 21:07:22	INFO	ImageMetaDataBase::_toLog 	        -- cdelt1: -  0.00.00.250deg.min.sec
2026-08-04 21:07:22	INFO	ImageMetaDataBase::_toLog 	        -- cdelt2:    0.00.00.250deg.min.sec
2026-08-04 21:07:22	INFO	ImageMetaDataBase::_toLog 	        -- cdelt3: 1
2026-08-04 21:07:22	INFO	ImageMetaDataBase::_toLog 	        -- cdelt4: -2930566.4Hz
2026-08-04 21:07:22	INFO	ImageMetaDataBase::_toLog 	units --
2026-08-04 21:07:22	INFO	ImageMetaDataBase::_toLog 	        -- cunit1: rad
2026-08-04 21:07:22	INFO	ImageMetaDataBase::_toLog 	        -- cunit2: rad
2026-08-04 21:07:22	INFO	ImageMetaDataBase::_toLog 	        -- cunit3: 
2026-08-04 21:07:22	INFO	ImageMetaDataBase::_toLog 	        -- cunit4: Hz
2026-08-04 21:07:22	INFO	imhead::::casa	Task imhead complete. Start time: 2026-08-04 21:07:21.770471 End time: 2026-08-04 21:07:21.992271
2026-08-04 21:07:22	INFO	imhead::::casa	##### End Task: imhead               #####
2026-08-04 21:07:22	INFO	imhead::::casa	##########################################
2026-08-04 21:07:27	INFO	importfits::::casa	##########################################
2026-08-04 21:07:27	INFO	importfits::::casa	##### Begin Task: importfits         #####
2026-08-04 21:07:27	INFO	importfits::::casa	importfits( fitsimage='ngc4254_12m_hcop.mask.fits', imagename='ngc4254_12m_hcop.mask', whichrep=0, whichhdu=-1, zeroblanks=True, overwrite=True, defaultaxes=False, defaultaxesvalues=[], beam=[] )
2026-08-04 21:07:27	INFO	importfits::::ImageFITSConverter	Processing HDU 0
2026-08-04 21:07:27	INFO	importfits::ImageFITSConverterImpl::FITSToImage 	Created image of shape [1024, 1152, 1, 71]
2026-08-04 21:07:27	INFO	importfits::ImageFITSConverterImpl::FITSToImage 	Copy FITS file to '/nfs/home/lneumann/reduction/alma_data_reduction/imaging/ngc4254/products/imaging/ngc4254/ngc4254_12m_hcop.mask' Copying row by row (1024 pixels).
2026-08-04 21:07:29	INFO	importfits::::casa	Task importfits complete. Start time: 2026-08-04 21:07:26.889800 End time: 2026-08-04 21:07:29.020553
2026-08-04 21:07:29	INFO	importfits::::casa	##### End Task: importfits           #####
2026-08-04 21:07:29	INFO	importfits::::casa	##########################################
2026-08-04 21:08:23	INFO	tclean::::casa	##########################################
2026-08-04 21:08:23	INFO	tclean::::casa	##### Begin Task: tclean             #####
2026-08-04 21:08:23	INFO	tclean::::casa	tclean( vis='ngc4254_12m_hcop.ms', selectdata=True, field='', spw='', timerange='', uvrange='', antenna='', scan='', observation='', intent='', datacolumn='corrected', imagename='ngc4254_12m_hcop', imsize=[1024, 1152], cell='0.25arcsec', phasecenter='J2000 12h18m49.6s +14d24m59s', stokes='I', projection='SIN', startmodel='', specmode='cube', reffreq='', nchan=-1, start='', width='', outframe='LSRK', veltype='radio', restfreq='89.18852GHz', interpolation='linear', perchanweightdensity=True, gridder='mosaic', facets=1, psfphasecenter='', wprojplanes=1, vptable='', mosweight=True, aterm=True, psterm=False, wbawp=True, conjbeams=False, cfcache='', usepointing=False, computepastep=360.0, rotatepastep=360.0, pointingoffsetsigdev=[], pblimit=0.2, normtype='flatnoise', deconvolver='hogbom', scales=[], nterms=1, smallscalebias=0.9, fusedthreshold=0.0, largestscale=-1, restoration=True, restoringbeam='common', pbcor=False, outlierfile='', weighting='briggs', robust=0.5, noise='1.0Jy', npixels=0, uvtaper=[], niter=710, gain=0.1, threshold='0.0003451831366039526Jy/beam', nsigma=0.0, cycleniter=100, cyclefactor=3.0, minpsffraction=0.5, maxpsffraction=0.8, interactive=False, nmajor=-1, fullsummary=True, usemask='user', mask='', pbmask=0.2, sidelobethreshold=3.0, noisethreshold=5.0, lownoisethreshold=1.5, negativethreshold=0.0, smoothfactor=1.0, minbeamfrac=0.3, cutthreshold=0.01, growiterations=75, dogrowprune=True, minpercentchange=-1.0, verbose=False, fastnoise=True, restart=True, savemodel='none', calcres=False, calcpsf=False, psfcutoff=0.35, parallel=False )
2026-08-04 21:08:23	INFO	tclean::::casa	Verifying Input Parameters
2026-08-04 21:08:23	INFO	SynthesisImagerVi2::selectData 	MS : ngc4254_12m_hcop.ms | [Opened in readonly mode]
2026-08-04 21:08:23	INFO	SynthesisImagerVi2::selectData 	  NRows selected : 5338975
2026-08-04 21:08:25	INFO	SynthesisImagerVi2::defineImage 	Define image coordinates for [ngc4254_12m_hcop] : 
2026-08-04 21:08:25	INFO	SynthesisImagerVi2::defineImage 	Define image coordinates for [ngc4254_12m_hcop] : 
2026-08-04 21:08:25	INFO	MSTransformRegridder::calcChanFreqs	 phaseCenter='Direction: [-0.965246, -0.0794707, 0.248967]'  *** Encountered negative channel widths in input spectral window.
2026-08-04 21:08:25	INFO	MSTransformRegridder::calcChanFreqs	 Channels equidistant in freq
2026-08-04 21:08:25	INFO	MSTransformRegridder::calcChanFreqs+	 Central frequency (in output frame) = 8.84728e+10 Hz
2026-08-04 21:08:25	INFO	MSTransformRegridder::calcChanFreqs+	 Channel central frequency is decreasing with increasing channel number.
2026-08-04 21:08:25	INFO	MSTransformRegridder::calcChanFreqs+	 Width of central channel (in output frame) = 2.93057e+06 Hz
2026-08-04 21:08:25	INFO	MSTransformRegridder::calcChanFreqs+	 Number of channels = 71
2026-08-04 21:08:25	INFO	MSTransformRegridder::calcChanFreqs+	 Total width of SPW (in output frame) = 2.0807e+08 Hz
2026-08-04 21:08:25	INFO	MSTransformRegridder::calcChanFreqs+	 Lower edge = 8.83687e+10 Hz, upper edge = 8.85768e+10 Hz
2026-08-04 21:08:25	INFO	SynthesisImagerVi2::defineImage 	Impars: start 
2026-08-04 21:08:25	INFO	SynthesisImagerVi2::defineImage 	Shape: [1024, 1152, 1, 71] Spectral: [8.85753e+10] at [0] with increment [-2.93057e+06]
2026-08-04 21:08:25	INFO	SynthesisImagerVi2::defineImage 	Set Gridding options for [ngc4254_12m_hcop] with ftmachine : mosaicft
2026-08-04 21:08:26	INFO	SynthesisImager::getVPRecord 	Using default Voltage Patterns from the VPManager
2026-08-04 21:08:26	INFO	VPSkyJones::VPSkyJones	PB used ALMA
2026-08-04 21:08:26	INFO	SynthesisImagerVi2::nSubCubeFitInMemory	Required memory: 10.47 GB. Available mem.: 250.5 GB (rc, mem. fraction: 80%, memory: -) => Subcubes: 1. Processes on node: 1.
2026-08-04 21:08:26	INFO	tclean::::casa	CFCache already exists
2026-08-04 21:08:26	INFO	SynthesisImagerVi2::weight() 	Set imaging weights : Briggs weighting: sidelobes will be suppressed over full image
2026-08-04 21:08:26	INFO	SynthesisImagerVi2::weight() 	Doing spectral cube Briggs weighting formula --  norm
2026-08-04 21:08:26	INFO	task_tclean::SynthesisDeconvolver::setupDeconvolution 	Set Deconvolution Options for [ngc4254_12m_hcop] : hogbom
2026-08-04 21:08:29	WARN	task_tclean::SIImageStore::Open existing Images (file /source/casa6/casatools/src/code/synthesis/ImagerObjects/SIImageStore.cc, line 618)	 Mismatch in Csys latpoles between existing image on disk ([3.22374, 0.251613, 180, 0.251613]) and current imaging run ([184.707, 14.4164, 180, 14.4164]) : The DirectionCoordinates have differing latpoles -- Resetting to match image on disk
2026-08-04 21:08:29	WARN	task_tclean::SIImageStore::Open existing Images (file /source/casa6/casatools/src/code/synthesis/ImagerObjects/SIImageStore.cc, line 618)	 Mismatch in Csys latpoles between existing image on disk ([184.707, 14.4164, 180, 14.4164]) and current imaging run ([3.22374, 0.251613, 180, 0.251613]) : The DirectionCoordinates have differing latpoles -- Resetting to match image on disk
2026-08-04 21:08:32	INFO	task_tclean::SynthesisDeconvolver::initMinorCycle 	 Absolute Peak residual within mask : 0.00138526, over full image : 0.00138526
2026-08-04 21:08:32	WARN	SIImageStore::Open existing Images (file /source/casa6/casatools/src/code/synthesis/ImagerObjects/SIImageStore.cc, line 618)	 Mismatch in Csys latpoles between existing image on disk ([3.22374, 0.251613, 180, 0.251613]) and current imaging run ([184.707, 14.4164, 180, 14.4164]) : The DirectionCoordinates have differing latpoles -- Resetting to match image on disk
2026-08-04 21:08:32	INFO	SynthesisDeconvolver::setupMask 	[ngc4254_12m_hcop] Initializing to existing mask
2026-08-04 21:08:32	INFO	SynthesisDeconvolver::setupMask 	[ngc4254_12m_hcop] Number of pixels in the clean mask : 262721 out of a total of 8.3755e+07 pixels. [ 0.313678 % ]
2026-08-04 21:08:32	WARN	SIImageStore::Open existing Images (file /source/casa6/casatools/src/code/synthesis/ImagerObjects/SIImageStore.cc, line 618)	 Mismatch in Csys latpoles between existing image on disk ([184.707, 14.4164, 180, 14.4164]) and current imaging run ([3.22374, 0.251613, 180, 0.251613]) : The DirectionCoordinates have differing latpoles -- Resetting to match image on disk
2026-08-04 21:08:34	INFO	SynthesisDeconvolver::initMinorCycle 	 Absolute Peak residual within mask : 0.00138526, over full image : 0.00138526
2026-08-04 21:08:34	INFO	tclean::::casa	Minor Cycle controls : {'cycleniter': 100, 'cyclethreshold': 0.0006926307105459273, 'loopgain': 0.10000000149011612, 'nsigma': 0.0, 'thresholdreached': False}
2026-08-04 21:08:34	INFO	SynthesisDeconvolver::executeCubeMinorCycle 	---------------------------------------------------- Run Minor Cycle Iterations  ---------------------------------------------
2026-08-04 21:08:34	WARN	SIImageStore::Open existing Images (file /source/casa6/casatools/src/code/synthesis/ImagerObjects/SIImageStore.cc, line 618)	 Mismatch in Csys latpoles between existing image on disk ([3.22374, 0.251613, 180, 0.251613]) and current imaging run ([184.707, 14.4164, 180, 14.4164]) : The DirectionCoordinates have differing latpoles -- Resetting to match image on disk
2026-08-04 21:08:34	WARN	SIImageStore::Open existing Images (file /source/casa6/casatools/src/code/synthesis/ImagerObjects/SIImageStore.cc, line 618)	 Mismatch in Csys latpoles between existing image on disk ([184.707, 14.4164, 180, 14.4164]) and current imaging run ([3.22374, 0.251613, 180, 0.251613]) : The DirectionCoordinates have differing latpoles -- Resetting to match image on disk
2026-08-04 21:08:34	INFO	SynthesisDeconvolver::setupDeconvolution 	Set Deconvolution Options for [ngc4254_12m_hcop] : hogbom
2026-08-04 21:08:34	INFO	SynthesisDeconvolver::initMinorCycle 	 Absolute Peak residual within mask : 0.00138131, over full image : 0.00138131
2026-08-04 21:08:34	INFO	CubeMinorCycleAlgorithm::task 	Processing channels in range [0, 9]
2026-08-04 21:08:34	INFO	SDAlgorithmBase::deconvolve 	[ngc4254_12m_hcop] Run Hogbom minor-cycle on 10 chans | CycleThreshold=0.000692631, CycleNiter=100, Gain=0.1
2026-08-04 21:08:34	INFO	SDAlgorithmBase::deconvolve 	[ngc4254_12m_hcop:C0] iters=0->0 [0], model=0->0, peakres=0->0, Reached cyclethreshold.
2026-08-04 21:08:34	INFO	SDAlgorithmBase::deconvolve 	[ngc4254_12m_hcop:C1] iters=0->100 [100], model=0.00113461->0.00579595, peakres=0.00136216->0.000762984, Reached cycleniter.
2026-08-04 21:08:34	INFO	SDAlgorithmBase::deconvolve 	[ngc4254_12m_hcop:C2] iters=100->200 [100], model=0.000498578->0.00021297, peakres=0.00133004->0.000823441, Reached cycleniter.
2026-08-04 21:08:35	INFO	SDAlgorithmBase::deconvolve 	[ngc4254_12m_hcop:C3] iters=200->300 [100], model=-0.000156382->0.00104074, peakres=0.0013618->0.000755178, Reached cycleniter.
2026-08-04 21:08:35	INFO	SDAlgorithmBase::deconvolve 	[ngc4254_12m_hcop:C4] iters=300->400 [100], model=0.00017141->-0.00211776, peakres=0.00135749->0.000857387, Reached cycleniter.
2026-08-04 21:08:35	INFO	SDAlgorithmBase::deconvolve 	[ngc4254_12m_hcop:C5] iters=400->500 [100], model=-0.000295447->-0.00216483, peakres=0.0013801->0.000889262, Reached cycleniter.
2026-08-04 21:08:35	INFO	SDAlgorithmBase::deconvolve 	[ngc4254_12m_hcop:C6] iters=500->600 [100], model=-0.000452378->-0.00205397, peakres=0.00138097->0.0009435, Reached cycleniter.
2026-08-04 21:08:35	INFO	SDAlgorithmBase::deconvolve 	[ngc4254_12m_hcop:C7] iters=600->700 [100], model=3.29506e-05->-0.000687254, peakres=0.00138005->0.00091022, Reached cycleniter.
2026-08-04 21:08:35	INFO	SDAlgorithmBase::deconvolve 	[ngc4254_12m_hcop:C8] iters=700->800 [100], model=0.00186666->0.00782885, peakres=0.00138131->0.000978392, Reached cycleniter.
2026-08-04 21:08:36	INFO	SDAlgorithmBase::deconvolve 	[ngc4254_12m_hcop:C9] iters=800->900 [100], model=-0.000104131->-0.00268977, peakres=0.00135844->0.000939097, Reached cycleniter.
2026-08-04 21:08:36	INFO	SDAlgorithmBase::deconvolve 	[ngc4254_12m_hcop] Total model flux (over all planes) : 0.00516492     Peak Residual (over all planes) : 0.000978392 in C8:P0
2026-08-04 21:08:36	INFO	SynthesisDeconvolver::setupDeconvolution 	Set Deconvolution Options for [ngc4254_12m_hcop] : hogbom
2026-08-04 21:08:37	INFO	SynthesisDeconvolver::initMinorCycle 	 Absolute Peak residual within mask : 0.00138131, over full image : 0.00138131
2026-08-04 21:08:37	INFO	CubeMinorCycleAlgorithm::task 	Processing channels in range [10, 19]
2026-08-04 21:08:37	INFO	SDAlgorithmBase::deconvolve 	[ngc4254_12m_hcop] Run Hogbom minor-cycle on 10 chans | CycleThreshold=0.000692631, CycleNiter=100, Gain=0.1
2026-08-04 21:08:37	INFO	SDAlgorithmBase::deconvolve 	[ngc4254_12m_hcop:C0] iters=0->100 [100], model=0.000896073->-0.000247976, peakres=0.00136866->0.000952849, Reached cycleniter.
2026-08-04 21:08:37	INFO	SDAlgorithmBase::deconvolve 	[ngc4254_12m_hcop:C1] iters=100->200 [100], model=0.000168797->0.00200478, peakres=0.00136482->0.00092454, Reached cycleniter.
2026-08-04 21:08:37	INFO	SDAlgorithmBase::deconvolve 	[ngc4254_12m_hcop:C2] iters=200->300 [100], model=2.36463e-05->-9.56264e-05, peakres=0.00138046->0.000921873, Reached cycleniter.
2026-08-04 21:08:38	INFO	SDAlgorithmBase::deconvolve 	[ngc4254_12m_hcop:C3] iters=300->400 [100], model=0.000574269->0.00335634, peakres=0.00137108->0.000987662, Reached cycleniter.
2026-08-04 21:08:38	INFO	SDAlgorithmBase::deconvolve 	[ngc4254_12m_hcop:C4] iters=400->500 [100], model=0.000310956->0.0004599, peakres=0.00137518->0.000928861, Reached cycleniter.
2026-08-04 21:08:38	INFO	SDAlgorithmBase::deconvolve 	[ngc4254_12m_hcop:C5] iters=500->600 [100], model=-0.000748914->-0.00131281, peakres=0.0013763->0.000946692, Reached cycleniter.
2026-08-04 21:08:38	INFO	SDAlgorithmBase::deconvolve 	[ngc4254_12m_hcop:C6] iters=600->700 [100], model=-0.000609902->-0.00368754, peakres=0.00138061->0.000953747, Reached cycleniter.
2026-08-04 21:08:38	INFO	SDAlgorithmBase::deconvolve 	[ngc4254_12m_hcop:C7] iters=700->800 [100], model=-0.000584781->-0.00342238, peakres=0.00135986->0.000881649, Reached cycleniter.
2026-08-04 21:08:38	INFO	SDAlgorithmBase::deconvolve 	[ngc4254_12m_hcop:C8] iters=800->900 [100], model=0.000416744->0.0035366, peakres=0.00135877->0.00090555, Reached cycleniter.
2026-08-04 21:08:38	INFO	SDAlgorithmBase::deconvolve 	[ngc4254_12m_hcop:C9] iters=900->1000 [100], model=0.000139328->0.000823226, peakres=0.00138131->0.00104073, Reached cycleniter.
2026-08-04 21:08:38	INFO	SDAlgorithmBase::deconvolve 	[ngc4254_12m_hcop] Total model flux (over all planes) : 0.00141451     Peak Residual (over all planes) : 0.00104073 in C9:P0
2026-08-04 21:08:39	INFO	SynthesisDeconvolver::setupDeconvolution 	Set Deconvolution Options for [ngc4254_12m_hcop] : hogbom
2026-08-04 21:08:40	INFO	SynthesisDeconvolver::initMinorCycle 	 Absolute Peak residual within mask : 0.00138051, over full image : 0.00138051
2026-08-04 21:08:40	INFO	CubeMinorCycleAlgorithm::task 	Processing channels in range [20, 29]
2026-08-04 21:08:40	INFO	SDAlgorithmBase::deconvolve 	[ngc4254_12m_hcop] Run Hogbom minor-cycle on 10 chans | CycleThreshold=0.000692631, CycleNiter=100, Gain=0.1
2026-08-04 21:08:40	INFO	SDAlgorithmBase::deconvolve 	[ngc4254_12m_hcop:C0] iters=0->100 [100], model=-0.000130543->-0.000946056, peakres=0.00137774->0.000969917, Reached cycleniter.
2026-08-04 21:08:40	INFO	SDAlgorithmBase::deconvolve 	[ngc4254_12m_hcop:C1] iters=100->200 [100], model=-0.00168957->-0.00353236, peakres=0.00136606->0.000946275, Reached cycleniter.
2026-08-04 21:08:40	INFO	SDAlgorithmBase::deconvolve 	[ngc4254_12m_hcop:C2] iters=200->300 [100], model=0.000340179->0.00018668, peakres=0.00137758->0.000995401, Reached cycleniter.
2026-08-04 21:08:41	INFO	SDAlgorithmBase::deconvolve 	[ngc4254_12m_hcop:C3] iters=300->400 [100], model=0.002391->0.00372348, peakres=0.00135315->0.00104247, Reached cycleniter.
2026-08-04 21:08:41	INFO	SDAlgorithmBase::deconvolve 	[ngc4254_12m_hcop:C4] iters=400->500 [100], model=0.0013975->0.00277677, peakres=0.00137869->0.00109253, Reached cycleniter.
2026-08-04 21:08:41	INFO	SDAlgorithmBase::deconvolve 	[ngc4254_12m_hcop:C5] iters=500->600 [100], model=0.00681738->0.0100759, peakres=0.00138005->0.00104825, Reached cycleniter.
2026-08-04 21:08:41	INFO	SDAlgorithmBase::deconvolve 	[ngc4254_12m_hcop:C6] iters=600->700 [100], model=0.00624083->0.010601, peakres=0.00138051->0.00106566, Reached cycleniter.
2026-08-04 21:08:41	INFO	SDAlgorithmBase::deconvolve 	[ngc4254_12m_hcop:C7] iters=700->800 [100], model=-0.000410474->0.00156329, peakres=0.00136876->0.00107083, Reached cycleniter.
2026-08-04 21:08:41	INFO	SDAlgorithmBase::deconvolve 	[ngc4254_12m_hcop:C8] iters=800->900 [100], model=0.00104213->0.00388257, peakres=0.00137204->0.0010475, Reached cycleniter.
2026-08-04 21:08:42	INFO	SDAlgorithmBase::deconvolve 	[ngc4254_12m_hcop:C9] iters=900->1000 [100], model=0.00254888->0.00612312, peakres=0.00137714->0.00111114, Reached cycleniter.
2026-08-04 21:08:42	INFO	SDAlgorithmBase::deconvolve 	[ngc4254_12m_hcop] Total model flux (over all planes) : 0.0344543     Peak Residual (over all planes) : 0.00111114 in C9:P0
2026-08-04 21:08:42	INFO	SynthesisDeconvolver::setupDeconvolution 	Set Deconvolution Options for [ngc4254_12m_hcop] : hogbom
2026-08-04 21:08:43	INFO	SynthesisDeconvolver::initMinorCycle 	 Absolute Peak residual within mask : 0.00138117, over full image : 0.00138117
2026-08-04 21:08:43	INFO	CubeMinorCycleAlgorithm::task 	Processing channels in range [30, 39]
2026-08-04 21:08:43	INFO	SDAlgorithmBase::deconvolve 	[ngc4254_12m_hcop] Run Hogbom minor-cycle on 10 chans | CycleThreshold=0.000692631, CycleNiter=100, Gain=0.1
2026-08-04 21:08:43	INFO	SDAlgorithmBase::deconvolve 	[ngc4254_12m_hcop:C0] iters=0->100 [100], model=0.00496584->0.00919631, peakres=0.0013807->0.00107825, Reached cycleniter.
2026-08-04 21:08:43	INFO	SDAlgorithmBase::deconvolve 	[ngc4254_12m_hcop:C1] iters=100->200 [100], model=0.00606762->0.0101809, peakres=0.00136759->0.00107988, Reached cycleniter.
2026-08-04 21:08:44	INFO	SDAlgorithmBase::deconvolve 	[ngc4254_12m_hcop:C2] iters=200->300 [100], model=0.00529569->0.00546504, peakres=0.00138117->0.00103187, Reached cycleniter.
2026-08-04 21:08:44	INFO	SDAlgorithmBase::deconvolve 	[ngc4254_12m_hcop:C3] iters=300->400 [100], model=0.00774335->0.010188, peakres=0.00137937->0.00105658, Reached cycleniter.
2026-08-04 21:08:44	INFO	SDAlgorithmBase::deconvolve 	[ngc4254_12m_hcop:C4] iters=400->500 [100], model=0.00638771->0.0131323, peakres=0.00137972->0.0010461, Reached cycleniter.
2026-08-04 21:08:44	INFO	SDAlgorithmBase::deconvolve 	[ngc4254_12m_hcop:C5] iters=500->600 [100], model=0.00243166->0.00532685, peakres=0.00136326->0.0010588, Reached cycleniter.
2026-08-04 21:08:44	INFO	SDAlgorithmBase::deconvolve 	[ngc4254_12m_hcop:C6] iters=600->700 [100], model=0.00424839->0.00854859, peakres=0.00138104->0.00104869, Reached cycleniter.
2026-08-04 21:08:44	INFO	SDAlgorithmBase::deconvolve 	[ngc4254_12m_hcop:C7] iters=700->800 [100], model=0.00702097->0.0107584, peakres=0.00136423->0.00106864, Reached cycleniter.
2026-08-04 21:08:45	INFO	SDAlgorithmBase::deconvolve 	[ngc4254_12m_hcop:C8] iters=800->900 [100], model=0.00433752->0.00598557, peakres=0.00136408->0.00108098, Reached cycleniter.
2026-08-04 21:08:45	INFO	SDAlgorithmBase::deconvolve 	[ngc4254_12m_hcop:C9] iters=900->1000 [100], model=0.00789623->0.0118575, peakres=0.00136687->0.00107303, Reached cycleniter.
2026-08-04 21:08:45	INFO	SDAlgorithmBase::deconvolve 	[ngc4254_12m_hcop] Total model flux (over all planes) : 0.0906395     Peak Residual (over all planes) : 0.00108098 in C8:P0
2026-08-04 21:08:45	INFO	SynthesisDeconvolver::setupDeconvolution 	Set Deconvolution Options for [ngc4254_12m_hcop] : hogbom
2026-08-04 21:08:46	INFO	SynthesisDeconvolver::initMinorCycle 	 Absolute Peak residual within mask : 0.00138526, over full image : 0.00138526
2026-08-04 21:08:46	INFO	CubeMinorCycleAlgorithm::task 	Processing channels in range [40, 49]
2026-08-04 21:08:46	INFO	SDAlgorithmBase::deconvolve 	[ngc4254_12m_hcop] Run Hogbom minor-cycle on 10 chans | CycleThreshold=0.000692631, CycleNiter=100, Gain=0.1
2026-08-04 21:08:47	INFO	SDAlgorithmBase::deconvolve 	[ngc4254_12m_hcop:C0] iters=0->100 [100], model=0.00782501->0.0138905, peakres=0.00137973->0.0010659, Reached cycleniter.
2026-08-04 21:08:47	INFO	SDAlgorithmBase::deconvolve 	[ngc4254_12m_hcop:C1] iters=100->200 [100], model=0.00505932->0.0101483, peakres=0.00137662->0.0010622, Reached cycleniter.
2026-08-04 21:08:47	INFO	SDAlgorithmBase::deconvolve 	[ngc4254_12m_hcop:C2] iters=200->300 [100], model=0.0043314->0.00805945, peakres=0.00137857->0.00105335, Reached cycleniter.
2026-08-04 21:08:47	INFO	SDAlgorithmBase::deconvolve 	[ngc4254_12m_hcop:C3] iters=300->400 [100], model=0.00421714->0.0081745, peakres=0.00138526->0.00101353, Reached cycleniter.
2026-08-04 21:08:47	INFO	SDAlgorithmBase::deconvolve 	[ngc4254_12m_hcop:C4] iters=400->500 [100], model=-0.000679852->-0.00134658, peakres=0.00135728->0.000991057, Reached cycleniter.
2026-08-04 21:08:47	INFO	SDAlgorithmBase::deconvolve 	[ngc4254_12m_hcop:C5] iters=500->600 [100], model=-0.000874102->-0.00212745, peakres=0.00135638->0.000983762, Reached cycleniter.
2026-08-04 21:08:47	INFO	SDAlgorithmBase::deconvolve 	[ngc4254_12m_hcop:C6] iters=600->700 [100], model=2.88869e-05->-0.00159293, peakres=0.00136441->0.000946678, Reached cycleniter.
2026-08-04 21:08:48	INFO	SDAlgorithmBase::deconvolve 	[ngc4254_12m_hcop:C7] iters=700->800 [100], model=-0.000455253->0.00169272, peakres=0.00137155->0.00100761, Reached cycleniter.
2026-08-04 21:08:48	INFO	SDAlgorithmBase::deconvolve 	[ngc4254_12m_hcop:C8] iters=800->900 [100], model=-0.00057913->-0.000812283, peakres=0.00135481->0.000999502, Reached cycleniter.
2026-08-04 21:08:48	INFO	SDAlgorithmBase::deconvolve 	[ngc4254_12m_hcop:C9] iters=900->1000 [100], model=-0.00035653->0.000908765, peakres=0.00134454->0.000948981, Reached cycleniter.
2026-08-04 21:08:48	INFO	SDAlgorithmBase::deconvolve 	[ngc4254_12m_hcop] Total model flux (over all planes) : 0.0369951     Peak Residual (over all planes) : 0.0010659 in C0:P0
2026-08-04 21:08:48	INFO	SynthesisDeconvolver::setupDeconvolution 	Set Deconvolution Options for [ngc4254_12m_hcop] : hogbom
2026-08-04 21:08:49	INFO	SynthesisDeconvolver::initMinorCycle 	 Absolute Peak residual within mask : 0.00138123, over full image : 0.00138123
2026-08-04 21:08:49	INFO	CubeMinorCycleAlgorithm::task 	Processing channels in range [50, 59]
2026-08-04 21:08:49	INFO	SDAlgorithmBase::deconvolve 	[ngc4254_12m_hcop] Run Hogbom minor-cycle on 10 chans | CycleThreshold=0.000692631, CycleNiter=100, Gain=0.1
2026-08-04 21:08:49	INFO	SDAlgorithmBase::deconvolve 	[ngc4254_12m_hcop:C0] iters=0->100 [100], model=0.000625937->0.00140261, peakres=0.00137943->0.0009487, Reached cycleniter.
2026-08-04 21:08:50	INFO	SDAlgorithmBase::deconvolve 	[ngc4254_12m_hcop:C1] iters=100->200 [100], model=-0.000130889->-0.000501584, peakres=0.00137332->0.000936649, Reached cycleniter.
2026-08-04 21:08:50	INFO	SDAlgorithmBase::deconvolve 	[ngc4254_12m_hcop:C2] iters=200->300 [100], model=0.000476151->0.000220451, peakres=0.00138123->0.000950389, Reached cycleniter.
2026-08-04 21:08:50	INFO	SDAlgorithmBase::deconvolve 	[ngc4254_12m_hcop:C3] iters=300->400 [100], model=-0.00102948->-0.00377293, peakres=0.0013728->0.000973137, Reached cycleniter.
2026-08-04 21:08:50	INFO	SDAlgorithmBase::deconvolve 	[ngc4254_12m_hcop:C4] iters=400->500 [100], model=0.000570091->-0.000743901, peakres=0.00136813->0.000959162, Reached cycleniter.
2026-08-04 21:08:50	INFO	SDAlgorithmBase::deconvolve 	[ngc4254_12m_hcop:C5] iters=500->600 [100], model=0.00101609->0.00548811, peakres=0.00137093->0.00094006, Reached cycleniter.
2026-08-04 21:08:50	INFO	SDAlgorithmBase::deconvolve 	[ngc4254_12m_hcop:C6] iters=600->700 [100], model=0.000310968->0.00157544, peakres=0.00137413->0.000967845, Reached cycleniter.
2026-08-04 21:08:51	INFO	SDAlgorithmBase::deconvolve 	[ngc4254_12m_hcop:C7] iters=700->800 [100], model=-0.000460279->-0.00128968, peakres=0.00138109->0.00096848, Reached cycleniter.
2026-08-04 21:08:51	INFO	SDAlgorithmBase::deconvolve 	[ngc4254_12m_hcop:C8] iters=800->900 [100], model=0.00054741->0.00275856, peakres=0.00138017->0.000971649, Reached cycleniter.
2026-08-04 21:08:51	INFO	SDAlgorithmBase::deconvolve 	[ngc4254_12m_hcop:C9] iters=900->1000 [100], model=0.000171693->-0.00117904, peakres=0.00138037->0.000965951, Reached cycleniter.
2026-08-04 21:08:51	INFO	SDAlgorithmBase::deconvolve 	[ngc4254_12m_hcop] Total model flux (over all planes) : 0.00395803     Peak Residual (over all planes) : 0.000973137 in C3:P0
2026-08-04 21:08:51	INFO	SynthesisDeconvolver::setupDeconvolution 	Set Deconvolution Options for [ngc4254_12m_hcop] : hogbom
2026-08-04 21:08:52	INFO	SynthesisDeconvolver::initMinorCycle 	 Absolute Peak residual within mask : 0.00138134, over full image : 0.00138134
2026-08-04 21:08:52	INFO	CubeMinorCycleAlgorithm::task 	Processing channels in range [60, 69]
2026-08-04 21:08:52	INFO	SDAlgorithmBase::deconvolve 	[ngc4254_12m_hcop] Run Hogbom minor-cycle on 10 chans | CycleThreshold=0.000692631, CycleNiter=100, Gain=0.1
2026-08-04 21:08:52	INFO	SDAlgorithmBase::deconvolve 	[ngc4254_12m_hcop:C0] iters=0->100 [100], model=-0.000396992->0.000259771, peakres=0.00136167->0.000960179, Reached cycleniter.
2026-08-04 21:08:53	INFO	SDAlgorithmBase::deconvolve 	[ngc4254_12m_hcop:C1] iters=100->200 [100], model=-0.000867249->-0.0017603, peakres=0.00137199->0.000990566, Reached cycleniter.
2026-08-04 21:08:53	INFO	SDAlgorithmBase::deconvolve 	[ngc4254_12m_hcop:C2] iters=200->300 [100], model=0.000255483->0.00306433, peakres=0.00137456->0.000904217, Reached cycleniter.
2026-08-04 21:08:53	INFO	SDAlgorithmBase::deconvolve 	[ngc4254_12m_hcop:C3] iters=300->400 [100], model=-0.000471217->5.86668e-05, peakres=0.00138134->0.000976416, Reached cycleniter.
2026-08-04 21:08:53	INFO	SDAlgorithmBase::deconvolve 	[ngc4254_12m_hcop:C4] iters=400->500 [100], model=-2.19934e-05->-0.000737197, peakres=0.00137855->0.000802321, Reached cycleniter.
2026-08-04 21:08:53	INFO	SDAlgorithmBase::deconvolve 	[ngc4254_12m_hcop:C5] iters=500->600 [100], model=0.000909703->0.00145682, peakres=0.00136721->0.000817219, Reached cycleniter.
2026-08-04 21:08:53	INFO	SDAlgorithmBase::deconvolve 	[ngc4254_12m_hcop:C6] iters=600->700 [100], model=-0.000304485->-0.00122195, peakres=0.00137483->0.000830655, Reached cycleniter.
2026-08-04 21:08:53	INFO	SDAlgorithmBase::deconvolve 	[ngc4254_12m_hcop:C7] iters=700->800 [100], model=0.00056975->0.00260966, peakres=0.00138002->0.000784343, Reached cycleniter.
2026-08-04 21:08:54	INFO	SDAlgorithmBase::deconvolve 	[ngc4254_12m_hcop:C8] iters=800->900 [100], model=0.00126673->0.00396539, peakres=0.00137656->0.000766656, Reached cycleniter.
2026-08-04 21:08:54	INFO	SDAlgorithmBase::deconvolve 	[ngc4254_12m_hcop:C9] iters=900->1000 [100], model=-0.00014807->-0.00079762, peakres=0.00134069->0.000764964, Reached cycleniter.
2026-08-04 21:08:54	INFO	SDAlgorithmBase::deconvolve 	[ngc4254_12m_hcop] Total model flux (over all planes) : 0.00689757     Peak Residual (over all planes) : 0.000990566 in C1:P0
2026-08-04 21:08:54	INFO	SynthesisDeconvolver::setupDeconvolution 	Set Deconvolution Options for [ngc4254_12m_hcop] : hogbom
2026-08-04 21:08:55	INFO	SynthesisDeconvolver::initMinorCycle 	 Absolute Peak residual within mask : 0.0013359, over full image : 0.001378
2026-08-04 21:08:55	INFO	CubeMinorCycleAlgorithm::task 	Processing channels in range [70, 70]
2026-08-04 21:08:55	INFO	SDAlgorithmBase::deconvolve 	[ngc4254_12m_hcop] Run Hogbom minor-cycle | CycleThreshold=0.000692631, CycleNiter=100, Gain=0.1
2026-08-04 21:08:55	INFO	SDAlgorithmBase::deconvolve 	[ngc4254_12m_hcop] iters=0->86 [86], model=-0.000138368->-0.000894959, peakres=0.0013359->0.000692357, Reached cyclethreshold.
2026-08-04 21:08:55	INFO	grpcInteractiveCleanManager::mergeCycleExecutionRecord 	Completed 6986 iterations.
2026-08-04 21:08:55	INFO	task_tclean::SynthesisImager::executeMajorCycle 	----------------------------------------------------------- Run Major Cycle 1 -------------------------------------
2026-08-04 21:08:55	INFO	task_tclean::SynthesisImagerVi2::nSubCubeFitInMemory	Required memory: 10.47 GB. Available mem.: 250.5 GB (rc, mem. fraction: 80%, memory: -) => Subcubes: 1. Processes on node: 1.
2026-08-04 21:08:55	INFO	task_tclean::SynthesisImagerVi2::selectData 	MS : ngc4254_12m_hcop.ms | [Opened in readonly mode]
2026-08-04 21:08:55	INFO	task_tclean::SynthesisImagerVi2::selectData 	  NRows selected : 5338975
2026-08-04 21:09:03	INFO	task_tclean::SynthesisImager::getVPRecord 	Using default Voltage Patterns from the VPManager
2026-08-04 21:09:03	INFO	task_tclean::VPSkyJones::VPSkyJones	PB used ALMA
2026-08-04 21:09:03	INFO	task_tclean::SynthesisImagerVi2::weight() 	Set imaging weights : Briggs weighting: sidelobes will be suppressed over full image
2026-08-04 21:09:03	INFO	task_tclean::SynthesisImagerVi2::weight() 	Doing spectral cube Briggs weighting formula --  norm
2026-08-04 21:09:03	INFO	task_tclean::SynthesisImager::tuneSelectData 	Tuning frequency data selection to match image spectral coordinates
2026-08-04 21:09:03	INFO	task_tclean::SynthesisImagerVi2::selectData 	MS : ngc4254_12m_hcop.ms | [Opened in readonly mode]
2026-08-04 21:09:03	INFO	task_tclean::SynthesisImagerVi2::selectData 	  NRows selected : 5338975
2026-08-04 21:09:05	INFO	task_tclean::SynthesisImager::executeMajorCycle 	----------------------------------------------------------- Run Major Cycle 1 -------------------------------------
2026-08-04 21:09:07	INFO	task_tclean::HetArrConvFunc::findAntennaSizes	Overriding PB with Airy of diam,blockage=10.7 m,0.75 m starting with antenna 0
2026-08-04 21:09:07	INFO	task_tclean::HetArrConvFunc::findConvFunction 	convolution function support: [7]ELKEY 0_0_71 actualConvInd 0 pointer 1
2026-08-04 21:36:50	WARN	task_tclean::SIImageStore::Open existing Images (file /source/casa6/casatools/src/code/synthesis/ImagerObjects/SIImageStore.cc, line 618)	 Mismatch in Csys latpoles between existing image on disk ([3.22374, 0.251613, 180, 0.251613]) and current imaging run ([184.707, 14.4164, 180, 14.4164]) : The DirectionCoordinates have differing latpoles -- Resetting to match image on disk
2026-08-04 21:36:50	WARN	task_tclean::SIImageStore::Open existing Images (file /source/casa6/casatools/src/code/synthesis/ImagerObjects/SIImageStore.cc, line 618)	 Mismatch in Csys latpoles between existing image on disk ([184.707, 14.4164, 180, 14.4164]) and current imaging run ([3.22374, 0.251613, 180, 0.251613]) : The DirectionCoordinates have differing latpoles -- Resetting to match image on disk
2026-08-04 21:36:53	INFO	task_tclean::SynthesisDeconvolver::initMinorCycle 	 Absolute Peak residual within mask : 0.00111379, over full image : 0.00140401
2026-08-04 21:36:53	INFO	tclean::::casa	Reached global stopping criterion : iteration limit
2026-08-04 21:36:53	INFO	tclean::::casa	getSummary call: fullsummary=True
2026-08-04 21:36:53	INFO	SDAlgorithmBase::restore 	[ngc4254_12m_hcop] : Restoring model image.
2026-08-04 21:36:53	INFO	SIImageStore::restore 	Getting common beam
2026-08-04 21:36:53	INFO	SIImageStore::restore 	Common Beam : 1.48726 arcsec, 1.17666 arcsec, -49.408 deg
2026-08-04 21:37:03	INFO	tclean::::casa	Searching for images with prefix 'ngc4254_12m_hcop'... Found these, writing history into them: ['ngc4254_12m_hcop.image', 'ngc4254_12m_hcop.model', 'ngc4254_12m_hcop.residual', 'ngc4254_12m_hcop.pb', 'ngc4254_12m_hcop.psf', 'ngc4254_12m_hcop.weight', 'ngc4254_12m_hcop.sumwt', 'ngc4254_12m_hcop.mask']
2026-08-04 21:37:03	INFO	tclean::::casa	Task tclean complete. Start time: 2026-08-04 21:08:23.063625 End time: 2026-08-04 21:37:02.849937
2026-08-04 21:37:03	INFO	tclean::::casa	##### End Task: tclean               #####
2026-08-04 21:37:03	INFO	tclean::::casa	##########################################
2026-08-04 21:37:03	INFO	imstat::::casa	##########################################
2026-08-04 21:37:03	INFO	imstat::::casa	##### Begin Task: imstat             #####
2026-08-04 21:37:03	INFO	imstat::::casa	imstat( imagename='ngc4254_12m_hcop.model', axes=[], region='', box='', chans='', stokes='', listit=True, verbose=True, mask='', stretch=False, logfile='', append=True, algorithm='classic', fence=-1.0, center='mean', lside=True, zscore=-1.0, maxiter=-1, clmethod='auto', niter=3 )
2026-08-04 21:37:03	INFO	imstat::CasacRegionManager::fromBCS	No directional region specified. Using full positional plane.
2026-08-04 21:37:03	INFO	imstat::CasacRegionManager::fromBCS	Using all spectral channels.
2026-08-04 21:37:03	INFO	imstat::CasacRegionManager::fromBCS	Using polarizations ALL
2026-08-04 21:37:03	INFO	imstat::image::statistics 	Determining stats for image ngc4254_12m_hcop.model
2026-08-04 21:37:03	INFO	imstat::ImageRegion::fromRecord	Selected bounding box : 
2026-08-04 21:37:03	INFO	imstat::ImageRegion::fromRecord+	    [0, 0, 0, 0] to [1023, 1151, 0, 70]  (12:18:58.409, +14.22.34.990, I, 8.85753e+10Hz to 12:18:40.805, +14.27.22.740, I, 8.83702e+10Hz)
2026-08-04 21:37:03	INFO	imstat::ImageStatsCalculator::_logStartup	Statistics calculated using Classic algorithm
2026-08-04 21:37:03	INFO	imstat::ImageStatsCalculator::_logStartup	Regions --- 
2026-08-04 21:37:03	INFO	imstat::ImageStatsCalculator::_logStartup	         -- bottom-left corner (pixel) [blc]:  [0, 0, 0, 0]
2026-08-04 21:37:03	INFO	imstat::ImageStatsCalculator::_logStartup	         -- top-right corner (pixel) [trc]:    [1023, 1151, 0, 70]
2026-08-04 21:37:03	INFO	imstat::ImageStatsCalculator::_logStartup	         -- bottom-left corner (world) [blcf]: 12:18:58.409, +14.22.34.990, I, 8.85753e+10Hz
2026-08-04 21:37:03	INFO	imstat::ImageStatsCalculator::_logStartup	         -- top-right corner (world) [trcf]:   12:18:40.805, +14.27.22.740, I, 8.83702e+10Hz
2026-08-04 21:37:04	INFO	imstat::::	Values --- 
2026-08-04 21:37:04	INFO	imstat::::	         -- number of points [npts]:                8.3755e+07
2026-08-04 21:37:04	INFO	imstat::::	         -- maximum value [max]:                    0.00121352 Jy/pixel
2026-08-04 21:37:04	INFO	imstat::::	         -- minimum value [min]:                    -0.000897222 Jy/pixel
2026-08-04 21:37:04	INFO	imstat::::	         -- position of max value (pixel) [maxpos]: [568, 502, 0, 25]
2026-08-04 21:37:04	INFO	imstat::::	         -- position of min value (pixel) [minpos]: [414, 722, 0, 62]
2026-08-04 21:37:04	INFO	imstat::::	         -- position of max value (world) [maxposf]: 12:18:48.636, +14.24.40.500, I, 8.85021e+10Hz
2026-08-04 21:37:04	INFO	imstat::::	         -- position of min value (world) [minposf]: 12:18:51.287, +14.25.35.500, I, 8.83936e+10Hz
2026-08-04 21:37:04	INFO	imstat::::	         -- Sum of pixel values [sum]:               0.178629 Jy/pixel
2026-08-04 21:37:04	INFO	imstat::::	         -- Sum of squared pixel values [sumsq]:     0.000357625 Jy/pixel.Jy/pixel
2026-08-04 21:37:04	INFO	imstat::::	Statistics --- 
2026-08-04 21:37:04	INFO	imstat::::	        -- Mean of the pixel values [mean]:         2.13275e-09 Jy/pixel
2026-08-04 21:37:04	INFO	imstat::::	        -- Variance of the pixel values :           4.26989e-12 Jy/pixel
2026-08-04 21:37:04	INFO	imstat::::	        -- Standard deviation of the Mean [sigma]:  2.06637e-06 Jy/pixel
2026-08-04 21:37:04	INFO	imstat::::	        -- Root mean square [rms]:                  2.06637e-06 Jy/pixel
2026-08-04 21:37:04	INFO	imstat::::	        -- Median of the pixel values [median]:     0 Jy/pixel
2026-08-04 21:37:04	INFO	imstat::::	        -- Median of the deviations [medabsdevmed]: 0 Jy/pixel
2026-08-04 21:37:04	INFO	imstat::::	        -- IQR [quartile]:                          0 Jy/pixel
2026-08-04 21:37:04	INFO	imstat::::	        -- First quartile [q1]:                     0 Jy/pixel
2026-08-04 21:37:04	INFO	imstat::::	        -- Third quartile [q3]:                     0 Jy/pixel
2026-08-04 21:37:04	INFO	imstat::ImageStatsCalculator::statistics	Sum column unit = Jy/pixel
2026-08-04 21:37:04	INFO	imstat::ImageStatsCalculator::statistics+	Mean column unit = Jy/pixel
2026-08-04 21:37:04	INFO	imstat::ImageStatsCalculator::statistics+	Std_dev column unit = Jy/pixel
2026-08-04 21:37:04	INFO	imstat::ImageStatsCalculator::statistics+	Minimum column unit = Jy/pixel
2026-08-04 21:37:04	INFO	imstat::ImageStatsCalculator::statistics+	Maximum column unit = Jy/pixel
2026-08-04 21:37:04	INFO	imstat::ImageStatsCalculator::statistics	Npts          Sum           Mean          Rms           Std_dev       Minimum       Maximum     
2026-08-04 21:37:04	INFO	imstat::ImageStatsCalculator::statistics	 8.375501e+07  1.786289e-01  2.132755e-09  2.066372e-06  2.066371e-06 -8.972225e-04  1.213516e-03
2026-08-04 21:37:05	INFO	imstat::::casa	Task imstat complete. Start time: 2026-08-04 21:37:02.852782 End time: 2026-08-04 21:37:04.500519
2026-08-04 21:37:05	INFO	imstat::::casa	##### End Task: imstat               #####
2026-08-04 21:37:05	INFO	imstat::::casa	##########################################
2026-08-04 21:37:21	INFO	tclean::::casa	##########################################
2026-08-04 21:37:21	INFO	tclean::::casa	##### Begin Task: tclean             #####
2026-08-04 21:37:21	INFO	tclean::::casa	tclean( vis='ngc4254_12m_hcop.ms', selectdata=True, field='', spw='', timerange='', uvrange='', antenna='', scan='', observation='', intent='', datacolumn='corrected', imagename='ngc4254_12m_hcop', imsize=[1024, 1152], cell='0.25arcsec', phasecenter='J2000 12h18m49.6s +14d24m59s', stokes='I', projection='SIN', startmodel='', specmode='cube', reffreq='', nchan=-1, start='', width='', outframe='LSRK', veltype='radio', restfreq='89.18852GHz', interpolation='linear', perchanweightdensity=True, gridder='mosaic', facets=1, psfphasecenter='', wprojplanes=1, vptable='', mosweight=True, aterm=True, psterm=False, wbawp=True, conjbeams=False, cfcache='', usepointing=False, computepastep=360.0, rotatepastep=360.0, pointingoffsetsigdev=[], pblimit=0.2, normtype='flatnoise', deconvolver='hogbom', scales=[], nterms=1, smallscalebias=0.9, fusedthreshold=0.0, largestscale=-1, restoration=True, restoringbeam='common', pbcor=False, outlierfile='', weighting='briggs', robust=0.5, noise='1.0Jy', npixels=0, uvtaper=[], niter=1420, gain=0.1, threshold='0.00034400330332291Jy/beam', nsigma=0.0, cycleniter=200, cyclefactor=3.0, minpsffraction=0.5, maxpsffraction=0.8, interactive=False, nmajor=-1, fullsummary=True, usemask='user', mask='', pbmask=0.2, sidelobethreshold=3.0, noisethreshold=5.0, lownoisethreshold=1.5, negativethreshold=0.0, smoothfactor=1.0, minbeamfrac=0.3, cutthreshold=0.01, growiterations=75, dogrowprune=True, minpercentchange=-1.0, verbose=False, fastnoise=True, restart=True, savemodel='none', calcres=False, calcpsf=False, psfcutoff=0.35, parallel=False )
2026-08-04 21:37:21	INFO	tclean::::casa	Verifying Input Parameters
2026-08-04 21:37:22	INFO	SynthesisImagerVi2::selectData 	MS : ngc4254_12m_hcop.ms | [Opened in readonly mode]
2026-08-04 21:37:22	INFO	SynthesisImagerVi2::selectData 	  NRows selected : 5338975
2026-08-04 21:37:23	INFO	SynthesisImagerVi2::defineImage 	Define image coordinates for [ngc4254_12m_hcop] : 
2026-08-04 21:37:23	INFO	SynthesisImagerVi2::defineImage 	Define image coordinates for [ngc4254_12m_hcop] : 
2026-08-04 21:37:24	INFO	MSTransformRegridder::calcChanFreqs	 phaseCenter='Direction: [-0.965246, -0.0794707, 0.248967]'  *** Encountered negative channel widths in input spectral window.
2026-08-04 21:37:24	INFO	MSTransformRegridder::calcChanFreqs	 Channels equidistant in freq
2026-08-04 21:37:24	INFO	MSTransformRegridder::calcChanFreqs+	 Central frequency (in output frame) = 8.84728e+10 Hz
2026-08-04 21:37:24	INFO	MSTransformRegridder::calcChanFreqs+	 Channel central frequency is decreasing with increasing channel number.
2026-08-04 21:37:24	INFO	MSTransformRegridder::calcChanFreqs+	 Width of central channel (in output frame) = 2.93057e+06 Hz
2026-08-04 21:37:24	INFO	MSTransformRegridder::calcChanFreqs+	 Number of channels = 71
2026-08-04 21:37:24	INFO	MSTransformRegridder::calcChanFreqs+	 Total width of SPW (in output frame) = 2.0807e+08 Hz
2026-08-04 21:37:24	INFO	MSTransformRegridder::calcChanFreqs+	 Lower edge = 8.83687e+10 Hz, upper edge = 8.85768e+10 Hz
2026-08-04 21:37:24	INFO	SynthesisImagerVi2::defineImage 	Impars: start 
2026-08-04 21:37:24	INFO	SynthesisImagerVi2::defineImage 	Shape: [1024, 1152, 1, 71] Spectral: [8.85753e+10] at [0] with increment [-2.93057e+06]
2026-08-04 21:37:24	INFO	SynthesisImagerVi2::defineImage 	Set Gridding options for [ngc4254_12m_hcop] with ftmachine : mosaicft
2026-08-04 21:37:24	INFO	SynthesisImager::getVPRecord 	Using default Voltage Patterns from the VPManager
2026-08-04 21:37:24	INFO	VPSkyJones::VPSkyJones	PB used ALMA
2026-08-04 21:37:24	INFO	SynthesisImagerVi2::nSubCubeFitInMemory	Required memory: 10.47 GB. Available mem.: 251.5 GB (rc, mem. fraction: 80%, memory: -) => Subcubes: 1. Processes on node: 1.
2026-08-04 21:37:24	INFO	tclean::::casa	CFCache already exists
2026-08-04 21:37:24	INFO	SynthesisImagerVi2::weight() 	Set imaging weights : Briggs weighting: sidelobes will be suppressed over full image
2026-08-04 21:37:24	INFO	SynthesisImagerVi2::weight() 	Doing spectral cube Briggs weighting formula --  norm
2026-08-04 21:37:24	INFO	task_tclean::SynthesisDeconvolver::setupDeconvolution 	Set Deconvolution Options for [ngc4254_12m_hcop] : hogbom
2026-08-04 21:37:27	WARN	task_tclean::SIImageStore::Open existing Images (file /source/casa6/casatools/src/code/synthesis/ImagerObjects/SIImageStore.cc, line 618)	 Mismatch in Csys latpoles between existing image on disk ([3.22374, 0.251613, 180, 0.251613]) and current imaging run ([184.707, 14.4164, 180, 14.4164]) : The DirectionCoordinates have differing latpoles -- Resetting to match image on disk
2026-08-04 21:37:27	WARN	task_tclean::SIImageStore::Open existing Images (file /source/casa6/casatools/src/code/synthesis/ImagerObjects/SIImageStore.cc, line 618)	 Mismatch in Csys latpoles between existing image on disk ([184.707, 14.4164, 180, 14.4164]) and current imaging run ([3.22374, 0.251613, 180, 0.251613]) : The DirectionCoordinates have differing latpoles -- Resetting to match image on disk
2026-08-04 21:37:30	INFO	task_tclean::SynthesisDeconvolver::initMinorCycle 	 Absolute Peak residual within mask : 0.00111379, over full image : 0.00140401
2026-08-04 21:37:30	WARN	SIImageStore::Open existing Images (file /source/casa6/casatools/src/code/synthesis/ImagerObjects/SIImageStore.cc, line 618)	 Mismatch in Csys latpoles between existing image on disk ([3.22374, 0.251613, 180, 0.251613]) and current imaging run ([184.707, 14.4164, 180, 14.4164]) : The DirectionCoordinates have differing latpoles -- Resetting to match image on disk
2026-08-04 21:37:30	INFO	SynthesisDeconvolver::setupMask 	[ngc4254_12m_hcop] Initializing to existing mask
2026-08-04 21:37:30	INFO	SynthesisDeconvolver::setupMask 	[ngc4254_12m_hcop] Number of pixels in the clean mask : 262721 out of a total of 8.3755e+07 pixels. [ 0.313678 % ]
2026-08-04 21:37:30	WARN	SIImageStore::Open existing Images (file /source/casa6/casatools/src/code/synthesis/ImagerObjects/SIImageStore.cc, line 618)	 Mismatch in Csys latpoles between existing image on disk ([184.707, 14.4164, 180, 14.4164]) and current imaging run ([3.22374, 0.251613, 180, 0.251613]) : The DirectionCoordinates have differing latpoles -- Resetting to match image on disk
2026-08-04 21:37:32	INFO	SynthesisDeconvolver::initMinorCycle 	 Absolute Peak residual within mask : 0.00111379, over full image : 0.00140401
2026-08-04 21:37:32	INFO	tclean::::casa	Minor Cycle controls : {'cycleniter': 200, 'cyclethreshold': 0.0005568974884226918, 'loopgain': 0.10000000149011612, 'nsigma': 0.0, 'thresholdreached': False}
2026-08-04 21:37:32	INFO	SynthesisDeconvolver::executeCubeMinorCycle 	---------------------------------------------------- Run Minor Cycle Iterations  ---------------------------------------------
2026-08-04 21:37:32	WARN	SIImageStore::Open existing Images (file /source/casa6/casatools/src/code/synthesis/ImagerObjects/SIImageStore.cc, line 618)	 Mismatch in Csys latpoles between existing image on disk ([3.22374, 0.251613, 180, 0.251613]) and current imaging run ([184.707, 14.4164, 180, 14.4164]) : The DirectionCoordinates have differing latpoles -- Resetting to match image on disk
2026-08-04 21:37:32	WARN	SIImageStore::Open existing Images (file /source/casa6/casatools/src/code/synthesis/ImagerObjects/SIImageStore.cc, line 618)	 Mismatch in Csys latpoles between existing image on disk ([184.707, 14.4164, 180, 14.4164]) and current imaging run ([3.22374, 0.251613, 180, 0.251613]) : The DirectionCoordinates have differing latpoles -- Resetting to match image on disk
2026-08-04 21:37:32	INFO	SynthesisDeconvolver::setupDeconvolution 	Set Deconvolution Options for [ngc4254_12m_hcop] : hogbom
2026-08-04 21:37:32	INFO	SynthesisDeconvolver::initMinorCycle 	 Absolute Peak residual within mask : 0.000979458, over full image : 0.0013817
2026-08-04 21:37:32	INFO	CubeMinorCycleAlgorithm::task 	Processing channels in range [0, 9]
2026-08-04 21:37:32	INFO	SDAlgorithmBase::deconvolve 	[ngc4254_12m_hcop] Run Hogbom minor-cycle on 10 chans | CycleThreshold=0.000556897, CycleNiter=200, Gain=0.1
2026-08-04 21:37:32	INFO	SDAlgorithmBase::deconvolve 	[ngc4254_12m_hcop:C0] iters=0->0 [0], model=0->0, peakres=0->0, Reached cyclethreshold.
2026-08-04 21:37:33	INFO	SDAlgorithmBase::deconvolve 	[ngc4254_12m_hcop:C1] iters=0->119 [119], model=0.00579595->0.00712365, peakres=0.000765744->0.000556301, Reached cyclethreshold.
2026-08-04 21:37:33	INFO	SDAlgorithmBase::deconvolve 	[ngc4254_12m_hcop:C2] iters=119->308 [189], model=0.00021297->0.000732252, peakres=0.00082886->0.000555354, Reached cyclethreshold.
2026-08-04 21:37:33	INFO	SDAlgorithmBase::deconvolve 	[ngc4254_12m_hcop:C3] iters=308->487 [179], model=0.00104074->0.00216064, peakres=0.000755154->0.000556428, Reached cyclethreshold.
2026-08-04 21:37:33	INFO	SDAlgorithmBase::deconvolve 	[ngc4254_12m_hcop:C4] iters=487->687 [200], model=-0.00211776->-0.00590005, peakres=0.000859184->0.000632735, Reached cycleniter.
2026-08-04 21:37:34	INFO	SDAlgorithmBase::deconvolve 	[ngc4254_12m_hcop:C5] iters=687->887 [200], model=-0.00216483->-0.00168563, peakres=0.000890235->0.000687071, Reached cycleniter.
2026-08-04 21:37:34	INFO	SDAlgorithmBase::deconvolve 	[ngc4254_12m_hcop:C6] iters=887->1087 [200], model=-0.00205397->-0.00188435, peakres=0.000948254->0.000738926, Reached cycleniter.
2026-08-04 21:37:34	INFO	SDAlgorithmBase::deconvolve 	[ngc4254_12m_hcop:C7] iters=1087->1287 [200], model=-0.000687254->-0.00119322, peakres=0.00091342->0.000682247, Reached cycleniter.
2026-08-04 21:37:35	INFO	SDAlgorithmBase::deconvolve 	[ngc4254_12m_hcop:C8] iters=1287->1487 [200], model=0.00782885->0.0134697, peakres=0.000979458->0.000757064, Reached cycleniter.
2026-08-04 21:37:35	INFO	SDAlgorithmBase::deconvolve 	[ngc4254_12m_hcop:C9] iters=1487->1687 [200], model=-0.00268977->-0.00279122, peakres=0.000940414->0.000739535, Reached cycleniter.
2026-08-04 21:37:35	INFO	SDAlgorithmBase::deconvolve 	[ngc4254_12m_hcop] Total model flux (over all planes) : 0.0100318     Peak Residual (over all planes) : 0.000757064 in C8:P0
2026-08-04 21:37:35	INFO	SynthesisDeconvolver::setupDeconvolution 	Set Deconvolution Options for [ngc4254_12m_hcop] : hogbom
2026-08-04 21:37:36	INFO	SynthesisDeconvolver::initMinorCycle 	 Absolute Peak residual within mask : 0.00104103, over full image : 0.00137912
2026-08-04 21:37:36	INFO	CubeMinorCycleAlgorithm::task 	Processing channels in range [10, 19]
2026-08-04 21:37:36	INFO	SDAlgorithmBase::deconvolve 	[ngc4254_12m_hcop] Run Hogbom minor-cycle on 10 chans | CycleThreshold=0.000556897, CycleNiter=200, Gain=0.1
2026-08-04 21:37:36	INFO	SDAlgorithmBase::deconvolve 	[ngc4254_12m_hcop:C0] iters=0->200 [200], model=-0.000247976->-0.00135294, peakres=0.000953789->0.000752593, Reached cycleniter.
2026-08-04 21:37:37	INFO	SDAlgorithmBase::deconvolve 	[ngc4254_12m_hcop:C1] iters=200->400 [200], model=0.00200478->0.00339862, peakres=0.000925552->0.000729051, Reached cycleniter.
2026-08-04 21:37:37	INFO	SDAlgorithmBase::deconvolve 	[ngc4254_12m_hcop:C2] iters=400->600 [200], model=-9.56262e-05->-0.000580775, peakres=0.000924545->0.000736757, Reached cycleniter.
2026-08-04 21:37:37	INFO	SDAlgorithmBase::deconvolve 	[ngc4254_12m_hcop:C3] iters=600->800 [200], model=0.00335634->0.00379278, peakres=0.000990741->0.000779003, Reached cycleniter.
2026-08-04 21:37:38	INFO	SDAlgorithmBase::deconvolve 	[ngc4254_12m_hcop:C4] iters=800->1000 [200], model=0.0004599->0.000319312, peakres=0.00093019->0.000721723, Reached cycleniter.
2026-08-04 21:37:38	INFO	SDAlgorithmBase::deconvolve 	[ngc4254_12m_hcop:C5] iters=1000->1200 [200], model=-0.00131281->0.000120963, peakres=0.000948219->0.000751989, Reached cycleniter.
2026-08-04 21:37:38	INFO	SDAlgorithmBase::deconvolve 	[ngc4254_12m_hcop:C6] iters=1200->1400 [200], model=-0.00368754->-0.0061544, peakres=0.000957741->0.000746334, Reached cycleniter.
2026-08-04 21:37:39	INFO	SDAlgorithmBase::deconvolve 	[ngc4254_12m_hcop:C7] iters=1400->1600 [200], model=-0.00342238->-0.00203446, peakres=0.00088007->0.000716924, Reached cycleniter.
2026-08-04 21:37:39	INFO	SDAlgorithmBase::deconvolve 	[ngc4254_12m_hcop:C8] iters=1600->1800 [200], model=0.0035366->0.00630857, peakres=0.000906944->0.000740762, Reached cycleniter.
2026-08-04 21:37:39	INFO	SDAlgorithmBase::deconvolve 	[ngc4254_12m_hcop:C9] iters=1800->2000 [200], model=0.000823226->0.00105032, peakres=0.00104103->0.000814827, Reached cycleniter.
2026-08-04 21:37:39	INFO	SDAlgorithmBase::deconvolve 	[ngc4254_12m_hcop] Total model flux (over all planes) : 0.00486799     Peak Residual (over all planes) : 0.000814827 in C9:P0
2026-08-04 21:37:40	INFO	SynthesisDeconvolver::setupDeconvolution 	Set Deconvolution Options for [ngc4254_12m_hcop] : hogbom
2026-08-04 21:37:41	INFO	SynthesisDeconvolver::initMinorCycle 	 Absolute Peak residual within mask : 0.00111379, over full image : 0.00137866
2026-08-04 21:37:41	INFO	CubeMinorCycleAlgorithm::task 	Processing channels in range [20, 29]
2026-08-04 21:37:41	INFO	SDAlgorithmBase::deconvolve 	[ngc4254_12m_hcop] Run Hogbom minor-cycle on 10 chans | CycleThreshold=0.000556897, CycleNiter=200, Gain=0.1
2026-08-04 21:37:41	INFO	SDAlgorithmBase::deconvolve 	[ngc4254_12m_hcop:C0] iters=0->200 [200], model=-0.000946056->-0.000689424, peakres=0.00097144->0.000787232, Reached cycleniter.
2026-08-04 21:37:41	INFO	SDAlgorithmBase::deconvolve 	[ngc4254_12m_hcop:C1] iters=200->400 [200], model=-0.00353236->-0.00736029, peakres=0.00094929->0.000767821, Reached cycleniter.
2026-08-04 21:37:41	INFO	SDAlgorithmBase::deconvolve 	[ngc4254_12m_hcop:C2] iters=400->600 [200], model=0.00018668->-0.00282585, peakres=0.000995739->0.000809157, Reached cycleniter.
2026-08-04 21:37:42	INFO	SDAlgorithmBase::deconvolve 	[ngc4254_12m_hcop:C3] iters=600->800 [200], model=0.00372348->0.00455322, peakres=0.00104497->0.000844794, Reached cycleniter.
2026-08-04 21:37:42	INFO	SDAlgorithmBase::deconvolve 	[ngc4254_12m_hcop:C4] iters=800->1000 [200], model=0.00277677->0.00454037, peakres=0.00109498->0.000868545, Reached cycleniter.
2026-08-04 21:37:42	INFO	SDAlgorithmBase::deconvolve 	[ngc4254_12m_hcop:C5] iters=1000->1200 [200], model=0.0100759->0.0133374, peakres=0.00105136->0.000847259, Reached cycleniter.
2026-08-04 21:37:43	INFO	SDAlgorithmBase::deconvolve 	[ngc4254_12m_hcop:C6] iters=1200->1400 [200], model=0.010601->0.0134594, peakres=0.00106488->0.00086936, Reached cycleniter.
2026-08-04 21:37:43	INFO	SDAlgorithmBase::deconvolve 	[ngc4254_12m_hcop:C7] iters=1400->1600 [200], model=0.00156329->0.00514987, peakres=0.00107446->0.000890052, Reached cycleniter.
2026-08-04 21:37:43	INFO	SDAlgorithmBase::deconvolve 	[ngc4254_12m_hcop:C8] iters=1600->1800 [200], model=0.00388257->0.00682784, peakres=0.00104854->0.000859102, Reached cycleniter.
2026-08-04 21:37:44	INFO	SDAlgorithmBase::deconvolve 	[ngc4254_12m_hcop:C9] iters=1800->2000 [200], model=0.00612312->0.0106363, peakres=0.00111379->0.000912487, Reached cycleniter.
2026-08-04 21:37:44	INFO	SDAlgorithmBase::deconvolve 	[ngc4254_12m_hcop] Total model flux (over all planes) : 0.0476288     Peak Residual (over all planes) : 0.000912487 in C9:P0
2026-08-04 21:37:44	INFO	SynthesisDeconvolver::setupDeconvolution 	Set Deconvolution Options for [ngc4254_12m_hcop] : hogbom
2026-08-04 21:37:45	INFO	SynthesisDeconvolver::initMinorCycle 	 Absolute Peak residual within mask : 0.00108169, over full image : 0.00138432
2026-08-04 21:37:45	INFO	CubeMinorCycleAlgorithm::task 	Processing channels in range [30, 39]
2026-08-04 21:37:45	INFO	SDAlgorithmBase::deconvolve 	[ngc4254_12m_hcop] Run Hogbom minor-cycle on 10 chans | CycleThreshold=0.000556897, CycleNiter=200, Gain=0.1
2026-08-04 21:37:45	INFO	SDAlgorithmBase::deconvolve 	[ngc4254_12m_hcop:C0] iters=0->200 [200], model=0.00919631->0.015089, peakres=0.00108008->0.000874607, Reached cycleniter.
2026-08-04 21:37:45	INFO	SDAlgorithmBase::deconvolve 	[ngc4254_12m_hcop:C1] iters=200->400 [200], model=0.0101809->0.016289, peakres=0.00108139->0.000889847, Reached cycleniter.
2026-08-04 21:37:46	INFO	SDAlgorithmBase::deconvolve 	[ngc4254_12m_hcop:C2] iters=400->600 [200], model=0.00546505->0.00536739, peakres=0.00103549->0.000851719, Reached cycleniter.
2026-08-04 21:37:46	INFO	SDAlgorithmBase::deconvolve 	[ngc4254_12m_hcop:C3] iters=600->800 [200], model=0.010188->0.0128436, peakres=0.00106072->0.000868104, Reached cycleniter.
2026-08-04 21:37:46	INFO	SDAlgorithmBase::deconvolve 	[ngc4254_12m_hcop:C4] iters=800->1000 [200], model=0.0131323->0.0191291, peakres=0.0010438->0.000843138, Reached cycleniter.
2026-08-04 21:37:46	INFO	SDAlgorithmBase::deconvolve 	[ngc4254_12m_hcop:C5] iters=1000->1200 [200], model=0.00532685->0.00957742, peakres=0.00106184->0.000865478, Reached cycleniter.
2026-08-04 21:37:47	INFO	SDAlgorithmBase::deconvolve 	[ngc4254_12m_hcop:C6] iters=1200->1400 [200], model=0.00854859->0.0155299, peakres=0.00105007->0.000869491, Reached cycleniter.
2026-08-04 21:37:47	INFO	SDAlgorithmBase::deconvolve 	[ngc4254_12m_hcop:C7] iters=1400->1600 [200], model=0.0107584->0.014203, peakres=0.0010696->0.000875976, Reached cycleniter.
2026-08-04 21:37:47	INFO	SDAlgorithmBase::deconvolve 	[ngc4254_12m_hcop:C8] iters=1600->1800 [200], model=0.00598558->0.00749992, peakres=0.00108169->0.000878691, Reached cycleniter.
2026-08-04 21:37:48	INFO	SDAlgorithmBase::deconvolve 	[ngc4254_12m_hcop:C9] iters=1800->2000 [200], model=0.0118575->0.0156691, peakres=0.00107302->0.000888283, Reached cycleniter.
2026-08-04 21:37:48	INFO	SDAlgorithmBase::deconvolve 	[ngc4254_12m_hcop] Total model flux (over all planes) : 0.131197     Peak Residual (over all planes) : 0.000889847 in C1:P0
2026-08-04 21:37:48	INFO	SynthesisDeconvolver::setupDeconvolution 	Set Deconvolution Options for [ngc4254_12m_hcop] : hogbom
2026-08-04 21:37:49	INFO	SynthesisDeconvolver::initMinorCycle 	 Absolute Peak residual within mask : 0.00106941, over full image : 0.00140401
2026-08-04 21:37:49	INFO	CubeMinorCycleAlgorithm::task 	Processing channels in range [40, 49]
2026-08-04 21:37:49	INFO	SDAlgorithmBase::deconvolve 	[ngc4254_12m_hcop] Run Hogbom minor-cycle on 10 chans | CycleThreshold=0.000556897, CycleNiter=200, Gain=0.1
2026-08-04 21:37:50	INFO	SDAlgorithmBase::deconvolve 	[ngc4254_12m_hcop:C0] iters=0->200 [200], model=0.0138905->0.020184, peakres=0.00106941->0.000875424, Reached cycleniter.
2026-08-04 21:37:50	INFO	SDAlgorithmBase::deconvolve 	[ngc4254_12m_hcop:C1] iters=200->400 [200], model=0.0101483->0.0156039, peakres=0.00106389->0.000874769, Reached cycleniter.
2026-08-04 21:37:50	INFO	SDAlgorithmBase::deconvolve 	[ngc4254_12m_hcop:C2] iters=400->600 [200], model=0.00805945->0.0115879, peakres=0.00105488->0.000860678, Reached cycleniter.
2026-08-04 21:37:50	INFO	SDAlgorithmBase::deconvolve 	[ngc4254_12m_hcop:C3] iters=600->800 [200], model=0.0081745->0.0112539, peakres=0.00101586->0.000822485, Reached cycleniter.
2026-08-04 21:37:51	INFO	SDAlgorithmBase::deconvolve 	[ngc4254_12m_hcop:C4] iters=800->1000 [200], model=-0.00134658->-0.00127374, peakres=0.000990687->0.000806939, Reached cycleniter.
2026-08-04 21:37:51	INFO	SDAlgorithmBase::deconvolve 	[ngc4254_12m_hcop:C5] iters=1000->1200 [200], model=-0.00212745->-0.000627212, peakres=0.000984512->0.000791393, Reached cycleniter.
2026-08-04 21:37:51	INFO	SDAlgorithmBase::deconvolve 	[ngc4254_12m_hcop:C6] iters=1200->1400 [200], model=-0.00159293->-0.00438175, peakres=0.000948058->0.000766684, Reached cycleniter.
2026-08-04 21:37:51	INFO	SDAlgorithmBase::deconvolve 	[ngc4254_12m_hcop:C7] iters=1400->1600 [200], model=0.00169272->0.00301334, peakres=0.00100822->0.000796137, Reached cycleniter.
2026-08-04 21:37:52	INFO	SDAlgorithmBase::deconvolve 	[ngc4254_12m_hcop:C8] iters=1600->1800 [200], model=-0.000812284->0.000198018, peakres=0.00100164->0.000803142, Reached cycleniter.
2026-08-04 21:37:52	INFO	SDAlgorithmBase::deconvolve 	[ngc4254_12m_hcop:C9] iters=1800->2000 [200], model=0.000908765->0.000862115, peakres=0.000950493->0.000773588, Reached cycleniter.
2026-08-04 21:37:52	INFO	SDAlgorithmBase::deconvolve 	[ngc4254_12m_hcop] Total model flux (over all planes) : 0.0564205     Peak Residual (over all planes) : 0.000875424 in C0:P0
2026-08-04 21:37:53	INFO	SynthesisDeconvolver::setupDeconvolution 	Set Deconvolution Options for [ngc4254_12m_hcop] : hogbom
2026-08-04 21:37:54	INFO	SynthesisDeconvolver::initMinorCycle 	 Absolute Peak residual within mask : 0.000974037, over full image : 0.00137969
2026-08-04 21:37:54	INFO	CubeMinorCycleAlgorithm::task 	Processing channels in range [50, 59]
2026-08-04 21:37:54	INFO	SDAlgorithmBase::deconvolve 	[ngc4254_12m_hcop] Run Hogbom minor-cycle on 10 chans | CycleThreshold=0.000556897, CycleNiter=200, Gain=0.1
2026-08-04 21:37:54	INFO	SDAlgorithmBase::deconvolve 	[ngc4254_12m_hcop:C0] iters=0->200 [200], model=0.00140261->0.00339803, peakres=0.000948442->0.000767261, Reached cycleniter.
2026-08-04 21:37:54	INFO	SDAlgorithmBase::deconvolve 	[ngc4254_12m_hcop:C1] iters=200->400 [200], model=-0.000501584->-0.000121113, peakres=0.000940057->0.000756096, Reached cycleniter.
2026-08-04 21:37:54	INFO	SDAlgorithmBase::deconvolve 	[ngc4254_12m_hcop:C2] iters=400->600 [200], model=0.000220452->-0.000540941, peakres=0.000952123->0.000757152, Reached cycleniter.
2026-08-04 21:37:55	INFO	SDAlgorithmBase::deconvolve 	[ngc4254_12m_hcop:C3] iters=600->800 [200], model=-0.00377293->-0.00239812, peakres=0.000974037->0.000778424, Reached cycleniter.
2026-08-04 21:37:55	INFO	SDAlgorithmBase::deconvolve 	[ngc4254_12m_hcop:C4] iters=800->1000 [200], model=-0.000743901->-0.00102197, peakres=0.000961922->0.000759241, Reached cycleniter.
2026-08-04 21:37:55	INFO	SDAlgorithmBase::deconvolve 	[ngc4254_12m_hcop:C5] iters=1000->1200 [200], model=0.00548811->0.00611443, peakres=0.00094182->0.000747083, Reached cycleniter.
2026-08-04 21:37:56	INFO	SDAlgorithmBase::deconvolve 	[ngc4254_12m_hcop:C6] iters=1200->1400 [200], model=0.00157544->0.000985537, peakres=0.000971043->0.000768804, Reached cycleniter.
2026-08-04 21:37:56	INFO	SDAlgorithmBase::deconvolve 	[ngc4254_12m_hcop:C7] iters=1400->1600 [200], model=-0.00128968->-0.00386981, peakres=0.000969522->0.000778032, Reached cycleniter.
2026-08-04 21:37:56	INFO	SDAlgorithmBase::deconvolve 	[ngc4254_12m_hcop:C8] iters=1600->1800 [200], model=0.00275856->0.00433436, peakres=0.00097289->0.000772201, Reached cycleniter.
2026-08-04 21:37:56	INFO	SDAlgorithmBase::deconvolve 	[ngc4254_12m_hcop:C9] iters=1800->2000 [200], model=-0.00117904->-0.00280398, peakres=0.000968021->0.000781083, Reached cycleniter.
2026-08-04 21:37:56	INFO	SDAlgorithmBase::deconvolve 	[ngc4254_12m_hcop] Total model flux (over all planes) : 0.00407641     Peak Residual (over all planes) : 0.000781083 in C9:P0
2026-08-04 21:37:57	INFO	SynthesisDeconvolver::setupDeconvolution 	Set Deconvolution Options for [ngc4254_12m_hcop] : hogbom
2026-08-04 21:37:58	INFO	SynthesisDeconvolver::initMinorCycle 	 Absolute Peak residual within mask : 0.000990863, over full image : 0.00138219
2026-08-04 21:37:58	INFO	CubeMinorCycleAlgorithm::task 	Processing channels in range [60, 69]
2026-08-04 21:37:58	INFO	SDAlgorithmBase::deconvolve 	[ngc4254_12m_hcop] Run Hogbom minor-cycle on 10 chans | CycleThreshold=0.000556897, CycleNiter=200, Gain=0.1
2026-08-04 21:37:58	INFO	SDAlgorithmBase::deconvolve 	[ngc4254_12m_hcop:C0] iters=0->200 [200], model=0.000259771->-0.000492756, peakres=0.000961081->0.000763707, Reached cycleniter.
2026-08-04 21:37:58	INFO	SDAlgorithmBase::deconvolve 	[ngc4254_12m_hcop:C1] iters=200->400 [200], model=-0.0017603->-0.00232081, peakres=0.000990863->0.000765394, Reached cycleniter.
2026-08-04 21:37:59	INFO	SDAlgorithmBase::deconvolve 	[ngc4254_12m_hcop:C2] iters=400->600 [200], model=0.00306433->0.00285483, peakres=0.000905817->0.000714955, Reached cycleniter.
2026-08-04 21:37:59	INFO	SDAlgorithmBase::deconvolve 	[ngc4254_12m_hcop:C3] iters=600->800 [200], model=5.8667e-05->-0.00263744, peakres=0.000978589->0.000749526, Reached cycleniter.
2026-08-04 21:37:59	INFO	SDAlgorithmBase::deconvolve 	[ngc4254_12m_hcop:C4] iters=800->1000 [200], model=-0.000737196->-0.00126124, peakres=0.000804007->0.000613076, Reached cycleniter.
2026-08-04 21:37:59	INFO	SDAlgorithmBase::deconvolve 	[ngc4254_12m_hcop:C5] iters=1000->1200 [200], model=0.00145682->0.00290254, peakres=0.000820542->0.000617929, Reached cycleniter.
2026-08-04 21:38:00	INFO	SDAlgorithmBase::deconvolve 	[ngc4254_12m_hcop:C6] iters=1200->1400 [200], model=-0.00122195->-0.00388011, peakres=0.000831674->0.000596539, Reached cycleniter.
2026-08-04 21:38:00	INFO	SDAlgorithmBase::deconvolve 	[ngc4254_12m_hcop:C7] iters=1400->1600 [200], model=0.00260966->0.00439297, peakres=0.000786651->0.000560275, Reached cycleniter.
2026-08-04 21:38:00	INFO	SDAlgorithmBase::deconvolve 	[ngc4254_12m_hcop:C8] iters=1600->1728 [128], model=0.00396539->0.0047619, peakres=0.000770973->0.000556175, Reached cyclethreshold.
2026-08-04 21:38:00	INFO	SDAlgorithmBase::deconvolve 	[ngc4254_12m_hcop:C9] iters=1728->1877 [149], model=-0.00079762->0.000357415, peakres=0.000766298->0.000555576, Reached cyclethreshold.
2026-08-04 21:38:00	INFO	SDAlgorithmBase::deconvolve 	[ngc4254_12m_hcop] Total model flux (over all planes) : 0.00467729     Peak Residual (over all planes) : 0.000765394 in C1:P0
2026-08-04 21:38:01	INFO	SynthesisDeconvolver::setupDeconvolution 	Set Deconvolution Options for [ngc4254_12m_hcop] : hogbom
2026-08-04 21:38:01	INFO	SynthesisDeconvolver::initMinorCycle 	 Absolute Peak residual within mask : 0.0006925, over full image : 0.00137648
2026-08-04 21:38:01	INFO	CubeMinorCycleAlgorithm::task 	Processing channels in range [70, 70]
2026-08-04 21:38:01	INFO	SDAlgorithmBase::deconvolve 	[ngc4254_12m_hcop] Run Hogbom minor-cycle | CycleThreshold=0.000556897, CycleNiter=200, Gain=0.1
2026-08-04 21:38:01	INFO	SDAlgorithmBase::deconvolve 	[ngc4254_12m_hcop] iters=0->66 [66], model=-0.000894959->-0.00100475, peakres=0.0006925->0.000554972, Reached cyclethreshold.
2026-08-04 21:38:01	INFO	grpcInteractiveCleanManager::mergeCycleExecutionRecord 	Completed 13630 iterations.
2026-08-04 21:38:01	INFO	task_tclean::SynthesisImager::executeMajorCycle 	----------------------------------------------------------- Run Major Cycle 1 -------------------------------------
2026-08-04 21:38:01	INFO	task_tclean::SynthesisImagerVi2::nSubCubeFitInMemory	Required memory: 10.47 GB. Available mem.: 251.3 GB (rc, mem. fraction: 80%, memory: -) => Subcubes: 1. Processes on node: 1.
2026-08-04 21:38:01	INFO	task_tclean::SynthesisImagerVi2::selectData 	MS : ngc4254_12m_hcop.ms | [Opened in readonly mode]
2026-08-04 21:38:02	INFO	task_tclean::SynthesisImagerVi2::selectData 	  NRows selected : 5338975
2026-08-04 21:38:08	INFO	task_tclean::SynthesisImager::getVPRecord 	Using default Voltage Patterns from the VPManager
2026-08-04 21:38:08	INFO	task_tclean::VPSkyJones::VPSkyJones	PB used ALMA
2026-08-04 21:38:08	INFO	task_tclean::SynthesisImagerVi2::weight() 	Set imaging weights : Briggs weighting: sidelobes will be suppressed over full image
2026-08-04 21:38:08	INFO	task_tclean::SynthesisImagerVi2::weight() 	Doing spectral cube Briggs weighting formula --  norm
2026-08-04 21:38:08	INFO	task_tclean::SynthesisImager::tuneSelectData 	Tuning frequency data selection to match image spectral coordinates
2026-08-04 21:38:08	INFO	task_tclean::SynthesisImagerVi2::selectData 	MS : ngc4254_12m_hcop.ms | [Opened in readonly mode]
2026-08-04 21:38:08	INFO	task_tclean::SynthesisImagerVi2::selectData 	  NRows selected : 5338975
2026-08-04 21:38:10	INFO	task_tclean::SynthesisImager::executeMajorCycle 	----------------------------------------------------------- Run Major Cycle 1 -------------------------------------
2026-08-04 21:38:13	INFO	task_tclean::HetArrConvFunc::findAntennaSizes	Overriding PB with Airy of diam,blockage=10.7 m,0.75 m starting with antenna 0
2026-08-04 21:38:13	INFO	task_tclean::HetArrConvFunc::findConvFunction 	convolution function support: [7]ELKEY 0_0_71 actualConvInd 0 pointer 1
2026-08-04 22:04:58	WARN	task_tclean::SIImageStore::Open existing Images (file /source/casa6/casatools/src/code/synthesis/ImagerObjects/SIImageStore.cc, line 618)	 Mismatch in Csys latpoles between existing image on disk ([3.22374, 0.251613, 180, 0.251613]) and current imaging run ([184.707, 14.4164, 180, 14.4164]) : The DirectionCoordinates have differing latpoles -- Resetting to match image on disk
2026-08-04 22:04:58	WARN	task_tclean::SIImageStore::Open existing Images (file /source/casa6/casatools/src/code/synthesis/ImagerObjects/SIImageStore.cc, line 618)	 Mismatch in Csys latpoles between existing image on disk ([184.707, 14.4164, 180, 14.4164]) and current imaging run ([3.22374, 0.251613, 180, 0.251613]) : The DirectionCoordinates have differing latpoles -- Resetting to match image on disk
2026-08-04 22:05:01	INFO	task_tclean::SynthesisDeconvolver::initMinorCycle 	 Absolute Peak residual within mask : 0.000911312, over full image : 0.00143676
2026-08-04 22:05:01	INFO	tclean::::casa	Reached global stopping criterion : iteration limit
2026-08-04 22:05:01	INFO	tclean::::casa	getSummary call: fullsummary=True
2026-08-04 22:05:01	INFO	SDAlgorithmBase::restore 	[ngc4254_12m_hcop] : Restoring model image.
2026-08-04 22:05:01	INFO	SIImageStore::restore 	Getting common beam
2026-08-04 22:05:01	INFO	SIImageStore::restore 	Common Beam : 1.48726 arcsec, 1.17666 arcsec, -49.408 deg
2026-08-04 22:05:10	INFO	tclean::::casa	Searching for images with prefix 'ngc4254_12m_hcop'... Found these, writing history into them: ['ngc4254_12m_hcop.image', 'ngc4254_12m_hcop.model', 'ngc4254_12m_hcop.residual', 'ngc4254_12m_hcop.pb', 'ngc4254_12m_hcop.psf', 'ngc4254_12m_hcop.weight', 'ngc4254_12m_hcop.sumwt', 'ngc4254_12m_hcop.mask']
2026-08-04 22:05:10	INFO	tclean::::casa	Task tclean complete. Start time: 2026-08-04 21:37:21.450335 End time: 2026-08-04 22:05:10.001652
2026-08-04 22:05:10	INFO	tclean::::casa	##### End Task: tclean               #####
2026-08-04 22:05:10	INFO	tclean::::casa	##########################################
2026-08-04 22:05:10	INFO	imstat::::casa	##########################################
2026-08-04 22:05:10	INFO	imstat::::casa	##### Begin Task: imstat             #####
2026-08-04 22:05:10	INFO	imstat::::casa	imstat( imagename='ngc4254_12m_hcop.model', axes=[], region='', box='', chans='', stokes='', listit=True, verbose=True, mask='', stretch=False, logfile='', append=True, algorithm='classic', fence=-1.0, center='mean', lside=True, zscore=-1.0, maxiter=-1, clmethod='auto', niter=3 )
2026-08-04 22:05:10	INFO	imstat::CasacRegionManager::fromBCS	No directional region specified. Using full positional plane.
2026-08-04 22:05:10	INFO	imstat::CasacRegionManager::fromBCS	Using all spectral channels.
2026-08-04 22:05:10	INFO	imstat::CasacRegionManager::fromBCS	Using polarizations ALL
2026-08-04 22:05:10	INFO	imstat::image::statistics 	Determining stats for image ngc4254_12m_hcop.model
2026-08-04 22:05:10	INFO	imstat::ImageRegion::fromRecord	Selected bounding box : 
2026-08-04 22:05:10	INFO	imstat::ImageRegion::fromRecord+	    [0, 0, 0, 0] to [1023, 1151, 0, 70]  (12:18:58.409, +14.22.34.990, I, 8.85753e+10Hz to 12:18:40.805, +14.27.22.740, I, 8.83702e+10Hz)
2026-08-04 22:05:10	INFO	imstat::ImageStatsCalculator::_logStartup	Statistics calculated using Classic algorithm
2026-08-04 22:05:10	INFO	imstat::ImageStatsCalculator::_logStartup	Regions --- 
2026-08-04 22:05:10	INFO	imstat::ImageStatsCalculator::_logStartup	         -- bottom-left corner (pixel) [blc]:  [0, 0, 0, 0]
2026-08-04 22:05:10	INFO	imstat::ImageStatsCalculator::_logStartup	         -- top-right corner (pixel) [trc]:    [1023, 1151, 0, 70]
2026-08-04 22:05:10	INFO	imstat::ImageStatsCalculator::_logStartup	         -- bottom-left corner (world) [blcf]: 12:18:58.409, +14.22.34.990, I, 8.85753e+10Hz
2026-08-04 22:05:10	INFO	imstat::ImageStatsCalculator::_logStartup	         -- top-right corner (world) [trcf]:   12:18:40.805, +14.27.22.740, I, 8.83702e+10Hz
2026-08-04 22:05:12	INFO	imstat::::	Values --- 
2026-08-04 22:05:12	INFO	imstat::::	         -- number of points [npts]:                8.3755e+07
2026-08-04 22:05:12	INFO	imstat::::	         -- maximum value [max]:                    0.00134544 Jy/pixel
2026-08-04 22:05:12	INFO	imstat::::	         -- minimum value [min]:                    -0.00105499 Jy/pixel
2026-08-04 22:05:12	INFO	imstat::::	         -- position of max value (pixel) [maxpos]: [557, 562, 0, 28]
2026-08-04 22:05:12	INFO	imstat::::	         -- position of min value (pixel) [minpos]: [414, 722, 0, 62]
2026-08-04 22:05:12	INFO	imstat::::	         -- position of max value (world) [maxposf]: 12:18:48.826, +14.24.55.500, I, 8.84933e+10Hz
2026-08-04 22:05:12	INFO	imstat::::	         -- position of min value (world) [minposf]: 12:18:51.287, +14.25.35.500, I, 8.83936e+10Hz
2026-08-04 22:05:12	INFO	imstat::::	         -- Sum of pixel values [sum]:               0.257896 Jy/pixel
2026-08-04 22:05:12	INFO	imstat::::	         -- Sum of squared pixel values [sumsq]:     0.000788984 Jy/pixel.Jy/pixel
2026-08-04 22:05:12	INFO	imstat::::	Statistics --- 
2026-08-04 22:05:12	INFO	imstat::::	        -- Mean of the pixel values [mean]:         3.07917e-09 Jy/pixel
2026-08-04 22:05:12	INFO	imstat::::	        -- Variance of the pixel values :           9.42013e-12 Jy/pixel
2026-08-04 22:05:12	INFO	imstat::::	        -- Standard deviation of the Mean [sigma]:  3.06922e-06 Jy/pixel
2026-08-04 22:05:12	INFO	imstat::::	        -- Root mean square [rms]:                  3.06922e-06 Jy/pixel
2026-08-04 22:05:12	INFO	imstat::::	        -- Median of the pixel values [median]:     0 Jy/pixel
2026-08-04 22:05:12	INFO	imstat::::	        -- Median of the deviations [medabsdevmed]: 0 Jy/pixel
2026-08-04 22:05:12	INFO	imstat::::	        -- IQR [quartile]:                          0 Jy/pixel
2026-08-04 22:05:12	INFO	imstat::::	        -- First quartile [q1]:                     0 Jy/pixel
2026-08-04 22:05:12	INFO	imstat::::	        -- Third quartile [q3]:                     0 Jy/pixel
2026-08-04 22:05:12	INFO	imstat::ImageStatsCalculator::statistics	Sum column unit = Jy/pixel
2026-08-04 22:05:12	INFO	imstat::ImageStatsCalculator::statistics+	Mean column unit = Jy/pixel
2026-08-04 22:05:12	INFO	imstat::ImageStatsCalculator::statistics+	Std_dev column unit = Jy/pixel
2026-08-04 22:05:12	INFO	imstat::ImageStatsCalculator::statistics+	Minimum column unit = Jy/pixel
2026-08-04 22:05:12	INFO	imstat::ImageStatsCalculator::statistics+	Maximum column unit = Jy/pixel
2026-08-04 22:05:12	INFO	imstat::ImageStatsCalculator::statistics	Npts          Sum           Mean          Rms           Std_dev       Minimum       Maximum     
2026-08-04 22:05:12	INFO	imstat::ImageStatsCalculator::statistics	 8.375501e+07  2.578956e-01  3.079166e-09  3.069224e-06  3.069223e-06 -1.054987e-03  1.345435e-03
2026-08-04 22:05:12	INFO	imstat::::casa	Task imstat complete. Start time: 2026-08-04 22:05:10.004831 End time: 2026-08-04 22:05:11.833300
2026-08-04 22:05:12	INFO	imstat::::casa	##### End Task: imstat               #####
2026-08-04 22:05:12	INFO	imstat::::casa	##########################################
2026-08-04 22:05:28	INFO	tclean::::casa	##########################################
2026-08-04 22:05:28	INFO	tclean::::casa	##### Begin Task: tclean             #####
2026-08-04 22:05:28	INFO	tclean::::casa	tclean( vis='ngc4254_12m_hcop.ms', selectdata=True, field='', spw='', timerange='', uvrange='', antenna='', scan='', observation='', intent='', datacolumn='corrected', imagename='ngc4254_12m_hcop', imsize=[1024, 1152], cell='0.25arcsec', phasecenter='J2000 12h18m49.6s +14d24m59s', stokes='I', projection='SIN', startmodel='', specmode='cube', reffreq='', nchan=-1, start='', width='', outframe='LSRK', veltype='radio', restfreq='89.18852GHz', interpolation='linear', perchanweightdensity=True, gridder='mosaic', facets=1, psfphasecenter='', wprojplanes=1, vptable='', mosweight=True, aterm=True, psterm=False, wbawp=True, conjbeams=False, cfcache='', usepointing=False, computepastep=360.0, rotatepastep=360.0, pointingoffsetsigdev=[], pblimit=0.2, normtype='flatnoise', deconvolver='hogbom', scales=[], nterms=1, smallscalebias=0.9, fusedthreshold=0.0, largestscale=-1, restoration=True, restoringbeam='common', pbcor=False, outlierfile='', weighting='briggs', robust=0.5, noise='1.0Jy', npixels=0, uvtaper=[], niter=2840, gain=0.1, threshold='0.0003427174163530456Jy/beam', nsigma=0.0, cycleniter=300, cyclefactor=3.0, minpsffraction=0.5, maxpsffraction=0.8, interactive=False, nmajor=-1, fullsummary=True, usemask='user', mask='', pbmask=0.2, sidelobethreshold=3.0, noisethreshold=5.0, lownoisethreshold=1.5, negativethreshold=0.0, smoothfactor=1.0, minbeamfrac=0.3, cutthreshold=0.01, growiterations=75, dogrowprune=True, minpercentchange=-1.0, verbose=False, fastnoise=True, restart=True, savemodel='none', calcres=False, calcpsf=False, psfcutoff=0.35, parallel=False )
2026-08-04 22:05:28	INFO	tclean::::casa	Verifying Input Parameters
2026-08-04 22:05:28	INFO	SynthesisImagerVi2::selectData 	MS : ngc4254_12m_hcop.ms | [Opened in readonly mode]
2026-08-04 22:05:28	INFO	SynthesisImagerVi2::selectData 	  NRows selected : 5338975
2026-08-04 22:05:30	INFO	SynthesisImagerVi2::defineImage 	Define image coordinates for [ngc4254_12m_hcop] : 
2026-08-04 22:05:30	INFO	SynthesisImagerVi2::defineImage 	Define image coordinates for [ngc4254_12m_hcop] : 
2026-08-04 22:05:30	INFO	MSTransformRegridder::calcChanFreqs	 phaseCenter='Direction: [-0.965246, -0.0794707, 0.248967]'  *** Encountered negative channel widths in input spectral window.
2026-08-04 22:05:30	INFO	MSTransformRegridder::calcChanFreqs	 Channels equidistant in freq
2026-08-04 22:05:30	INFO	MSTransformRegridder::calcChanFreqs+	 Central frequency (in output frame) = 8.84728e+10 Hz
2026-08-04 22:05:30	INFO	MSTransformRegridder::calcChanFreqs+	 Channel central frequency is decreasing with increasing channel number.
2026-08-04 22:05:30	INFO	MSTransformRegridder::calcChanFreqs+	 Width of central channel (in output frame) = 2.93057e+06 Hz
2026-08-04 22:05:30	INFO	MSTransformRegridder::calcChanFreqs+	 Number of channels = 71
2026-08-04 22:05:30	INFO	MSTransformRegridder::calcChanFreqs+	 Total width of SPW (in output frame) = 2.0807e+08 Hz
2026-08-04 22:05:30	INFO	MSTransformRegridder::calcChanFreqs+	 Lower edge = 8.83687e+10 Hz, upper edge = 8.85768e+10 Hz
2026-08-04 22:05:30	INFO	SynthesisImagerVi2::defineImage 	Impars: start 
2026-08-04 22:05:30	INFO	SynthesisImagerVi2::defineImage 	Shape: [1024, 1152, 1, 71] Spectral: [8.85753e+10] at [0] with increment [-2.93057e+06]
2026-08-04 22:05:30	INFO	SynthesisImagerVi2::defineImage 	Set Gridding options for [ngc4254_12m_hcop] with ftmachine : mosaicft
2026-08-04 22:05:31	INFO	SynthesisImager::getVPRecord 	Using default Voltage Patterns from the VPManager
2026-08-04 22:05:31	INFO	VPSkyJones::VPSkyJones	PB used ALMA
2026-08-04 22:05:31	INFO	SynthesisImagerVi2::nSubCubeFitInMemory	Required memory: 10.47 GB. Available mem.: 251.3 GB (rc, mem. fraction: 80%, memory: -) => Subcubes: 1. Processes on node: 1.
2026-08-04 22:05:31	INFO	tclean::::casa	CFCache already exists
2026-08-04 22:05:31	INFO	SynthesisImagerVi2::weight() 	Set imaging weights : Briggs weighting: sidelobes will be suppressed over full image
2026-08-04 22:05:31	INFO	SynthesisImagerVi2::weight() 	Doing spectral cube Briggs weighting formula --  norm
2026-08-04 22:05:31	INFO	task_tclean::SynthesisDeconvolver::setupDeconvolution 	Set Deconvolution Options for [ngc4254_12m_hcop] : hogbom
2026-08-04 22:05:34	WARN	task_tclean::SIImageStore::Open existing Images (file /source/casa6/casatools/src/code/synthesis/ImagerObjects/SIImageStore.cc, line 618)	 Mismatch in Csys latpoles between existing image on disk ([3.22374, 0.251613, 180, 0.251613]) and current imaging run ([184.707, 14.4164, 180, 14.4164]) : The DirectionCoordinates have differing latpoles -- Resetting to match image on disk
2026-08-04 22:05:34	WARN	task_tclean::SIImageStore::Open existing Images (file /source/casa6/casatools/src/code/synthesis/ImagerObjects/SIImageStore.cc, line 618)	 Mismatch in Csys latpoles between existing image on disk ([184.707, 14.4164, 180, 14.4164]) and current imaging run ([3.22374, 0.251613, 180, 0.251613]) : The DirectionCoordinates have differing latpoles -- Resetting to match image on disk
2026-08-04 22:05:37	INFO	task_tclean::SynthesisDeconvolver::initMinorCycle 	 Absolute Peak residual within mask : 0.000911312, over full image : 0.00143676
2026-08-04 22:05:37	WARN	SIImageStore::Open existing Images (file /source/casa6/casatools/src/code/synthesis/ImagerObjects/SIImageStore.cc, line 618)	 Mismatch in Csys latpoles between existing image on disk ([3.22374, 0.251613, 180, 0.251613]) and current imaging run ([184.707, 14.4164, 180, 14.4164]) : The DirectionCoordinates have differing latpoles -- Resetting to match image on disk
2026-08-04 22:05:37	INFO	SynthesisDeconvolver::setupMask 	[ngc4254_12m_hcop] Initializing to existing mask
2026-08-04 22:05:37	INFO	SynthesisDeconvolver::setupMask 	[ngc4254_12m_hcop] Number of pixels in the clean mask : 262721 out of a total of 8.3755e+07 pixels. [ 0.313678 % ]
2026-08-04 22:05:37	WARN	SIImageStore::Open existing Images (file /source/casa6/casatools/src/code/synthesis/ImagerObjects/SIImageStore.cc, line 618)	 Mismatch in Csys latpoles between existing image on disk ([184.707, 14.4164, 180, 14.4164]) and current imaging run ([3.22374, 0.251613, 180, 0.251613]) : The DirectionCoordinates have differing latpoles -- Resetting to match image on disk
2026-08-04 22:05:38	INFO	SynthesisDeconvolver::initMinorCycle 	 Absolute Peak residual within mask : 0.000911312, over full image : 0.00143676
2026-08-04 22:05:38	INFO	tclean::::casa	Minor Cycle controls : {'cycleniter': 300, 'cyclethreshold': 0.00045565623440779746, 'loopgain': 0.10000000149011612, 'nsigma': 0.0, 'thresholdreached': False}
2026-08-04 22:05:39	INFO	SynthesisDeconvolver::executeCubeMinorCycle 	---------------------------------------------------- Run Minor Cycle Iterations  ---------------------------------------------
2026-08-04 22:05:39	WARN	SIImageStore::Open existing Images (file /source/casa6/casatools/src/code/synthesis/ImagerObjects/SIImageStore.cc, line 618)	 Mismatch in Csys latpoles between existing image on disk ([3.22374, 0.251613, 180, 0.251613]) and current imaging run ([184.707, 14.4164, 180, 14.4164]) : The DirectionCoordinates have differing latpoles -- Resetting to match image on disk
2026-08-04 22:05:39	WARN	SIImageStore::Open existing Images (file /source/casa6/casatools/src/code/synthesis/ImagerObjects/SIImageStore.cc, line 618)	 Mismatch in Csys latpoles between existing image on disk ([184.707, 14.4164, 180, 14.4164]) and current imaging run ([3.22374, 0.251613, 180, 0.251613]) : The DirectionCoordinates have differing latpoles -- Resetting to match image on disk
2026-08-04 22:05:39	INFO	SynthesisDeconvolver::setupDeconvolution 	Set Deconvolution Options for [ngc4254_12m_hcop] : hogbom
2026-08-04 22:05:39	INFO	SynthesisDeconvolver::initMinorCycle 	 Absolute Peak residual within mask : 0.000758392, over full image : 0.00138164
2026-08-04 22:05:39	INFO	CubeMinorCycleAlgorithm::task 	Processing channels in range [0, 9]
2026-08-04 22:05:39	INFO	SDAlgorithmBase::deconvolve 	[ngc4254_12m_hcop] Run Hogbom minor-cycle on 10 chans | CycleThreshold=0.000455656, CycleNiter=300, Gain=0.1
2026-08-04 22:05:39	INFO	SDAlgorithmBase::deconvolve 	[ngc4254_12m_hcop:C0] iters=0->0 [0], model=0->0, peakres=0->0, Reached cyclethreshold.
2026-08-04 22:05:39	INFO	SDAlgorithmBase::deconvolve 	[ngc4254_12m_hcop:C1] iters=0->103 [103], model=0.00712365->0.00814699, peakres=0.000556656->0.000453837, Reached cyclethreshold.
2026-08-04 22:05:40	INFO	SDAlgorithmBase::deconvolve 	[ngc4254_12m_hcop:C2] iters=103->228 [125], model=0.000732252->0.00159278, peakres=0.000557012->0.000455654, Reached cyclethreshold.
2026-08-04 22:05:40	INFO	SDAlgorithmBase::deconvolve 	[ngc4254_12m_hcop:C3] iters=228->400 [172], model=0.00216064->0.00247498, peakres=0.000556815->0.000455063, Reached cyclethreshold.
2026-08-04 22:05:40	INFO	SDAlgorithmBase::deconvolve 	[ngc4254_12m_hcop:C4] iters=400->700 [300], model=-0.00590005->-0.00938597, peakres=0.000631724->0.000467671, Reached cycleniter.
2026-08-04 22:05:41	INFO	SDAlgorithmBase::deconvolve 	[ngc4254_12m_hcop:C5] iters=700->1000 [300], model=-0.00168563->-0.000726646, peakres=0.000689202->0.000526752, Reached cycleniter.
2026-08-04 22:05:41	INFO	SDAlgorithmBase::deconvolve 	[ngc4254_12m_hcop:C6] iters=1000->1300 [300], model=-0.00188435->-0.000700351, peakres=0.000740271->0.000563456, Reached cycleniter.
2026-08-04 22:05:41	INFO	SDAlgorithmBase::deconvolve 	[ngc4254_12m_hcop:C7] iters=1300->1600 [300], model=-0.00119322->-0.0023645, peakres=0.0006828->0.000520055, Reached cycleniter.
2026-08-04 22:05:42	INFO	SDAlgorithmBase::deconvolve 	[ngc4254_12m_hcop:C8] iters=1600->1900 [300], model=0.0134697->0.0158882, peakres=0.000758392->0.000595769, Reached cycleniter.
2026-08-04 22:05:42	INFO	SDAlgorithmBase::deconvolve 	[ngc4254_12m_hcop:C9] iters=1900->2200 [300], model=-0.00279122->-0.00216463, peakres=0.000742078->0.000588765, Reached cycleniter.
2026-08-04 22:05:42	INFO	SDAlgorithmBase::deconvolve 	[ngc4254_12m_hcop] Total model flux (over all planes) : 0.0127609     Peak Residual (over all planes) : 0.000595769 in C8:P0
2026-08-04 22:05:43	INFO	SynthesisDeconvolver::setupDeconvolution 	Set Deconvolution Options for [ngc4254_12m_hcop] : hogbom
2026-08-04 22:05:44	INFO	SynthesisDeconvolver::initMinorCycle 	 Absolute Peak residual within mask : 0.000815902, over full image : 0.00138631
2026-08-04 22:05:44	INFO	CubeMinorCycleAlgorithm::task 	Processing channels in range [10, 19]
2026-08-04 22:05:44	INFO	SDAlgorithmBase::deconvolve 	[ngc4254_12m_hcop] Run Hogbom minor-cycle on 10 chans | CycleThreshold=0.000455656, CycleNiter=300, Gain=0.1
2026-08-04 22:05:44	INFO	SDAlgorithmBase::deconvolve 	[ngc4254_12m_hcop:C0] iters=0->300 [300], model=-0.00135294->-0.00306451, peakres=0.000754372->0.000603559, Reached cycleniter.
2026-08-04 22:05:44	INFO	SDAlgorithmBase::deconvolve 	[ngc4254_12m_hcop:C1] iters=300->600 [300], model=0.00339862->0.00348073, peakres=0.000730637->0.00058615, Reached cycleniter.
2026-08-04 22:05:45	INFO	SDAlgorithmBase::deconvolve 	[ngc4254_12m_hcop:C2] iters=600->900 [300], model=-0.000580775->0.000655105, peakres=0.000739165->0.000580521, Reached cycleniter.
2026-08-04 22:05:45	INFO	SDAlgorithmBase::deconvolve 	[ngc4254_12m_hcop:C3] iters=900->1200 [300], model=0.00379278->0.00460928, peakres=0.000780409->0.000620341, Reached cycleniter.
2026-08-04 22:05:46	INFO	SDAlgorithmBase::deconvolve 	[ngc4254_12m_hcop:C4] iters=1200->1500 [300], model=0.000319311->0.000138881, peakres=0.000723242->0.000567109, Reached cycleniter.
2026-08-04 22:05:46	INFO	SDAlgorithmBase::deconvolve 	[ngc4254_12m_hcop:C5] iters=1500->1800 [300], model=0.000120963->0.00171183, peakres=0.000753507->0.000605397, Reached cycleniter.
2026-08-04 22:05:46	INFO	SDAlgorithmBase::deconvolve 	[ngc4254_12m_hcop:C6] iters=1800->2100 [300], model=-0.0061544->-0.0082432, peakres=0.000748343->0.00059783, Reached cycleniter.
2026-08-04 22:05:47	INFO	SDAlgorithmBase::deconvolve 	[ngc4254_12m_hcop:C7] iters=2100->2400 [300], model=-0.00203446->0.000138576, peakres=0.000718151->0.00057588, Reached cycleniter.
2026-08-04 22:05:47	INFO	SDAlgorithmBase::deconvolve 	[ngc4254_12m_hcop:C8] iters=2400->2700 [300], model=0.00630858->0.00948015, peakres=0.000740931->0.000600153, Reached cycleniter.
2026-08-04 22:05:47	INFO	SDAlgorithmBase::deconvolve 	[ngc4254_12m_hcop:C9] iters=2700->3000 [300], model=0.00105032->0.00136088, peakres=0.000815902->0.00066233, Reached cycleniter.
2026-08-04 22:05:47	INFO	SDAlgorithmBase::deconvolve 	[ngc4254_12m_hcop] Total model flux (over all planes) : 0.0102677     Peak Residual (over all planes) : 0.00066233 in C9:P0
2026-08-04 22:05:48	INFO	SynthesisDeconvolver::setupDeconvolution 	Set Deconvolution Options for [ngc4254_12m_hcop] : hogbom
2026-08-04 22:05:49	INFO	SynthesisDeconvolver::initMinorCycle 	 Absolute Peak residual within mask : 0.000911312, over full image : 0.0013767
2026-08-04 22:05:49	INFO	CubeMinorCycleAlgorithm::task 	Processing channels in range [20, 29]
2026-08-04 22:05:49	INFO	SDAlgorithmBase::deconvolve 	[ngc4254_12m_hcop] Run Hogbom minor-cycle on 10 chans | CycleThreshold=0.000455656, CycleNiter=300, Gain=0.1
2026-08-04 22:05:50	INFO	SDAlgorithmBase::deconvolve 	[ngc4254_12m_hcop:C0] iters=0->300 [300], model=-0.000689423->-0.000197014, peakres=0.00078917->0.000644922, Reached cycleniter.
2026-08-04 22:05:50	INFO	SDAlgorithmBase::deconvolve 	[ngc4254_12m_hcop:C1] iters=300->600 [300], model=-0.00736029->-0.0107087, peakres=0.000769412->0.000641766, Reached cycleniter.
2026-08-04 22:05:50	INFO	SDAlgorithmBase::deconvolve 	[ngc4254_12m_hcop:C2] iters=600->900 [300], model=-0.00282585->-0.00672685, peakres=0.000811531->0.000675669, Reached cycleniter.
2026-08-04 22:05:51	INFO	SDAlgorithmBase::deconvolve 	[ngc4254_12m_hcop:C3] iters=900->1200 [300], model=0.00455322->0.0039621, peakres=0.000846551->0.000713607, Reached cycleniter.
2026-08-04 22:05:51	INFO	SDAlgorithmBase::deconvolve 	[ngc4254_12m_hcop:C4] iters=1200->1500 [300], model=0.00454037->0.00777204, peakres=0.000870383->0.000721611, Reached cycleniter.
2026-08-04 22:05:51	INFO	SDAlgorithmBase::deconvolve 	[ngc4254_12m_hcop:C5] iters=1500->1800 [300], model=0.0133374->0.0144592, peakres=0.000849561->0.000709638, Reached cycleniter.
2026-08-04 22:05:52	INFO	SDAlgorithmBase::deconvolve 	[ngc4254_12m_hcop:C6] iters=1800->2100 [300], model=0.0134594->0.0148726, peakres=0.000870622->0.000729717, Reached cycleniter.
2026-08-04 22:05:52	INFO	SDAlgorithmBase::deconvolve 	[ngc4254_12m_hcop:C7] iters=2100->2400 [300], model=0.00514987->0.0103334, peakres=0.000890545->0.000750336, Reached cycleniter.
2026-08-04 22:05:53	INFO	SDAlgorithmBase::deconvolve 	[ngc4254_12m_hcop:C8] iters=2400->2700 [300], model=0.00682784->0.0107125, peakres=0.000860894->0.000731419, Reached cycleniter.
2026-08-04 22:05:53	INFO	SDAlgorithmBase::deconvolve 	[ngc4254_12m_hcop:C9] iters=2700->3000 [300], model=0.0106364->0.0162671, peakres=0.000911312->0.000778894, Reached cycleniter.
2026-08-04 22:05:53	INFO	SDAlgorithmBase::deconvolve 	[ngc4254_12m_hcop] Total model flux (over all planes) : 0.0607464     Peak Residual (over all planes) : 0.000778894 in C9:P0
2026-08-04 22:05:54	INFO	SynthesisDeconvolver::setupDeconvolution 	Set Deconvolution Options for [ngc4254_12m_hcop] : hogbom
2026-08-04 22:05:55	INFO	SynthesisDeconvolver::initMinorCycle 	 Absolute Peak residual within mask : 0.000891015, over full image : 0.0013947
2026-08-04 22:05:55	INFO	CubeMinorCycleAlgorithm::task 	Processing channels in range [30, 39]
2026-08-04 22:05:55	INFO	SDAlgorithmBase::deconvolve 	[ngc4254_12m_hcop] Run Hogbom minor-cycle on 10 chans | CycleThreshold=0.000455656, CycleNiter=300, Gain=0.1
2026-08-04 22:05:55	INFO	SDAlgorithmBase::deconvolve 	[ngc4254_12m_hcop:C0] iters=0->300 [300], model=0.015089->0.0199806, peakres=0.000873914->0.000741587, Reached cycleniter.
2026-08-04 22:05:56	INFO	SDAlgorithmBase::deconvolve 	[ngc4254_12m_hcop:C1] iters=300->600 [300], model=0.016289->0.0206691, peakres=0.000891015->0.000760135, Reached cycleniter.
2026-08-04 22:05:56	INFO	SDAlgorithmBase::deconvolve 	[ngc4254_12m_hcop:C2] iters=600->900 [300], model=0.0053674->0.00556513, peakres=0.000852948->0.000723634, Reached cycleniter.
2026-08-04 22:05:56	INFO	SDAlgorithmBase::deconvolve 	[ngc4254_12m_hcop:C3] iters=900->1200 [300], model=0.0128436->0.0143767, peakres=0.000869459->0.000741881, Reached cycleniter.
2026-08-04 22:05:57	INFO	SDAlgorithmBase::deconvolve 	[ngc4254_12m_hcop:C4] iters=1200->1500 [300], model=0.0191291->0.0252377, peakres=0.000845015->0.000711436, Reached cycleniter.
2026-08-04 22:05:57	INFO	SDAlgorithmBase::deconvolve 	[ngc4254_12m_hcop:C5] iters=1500->1800 [300], model=0.00957744->0.0124205, peakres=0.000867495->0.000734593, Reached cycleniter.
2026-08-04 22:05:58	INFO	SDAlgorithmBase::deconvolve 	[ngc4254_12m_hcop:C6] iters=1800->2100 [300], model=0.0155299->0.0225376, peakres=0.000871696->0.000740232, Reached cycleniter.
2026-08-04 22:05:58	INFO	SDAlgorithmBase::deconvolve 	[ngc4254_12m_hcop:C7] iters=2100->2400 [300], model=0.014203->0.0180966, peakres=0.000877581->0.000741987, Reached cycleniter.
2026-08-04 22:05:59	INFO	SDAlgorithmBase::deconvolve 	[ngc4254_12m_hcop:C8] iters=2400->2700 [300], model=0.00749993->0.0096801, peakres=0.000883213->0.000739985, Reached cycleniter.
2026-08-04 22:05:59	INFO	SDAlgorithmBase::deconvolve 	[ngc4254_12m_hcop:C9] iters=2700->3000 [300], model=0.0156691->0.0197303, peakres=0.000887792->0.000755549, Reached cycleniter.
2026-08-04 22:05:59	INFO	SDAlgorithmBase::deconvolve 	[ngc4254_12m_hcop] Total model flux (over all planes) : 0.168294     Peak Residual (over all planes) : 0.000760135 in C1:P0
2026-08-04 22:06:00	INFO	SynthesisDeconvolver::setupDeconvolution 	Set Deconvolution Options for [ngc4254_12m_hcop] : hogbom
2026-08-04 22:06:01	INFO	SynthesisDeconvolver::initMinorCycle 	 Absolute Peak residual within mask : 0.000876226, over full image : 0.00143676
2026-08-04 22:06:01	INFO	CubeMinorCycleAlgorithm::task 	Processing channels in range [40, 49]
2026-08-04 22:06:01	INFO	SDAlgorithmBase::deconvolve 	[ngc4254_12m_hcop] Run Hogbom minor-cycle on 10 chans | CycleThreshold=0.000455656, CycleNiter=300, Gain=0.1
2026-08-04 22:06:01	INFO	SDAlgorithmBase::deconvolve 	[ngc4254_12m_hcop:C0] iters=0->300 [300], model=0.020184->0.0258788, peakres=0.000875659->0.000742103, Reached cycleniter.
2026-08-04 22:06:01	INFO	SDAlgorithmBase::deconvolve 	[ngc4254_12m_hcop:C1] iters=300->600 [300], model=0.0156039->0.0216569, peakres=0.000876226->0.000739905, Reached cycleniter.
2026-08-04 22:06:02	INFO	SDAlgorithmBase::deconvolve 	[ngc4254_12m_hcop:C2] iters=600->900 [300], model=0.0115879->0.0153457, peakres=0.000861047->0.000728853, Reached cycleniter.
2026-08-04 22:06:02	INFO	SDAlgorithmBase::deconvolve 	[ngc4254_12m_hcop:C3] iters=900->1200 [300], model=0.0112539->0.0123134, peakres=0.000823475->0.000686421, Reached cycleniter.
2026-08-04 22:06:03	INFO	SDAlgorithmBase::deconvolve 	[ngc4254_12m_hcop:C4] iters=1200->1500 [300], model=-0.00127374->-0.000918565, peakres=0.000807618->0.000674329, Reached cycleniter.
2026-08-04 22:06:03	INFO	SDAlgorithmBase::deconvolve 	[ngc4254_12m_hcop:C5] iters=1500->1800 [300], model=-0.000627212->0.00107154, peakres=0.000795818->0.00066078, Reached cycleniter.
2026-08-04 22:06:04	INFO	SDAlgorithmBase::deconvolve 	[ngc4254_12m_hcop:C6] iters=1800->2100 [300], model=-0.00438175->-0.00644561, peakres=0.000768437->0.000637865, Reached cycleniter.
2026-08-04 22:06:04	INFO	SDAlgorithmBase::deconvolve 	[ngc4254_12m_hcop:C7] iters=2100->2400 [300], model=0.00301334->0.00253699, peakres=0.000797757->0.000654423, Reached cycleniter.
2026-08-04 22:06:04	INFO	SDAlgorithmBase::deconvolve 	[ngc4254_12m_hcop:C8] iters=2400->2700 [300], model=0.000198018->0.00174188, peakres=0.00080473->0.000667096, Reached cycleniter.
2026-08-04 22:06:05	INFO	SDAlgorithmBase::deconvolve 	[ngc4254_12m_hcop:C9] iters=2700->3000 [300], model=0.000862115->0.00164225, peakres=0.000774609->0.000642462, Reached cycleniter.
2026-08-04 22:06:05	INFO	SDAlgorithmBase::deconvolve 	[ngc4254_12m_hcop] Total model flux (over all planes) : 0.0748233     Peak Residual (over all planes) : 0.000742103 in C0:P0
2026-08-04 22:06:05	INFO	SynthesisDeconvolver::setupDeconvolution 	Set Deconvolution Options for [ngc4254_12m_hcop] : hogbom
2026-08-04 22:06:06	INFO	SynthesisDeconvolver::initMinorCycle 	 Absolute Peak residual within mask : 0.000783219, over full image : 0.00138266
2026-08-04 22:06:06	INFO	CubeMinorCycleAlgorithm::task 	Processing channels in range [50, 59]
2026-08-04 22:06:06	INFO	SDAlgorithmBase::deconvolve 	[ngc4254_12m_hcop] Run Hogbom minor-cycle on 10 chans | CycleThreshold=0.000455656, CycleNiter=300, Gain=0.1
2026-08-04 22:06:07	INFO	SDAlgorithmBase::deconvolve 	[ngc4254_12m_hcop:C0] iters=0->300 [300], model=0.00339803->0.00393117, peakres=0.000769499->0.000632202, Reached cycleniter.
2026-08-04 22:06:07	INFO	SDAlgorithmBase::deconvolve 	[ngc4254_12m_hcop:C1] iters=300->600 [300], model=-0.000121113->0.000150108, peakres=0.000757681->0.000617837, Reached cycleniter.
2026-08-04 22:06:08	INFO	SDAlgorithmBase::deconvolve 	[ngc4254_12m_hcop:C2] iters=600->900 [300], model=-0.000540941->-0.000728374, peakres=0.000759326->0.000609059, Reached cycleniter.
2026-08-04 22:06:08	INFO	SDAlgorithmBase::deconvolve 	[ngc4254_12m_hcop:C3] iters=900->1200 [300], model=-0.00239812->-0.00121403, peakres=0.00078172->0.000638443, Reached cycleniter.
2026-08-04 22:06:08	INFO	SDAlgorithmBase::deconvolve 	[ngc4254_12m_hcop:C4] iters=1200->1500 [300], model=-0.00102197->-0.00204605, peakres=0.000759264->0.00061303, Reached cycleniter.
2026-08-04 22:06:08	INFO	SDAlgorithmBase::deconvolve 	[ngc4254_12m_hcop:C5] iters=1500->1800 [300], model=0.00611443->0.00547254, peakres=0.000748965->0.000602683, Reached cycleniter.
2026-08-04 22:06:09	INFO	SDAlgorithmBase::deconvolve 	[ngc4254_12m_hcop:C6] iters=1800->2100 [300], model=0.000985537->-0.00044602, peakres=0.000769025->0.000614282, Reached cycleniter.
2026-08-04 22:06:09	INFO	SDAlgorithmBase::deconvolve 	[ngc4254_12m_hcop:C7] iters=2100->2400 [300], model=-0.00386981->-0.00653029, peakres=0.000778863->0.000639958, Reached cycleniter.
2026-08-04 22:06:10	INFO	SDAlgorithmBase::deconvolve 	[ngc4254_12m_hcop:C8] iters=2400->2700 [300], model=0.00433436->0.00500314, peakres=0.000773519->0.000630525, Reached cycleniter.
2026-08-04 22:06:10	INFO	SDAlgorithmBase::deconvolve 	[ngc4254_12m_hcop:C9] iters=2700->3000 [300], model=-0.00280399->-0.00347409, peakres=0.000783219->0.000640875, Reached cycleniter.
2026-08-04 22:06:10	INFO	SDAlgorithmBase::deconvolve 	[ngc4254_12m_hcop] Total model flux (over all planes) : 0.000118099     Peak Residual (over all planes) : 0.000640875 in C9:P0
2026-08-04 22:06:11	INFO	SynthesisDeconvolver::setupDeconvolution 	Set Deconvolution Options for [ngc4254_12m_hcop] : hogbom
2026-08-04 22:06:12	INFO	SynthesisDeconvolver::initMinorCycle 	 Absolute Peak residual within mask : 0.000767868, over full image : 0.00138191
2026-08-04 22:06:12	INFO	CubeMinorCycleAlgorithm::task 	Processing channels in range [60, 69]
2026-08-04 22:06:12	INFO	SDAlgorithmBase::deconvolve 	[ngc4254_12m_hcop] Run Hogbom minor-cycle on 10 chans | CycleThreshold=0.000455656, CycleNiter=300, Gain=0.1
2026-08-04 22:06:12	INFO	SDAlgorithmBase::deconvolve 	[ngc4254_12m_hcop:C0] iters=0->300 [300], model=-0.000492755->-0.000680317, peakres=0.000767868->0.000621201, Reached cycleniter.
2026-08-04 22:06:12	INFO	SDAlgorithmBase::deconvolve 	[ngc4254_12m_hcop:C1] iters=300->600 [300], model=-0.00232081->-0.00105124, peakres=0.000765993->0.000615968, Reached cycleniter.
2026-08-04 22:06:13	INFO	SDAlgorithmBase::deconvolve 	[ngc4254_12m_hcop:C2] iters=600->900 [300], model=0.00285483->0.00208994, peakres=0.000715535->0.000564984, Reached cycleniter.
2026-08-04 22:06:13	INFO	SDAlgorithmBase::deconvolve 	[ngc4254_12m_hcop:C3] iters=900->1200 [300], model=-0.00263744->-0.00570727, peakres=0.000749096->0.000581575, Reached cycleniter.
2026-08-04 22:06:13	INFO	SDAlgorithmBase::deconvolve 	[ngc4254_12m_hcop:C4] iters=1200->1500 [300], model=-0.00126124->-0.00141454, peakres=0.000613416->0.000459277, Reached cycleniter.
2026-08-04 22:06:14	INFO	SDAlgorithmBase::deconvolve 	[ngc4254_12m_hcop:C5] iters=1500->1795 [295], model=0.00290254->0.00389371, peakres=0.000618175->0.000454899, Reached cyclethreshold.
2026-08-04 22:06:14	INFO	SDAlgorithmBase::deconvolve 	[ngc4254_12m_hcop:C6] iters=1795->2033 [238], model=-0.00388011->-0.00577325, peakres=0.000599536->0.000455596, Reached cyclethreshold.
2026-08-04 22:06:14	INFO	SDAlgorithmBase::deconvolve 	[ngc4254_12m_hcop:C7] iters=2033->2213 [180], model=0.00439297->0.00479677, peakres=0.000560966->0.000455642, Reached cyclethreshold.
2026-08-04 22:06:15	INFO	SDAlgorithmBase::deconvolve 	[ngc4254_12m_hcop:C8] iters=2213->2338 [125], model=0.0047619->0.0054431, peakres=0.000557683->0.000455277, Reached cyclethreshold.
2026-08-04 22:06:15	INFO	SDAlgorithmBase::deconvolve 	[ngc4254_12m_hcop:C9] iters=2338->2459 [121], model=0.000357415->0.000621714, peakres=0.000557049->0.00045561, Reached cyclethreshold.
2026-08-04 22:06:15	INFO	SDAlgorithmBase::deconvolve 	[ngc4254_12m_hcop] Total model flux (over all planes) : 0.00221861     Peak Residual (over all planes) : 0.000621201 in C0:P0
2026-08-04 22:06:15	INFO	SynthesisDeconvolver::setupDeconvolution 	Set Deconvolution Options for [ngc4254_12m_hcop] : hogbom
2026-08-04 22:06:16	INFO	SynthesisDeconvolver::initMinorCycle 	 Absolute Peak residual within mask : 0.000554863, over full image : 0.00137604
2026-08-04 22:06:16	INFO	CubeMinorCycleAlgorithm::task 	Processing channels in range [70, 70]
2026-08-04 22:06:16	INFO	SDAlgorithmBase::deconvolve 	[ngc4254_12m_hcop] Run Hogbom minor-cycle | CycleThreshold=0.000455656, CycleNiter=300, Gain=0.1
2026-08-04 22:06:16	INFO	SDAlgorithmBase::deconvolve 	[ngc4254_12m_hcop] iters=0->72 [72], model=-0.00100475->-0.00108725, peakres=0.000554863->0.000454033, Reached cyclethreshold.
2026-08-04 22:06:16	INFO	grpcInteractiveCleanManager::mergeCycleExecutionRecord 	Completed 19731 iterations.
2026-08-04 22:06:16	INFO	task_tclean::SynthesisImager::executeMajorCycle 	----------------------------------------------------------- Run Major Cycle 1 -------------------------------------
2026-08-04 22:06:16	INFO	task_tclean::SynthesisImagerVi2::nSubCubeFitInMemory	Required memory: 10.47 GB. Available mem.: 251.1 GB (rc, mem. fraction: 80%, memory: -) => Subcubes: 1. Processes on node: 1.
2026-08-04 22:06:16	INFO	task_tclean::SynthesisImagerVi2::selectData 	MS : ngc4254_12m_hcop.ms | [Opened in readonly mode]
2026-08-04 22:06:16	INFO	task_tclean::SynthesisImagerVi2::selectData 	  NRows selected : 5338975
2026-08-04 22:06:23	INFO	task_tclean::SynthesisImager::getVPRecord 	Using default Voltage Patterns from the VPManager
2026-08-04 22:06:23	INFO	task_tclean::VPSkyJones::VPSkyJones	PB used ALMA
2026-08-04 22:06:23	INFO	task_tclean::SynthesisImagerVi2::weight() 	Set imaging weights : Briggs weighting: sidelobes will be suppressed over full image
2026-08-04 22:06:23	INFO	task_tclean::SynthesisImagerVi2::weight() 	Doing spectral cube Briggs weighting formula --  norm
2026-08-04 22:06:23	INFO	task_tclean::SynthesisImager::tuneSelectData 	Tuning frequency data selection to match image spectral coordinates
2026-08-04 22:06:23	INFO	task_tclean::SynthesisImagerVi2::selectData 	MS : ngc4254_12m_hcop.ms | [Opened in readonly mode]
2026-08-04 22:06:23	INFO	task_tclean::SynthesisImagerVi2::selectData 	  NRows selected : 5338975
2026-08-04 22:06:25	INFO	task_tclean::SynthesisImager::executeMajorCycle 	----------------------------------------------------------- Run Major Cycle 1 -------------------------------------
2026-08-04 22:06:27	INFO	task_tclean::HetArrConvFunc::findAntennaSizes	Overriding PB with Airy of diam,blockage=10.7 m,0.75 m starting with antenna 0
2026-08-04 22:06:28	INFO	task_tclean::HetArrConvFunc::findConvFunction 	convolution function support: [7]ELKEY 0_0_71 actualConvInd 0 pointer 1
2026-08-04 22:32:55	WARN	task_tclean::SIImageStore::Open existing Images (file /source/casa6/casatools/src/code/synthesis/ImagerObjects/SIImageStore.cc, line 618)	 Mismatch in Csys latpoles between existing image on disk ([3.22374, 0.251613, 180, 0.251613]) and current imaging run ([184.707, 14.4164, 180, 14.4164]) : The DirectionCoordinates have differing latpoles -- Resetting to match image on disk
2026-08-04 22:32:55	WARN	task_tclean::SIImageStore::Open existing Images (file /source/casa6/casatools/src/code/synthesis/ImagerObjects/SIImageStore.cc, line 618)	 Mismatch in Csys latpoles between existing image on disk ([184.707, 14.4164, 180, 14.4164]) and current imaging run ([3.22374, 0.251613, 180, 0.251613]) : The DirectionCoordinates have differing latpoles -- Resetting to match image on disk
2026-08-04 22:32:57	INFO	task_tclean::SynthesisDeconvolver::initMinorCycle 	 Absolute Peak residual within mask : 0.000781451, over full image : 0.00146008
2026-08-04 22:32:57	INFO	tclean::::casa	Reached global stopping criterion : iteration limit
2026-08-04 22:32:57	INFO	tclean::::casa	getSummary call: fullsummary=True
2026-08-04 22:32:57	INFO	SDAlgorithmBase::restore 	[ngc4254_12m_hcop] : Restoring model image.
2026-08-04 22:32:57	INFO	SIImageStore::restore 	Getting common beam
2026-08-04 22:32:57	INFO	SIImageStore::restore 	Common Beam : 1.48726 arcsec, 1.17666 arcsec, -49.408 deg
2026-08-04 22:33:07	INFO	tclean::::casa	Searching for images with prefix 'ngc4254_12m_hcop'... Found these, writing history into them: ['ngc4254_12m_hcop.image', 'ngc4254_12m_hcop.model', 'ngc4254_12m_hcop.residual', 'ngc4254_12m_hcop.pb', 'ngc4254_12m_hcop.psf', 'ngc4254_12m_hcop.weight', 'ngc4254_12m_hcop.sumwt', 'ngc4254_12m_hcop.mask']
2026-08-04 22:33:07	INFO	tclean::::casa	Task tclean complete. Start time: 2026-08-04 22:05:28.062960 End time: 2026-08-04 22:33:06.825299
2026-08-04 22:33:07	INFO	tclean::::casa	##### End Task: tclean               #####
2026-08-04 22:33:07	INFO	tclean::::casa	##########################################
2026-08-04 22:33:07	INFO	imstat::::casa	##########################################
2026-08-04 22:33:07	INFO	imstat::::casa	##### Begin Task: imstat             #####
2026-08-04 22:33:07	INFO	imstat::::casa	imstat( imagename='ngc4254_12m_hcop.model', axes=[], region='', box='', chans='', stokes='', listit=True, verbose=True, mask='', stretch=False, logfile='', append=True, algorithm='classic', fence=-1.0, center='mean', lside=True, zscore=-1.0, maxiter=-1, clmethod='auto', niter=3 )
2026-08-04 22:33:07	INFO	imstat::CasacRegionManager::fromBCS	No directional region specified. Using full positional plane.
2026-08-04 22:33:07	INFO	imstat::CasacRegionManager::fromBCS	Using all spectral channels.
2026-08-04 22:33:07	INFO	imstat::CasacRegionManager::fromBCS	Using polarizations ALL
2026-08-04 22:33:07	INFO	imstat::image::statistics 	Determining stats for image ngc4254_12m_hcop.model
2026-08-04 22:33:07	INFO	imstat::ImageRegion::fromRecord	Selected bounding box : 
2026-08-04 22:33:07	INFO	imstat::ImageRegion::fromRecord+	    [0, 0, 0, 0] to [1023, 1151, 0, 70]  (12:18:58.409, +14.22.34.990, I, 8.85753e+10Hz to 12:18:40.805, +14.27.22.740, I, 8.83702e+10Hz)
2026-08-04 22:33:07	INFO	imstat::ImageStatsCalculator::_logStartup	Statistics calculated using Classic algorithm
2026-08-04 22:33:07	INFO	imstat::ImageStatsCalculator::_logStartup	Regions --- 
2026-08-04 22:33:07	INFO	imstat::ImageStatsCalculator::_logStartup	         -- bottom-left corner (pixel) [blc]:  [0, 0, 0, 0]
2026-08-04 22:33:07	INFO	imstat::ImageStatsCalculator::_logStartup	         -- top-right corner (pixel) [trc]:    [1023, 1151, 0, 70]
2026-08-04 22:33:07	INFO	imstat::ImageStatsCalculator::_logStartup	         -- bottom-left corner (world) [blcf]: 12:18:58.409, +14.22.34.990, I, 8.85753e+10Hz
2026-08-04 22:33:07	INFO	imstat::ImageStatsCalculator::_logStartup	         -- top-right corner (world) [trcf]:   12:18:40.805, +14.27.22.740, I, 8.83702e+10Hz
2026-08-04 22:33:08	INFO	imstat::::	Values --- 
2026-08-04 22:33:08	INFO	imstat::::	         -- number of points [npts]:                8.3755e+07
2026-08-04 22:33:08	INFO	imstat::::	         -- maximum value [max]:                    0.00142901 Jy/pixel
2026-08-04 22:33:08	INFO	imstat::::	         -- minimum value [min]:                    -0.00112227 Jy/pixel
2026-08-04 22:33:08	INFO	imstat::::	         -- position of max value (pixel) [maxpos]: [557, 562, 0, 28]
2026-08-04 22:33:08	INFO	imstat::::	         -- position of min value (pixel) [minpos]: [414, 722, 0, 62]
2026-08-04 22:33:08	INFO	imstat::::	         -- position of max value (world) [maxposf]: 12:18:48.826, +14.24.55.500, I, 8.84933e+10Hz
2026-08-04 22:33:08	INFO	imstat::::	         -- position of min value (world) [minposf]: 12:18:51.287, +14.25.35.500, I, 8.83936e+10Hz
2026-08-04 22:33:08	INFO	imstat::::	         -- Sum of pixel values [sum]:               0.328142 Jy/pixel
2026-08-04 22:33:08	INFO	imstat::::	         -- Sum of squared pixel values [sumsq]:     0.00132441 Jy/pixel.Jy/pixel
2026-08-04 22:33:08	INFO	imstat::::	Statistics --- 
2026-08-04 22:33:08	INFO	imstat::::	        -- Mean of the pixel values [mean]:         3.91788e-09 Jy/pixel
2026-08-04 22:33:08	INFO	imstat::::	        -- Variance of the pixel values :           1.58129e-11 Jy/pixel
2026-08-04 22:33:08	INFO	imstat::::	        -- Standard deviation of the Mean [sigma]:  3.97655e-06 Jy/pixel
2026-08-04 22:33:08	INFO	imstat::::	        -- Root mean square [rms]:                  3.97655e-06 Jy/pixel
2026-08-04 22:33:08	INFO	imstat::::	        -- Median of the pixel values [median]:     0 Jy/pixel
2026-08-04 22:33:08	INFO	imstat::::	        -- Median of the deviations [medabsdevmed]: 0 Jy/pixel
2026-08-04 22:33:08	INFO	imstat::::	        -- IQR [quartile]:                          0 Jy/pixel
2026-08-04 22:33:08	INFO	imstat::::	        -- First quartile [q1]:                     0 Jy/pixel
2026-08-04 22:33:08	INFO	imstat::::	        -- Third quartile [q3]:                     0 Jy/pixel
2026-08-04 22:33:08	INFO	imstat::ImageStatsCalculator::statistics	Sum column unit = Jy/pixel
2026-08-04 22:33:08	INFO	imstat::ImageStatsCalculator::statistics+	Mean column unit = Jy/pixel
2026-08-04 22:33:08	INFO	imstat::ImageStatsCalculator::statistics+	Std_dev column unit = Jy/pixel
2026-08-04 22:33:08	INFO	imstat::ImageStatsCalculator::statistics+	Minimum column unit = Jy/pixel
2026-08-04 22:33:08	INFO	imstat::ImageStatsCalculator::statistics+	Maximum column unit = Jy/pixel
2026-08-04 22:33:08	INFO	imstat::ImageStatsCalculator::statistics	Npts          Sum           Mean          Rms           Std_dev       Minimum       Maximum     
2026-08-04 22:33:08	INFO	imstat::ImageStatsCalculator::statistics	 8.375501e+07  3.281421e-01  3.917881e-09  3.976549e-06  3.976547e-06 -1.122265e-03  1.429007e-03
2026-08-04 22:33:08	INFO	imstat::::casa	Task imstat complete. Start time: 2026-08-04 22:33:06.828468 End time: 2026-08-04 22:33:08.460935
2026-08-04 22:33:08	INFO	imstat::::casa	##### End Task: imstat               #####
2026-08-04 22:33:08	INFO	imstat::::casa	##########################################
2026-08-04 22:33:24	INFO	tclean::::casa	##########################################
2026-08-04 22:33:24	INFO	tclean::::casa	##### Begin Task: tclean             #####
2026-08-04 22:33:24	INFO	tclean::::casa	tclean( vis='ngc4254_12m_hcop.ms', selectdata=True, field='', spw='', timerange='', uvrange='', antenna='', scan='', observation='', intent='', datacolumn='corrected', imagename='ngc4254_12m_hcop', imsize=[1024, 1152], cell='0.25arcsec', phasecenter='J2000 12h18m49.6s +14d24m59s', stokes='I', projection='SIN', startmodel='', specmode='cube', reffreq='', nchan=-1, start='', width='', outframe='LSRK', veltype='radio', restfreq='89.18852GHz', interpolation='linear', perchanweightdensity=True, gridder='mosaic', facets=1, psfphasecenter='', wprojplanes=1, vptable='', mosweight=True, aterm=True, psterm=False, wbawp=True, conjbeams=False, cfcache='', usepointing=False, computepastep=360.0, rotatepastep=360.0, pointingoffsetsigdev=[], pblimit=0.2, normtype='flatnoise', deconvolver='hogbom', scales=[], nterms=1, smallscalebias=0.9, fusedthreshold=0.0, largestscale=-1, restoration=True, restoringbeam='common', pbcor=False, outlierfile='', weighting='briggs', robust=0.5, noise='1.0Jy', npixels=0, uvtaper=[], niter=5680, gain=0.1, threshold='0.0003415458860456469Jy/beam', nsigma=0.0, cycleniter=400, cyclefactor=3.0, minpsffraction=0.5, maxpsffraction=0.8, interactive=False, nmajor=-1, fullsummary=True, usemask='user', mask='', pbmask=0.2, sidelobethreshold=3.0, noisethreshold=5.0, lownoisethreshold=1.5, negativethreshold=0.0, smoothfactor=1.0, minbeamfrac=0.3, cutthreshold=0.01, growiterations=75, dogrowprune=True, minpercentchange=-1.0, verbose=False, fastnoise=True, restart=True, savemodel='none', calcres=False, calcpsf=False, psfcutoff=0.35, parallel=False )
2026-08-04 22:33:24	INFO	tclean::::casa	Verifying Input Parameters
2026-08-04 22:33:24	INFO	SynthesisImagerVi2::selectData 	MS : ngc4254_12m_hcop.ms | [Opened in readonly mode]
2026-08-04 22:33:24	INFO	SynthesisImagerVi2::selectData 	  NRows selected : 5338975
2026-08-04 22:33:26	INFO	SynthesisImagerVi2::defineImage 	Define image coordinates for [ngc4254_12m_hcop] : 
2026-08-04 22:33:26	INFO	SynthesisImagerVi2::defineImage 	Define image coordinates for [ngc4254_12m_hcop] : 
2026-08-04 22:33:26	INFO	MSTransformRegridder::calcChanFreqs	 phaseCenter='Direction: [-0.965246, -0.0794707, 0.248967]'  *** Encountered negative channel widths in input spectral window.
2026-08-04 22:33:26	INFO	MSTransformRegridder::calcChanFreqs	 Channels equidistant in freq
2026-08-04 22:33:26	INFO	MSTransformRegridder::calcChanFreqs+	 Central frequency (in output frame) = 8.84728e+10 Hz
2026-08-04 22:33:26	INFO	MSTransformRegridder::calcChanFreqs+	 Channel central frequency is decreasing with increasing channel number.
2026-08-04 22:33:26	INFO	MSTransformRegridder::calcChanFreqs+	 Width of central channel (in output frame) = 2.93057e+06 Hz
2026-08-04 22:33:26	INFO	MSTransformRegridder::calcChanFreqs+	 Number of channels = 71
2026-08-04 22:33:26	INFO	MSTransformRegridder::calcChanFreqs+	 Total width of SPW (in output frame) = 2.0807e+08 Hz
2026-08-04 22:33:26	INFO	MSTransformRegridder::calcChanFreqs+	 Lower edge = 8.83687e+10 Hz, upper edge = 8.85768e+10 Hz
2026-08-04 22:33:26	INFO	SynthesisImagerVi2::defineImage 	Impars: start 
2026-08-04 22:33:26	INFO	SynthesisImagerVi2::defineImage 	Shape: [1024, 1152, 1, 71] Spectral: [8.85753e+10] at [0] with increment [-2.93057e+06]
2026-08-04 22:33:26	INFO	SynthesisImagerVi2::defineImage 	Set Gridding options for [ngc4254_12m_hcop] with ftmachine : mosaicft
2026-08-04 22:33:27	INFO	SynthesisImager::getVPRecord 	Using default Voltage Patterns from the VPManager
2026-08-04 22:33:27	INFO	VPSkyJones::VPSkyJones	PB used ALMA
2026-08-04 22:33:27	INFO	SynthesisImagerVi2::nSubCubeFitInMemory	Required memory: 10.47 GB. Available mem.: 251.4 GB (rc, mem. fraction: 80%, memory: -) => Subcubes: 1. Processes on node: 1.
2026-08-04 22:33:27	INFO	tclean::::casa	CFCache already exists
2026-08-04 22:33:27	INFO	SynthesisImagerVi2::weight() 	Set imaging weights : Briggs weighting: sidelobes will be suppressed over full image
2026-08-04 22:33:27	INFO	SynthesisImagerVi2::weight() 	Doing spectral cube Briggs weighting formula --  norm
2026-08-04 22:33:27	INFO	task_tclean::SynthesisDeconvolver::setupDeconvolution 	Set Deconvolution Options for [ngc4254_12m_hcop] : hogbom
2026-08-04 22:33:29	WARN	task_tclean::SIImageStore::Open existing Images (file /source/casa6/casatools/src/code/synthesis/ImagerObjects/SIImageStore.cc, line 618)	 Mismatch in Csys latpoles between existing image on disk ([3.22374, 0.251613, 180, 0.251613]) and current imaging run ([184.707, 14.4164, 180, 14.4164]) : The DirectionCoordinates have differing latpoles -- Resetting to match image on disk
2026-08-04 22:33:29	WARN	task_tclean::SIImageStore::Open existing Images (file /source/casa6/casatools/src/code/synthesis/ImagerObjects/SIImageStore.cc, line 618)	 Mismatch in Csys latpoles between existing image on disk ([184.707, 14.4164, 180, 14.4164]) and current imaging run ([3.22374, 0.251613, 180, 0.251613]) : The DirectionCoordinates have differing latpoles -- Resetting to match image on disk
2026-08-04 22:33:32	INFO	task_tclean::SynthesisDeconvolver::initMinorCycle 	 Absolute Peak residual within mask : 0.000781451, over full image : 0.00146008
2026-08-04 22:33:32	WARN	SIImageStore::Open existing Images (file /source/casa6/casatools/src/code/synthesis/ImagerObjects/SIImageStore.cc, line 618)	 Mismatch in Csys latpoles between existing image on disk ([3.22374, 0.251613, 180, 0.251613]) and current imaging run ([184.707, 14.4164, 180, 14.4164]) : The DirectionCoordinates have differing latpoles -- Resetting to match image on disk
2026-08-04 22:33:32	INFO	SynthesisDeconvolver::setupMask 	[ngc4254_12m_hcop] Initializing to existing mask
2026-08-04 22:33:32	INFO	SynthesisDeconvolver::setupMask 	[ngc4254_12m_hcop] Number of pixels in the clean mask : 262721 out of a total of 8.3755e+07 pixels. [ 0.313678 % ]
2026-08-04 22:33:33	WARN	SIImageStore::Open existing Images (file /source/casa6/casatools/src/code/synthesis/ImagerObjects/SIImageStore.cc, line 618)	 Mismatch in Csys latpoles between existing image on disk ([184.707, 14.4164, 180, 14.4164]) and current imaging run ([3.22374, 0.251613, 180, 0.251613]) : The DirectionCoordinates have differing latpoles -- Resetting to match image on disk
2026-08-04 22:33:34	INFO	SynthesisDeconvolver::initMinorCycle 	 Absolute Peak residual within mask : 0.000781451, over full image : 0.00146008
2026-08-04 22:33:34	INFO	tclean::::casa	Minor Cycle controls : {'cycleniter': 400, 'cyclethreshold': 0.0003907253558281809, 'loopgain': 0.10000000149011612, 'nsigma': 0.0, 'thresholdreached': False}
2026-08-04 22:33:34	INFO	SynthesisDeconvolver::executeCubeMinorCycle 	---------------------------------------------------- Run Minor Cycle Iterations  ---------------------------------------------
2026-08-04 22:33:34	WARN	SIImageStore::Open existing Images (file /source/casa6/casatools/src/code/synthesis/ImagerObjects/SIImageStore.cc, line 618)	 Mismatch in Csys latpoles between existing image on disk ([3.22374, 0.251613, 180, 0.251613]) and current imaging run ([184.707, 14.4164, 180, 14.4164]) : The DirectionCoordinates have differing latpoles -- Resetting to match image on disk
2026-08-04 22:33:34	WARN	SIImageStore::Open existing Images (file /source/casa6/casatools/src/code/synthesis/ImagerObjects/SIImageStore.cc, line 618)	 Mismatch in Csys latpoles between existing image on disk ([184.707, 14.4164, 180, 14.4164]) and current imaging run ([3.22374, 0.251613, 180, 0.251613]) : The DirectionCoordinates have differing latpoles -- Resetting to match image on disk
2026-08-04 22:33:34	INFO	SynthesisDeconvolver::setupDeconvolution 	Set Deconvolution Options for [ngc4254_12m_hcop] : hogbom
2026-08-04 22:33:35	INFO	SynthesisDeconvolver::initMinorCycle 	 Absolute Peak residual within mask : 0.000595999, over full image : 0.0013828
2026-08-04 22:33:35	INFO	CubeMinorCycleAlgorithm::task 	Processing channels in range [0, 9]
2026-08-04 22:33:35	INFO	SDAlgorithmBase::deconvolve 	[ngc4254_12m_hcop] Run Hogbom minor-cycle on 10 chans | CycleThreshold=0.000390725, CycleNiter=400, Gain=0.1
2026-08-04 22:33:35	INFO	SDAlgorithmBase::deconvolve 	[ngc4254_12m_hcop:C0] iters=0->0 [0], model=0->0, peakres=0->0, Reached cyclethreshold.
2026-08-04 22:33:35	INFO	SDAlgorithmBase::deconvolve 	[ngc4254_12m_hcop:C1] iters=0->88 [88], model=0.00814699->0.00829901, peakres=0.000454593->0.000390273, Reached cyclethreshold.
2026-08-04 22:33:35	INFO	SDAlgorithmBase::deconvolve 	[ngc4254_12m_hcop:C2] iters=88->215 [127], model=0.00159278->0.00214079, peakres=0.000456418->0.000390631, Reached cyclethreshold.
2026-08-04 22:33:35	INFO	SDAlgorithmBase::deconvolve 	[ngc4254_12m_hcop:C3] iters=215->382 [167], model=0.00247498->0.00227739, peakres=0.000454962->0.000390144, Reached cyclethreshold.
2026-08-04 22:33:36	INFO	SDAlgorithmBase::deconvolve 	[ngc4254_12m_hcop:C4] iters=382->605 [223], model=-0.00938597->-0.010803, peakres=0.00046729->0.000390701, Reached cyclethreshold.
2026-08-04 22:33:36	INFO	SDAlgorithmBase::deconvolve 	[ngc4254_12m_hcop:C5] iters=605->1005 [400], model=-0.000726646->-0.0001576, peakres=0.000527408->0.000405822, Reached cycleniter.
2026-08-04 22:33:37	INFO	SDAlgorithmBase::deconvolve 	[ngc4254_12m_hcop:C6] iters=1005->1405 [400], model=-0.000700351->0.00076226, peakres=0.000565572->0.000435124, Reached cycleniter.
2026-08-04 22:33:37	INFO	SDAlgorithmBase::deconvolve 	[ngc4254_12m_hcop:C7] iters=1405->1805 [400], model=-0.0023645->-0.00221985, peakres=0.000520553->0.000408918, Reached cycleniter.
2026-08-04 22:33:38	INFO	SDAlgorithmBase::deconvolve 	[ngc4254_12m_hcop:C8] iters=1805->2205 [400], model=0.0158882->0.0176458, peakres=0.000595999->0.000461564, Reached cycleniter.
2026-08-04 22:33:38	INFO	SDAlgorithmBase::deconvolve 	[ngc4254_12m_hcop:C9] iters=2205->2605 [400], model=-0.00216463->-0.00123019, peakres=0.000590567->0.000455391, Reached cycleniter.
2026-08-04 22:33:38	INFO	SDAlgorithmBase::deconvolve 	[ngc4254_12m_hcop] Total model flux (over all planes) : 0.0167146     Peak Residual (over all planes) : 0.000461564 in C8:P0
2026-08-04 22:33:39	INFO	SynthesisDeconvolver::setupDeconvolution 	Set Deconvolution Options for [ngc4254_12m_hcop] : hogbom
2026-08-04 22:33:39	INFO	SynthesisDeconvolver::initMinorCycle 	 Absolute Peak residual within mask : 0.000663128, over full image : 0.00139314
2026-08-04 22:33:39	INFO	CubeMinorCycleAlgorithm::task 	Processing channels in range [10, 19]
2026-08-04 22:33:39	INFO	SDAlgorithmBase::deconvolve 	[ngc4254_12m_hcop] Run Hogbom minor-cycle on 10 chans | CycleThreshold=0.000390725, CycleNiter=400, Gain=0.1
2026-08-04 22:33:40	INFO	SDAlgorithmBase::deconvolve 	[ngc4254_12m_hcop:C0] iters=0->400 [400], model=-0.00306452->-0.0035566, peakres=0.000604758->0.000478301, Reached cycleniter.
2026-08-04 22:33:41	INFO	SDAlgorithmBase::deconvolve 	[ngc4254_12m_hcop:C1] iters=400->800 [400], model=0.00348073->0.00442614, peakres=0.000587232->0.000466841, Reached cycleniter.
2026-08-04 22:33:41	INFO	SDAlgorithmBase::deconvolve 	[ngc4254_12m_hcop:C2] iters=800->1200 [400], model=0.000655105->0.000924813, peakres=0.000583798->0.000458465, Reached cycleniter.
2026-08-04 22:33:42	INFO	SDAlgorithmBase::deconvolve 	[ngc4254_12m_hcop:C3] iters=1200->1600 [400], model=0.00460928->0.00619035, peakres=0.000621911->0.000492433, Reached cycleniter.
2026-08-04 22:33:42	INFO	SDAlgorithmBase::deconvolve 	[ngc4254_12m_hcop:C4] iters=1600->2000 [400], model=0.000138882->-0.000315398, peakres=0.000568369->0.000450697, Reached cycleniter.
2026-08-04 22:33:42	INFO	SDAlgorithmBase::deconvolve 	[ngc4254_12m_hcop:C5] iters=2000->2400 [400], model=0.00171183->0.00348546, peakres=0.000607442->0.000478002, Reached cycleniter.
2026-08-04 22:33:43	INFO	SDAlgorithmBase::deconvolve 	[ngc4254_12m_hcop:C6] iters=2400->2800 [400], model=-0.0082432->-0.00973458, peakres=0.000599729->0.000469776, Reached cycleniter.
2026-08-04 22:33:43	INFO	SDAlgorithmBase::deconvolve 	[ngc4254_12m_hcop:C7] iters=2800->3200 [400], model=0.000138575->0.0015088, peakres=0.000577028->0.000462086, Reached cycleniter.
2026-08-04 22:33:44	INFO	SDAlgorithmBase::deconvolve 	[ngc4254_12m_hcop:C8] iters=3200->3600 [400], model=0.00948015->0.01253, peakres=0.000603488->0.000480507, Reached cycleniter.
2026-08-04 22:33:44	INFO	SDAlgorithmBase::deconvolve 	[ngc4254_12m_hcop:C9] iters=3600->4000 [400], model=0.00136088->0.00258232, peakres=0.000663128->0.000530984, Reached cycleniter.
2026-08-04 22:33:44	INFO	SDAlgorithmBase::deconvolve 	[ngc4254_12m_hcop] Total model flux (over all planes) : 0.0180413     Peak Residual (over all planes) : 0.000530984 in C9:P0
2026-08-04 22:33:45	INFO	SynthesisDeconvolver::setupDeconvolution 	Set Deconvolution Options for [ngc4254_12m_hcop] : hogbom
2026-08-04 22:33:46	INFO	SynthesisDeconvolver::initMinorCycle 	 Absolute Peak residual within mask : 0.000781451, over full image : 0.00138037
2026-08-04 22:33:46	INFO	CubeMinorCycleAlgorithm::task 	Processing channels in range [20, 29]
2026-08-04 22:33:46	INFO	SDAlgorithmBase::deconvolve 	[ngc4254_12m_hcop] Run Hogbom minor-cycle on 10 chans | CycleThreshold=0.000390725, CycleNiter=400, Gain=0.1
2026-08-04 22:33:46	INFO	SDAlgorithmBase::deconvolve 	[ngc4254_12m_hcop:C0] iters=0->400 [400], model=-0.000197014->0.000103652, peakres=0.000646051->0.000525119, Reached cycleniter.
2026-08-04 22:33:47	INFO	SDAlgorithmBase::deconvolve 	[ngc4254_12m_hcop:C1] iters=400->800 [400], model=-0.0107087->-0.0142672, peakres=0.000641846->0.000529391, Reached cycleniter.
2026-08-04 22:33:47	INFO	SDAlgorithmBase::deconvolve 	[ngc4254_12m_hcop:C2] iters=800->1200 [400], model=-0.00672685->-0.00933779, peakres=0.000676729->0.000552963, Reached cycleniter.
2026-08-04 22:33:48	INFO	SDAlgorithmBase::deconvolve 	[ngc4254_12m_hcop:C3] iters=1200->1600 [400], model=0.0039621->0.0041787, peakres=0.000715697->0.000592615, Reached cycleniter.
2026-08-04 22:33:48	INFO	SDAlgorithmBase::deconvolve 	[ngc4254_12m_hcop:C4] iters=1600->2000 [400], model=0.00777204->0.00923213, peakres=0.000723909->0.000599435, Reached cycleniter.
2026-08-04 22:33:49	INFO	SDAlgorithmBase::deconvolve 	[ngc4254_12m_hcop:C5] iters=2000->2400 [400], model=0.0144592->0.0163359, peakres=0.000710763->0.000582971, Reached cycleniter.
2026-08-04 22:33:49	INFO	SDAlgorithmBase::deconvolve 	[ngc4254_12m_hcop:C6] iters=2400->2800 [400], model=0.0148726->0.0183224, peakres=0.00073048->0.00061693, Reached cycleniter.
2026-08-04 22:33:50	INFO	SDAlgorithmBase::deconvolve 	[ngc4254_12m_hcop:C7] iters=2800->3200 [400], model=0.0103334->0.0146073, peakres=0.00075229->0.000641325, Reached cycleniter.
2026-08-04 22:33:50	INFO	SDAlgorithmBase::deconvolve 	[ngc4254_12m_hcop:C8] iters=3200->3600 [400], model=0.0107125->0.015185, peakres=0.000732631->0.000617551, Reached cycleniter.
2026-08-04 22:33:51	INFO	SDAlgorithmBase::deconvolve 	[ngc4254_12m_hcop:C9] iters=3600->4000 [400], model=0.0162671->0.0202578, peakres=0.000781451->0.000668054, Reached cycleniter.
2026-08-04 22:33:51	INFO	SDAlgorithmBase::deconvolve 	[ngc4254_12m_hcop] Total model flux (over all planes) : 0.0746179     Peak Residual (over all planes) : 0.000668054 in C9:P0
2026-08-04 22:33:51	INFO	SynthesisDeconvolver::setupDeconvolution 	Set Deconvolution Options for [ngc4254_12m_hcop] : hogbom
2026-08-04 22:33:52	INFO	SynthesisDeconvolver::initMinorCycle 	 Absolute Peak residual within mask : 0.000760992, over full image : 0.00140633
2026-08-04 22:33:52	INFO	CubeMinorCycleAlgorithm::task 	Processing channels in range [30, 39]
2026-08-04 22:33:52	INFO	SDAlgorithmBase::deconvolve 	[ngc4254_12m_hcop] Run Hogbom minor-cycle on 10 chans | CycleThreshold=0.000390725, CycleNiter=400, Gain=0.1
2026-08-04 22:33:53	INFO	SDAlgorithmBase::deconvolve 	[ngc4254_12m_hcop:C0] iters=0->400 [400], model=0.0199806->0.0241411, peakres=0.000742711->0.000630845, Reached cycleniter.
2026-08-04 22:33:53	INFO	SDAlgorithmBase::deconvolve 	[ngc4254_12m_hcop:C1] iters=400->800 [400], model=0.0206691->0.0239914, peakres=0.000760992->0.000650588, Reached cycleniter.
2026-08-04 22:33:54	INFO	SDAlgorithmBase::deconvolve 	[ngc4254_12m_hcop:C2] iters=800->1200 [400], model=0.00556513->0.00538583, peakres=0.000725696->0.000619763, Reached cycleniter.
2026-08-04 22:33:54	INFO	SDAlgorithmBase::deconvolve 	[ngc4254_12m_hcop:C3] iters=1200->1600 [400], model=0.0143767->0.017795, peakres=0.000742877->0.000631376, Reached cycleniter.
2026-08-04 22:33:55	INFO	SDAlgorithmBase::deconvolve 	[ngc4254_12m_hcop:C4] iters=1600->2000 [400], model=0.0252377->0.0322239, peakres=0.000712126->0.000600254, Reached cycleniter.
2026-08-04 22:33:55	INFO	SDAlgorithmBase::deconvolve 	[ngc4254_12m_hcop:C5] iters=2000->2400 [400], model=0.0124205->0.0154913, peakres=0.000736338->0.000620967, Reached cycleniter.
2026-08-04 22:33:56	INFO	SDAlgorithmBase::deconvolve 	[ngc4254_12m_hcop:C6] iters=2400->2800 [400], model=0.0225377->0.0296756, peakres=0.000742976->0.000627946, Reached cycleniter.
2026-08-04 22:33:56	INFO	SDAlgorithmBase::deconvolve 	[ngc4254_12m_hcop:C7] iters=2800->3200 [400], model=0.0180966->0.0216284, peakres=0.000743241->0.000636377, Reached cycleniter.
2026-08-04 22:33:57	INFO	SDAlgorithmBase::deconvolve 	[ngc4254_12m_hcop:C8] iters=3200->3600 [400], model=0.00968012->0.0129746, peakres=0.000741339->0.000628627, Reached cycleniter.
2026-08-04 22:33:57	INFO	SDAlgorithmBase::deconvolve 	[ngc4254_12m_hcop:C9] iters=3600->4000 [400], model=0.0197303->0.0245137, peakres=0.000756625->0.000652945, Reached cycleniter.
2026-08-04 22:33:57	INFO	SDAlgorithmBase::deconvolve 	[ngc4254_12m_hcop] Total model flux (over all planes) : 0.207821     Peak Residual (over all planes) : 0.000652945 in C9:P0
2026-08-04 22:33:58	INFO	SynthesisDeconvolver::setupDeconvolution 	Set Deconvolution Options for [ngc4254_12m_hcop] : hogbom
2026-08-04 22:33:59	INFO	SynthesisDeconvolver::initMinorCycle 	 Absolute Peak residual within mask : 0.00074429, over full image : 0.00146008
2026-08-04 22:33:59	INFO	CubeMinorCycleAlgorithm::task 	Processing channels in range [40, 49]
2026-08-04 22:33:59	INFO	SDAlgorithmBase::deconvolve 	[ngc4254_12m_hcop] Run Hogbom minor-cycle on 10 chans | CycleThreshold=0.000390725, CycleNiter=400, Gain=0.1
2026-08-04 22:33:59	INFO	SDAlgorithmBase::deconvolve 	[ngc4254_12m_hcop:C0] iters=0->400 [400], model=0.0258788->0.0319765, peakres=0.00074429->0.000627153, Reached cycleniter.
2026-08-04 22:34:00	INFO	SDAlgorithmBase::deconvolve 	[ngc4254_12m_hcop:C1] iters=400->800 [400], model=0.021657->0.0259458, peakres=0.000740605->0.000630356, Reached cycleniter.
2026-08-04 22:34:01	INFO	SDAlgorithmBase::deconvolve 	[ngc4254_12m_hcop:C2] iters=800->1200 [400], model=0.0153457->0.017698, peakres=0.000729016->0.000619616, Reached cycleniter.
2026-08-04 22:34:01	INFO	SDAlgorithmBase::deconvolve 	[ngc4254_12m_hcop:C3] iters=1200->1600 [400], model=0.0123134->0.0137677, peakres=0.00068677->0.000566389, Reached cycleniter.
2026-08-04 22:34:01	INFO	SDAlgorithmBase::deconvolve 	[ngc4254_12m_hcop:C4] iters=1600->2000 [400], model=-0.000918566->0.000366412, peakres=0.00067649->0.000558079, Reached cycleniter.
2026-08-04 22:34:02	INFO	SDAlgorithmBase::deconvolve 	[ngc4254_12m_hcop:C5] iters=2000->2400 [400], model=0.00107154->0.00234546, peakres=0.000661201->0.000548546, Reached cycleniter.
2026-08-04 22:34:02	INFO	SDAlgorithmBase::deconvolve 	[ngc4254_12m_hcop:C6] iters=2400->2800 [400], model=-0.00644561->-0.00827155, peakres=0.000639393->0.000518462, Reached cycleniter.
2026-08-04 22:34:03	INFO	SDAlgorithmBase::deconvolve 	[ngc4254_12m_hcop:C7] iters=2800->3200 [400], model=0.00253699->0.00190314, peakres=0.000655336->0.0005266, Reached cycleniter.
2026-08-04 22:34:03	INFO	SDAlgorithmBase::deconvolve 	[ngc4254_12m_hcop:C8] iters=3200->3600 [400], model=0.00174188->0.00245765, peakres=0.000668954->0.000535955, Reached cycleniter.
2026-08-04 22:34:04	INFO	SDAlgorithmBase::deconvolve 	[ngc4254_12m_hcop:C9] iters=3600->4000 [400], model=0.00164225->0.00201631, peakres=0.000645305->0.000524376, Reached cycleniter.
2026-08-04 22:34:04	INFO	SDAlgorithmBase::deconvolve 	[ngc4254_12m_hcop] Total model flux (over all planes) : 0.0902055     Peak Residual (over all planes) : 0.000630356 in C1:P0
2026-08-04 22:34:05	INFO	SynthesisDeconvolver::setupDeconvolution 	Set Deconvolution Options for [ngc4254_12m_hcop] : hogbom
2026-08-04 22:34:06	INFO	SynthesisDeconvolver::initMinorCycle 	 Absolute Peak residual within mask : 0.000641882, over full image : 0.00139278
2026-08-04 22:34:06	INFO	CubeMinorCycleAlgorithm::task 	Processing channels in range [50, 59]
2026-08-04 22:34:06	INFO	SDAlgorithmBase::deconvolve 	[ngc4254_12m_hcop] Run Hogbom minor-cycle on 10 chans | CycleThreshold=0.000390725, CycleNiter=400, Gain=0.1
2026-08-04 22:34:06	INFO	SDAlgorithmBase::deconvolve 	[ngc4254_12m_hcop:C0] iters=0->400 [400], model=0.00393117->0.00491812, peakres=0.000633431->0.00051091, Reached cycleniter.
2026-08-04 22:34:06	INFO	SDAlgorithmBase::deconvolve 	[ngc4254_12m_hcop:C1] iters=400->800 [400], model=0.000150109->0.00123514, peakres=0.000619325->0.000498429, Reached cycleniter.
2026-08-04 22:34:07	INFO	SDAlgorithmBase::deconvolve 	[ngc4254_12m_hcop:C2] iters=800->1200 [400], model=-0.000728374->8.8366e-05, peakres=0.000611649->0.000489594, Reached cycleniter.
2026-08-04 22:34:07	INFO	SDAlgorithmBase::deconvolve 	[ngc4254_12m_hcop:C3] iters=1200->1600 [400], model=-0.00121403->-0.00022104, peakres=0.000638532->0.000515861, Reached cycleniter.
2026-08-04 22:34:08	INFO	SDAlgorithmBase::deconvolve 	[ngc4254_12m_hcop:C4] iters=1600->2000 [400], model=-0.00204605->-0.00254056, peakres=0.000614282->0.000487084, Reached cycleniter.
2026-08-04 22:34:09	INFO	SDAlgorithmBase::deconvolve 	[ngc4254_12m_hcop:C5] iters=2000->2400 [400], model=0.00547254->0.00584723, peakres=0.00060436->0.000482532, Reached cycleniter.
2026-08-04 22:34:09	INFO	SDAlgorithmBase::deconvolve 	[ngc4254_12m_hcop:C6] iters=2400->2800 [400], model=-0.000446019->-0.00116449, peakres=0.00061591->0.000484416, Reached cycleniter.
2026-08-04 22:34:09	INFO	SDAlgorithmBase::deconvolve 	[ngc4254_12m_hcop:C7] iters=2800->3200 [400], model=-0.00653029->-0.00906764, peakres=0.000639968->0.000516677, Reached cycleniter.
2026-08-04 22:34:10	INFO	SDAlgorithmBase::deconvolve 	[ngc4254_12m_hcop:C8] iters=3200->3600 [400], model=0.00500314->0.00576037, peakres=0.000633445->0.000510988, Reached cycleniter.
2026-08-04 22:34:10	INFO	SDAlgorithmBase::deconvolve 	[ngc4254_12m_hcop:C9] iters=3600->4000 [400], model=-0.00347409->-0.00399518, peakres=0.000641882->0.000517705, Reached cycleniter.
2026-08-04 22:34:10	INFO	SDAlgorithmBase::deconvolve 	[ngc4254_12m_hcop] Total model flux (over all planes) : 0.000860309     Peak Residual (over all planes) : 0.000517705 in C9:P0
2026-08-04 22:34:11	INFO	SynthesisDeconvolver::setupDeconvolution 	Set Deconvolution Options for [ngc4254_12m_hcop] : hogbom
2026-08-04 22:34:12	INFO	SynthesisDeconvolver::initMinorCycle 	 Absolute Peak residual within mask : 0.00062159, over full image : 0.00138465
2026-08-04 22:34:12	INFO	CubeMinorCycleAlgorithm::task 	Processing channels in range [60, 69]
2026-08-04 22:34:12	INFO	SDAlgorithmBase::deconvolve 	[ngc4254_12m_hcop] Run Hogbom minor-cycle on 10 chans | CycleThreshold=0.000390725, CycleNiter=400, Gain=0.1
2026-08-04 22:34:13	INFO	SDAlgorithmBase::deconvolve 	[ngc4254_12m_hcop:C0] iters=0->400 [400], model=-0.000680317->-0.00031592, peakres=0.00062159->0.000497366, Reached cycleniter.
2026-08-04 22:34:13	INFO	SDAlgorithmBase::deconvolve 	[ngc4254_12m_hcop:C1] iters=400->800 [400], model=-0.00105124->0.000231835, peakres=0.000618087->0.000493697, Reached cycleniter.
2026-08-04 22:34:13	INFO	SDAlgorithmBase::deconvolve 	[ngc4254_12m_hcop:C2] iters=800->1200 [400], model=0.00208994->0.00162012, peakres=0.000566888->0.000446897, Reached cycleniter.
2026-08-04 22:34:14	INFO	SDAlgorithmBase::deconvolve 	[ngc4254_12m_hcop:C3] iters=1200->1600 [400], model=-0.00570727->-0.00921789, peakres=0.000583407->0.000446906, Reached cycleniter.
2026-08-04 22:34:14	INFO	SDAlgorithmBase::deconvolve 	[ngc4254_12m_hcop:C4] iters=1600->1838 [238], model=-0.00141454->-0.00148213, peakres=0.00046028->0.000390586, Reached cyclethreshold.
2026-08-04 22:34:14	INFO	SDAlgorithmBase::deconvolve 	[ngc4254_12m_hcop:C5] iters=1838->2043 [205], model=0.00389371->0.00419871, peakres=0.000455533->0.000390377, Reached cyclethreshold.
2026-08-04 22:34:15	INFO	SDAlgorithmBase::deconvolve 	[ngc4254_12m_hcop:C6] iters=2043->2230 [187], model=-0.00577325->-0.00665907, peakres=0.00045644->0.000390707, Reached cyclethreshold.
2026-08-04 22:34:15	INFO	SDAlgorithmBase::deconvolve 	[ngc4254_12m_hcop:C7] iters=2230->2397 [167], model=0.00479677->0.00535136, peakres=0.000455773->0.000390719, Reached cyclethreshold.
2026-08-04 22:34:15	INFO	SDAlgorithmBase::deconvolve 	[ngc4254_12m_hcop:C8] iters=2397->2518 [121], model=0.0054431->0.00575439, peakres=0.000455694->0.000390213, Reached cyclethreshold.
2026-08-04 22:34:15	INFO	SDAlgorithmBase::deconvolve 	[ngc4254_12m_hcop:C9] iters=2518->2628 [110], model=0.000621713->0.0011172, peakres=0.00045615->0.000390649, Reached cyclethreshold.
2026-08-04 22:34:15	INFO	SDAlgorithmBase::deconvolve 	[ngc4254_12m_hcop] Total model flux (over all planes) : 0.000598592     Peak Residual (over all planes) : 0.000497366 in C0:P0
2026-08-04 22:34:16	INFO	SynthesisDeconvolver::setupDeconvolution 	Set Deconvolution Options for [ngc4254_12m_hcop] : hogbom
2026-08-04 22:34:16	INFO	SynthesisDeconvolver::initMinorCycle 	 Absolute Peak residual within mask : 0.000454732, over full image : 0.00137673
2026-08-04 22:34:16	INFO	CubeMinorCycleAlgorithm::task 	Processing channels in range [70, 70]
2026-08-04 22:34:16	INFO	SDAlgorithmBase::deconvolve 	[ngc4254_12m_hcop] Run Hogbom minor-cycle | CycleThreshold=0.000390725, CycleNiter=400, Gain=0.1
2026-08-04 22:34:16	INFO	SDAlgorithmBase::deconvolve 	[ngc4254_12m_hcop] iters=0->73 [73], model=-0.00108725->-0.0014587, peakres=0.000454732->0.000389806, Reached cyclethreshold.
2026-08-04 22:34:16	INFO	grpcInteractiveCleanManager::mergeCycleExecutionRecord 	Completed 25306 iterations.
2026-08-04 22:34:16	INFO	task_tclean::SynthesisImager::executeMajorCycle 	----------------------------------------------------------- Run Major Cycle 1 -------------------------------------
2026-08-04 22:34:16	INFO	task_tclean::SynthesisImagerVi2::nSubCubeFitInMemory	Required memory: 10.47 GB. Available mem.: 251.5 GB (rc, mem. fraction: 80%, memory: -) => Subcubes: 1. Processes on node: 1.
2026-08-04 22:34:16	INFO	task_tclean::SynthesisImagerVi2::selectData 	MS : ngc4254_12m_hcop.ms | [Opened in readonly mode]
2026-08-04 22:34:17	INFO	task_tclean::SynthesisImagerVi2::selectData 	  NRows selected : 5338975
2026-08-04 22:34:23	INFO	task_tclean::SynthesisImager::getVPRecord 	Using default Voltage Patterns from the VPManager
2026-08-04 22:34:23	INFO	task_tclean::VPSkyJones::VPSkyJones	PB used ALMA
2026-08-04 22:34:23	INFO	task_tclean::SynthesisImagerVi2::weight() 	Set imaging weights : Briggs weighting: sidelobes will be suppressed over full image
2026-08-04 22:34:23	INFO	task_tclean::SynthesisImagerVi2::weight() 	Doing spectral cube Briggs weighting formula --  norm
2026-08-04 22:34:23	INFO	task_tclean::SynthesisImager::tuneSelectData 	Tuning frequency data selection to match image spectral coordinates
2026-08-04 22:34:23	INFO	task_tclean::SynthesisImagerVi2::selectData 	MS : ngc4254_12m_hcop.ms | [Opened in readonly mode]
2026-08-04 22:34:23	INFO	task_tclean::SynthesisImagerVi2::selectData 	  NRows selected : 5338975
2026-08-04 22:34:24	INFO	task_tclean::SynthesisImager::executeMajorCycle 	----------------------------------------------------------- Run Major Cycle 1 -------------------------------------
2026-08-04 22:34:27	INFO	task_tclean::HetArrConvFunc::findAntennaSizes	Overriding PB with Airy of diam,blockage=10.7 m,0.75 m starting with antenna 0
2026-08-04 22:34:27	INFO	task_tclean::HetArrConvFunc::findConvFunction 	convolution function support: [7]ELKEY 0_0_71 actualConvInd 0 pointer 1
2026-08-04 23:00:46	WARN	task_tclean::SIImageStore::Open existing Images (file /source/casa6/casatools/src/code/synthesis/ImagerObjects/SIImageStore.cc, line 618)	 Mismatch in Csys latpoles between existing image on disk ([3.22374, 0.251613, 180, 0.251613]) and current imaging run ([184.707, 14.4164, 180, 14.4164]) : The DirectionCoordinates have differing latpoles -- Resetting to match image on disk
2026-08-04 23:00:46	WARN	task_tclean::SIImageStore::Open existing Images (file /source/casa6/casatools/src/code/synthesis/ImagerObjects/SIImageStore.cc, line 618)	 Mismatch in Csys latpoles between existing image on disk ([184.707, 14.4164, 180, 14.4164]) and current imaging run ([3.22374, 0.251613, 180, 0.251613]) : The DirectionCoordinates have differing latpoles -- Resetting to match image on disk
2026-08-04 23:00:49	INFO	task_tclean::SynthesisDeconvolver::initMinorCycle 	 Absolute Peak residual within mask : 0.000669211, over full image : 0.00148354
2026-08-04 23:00:49	INFO	tclean::::casa	Reached global stopping criterion : iteration limit
2026-08-04 23:00:49	INFO	tclean::::casa	getSummary call: fullsummary=True
2026-08-04 23:00:49	INFO	SDAlgorithmBase::restore 	[ngc4254_12m_hcop] : Restoring model image.
2026-08-04 23:00:49	INFO	SIImageStore::restore 	Getting common beam
2026-08-04 23:00:49	INFO	SIImageStore::restore 	Common Beam : 1.48726 arcsec, 1.17666 arcsec, -49.408 deg
2026-08-04 23:00:58	INFO	tclean::::casa	Searching for images with prefix 'ngc4254_12m_hcop'... Found these, writing history into them: ['ngc4254_12m_hcop.image', 'ngc4254_12m_hcop.model', 'ngc4254_12m_hcop.residual', 'ngc4254_12m_hcop.pb', 'ngc4254_12m_hcop.psf', 'ngc4254_12m_hcop.weight', 'ngc4254_12m_hcop.sumwt', 'ngc4254_12m_hcop.mask']
2026-08-04 23:00:59	INFO	tclean::::casa	Task tclean complete. Start time: 2026-08-04 22:33:24.039800 End time: 2026-08-04 23:00:58.513080
2026-08-04 23:00:59	INFO	tclean::::casa	##### End Task: tclean               #####
2026-08-04 23:00:59	INFO	tclean::::casa	##########################################
2026-08-04 23:00:59	INFO	imstat::::casa	##########################################
2026-08-04 23:00:59	INFO	imstat::::casa	##### Begin Task: imstat             #####
2026-08-04 23:00:59	INFO	imstat::::casa	imstat( imagename='ngc4254_12m_hcop.model', axes=[], region='', box='', chans='', stokes='', listit=True, verbose=True, mask='', stretch=False, logfile='', append=True, algorithm='classic', fence=-1.0, center='mean', lside=True, zscore=-1.0, maxiter=-1, clmethod='auto', niter=3 )
2026-08-04 23:00:59	INFO	imstat::CasacRegionManager::fromBCS	No directional region specified. Using full positional plane.
2026-08-04 23:00:59	INFO	imstat::CasacRegionManager::fromBCS	Using all spectral channels.
2026-08-04 23:00:59	INFO	imstat::CasacRegionManager::fromBCS	Using polarizations ALL
2026-08-04 23:00:59	INFO	imstat::image::statistics 	Determining stats for image ngc4254_12m_hcop.model
2026-08-04 23:00:59	INFO	imstat::ImageRegion::fromRecord	Selected bounding box : 
2026-08-04 23:00:59	INFO	imstat::ImageRegion::fromRecord+	    [0, 0, 0, 0] to [1023, 1151, 0, 70]  (12:18:58.409, +14.22.34.990, I, 8.85753e+10Hz to 12:18:40.805, +14.27.22.740, I, 8.83702e+10Hz)
2026-08-04 23:00:59	INFO	imstat::ImageStatsCalculator::_logStartup	Statistics calculated using Classic algorithm
2026-08-04 23:00:59	INFO	imstat::ImageStatsCalculator::_logStartup	Regions --- 
2026-08-04 23:00:59	INFO	imstat::ImageStatsCalculator::_logStartup	         -- bottom-left corner (pixel) [blc]:  [0, 0, 0, 0]
2026-08-04 23:00:59	INFO	imstat::ImageStatsCalculator::_logStartup	         -- top-right corner (pixel) [trc]:    [1023, 1151, 0, 70]
2026-08-04 23:00:59	INFO	imstat::ImageStatsCalculator::_logStartup	         -- bottom-left corner (world) [blcf]: 12:18:58.409, +14.22.34.990, I, 8.85753e+10Hz
2026-08-04 23:00:59	INFO	imstat::ImageStatsCalculator::_logStartup	         -- top-right corner (world) [trcf]:   12:18:40.805, +14.27.22.740, I, 8.83702e+10Hz
2026-08-04 23:01:00	INFO	imstat::::	Values --- 
2026-08-04 23:01:00	INFO	imstat::::	         -- number of points [npts]:                8.3755e+07
2026-08-04 23:01:00	INFO	imstat::::	         -- maximum value [max]:                    0.00156701 Jy/pixel
2026-08-04 23:01:00	INFO	imstat::::	         -- minimum value [min]:                    -0.00123775 Jy/pixel
2026-08-04 23:01:00	INFO	imstat::::	         -- position of max value (pixel) [maxpos]: [557, 562, 0, 28]
2026-08-04 23:01:00	INFO	imstat::::	         -- position of min value (pixel) [minpos]: [464, 552, 0, 24]
2026-08-04 23:01:00	INFO	imstat::::	         -- position of max value (world) [maxposf]: 12:18:48.826, +14.24.55.500, I, 8.84933e+10Hz
2026-08-04 23:01:00	INFO	imstat::::	         -- position of min value (world) [minposf]: 12:18:50.426, +14.24.53.000, I, 8.8505e+10Hz
2026-08-04 23:01:00	INFO	imstat::::	         -- Sum of pixel values [sum]:               0.4074 Jy/pixel
2026-08-04 23:01:00	INFO	imstat::::	         -- Sum of squared pixel values [sumsq]:     0.00195718 Jy/pixel.Jy/pixel
2026-08-04 23:01:00	INFO	imstat::::	Statistics --- 
2026-08-04 23:01:00	INFO	imstat::::	        -- Mean of the pixel values [mean]:         4.86419e-09 Jy/pixel
2026-08-04 23:01:00	INFO	imstat::::	        -- Variance of the pixel values :           2.33679e-11 Jy/pixel
2026-08-04 23:01:00	INFO	imstat::::	        -- Standard deviation of the Mean [sigma]:  4.83404e-06 Jy/pixel
2026-08-04 23:01:00	INFO	imstat::::	        -- Root mean square [rms]:                  4.83404e-06 Jy/pixel
2026-08-04 23:01:00	INFO	imstat::::	        -- Median of the pixel values [median]:     0 Jy/pixel
2026-08-04 23:01:00	INFO	imstat::::	        -- Median of the deviations [medabsdevmed]: 0 Jy/pixel
2026-08-04 23:01:00	INFO	imstat::::	        -- IQR [quartile]:                          0 Jy/pixel
2026-08-04 23:01:00	INFO	imstat::::	        -- First quartile [q1]:                     0 Jy/pixel
2026-08-04 23:01:00	INFO	imstat::::	        -- Third quartile [q3]:                     0 Jy/pixel
2026-08-04 23:01:00	INFO	imstat::ImageStatsCalculator::statistics	Sum column unit = Jy/pixel
2026-08-04 23:01:00	INFO	imstat::ImageStatsCalculator::statistics+	Mean column unit = Jy/pixel
2026-08-04 23:01:00	INFO	imstat::ImageStatsCalculator::statistics+	Std_dev column unit = Jy/pixel
2026-08-04 23:01:00	INFO	imstat::ImageStatsCalculator::statistics+	Minimum column unit = Jy/pixel
2026-08-04 23:01:00	INFO	imstat::ImageStatsCalculator::statistics+	Maximum column unit = Jy/pixel
2026-08-04 23:01:00	INFO	imstat::ImageStatsCalculator::statistics	Npts          Sum           Mean          Rms           Std_dev       Minimum       Maximum     
2026-08-04 23:01:00	INFO	imstat::ImageStatsCalculator::statistics	 8.375501e+07  4.074003e-01  4.864190e-09  4.834042e-06  4.834040e-06 -1.237747e-03  1.567013e-03
2026-08-04 23:01:00	INFO	imstat::::casa	Task imstat complete. Start time: 2026-08-04 23:00:58.517601 End time: 2026-08-04 23:01:00.044721
2026-08-04 23:01:00	INFO	imstat::::casa	##### End Task: imstat               #####
2026-08-04 23:01:00	INFO	imstat::::casa	##########################################
2026-08-04 23:01:16	INFO	tclean::::casa	##########################################
2026-08-04 23:01:16	INFO	tclean::::casa	##### Begin Task: tclean             #####
2026-08-04 23:01:16	INFO	tclean::::casa	tclean( vis='ngc4254_12m_hcop.ms', selectdata=True, field='', spw='', timerange='', uvrange='', antenna='', scan='', observation='', intent='', datacolumn='corrected', imagename='ngc4254_12m_hcop', imsize=[1024, 1152], cell='0.25arcsec', phasecenter='J2000 12h18m49.6s +14d24m59s', stokes='I', projection='SIN', startmodel='', specmode='cube', reffreq='', nchan=-1, start='', width='', outframe='LSRK', veltype='radio', restfreq='89.18852GHz', interpolation='linear', perchanweightdensity=True, gridder='mosaic', facets=1, psfphasecenter='', wprojplanes=1, vptable='', mosweight=True, aterm=True, psterm=False, wbawp=True, conjbeams=False, cfcache='', usepointing=False, computepastep=360.0, rotatepastep=360.0, pointingoffsetsigdev=[], pblimit=0.2, normtype='flatnoise', deconvolver='hogbom', scales=[], nterms=1, smallscalebias=0.9, fusedthreshold=0.0, largestscale=-1, restoration=True, restoringbeam='common', pbcor=False, outlierfile='', weighting='briggs', robust=0.5, noise='1.0Jy', npixels=0, uvtaper=[], niter=11360, gain=0.1, threshold='0.0003405846740272837Jy/beam', nsigma=0.0, cycleniter=500, cyclefactor=3.0, minpsffraction=0.5, maxpsffraction=0.8, interactive=False, nmajor=-1, fullsummary=True, usemask='user', mask='', pbmask=0.2, sidelobethreshold=3.0, noisethreshold=5.0, lownoisethreshold=1.5, negativethreshold=0.0, smoothfactor=1.0, minbeamfrac=0.3, cutthreshold=0.01, growiterations=75, dogrowprune=True, minpercentchange=-1.0, verbose=False, fastnoise=True, restart=True, savemodel='none', calcres=False, calcpsf=False, psfcutoff=0.35, parallel=False )
2026-08-04 23:01:16	INFO	tclean::::casa	Verifying Input Parameters
2026-08-04 23:01:16	INFO	SynthesisImagerVi2::selectData 	MS : ngc4254_12m_hcop.ms | [Opened in readonly mode]
2026-08-04 23:01:16	INFO	SynthesisImagerVi2::selectData 	  NRows selected : 5338975
2026-08-04 23:01:18	INFO	SynthesisImagerVi2::defineImage 	Define image coordinates for [ngc4254_12m_hcop] : 
2026-08-04 23:01:18	INFO	SynthesisImagerVi2::defineImage 	Define image coordinates for [ngc4254_12m_hcop] : 
2026-08-04 23:01:18	INFO	MSTransformRegridder::calcChanFreqs	 phaseCenter='Direction: [-0.965246, -0.0794707, 0.248967]'  *** Encountered negative channel widths in input spectral window.
2026-08-04 23:01:18	INFO	MSTransformRegridder::calcChanFreqs	 Channels equidistant in freq
2026-08-04 23:01:18	INFO	MSTransformRegridder::calcChanFreqs+	 Central frequency (in output frame) = 8.84728e+10 Hz
2026-08-04 23:01:18	INFO	MSTransformRegridder::calcChanFreqs+	 Channel central frequency is decreasing with increasing channel number.
2026-08-04 23:01:18	INFO	MSTransformRegridder::calcChanFreqs+	 Width of central channel (in output frame) = 2.93057e+06 Hz
2026-08-04 23:01:18	INFO	MSTransformRegridder::calcChanFreqs+	 Number of channels = 71
2026-08-04 23:01:18	INFO	MSTransformRegridder::calcChanFreqs+	 Total width of SPW (in output frame) = 2.0807e+08 Hz
2026-08-04 23:01:18	INFO	MSTransformRegridder::calcChanFreqs+	 Lower edge = 8.83687e+10 Hz, upper edge = 8.85768e+10 Hz
2026-08-04 23:01:18	INFO	SynthesisImagerVi2::defineImage 	Impars: start 
2026-08-04 23:01:18	INFO	SynthesisImagerVi2::defineImage 	Shape: [1024, 1152, 1, 71] Spectral: [8.85753e+10] at [0] with increment [-2.93057e+06]
2026-08-04 23:01:18	INFO	SynthesisImagerVi2::defineImage 	Set Gridding options for [ngc4254_12m_hcop] with ftmachine : mosaicft
2026-08-04 23:01:19	INFO	SynthesisImager::getVPRecord 	Using default Voltage Patterns from the VPManager
2026-08-04 23:01:19	INFO	VPSkyJones::VPSkyJones	PB used ALMA
2026-08-04 23:01:19	INFO	SynthesisImagerVi2::nSubCubeFitInMemory	Required memory: 10.47 GB. Available mem.: 251.3 GB (rc, mem. fraction: 80%, memory: -) => Subcubes: 1. Processes on node: 1.
2026-08-04 23:01:19	INFO	tclean::::casa	CFCache already exists
2026-08-04 23:01:19	INFO	SynthesisImagerVi2::weight() 	Set imaging weights : Briggs weighting: sidelobes will be suppressed over full image
2026-08-04 23:01:19	INFO	SynthesisImagerVi2::weight() 	Doing spectral cube Briggs weighting formula --  norm
2026-08-04 23:01:19	INFO	task_tclean::SynthesisDeconvolver::setupDeconvolution 	Set Deconvolution Options for [ngc4254_12m_hcop] : hogbom
2026-08-04 23:01:21	WARN	task_tclean::SIImageStore::Open existing Images (file /source/casa6/casatools/src/code/synthesis/ImagerObjects/SIImageStore.cc, line 618)	 Mismatch in Csys latpoles between existing image on disk ([3.22374, 0.251613, 180, 0.251613]) and current imaging run ([184.707, 14.4164, 180, 14.4164]) : The DirectionCoordinates have differing latpoles -- Resetting to match image on disk
2026-08-04 23:01:22	WARN	task_tclean::SIImageStore::Open existing Images (file /source/casa6/casatools/src/code/synthesis/ImagerObjects/SIImageStore.cc, line 618)	 Mismatch in Csys latpoles between existing image on disk ([184.707, 14.4164, 180, 14.4164]) and current imaging run ([3.22374, 0.251613, 180, 0.251613]) : The DirectionCoordinates have differing latpoles -- Resetting to match image on disk
2026-08-04 23:01:24	INFO	task_tclean::SynthesisDeconvolver::initMinorCycle 	 Absolute Peak residual within mask : 0.000669211, over full image : 0.00148354
2026-08-04 23:01:24	WARN	SIImageStore::Open existing Images (file /source/casa6/casatools/src/code/synthesis/ImagerObjects/SIImageStore.cc, line 618)	 Mismatch in Csys latpoles between existing image on disk ([3.22374, 0.251613, 180, 0.251613]) and current imaging run ([184.707, 14.4164, 180, 14.4164]) : The DirectionCoordinates have differing latpoles -- Resetting to match image on disk
2026-08-04 23:01:25	INFO	SynthesisDeconvolver::setupMask 	[ngc4254_12m_hcop] Initializing to existing mask
2026-08-04 23:01:25	INFO	SynthesisDeconvolver::setupMask 	[ngc4254_12m_hcop] Number of pixels in the clean mask : 262721 out of a total of 8.3755e+07 pixels. [ 0.313678 % ]
2026-08-04 23:01:25	WARN	SIImageStore::Open existing Images (file /source/casa6/casatools/src/code/synthesis/ImagerObjects/SIImageStore.cc, line 618)	 Mismatch in Csys latpoles between existing image on disk ([184.707, 14.4164, 180, 14.4164]) and current imaging run ([3.22374, 0.251613, 180, 0.251613]) : The DirectionCoordinates have differing latpoles -- Resetting to match image on disk
2026-08-04 23:01:26	INFO	SynthesisDeconvolver::initMinorCycle 	 Absolute Peak residual within mask : 0.000669211, over full image : 0.00148354
2026-08-04 23:01:26	INFO	tclean::::casa	Minor Cycle controls : {'cycleniter': 500, 'cyclethreshold': 0.0003405846655368805, 'loopgain': 0.10000000149011612, 'nsigma': 0.0, 'thresholdreached': True}
2026-08-04 23:01:26	INFO	SynthesisDeconvolver::executeCubeMinorCycle 	---------------------------------------------------- Run Minor Cycle Iterations  ---------------------------------------------
2026-08-04 23:01:26	WARN	SIImageStore::Open existing Images (file /source/casa6/casatools/src/code/synthesis/ImagerObjects/SIImageStore.cc, line 618)	 Mismatch in Csys latpoles between existing image on disk ([3.22374, 0.251613, 180, 0.251613]) and current imaging run ([184.707, 14.4164, 180, 14.4164]) : The DirectionCoordinates have differing latpoles -- Resetting to match image on disk
2026-08-04 23:01:26	WARN	SIImageStore::Open existing Images (file /source/casa6/casatools/src/code/synthesis/ImagerObjects/SIImageStore.cc, line 618)	 Mismatch in Csys latpoles between existing image on disk ([184.707, 14.4164, 180, 14.4164]) and current imaging run ([3.22374, 0.251613, 180, 0.251613]) : The DirectionCoordinates have differing latpoles -- Resetting to match image on disk
2026-08-04 23:01:26	INFO	SynthesisDeconvolver::setupDeconvolution 	Set Deconvolution Options for [ngc4254_12m_hcop] : hogbom
2026-08-04 23:01:27	INFO	SynthesisDeconvolver::initMinorCycle 	 Absolute Peak residual within mask : 0.000462976, over full image : 0.00138663
2026-08-04 23:01:27	INFO	CubeMinorCycleAlgorithm::task 	Processing channels in range [0, 9]
2026-08-04 23:01:27	INFO	SDAlgorithmBase::deconvolve 	[ngc4254_12m_hcop] Run Hogbom minor-cycle on 10 chans | CycleThreshold=0.000340585, CycleNiter=500, Gain=0.1
2026-08-04 23:01:27	INFO	SDAlgorithmBase::deconvolve 	[ngc4254_12m_hcop:C0] iters=0->0 [0], model=0->0, peakres=0->0, Reached cyclethreshold.
2026-08-04 23:01:27	INFO	SDAlgorithmBase::deconvolve 	[ngc4254_12m_hcop:C1] iters=0->96 [96], model=0.00829901->0.00859025, peakres=0.000390277->0.000340118, Reached cyclethreshold.
2026-08-04 23:01:27	INFO	SDAlgorithmBase::deconvolve 	[ngc4254_12m_hcop:C2] iters=96->226 [130], model=0.00214079->0.00213908, peakres=0.000390711->0.000340276, Reached cyclethreshold.
2026-08-04 23:01:28	INFO	SDAlgorithmBase::deconvolve 	[ngc4254_12m_hcop:C3] iters=226->413 [187], model=0.0022774->0.00217199, peakres=0.000391149->0.000340511, Reached cyclethreshold.
2026-08-04 23:01:28	INFO	SDAlgorithmBase::deconvolve 	[ngc4254_12m_hcop:C4] iters=413->642 [229], model=-0.010803->-0.0118597, peakres=0.000390948->0.000340522, Reached cyclethreshold.
2026-08-04 23:01:29	INFO	SDAlgorithmBase::deconvolve 	[ngc4254_12m_hcop:C5] iters=642->981 [339], model=-0.0001576->-0.000574603, peakres=0.000408569->0.000340428, Reached cyclethreshold.
2026-08-04 23:01:29	INFO	SDAlgorithmBase::deconvolve 	[ngc4254_12m_hcop:C6] iters=981->1481 [500], model=0.000762259->0.00109474, peakres=0.000437556->0.000344419, Reached cycleniter.
2026-08-04 23:01:29	INFO	SDAlgorithmBase::deconvolve 	[ngc4254_12m_hcop:C7] iters=1481->1920 [439], model=-0.00221985->-0.00170764, peakres=0.00041068->0.00034053, Reached cyclethreshold.
2026-08-04 23:01:30	INFO	SDAlgorithmBase::deconvolve 	[ngc4254_12m_hcop:C8] iters=1920->2420 [500], model=0.0176458->0.0195055, peakres=0.000462976->0.000362843, Reached cycleniter.
2026-08-04 23:01:31	INFO	SDAlgorithmBase::deconvolve 	[ngc4254_12m_hcop:C9] iters=2420->2920 [500], model=-0.00123019->-0.000523467, peakres=0.000456832->0.000364648, Reached cycleniter.
2026-08-04 23:01:31	INFO	SDAlgorithmBase::deconvolve 	[ngc4254_12m_hcop] Total model flux (over all planes) : 0.0188362     Peak Residual (over all planes) : 0.000364648 in C9:P0
2026-08-04 23:01:31	INFO	SynthesisDeconvolver::setupDeconvolution 	Set Deconvolution Options for [ngc4254_12m_hcop] : hogbom
2026-08-04 23:01:32	INFO	SynthesisDeconvolver::initMinorCycle 	 Absolute Peak residual within mask : 0.000530888, over full image : 0.00139863
2026-08-04 23:01:32	INFO	CubeMinorCycleAlgorithm::task 	Processing channels in range [10, 19]
2026-08-04 23:01:32	INFO	SDAlgorithmBase::deconvolve 	[ngc4254_12m_hcop] Run Hogbom minor-cycle on 10 chans | CycleThreshold=0.000340585, CycleNiter=500, Gain=0.1
2026-08-04 23:01:33	INFO	SDAlgorithmBase::deconvolve 	[ngc4254_12m_hcop:C0] iters=0->500 [500], model=-0.0035566->-0.00403651, peakres=0.000479637->0.000381661, Reached cycleniter.
2026-08-04 23:01:33	INFO	SDAlgorithmBase::deconvolve 	[ngc4254_12m_hcop:C1] iters=500->1000 [500], model=0.00442614->0.0054181, peakres=0.000468442->0.000377639, Reached cycleniter.
2026-08-04 23:01:34	INFO	SDAlgorithmBase::deconvolve 	[ngc4254_12m_hcop:C2] iters=1000->1500 [500], model=0.000924813->0.00196307, peakres=0.000459745->0.000367648, Reached cycleniter.
2026-08-04 23:01:35	INFO	SDAlgorithmBase::deconvolve 	[ngc4254_12m_hcop:C3] iters=1500->2000 [500], model=0.00619035->0.00717599, peakres=0.000494589->0.000388914, Reached cycleniter.
2026-08-04 23:01:35	INFO	SDAlgorithmBase::deconvolve 	[ngc4254_12m_hcop:C4] iters=2000->2500 [500], model=-0.000315397->-0.00121332, peakres=0.000451816->0.000369724, Reached cycleniter.
2026-08-04 23:01:36	INFO	SDAlgorithmBase::deconvolve 	[ngc4254_12m_hcop:C5] iters=2500->3000 [500], model=0.00348546->0.00410692, peakres=0.000478587->0.000382198, Reached cycleniter.
2026-08-04 23:01:37	INFO	SDAlgorithmBase::deconvolve 	[ngc4254_12m_hcop:C6] iters=3000->3500 [500], model=-0.00973457->-0.0112394, peakres=0.00047158->0.000372363, Reached cycleniter.
2026-08-04 23:01:37	INFO	SDAlgorithmBase::deconvolve 	[ngc4254_12m_hcop:C7] iters=3500->4000 [500], model=0.0015088->0.00319221, peakres=0.000463946->0.000371343, Reached cycleniter.
2026-08-04 23:01:38	INFO	SDAlgorithmBase::deconvolve 	[ngc4254_12m_hcop:C8] iters=4000->4500 [500], model=0.01253->0.0145089, peakres=0.000481495->0.000401828, Reached cycleniter.
2026-08-04 23:01:38	INFO	SDAlgorithmBase::deconvolve 	[ngc4254_12m_hcop:C9] iters=4500->5000 [500], model=0.00258232->0.00266259, peakres=0.000530888->0.00043779, Reached cycleniter.
2026-08-04 23:01:38	INFO	SDAlgorithmBase::deconvolve 	[ngc4254_12m_hcop] Total model flux (over all planes) : 0.0225385     Peak Residual (over all planes) : 0.00043779 in C9:P0
2026-08-04 23:01:39	INFO	SynthesisDeconvolver::setupDeconvolution 	Set Deconvolution Options for [ngc4254_12m_hcop] : hogbom
2026-08-04 23:01:40	INFO	SynthesisDeconvolver::initMinorCycle 	 Absolute Peak residual within mask : 0.000669211, over full image : 0.00138468
2026-08-04 23:01:40	INFO	CubeMinorCycleAlgorithm::task 	Processing channels in range [20, 29]
2026-08-04 23:01:40	INFO	SDAlgorithmBase::deconvolve 	[ngc4254_12m_hcop] Run Hogbom minor-cycle on 10 chans | CycleThreshold=0.000340585, CycleNiter=500, Gain=0.1
2026-08-04 23:01:41	INFO	SDAlgorithmBase::deconvolve 	[ngc4254_12m_hcop:C0] iters=0->500 [500], model=0.00010365->0.00121325, peakres=0.000527441->0.000427838, Reached cycleniter.
2026-08-04 23:01:41	INFO	SDAlgorithmBase::deconvolve 	[ngc4254_12m_hcop:C1] iters=500->1000 [500], model=-0.0142672->-0.0170938, peakres=0.000531583->0.000438204, Reached cycleniter.
2026-08-04 23:01:42	INFO	SDAlgorithmBase::deconvolve 	[ngc4254_12m_hcop:C2] iters=1000->1500 [500], model=-0.00933779->-0.0112796, peakres=0.000553966->0.000451713, Reached cycleniter.
2026-08-04 23:01:43	INFO	SDAlgorithmBase::deconvolve 	[ngc4254_12m_hcop:C3] iters=1500->2000 [500], model=0.0041787->0.00481944, peakres=0.000594273->0.000490291, Reached cycleniter.
2026-08-04 23:01:43	INFO	SDAlgorithmBase::deconvolve 	[ngc4254_12m_hcop:C4] iters=2000->2500 [500], model=0.00923213->0.0112451, peakres=0.000601725->0.000497003, Reached cycleniter.
2026-08-04 23:01:44	INFO	SDAlgorithmBase::deconvolve 	[ngc4254_12m_hcop:C5] iters=2500->3000 [500], model=0.0163359->0.017543, peakres=0.000584404->0.000482523, Reached cycleniter.
2026-08-04 23:01:44	INFO	SDAlgorithmBase::deconvolve 	[ngc4254_12m_hcop:C6] iters=3000->3500 [500], model=0.0183224->0.0194954, peakres=0.000619785->0.00051634, Reached cycleniter.
2026-08-04 23:01:45	INFO	SDAlgorithmBase::deconvolve 	[ngc4254_12m_hcop:C7] iters=3500->4000 [500], model=0.0146073->0.0185861, peakres=0.000642542->0.000538158, Reached cycleniter.
2026-08-04 23:01:46	INFO	SDAlgorithmBase::deconvolve 	[ngc4254_12m_hcop:C8] iters=4000->4500 [500], model=0.015185->0.0196316, peakres=0.000619872->0.000524854, Reached cycleniter.
2026-08-04 23:01:46	INFO	SDAlgorithmBase::deconvolve 	[ngc4254_12m_hcop:C9] iters=4500->5000 [500], model=0.0202578->0.0253923, peakres=0.000669211->0.00056894, Reached cycleniter.
2026-08-04 23:01:46	INFO	SDAlgorithmBase::deconvolve 	[ngc4254_12m_hcop] Total model flux (over all planes) : 0.0895528     Peak Residual (over all planes) : 0.00056894 in C9:P0
2026-08-04 23:01:47	INFO	SynthesisDeconvolver::setupDeconvolution 	Set Deconvolution Options for [ngc4254_12m_hcop] : hogbom
2026-08-04 23:01:48	INFO	SynthesisDeconvolver::initMinorCycle 	 Absolute Peak residual within mask : 0.000654162, over full image : 0.0014178
2026-08-04 23:01:48	INFO	CubeMinorCycleAlgorithm::task 	Processing channels in range [30, 39]
2026-08-04 23:01:48	INFO	SDAlgorithmBase::deconvolve 	[ngc4254_12m_hcop] Run Hogbom minor-cycle on 10 chans | CycleThreshold=0.000340585, CycleNiter=500, Gain=0.1
2026-08-04 23:01:48	INFO	SDAlgorithmBase::deconvolve 	[ngc4254_12m_hcop:C0] iters=0->500 [500], model=0.0241411->0.0268633, peakres=0.000631964->0.000536652, Reached cycleniter.
2026-08-04 23:01:49	INFO	SDAlgorithmBase::deconvolve 	[ngc4254_12m_hcop:C1] iters=500->1000 [500], model=0.0239914->0.0267961, peakres=0.000652177->0.000551671, Reached cycleniter.
2026-08-04 23:01:50	INFO	SDAlgorithmBase::deconvolve 	[ngc4254_12m_hcop:C2] iters=1000->1500 [500], model=0.00538583->0.0059514, peakres=0.00062194->0.000525118, Reached cycleniter.
2026-08-04 23:01:51	INFO	SDAlgorithmBase::deconvolve 	[ngc4254_12m_hcop:C3] iters=1500->2000 [500], model=0.017795->0.0216104, peakres=0.000633095->0.000531358, Reached cycleniter.
2026-08-04 23:01:51	INFO	SDAlgorithmBase::deconvolve 	[ngc4254_12m_hcop:C4] iters=2000->2500 [500], model=0.0322239->0.0378766, peakres=0.00060111->0.000503126, Reached cycleniter.
2026-08-04 23:01:52	INFO	SDAlgorithmBase::deconvolve 	[ngc4254_12m_hcop:C5] iters=2500->3000 [500], model=0.0154913->0.0184619, peakres=0.000623422->0.00052091, Reached cycleniter.
2026-08-04 23:01:52	INFO	SDAlgorithmBase::deconvolve 	[ngc4254_12m_hcop:C6] iters=3000->3500 [500], model=0.0296755->0.0358098, peakres=0.000630027->0.000526606, Reached cycleniter.
2026-08-04 23:01:53	INFO	SDAlgorithmBase::deconvolve 	[ngc4254_12m_hcop:C7] iters=3500->4000 [500], model=0.0216284->0.0242844, peakres=0.000637266->0.0005345, Reached cycleniter.
2026-08-04 23:01:54	INFO	SDAlgorithmBase::deconvolve 	[ngc4254_12m_hcop:C8] iters=4000->4500 [500], model=0.0129746->0.0168448, peakres=0.000630414->0.00053154, Reached cycleniter.
2026-08-04 23:01:54	INFO	SDAlgorithmBase::deconvolve 	[ngc4254_12m_hcop:C9] iters=4500->5000 [500], model=0.0245137->0.0284018, peakres=0.000654162->0.000556482, Reached cycleniter.
2026-08-04 23:01:54	INFO	SDAlgorithmBase::deconvolve 	[ngc4254_12m_hcop] Total model flux (over all planes) : 0.2429     Peak Residual (over all planes) : 0.000556482 in C9:P0
2026-08-04 23:01:55	INFO	SynthesisDeconvolver::setupDeconvolution 	Set Deconvolution Options for [ngc4254_12m_hcop] : hogbom
2026-08-04 23:01:56	INFO	SynthesisDeconvolver::initMinorCycle 	 Absolute Peak residual within mask : 0.000630589, over full image : 0.00148354
2026-08-04 23:01:56	INFO	CubeMinorCycleAlgorithm::task 	Processing channels in range [40, 49]
2026-08-04 23:01:56	INFO	SDAlgorithmBase::deconvolve 	[ngc4254_12m_hcop] Run Hogbom minor-cycle on 10 chans | CycleThreshold=0.000340585, CycleNiter=500, Gain=0.1
2026-08-04 23:01:56	INFO	SDAlgorithmBase::deconvolve 	[ngc4254_12m_hcop:C0] iters=0->500 [500], model=0.0319765->0.0377765, peakres=0.000629223->0.000529332, Reached cycleniter.
2026-08-04 23:01:57	INFO	SDAlgorithmBase::deconvolve 	[ngc4254_12m_hcop:C1] iters=500->1000 [500], model=0.0259458->0.031425, peakres=0.000630589->0.000533185, Reached cycleniter.
2026-08-04 23:01:58	INFO	SDAlgorithmBase::deconvolve 	[ngc4254_12m_hcop:C2] iters=1000->1500 [500], model=0.017698->0.0203459, peakres=0.000621482->0.000519691, Reached cycleniter.
2026-08-04 23:01:58	INFO	SDAlgorithmBase::deconvolve 	[ngc4254_12m_hcop:C3] iters=1500->2000 [500], model=0.0137677->0.0157582, peakres=0.000567784->0.00046679, Reached cycleniter.
2026-08-04 23:01:59	INFO	SDAlgorithmBase::deconvolve 	[ngc4254_12m_hcop:C4] iters=2000->2500 [500], model=0.000366413->0.00138435, peakres=0.000558885->0.000460738, Reached cycleniter.
2026-08-04 23:02:00	INFO	SDAlgorithmBase::deconvolve 	[ngc4254_12m_hcop:C5] iters=2500->3000 [500], model=0.00234546->0.00287269, peakres=0.000548977->0.000448975, Reached cycleniter.
2026-08-04 23:02:01	INFO	SDAlgorithmBase::deconvolve 	[ngc4254_12m_hcop:C6] iters=3000->3500 [500], model=-0.00827155->-0.00967883, peakres=0.000520312->0.000423219, Reached cycleniter.
2026-08-04 23:02:01	INFO	SDAlgorithmBase::deconvolve 	[ngc4254_12m_hcop:C7] iters=3500->4000 [500], model=0.00190314->7.44778e-05, peakres=0.000527404->0.000425522, Reached cycleniter.
2026-08-04 23:02:02	INFO	SDAlgorithmBase::deconvolve 	[ngc4254_12m_hcop:C8] iters=4000->4500 [500], model=0.00245765->0.00378075, peakres=0.000536457->0.000433338, Reached cycleniter.
2026-08-04 23:02:02	INFO	SDAlgorithmBase::deconvolve 	[ngc4254_12m_hcop:C9] iters=4500->5000 [500], model=0.00201631->0.00252896, peakres=0.000524648->0.000427488, Reached cycleniter.
2026-08-04 23:02:02	INFO	SDAlgorithmBase::deconvolve 	[ngc4254_12m_hcop] Total model flux (over all planes) : 0.106268     Peak Residual (over all planes) : 0.000533185 in C1:P0
2026-08-04 23:02:03	INFO	SynthesisDeconvolver::setupDeconvolution 	Set Deconvolution Options for [ngc4254_12m_hcop] : hogbom
2026-08-04 23:02:04	INFO	SynthesisDeconvolver::initMinorCycle 	 Absolute Peak residual within mask : 0.000519661, over full image : 0.00140056
2026-08-04 23:02:04	INFO	CubeMinorCycleAlgorithm::task 	Processing channels in range [50, 59]
2026-08-04 23:02:04	INFO	SDAlgorithmBase::deconvolve 	[ngc4254_12m_hcop] Run Hogbom minor-cycle on 10 chans | CycleThreshold=0.000340585, CycleNiter=500, Gain=0.1
2026-08-04 23:02:05	INFO	SDAlgorithmBase::deconvolve 	[ngc4254_12m_hcop:C0] iters=0->500 [500], model=0.00491811->0.00659036, peakres=0.000512642->0.000418484, Reached cycleniter.
2026-08-04 23:02:05	INFO	SDAlgorithmBase::deconvolve 	[ngc4254_12m_hcop:C1] iters=500->1000 [500], model=0.00123514->0.00180538, peakres=0.000499101->0.000406725, Reached cycleniter.
2026-08-04 23:02:06	INFO	SDAlgorithmBase::deconvolve 	[ngc4254_12m_hcop:C2] iters=1000->1500 [500], model=8.83658e-05->-0.000213307, peakres=0.000491814->0.000398536, Reached cycleniter.
2026-08-04 23:02:07	INFO	SDAlgorithmBase::deconvolve 	[ngc4254_12m_hcop:C3] iters=1500->2000 [500], model=-0.00022104->0.00018467, peakres=0.00051915->0.000420832, Reached cycleniter.
2026-08-04 23:02:07	INFO	SDAlgorithmBase::deconvolve 	[ngc4254_12m_hcop:C4] iters=2000->2500 [500], model=-0.00254056->-0.00196896, peakres=0.000489314->0.000394851, Reached cycleniter.
2026-08-04 23:02:08	INFO	SDAlgorithmBase::deconvolve 	[ngc4254_12m_hcop:C5] iters=2500->3000 [500], model=0.00584723->0.00680487, peakres=0.000483245->0.000387573, Reached cycleniter.
2026-08-04 23:02:09	INFO	SDAlgorithmBase::deconvolve 	[ngc4254_12m_hcop:C6] iters=3000->3500 [500], model=-0.00116449->-0.00174317, peakres=0.000486114->0.000387009, Reached cycleniter.
2026-08-04 23:02:09	INFO	SDAlgorithmBase::deconvolve 	[ngc4254_12m_hcop:C7] iters=3500->4000 [500], model=-0.00906764->-0.0100319, peakres=0.000519347->0.000420706, Reached cycleniter.
2026-08-04 23:02:10	INFO	SDAlgorithmBase::deconvolve 	[ngc4254_12m_hcop:C8] iters=4000->4500 [500], model=0.00576037->0.00609664, peakres=0.000513374->0.000418106, Reached cycleniter.
2026-08-04 23:02:11	INFO	SDAlgorithmBase::deconvolve 	[ngc4254_12m_hcop:C9] iters=4500->5000 [500], model=-0.00399518->-0.00347674, peakres=0.000519661->0.000423787, Reached cycleniter.
2026-08-04 23:02:11	INFO	SDAlgorithmBase::deconvolve 	[ngc4254_12m_hcop] Total model flux (over all planes) : 0.00404788     Peak Residual (over all planes) : 0.000423787 in C9:P0
2026-08-04 23:02:11	INFO	SynthesisDeconvolver::setupDeconvolution 	Set Deconvolution Options for [ngc4254_12m_hcop] : hogbom
2026-08-04 23:02:12	INFO	SynthesisDeconvolver::initMinorCycle 	 Absolute Peak residual within mask : 0.000498809, over full image : 0.00138824
2026-08-04 23:02:12	INFO	CubeMinorCycleAlgorithm::task 	Processing channels in range [60, 69]
2026-08-04 23:02:12	INFO	SDAlgorithmBase::deconvolve 	[ngc4254_12m_hcop] Run Hogbom minor-cycle on 10 chans | CycleThreshold=0.000340585, CycleNiter=500, Gain=0.1
2026-08-04 23:02:13	INFO	SDAlgorithmBase::deconvolve 	[ngc4254_12m_hcop:C0] iters=0->500 [500], model=-0.00031592->-0.000378317, peakres=0.000498809->0.000405724, Reached cycleniter.
2026-08-04 23:02:14	INFO	SDAlgorithmBase::deconvolve 	[ngc4254_12m_hcop:C1] iters=500->1000 [500], model=0.000231835->0.00159906, peakres=0.00049503->0.000396339, Reached cycleniter.
2026-08-04 23:02:14	INFO	SDAlgorithmBase::deconvolve 	[ngc4254_12m_hcop:C2] iters=1000->1500 [500], model=0.00162012->0.00108462, peakres=0.000448511->0.00036409, Reached cycleniter.
2026-08-04 23:02:15	INFO	SDAlgorithmBase::deconvolve 	[ngc4254_12m_hcop:C3] iters=1500->2000 [500], model=-0.00921789->-0.0121429, peakres=0.000447503->0.00034543, Reached cycleniter.
2026-08-04 23:02:15	INFO	SDAlgorithmBase::deconvolve 	[ngc4254_12m_hcop:C4] iters=2000->2254 [254], model=-0.00148213->-0.00103168, peakres=0.000390631->0.000340371, Reached cyclethreshold.
2026-08-04 23:02:15	INFO	SDAlgorithmBase::deconvolve 	[ngc4254_12m_hcop:C5] iters=2254->2444 [190], model=0.00419871->0.00470834, peakres=0.000390386->0.000339928, Reached cyclethreshold.
2026-08-04 23:02:16	INFO	SDAlgorithmBase::deconvolve 	[ngc4254_12m_hcop:C6] iters=2444->2648 [204], model=-0.00665907->-0.00768134, peakres=0.000391106->0.000340526, Reached cyclethreshold.
2026-08-04 23:02:16	INFO	SDAlgorithmBase::deconvolve 	[ngc4254_12m_hcop:C7] iters=2648->2802 [154], model=0.00535136->0.00587435, peakres=0.000390709->0.00034047, Reached cyclethreshold.
2026-08-04 23:02:16	INFO	SDAlgorithmBase::deconvolve 	[ngc4254_12m_hcop:C8] iters=2802->2942 [140], model=0.00575439->0.00635403, peakres=0.000390951->0.000340187, Reached cyclethreshold.
2026-08-04 23:02:16	INFO	SDAlgorithmBase::deconvolve 	[ngc4254_12m_hcop:C9] iters=2942->3064 [122], model=0.0011172->0.00111559, peakres=0.000391369->0.000340215, Reached cyclethreshold.
2026-08-04 23:02:16	INFO	SDAlgorithmBase::deconvolve 	[ngc4254_12m_hcop] Total model flux (over all planes) : -0.000498203     Peak Residual (over all planes) : 0.000405724 in C0:P0
2026-08-04 23:02:17	INFO	SynthesisDeconvolver::setupDeconvolution 	Set Deconvolution Options for [ngc4254_12m_hcop] : hogbom
2026-08-04 23:02:17	INFO	SynthesisDeconvolver::initMinorCycle 	 Absolute Peak residual within mask : 0.000390284, over full image : 0.00137659
2026-08-04 23:02:17	INFO	CubeMinorCycleAlgorithm::task 	Processing channels in range [70, 70]
2026-08-04 23:02:17	INFO	SDAlgorithmBase::deconvolve 	[ngc4254_12m_hcop] Run Hogbom minor-cycle | CycleThreshold=0.000340585, CycleNiter=500, Gain=0.1
2026-08-04 23:02:17	INFO	SDAlgorithmBase::deconvolve 	[ngc4254_12m_hcop] iters=0->61 [61], model=-0.0014587->-0.00170886, peakres=0.000390284->0.000339743, Reached cyclethreshold.
2026-08-04 23:02:17	INFO	grpcInteractiveCleanManager::mergeCycleExecutionRecord 	Completed 31045 iterations.
2026-08-04 23:02:17	INFO	task_tclean::SynthesisImager::executeMajorCycle 	----------------------------------------------------------- Run Major Cycle 1 -------------------------------------
2026-08-04 23:02:17	INFO	task_tclean::SynthesisImagerVi2::nSubCubeFitInMemory	Required memory: 10.47 GB. Available mem.: 251.1 GB (rc, mem. fraction: 80%, memory: -) => Subcubes: 1. Processes on node: 1.
2026-08-04 23:02:17	INFO	task_tclean::SynthesisImagerVi2::selectData 	MS : ngc4254_12m_hcop.ms | [Opened in readonly mode]
2026-08-04 23:02:18	INFO	task_tclean::SynthesisImagerVi2::selectData 	  NRows selected : 5338975
2026-08-04 23:02:26	INFO	task_tclean::SynthesisImager::getVPRecord 	Using default Voltage Patterns from the VPManager
2026-08-04 23:02:26	INFO	task_tclean::VPSkyJones::VPSkyJones	PB used ALMA
2026-08-04 23:02:26	INFO	task_tclean::SynthesisImagerVi2::weight() 	Set imaging weights : Briggs weighting: sidelobes will be suppressed over full image
2026-08-04 23:02:26	INFO	task_tclean::SynthesisImagerVi2::weight() 	Doing spectral cube Briggs weighting formula --  norm
2026-08-04 23:02:26	INFO	task_tclean::SynthesisImager::tuneSelectData 	Tuning frequency data selection to match image spectral coordinates
2026-08-04 23:02:26	INFO	task_tclean::SynthesisImagerVi2::selectData 	MS : ngc4254_12m_hcop.ms | [Opened in readonly mode]
2026-08-04 23:02:26	INFO	task_tclean::SynthesisImagerVi2::selectData 	  NRows selected : 5338975
2026-08-04 23:02:28	INFO	task_tclean::SynthesisImager::executeMajorCycle 	----------------------------------------------------------- Run Major Cycle 1 -------------------------------------
2026-08-04 23:02:30	INFO	task_tclean::HetArrConvFunc::findAntennaSizes	Overriding PB with Airy of diam,blockage=10.7 m,0.75 m starting with antenna 0
2026-08-04 23:02:30	INFO	task_tclean::HetArrConvFunc::findConvFunction 	convolution function support: [7]ELKEY 0_0_71 actualConvInd 0 pointer 1
2026-08-04 23:28:50	WARN	task_tclean::SIImageStore::Open existing Images (file /source/casa6/casatools/src/code/synthesis/ImagerObjects/SIImageStore.cc, line 618)	 Mismatch in Csys latpoles between existing image on disk ([3.22374, 0.251613, 180, 0.251613]) and current imaging run ([184.707, 14.4164, 180, 14.4164]) : The DirectionCoordinates have differing latpoles -- Resetting to match image on disk
2026-08-04 23:28:51	WARN	task_tclean::SIImageStore::Open existing Images (file /source/casa6/casatools/src/code/synthesis/ImagerObjects/SIImageStore.cc, line 618)	 Mismatch in Csys latpoles between existing image on disk ([184.707, 14.4164, 180, 14.4164]) and current imaging run ([3.22374, 0.251613, 180, 0.251613]) : The DirectionCoordinates have differing latpoles -- Resetting to match image on disk
2026-08-04 23:28:53	INFO	task_tclean::SynthesisDeconvolver::initMinorCycle 	 Absolute Peak residual within mask : 0.000569832, over full image : 0.0014967
2026-08-04 23:28:53	INFO	tclean::::casa	Reached global stopping criterion : iteration limit
2026-08-04 23:28:53	INFO	tclean::::casa	getSummary call: fullsummary=True
2026-08-04 23:28:53	INFO	SDAlgorithmBase::restore 	[ngc4254_12m_hcop] : Restoring model image.
2026-08-04 23:28:53	INFO	SIImageStore::restore 	Getting common beam
2026-08-04 23:28:53	INFO	SIImageStore::restore 	Common Beam : 1.48726 arcsec, 1.17666 arcsec, -49.408 deg
2026-08-04 23:29:04	INFO	tclean::::casa	Searching for images with prefix 'ngc4254_12m_hcop'... Found these, writing history into them: ['ngc4254_12m_hcop.image', 'ngc4254_12m_hcop.model', 'ngc4254_12m_hcop.residual', 'ngc4254_12m_hcop.pb', 'ngc4254_12m_hcop.psf', 'ngc4254_12m_hcop.weight', 'ngc4254_12m_hcop.sumwt', 'ngc4254_12m_hcop.mask']
2026-08-04 23:29:04	INFO	tclean::::casa	Task tclean complete. Start time: 2026-08-04 23:01:15.885598 End time: 2026-08-04 23:29:03.856717
2026-08-04 23:29:04	INFO	tclean::::casa	##### End Task: tclean               #####
2026-08-04 23:29:04	INFO	tclean::::casa	##########################################
2026-08-04 23:29:04	INFO	imstat::::casa	##########################################
2026-08-04 23:29:04	INFO	imstat::::casa	##### Begin Task: imstat             #####
2026-08-04 23:29:04	INFO	imstat::::casa	imstat( imagename='ngc4254_12m_hcop.model', axes=[], region='', box='', chans='', stokes='', listit=True, verbose=True, mask='', stretch=False, logfile='', append=True, algorithm='classic', fence=-1.0, center='mean', lside=True, zscore=-1.0, maxiter=-1, clmethod='auto', niter=3 )
2026-08-04 23:29:04	INFO	imstat::CasacRegionManager::fromBCS	No directional region specified. Using full positional plane.
2026-08-04 23:29:04	INFO	imstat::CasacRegionManager::fromBCS	Using all spectral channels.
2026-08-04 23:29:04	INFO	imstat::CasacRegionManager::fromBCS	Using polarizations ALL
2026-08-04 23:29:04	INFO	imstat::image::statistics 	Determining stats for image ngc4254_12m_hcop.model
2026-08-04 23:29:04	INFO	imstat::ImageRegion::fromRecord	Selected bounding box : 
2026-08-04 23:29:04	INFO	imstat::ImageRegion::fromRecord+	    [0, 0, 0, 0] to [1023, 1151, 0, 70]  (12:18:58.409, +14.22.34.990, I, 8.85753e+10Hz to 12:18:40.805, +14.27.22.740, I, 8.83702e+10Hz)
2026-08-04 23:29:04	INFO	imstat::ImageStatsCalculator::_logStartup	Statistics calculated using Classic algorithm
2026-08-04 23:29:04	INFO	imstat::ImageStatsCalculator::_logStartup	Regions --- 
2026-08-04 23:29:04	INFO	imstat::ImageStatsCalculator::_logStartup	         -- bottom-left corner (pixel) [blc]:  [0, 0, 0, 0]
2026-08-04 23:29:04	INFO	imstat::ImageStatsCalculator::_logStartup	         -- top-right corner (pixel) [trc]:    [1023, 1151, 0, 70]
2026-08-04 23:29:04	INFO	imstat::ImageStatsCalculator::_logStartup	         -- bottom-left corner (world) [blcf]: 12:18:58.409, +14.22.34.990, I, 8.85753e+10Hz
2026-08-04 23:29:04	INFO	imstat::ImageStatsCalculator::_logStartup	         -- top-right corner (world) [trcf]:   12:18:40.805, +14.27.22.740, I, 8.83702e+10Hz
2026-08-04 23:29:05	INFO	imstat::::	Values --- 
2026-08-04 23:29:05	INFO	imstat::::	         -- number of points [npts]:                8.3755e+07
2026-08-04 23:29:05	INFO	imstat::::	         -- maximum value [max]:                    0.00162454 Jy/pixel
2026-08-04 23:29:05	INFO	imstat::::	         -- minimum value [min]:                    -0.00130558 Jy/pixel
2026-08-04 23:29:05	INFO	imstat::::	         -- position of max value (pixel) [maxpos]: [557, 562, 0, 28]
2026-08-04 23:29:05	INFO	imstat::::	         -- position of min value (pixel) [minpos]: [291, 645, 0, 14]
2026-08-04 23:29:05	INFO	imstat::::	         -- position of max value (world) [maxposf]: 12:18:48.826, +14.24.55.500, I, 8.84933e+10Hz
2026-08-04 23:29:05	INFO	imstat::::	         -- position of min value (world) [minposf]: 12:18:53.403, +14.25.16.248, I, 8.85343e+10Hz
2026-08-04 23:29:05	INFO	imstat::::	         -- Sum of pixel values [sum]:               0.481937 Jy/pixel
2026-08-04 23:29:05	INFO	imstat::::	         -- Sum of squared pixel values [sumsq]:     0.00262354 Jy/pixel.Jy/pixel
2026-08-04 23:29:05	INFO	imstat::::	Statistics --- 
2026-08-04 23:29:05	INFO	imstat::::	        -- Mean of the pixel values [mean]:         5.75412e-09 Jy/pixel
2026-08-04 23:29:05	INFO	imstat::::	        -- Variance of the pixel values :           3.13239e-11 Jy/pixel
2026-08-04 23:29:05	INFO	imstat::::	        -- Standard deviation of the Mean [sigma]:  5.59678e-06 Jy/pixel
2026-08-04 23:29:05	INFO	imstat::::	        -- Root mean square [rms]:                  5.59678e-06 Jy/pixel
2026-08-04 23:29:05	INFO	imstat::::	        -- Median of the pixel values [median]:     0 Jy/pixel
2026-08-04 23:29:05	INFO	imstat::::	        -- Median of the deviations [medabsdevmed]: 0 Jy/pixel
2026-08-04 23:29:05	INFO	imstat::::	        -- IQR [quartile]:                          0 Jy/pixel
2026-08-04 23:29:05	INFO	imstat::::	        -- First quartile [q1]:                     0 Jy/pixel
2026-08-04 23:29:05	INFO	imstat::::	        -- Third quartile [q3]:                     0 Jy/pixel
2026-08-04 23:29:05	INFO	imstat::ImageStatsCalculator::statistics	Sum column unit = Jy/pixel
2026-08-04 23:29:05	INFO	imstat::ImageStatsCalculator::statistics+	Mean column unit = Jy/pixel
2026-08-04 23:29:05	INFO	imstat::ImageStatsCalculator::statistics+	Std_dev column unit = Jy/pixel
2026-08-04 23:29:05	INFO	imstat::ImageStatsCalculator::statistics+	Minimum column unit = Jy/pixel
2026-08-04 23:29:05	INFO	imstat::ImageStatsCalculator::statistics+	Maximum column unit = Jy/pixel
2026-08-04 23:29:05	INFO	imstat::ImageStatsCalculator::statistics	Npts          Sum           Mean          Rms           Std_dev       Minimum       Maximum     
2026-08-04 23:29:05	INFO	imstat::ImageStatsCalculator::statistics	 8.375501e+07  4.819366e-01  5.754123e-09  5.596781e-06  5.596778e-06 -1.305577e-03  1.624538e-03
2026-08-04 23:29:06	INFO	imstat::::casa	Task imstat complete. Start time: 2026-08-04 23:29:03.861415 End time: 2026-08-04 23:29:05.501256
2026-08-04 23:29:06	INFO	imstat::::casa	##### End Task: imstat               #####
2026-08-04 23:29:06	INFO	imstat::::casa	##########################################
2026-08-04 23:29:22	INFO	tclean::::casa	##########################################
2026-08-04 23:29:22	INFO	tclean::::casa	##### Begin Task: tclean             #####
2026-08-04 23:29:22	INFO	tclean::::casa	tclean( vis='ngc4254_12m_hcop.ms', selectdata=True, field='', spw='', timerange='', uvrange='', antenna='', scan='', observation='', intent='', datacolumn='corrected', imagename='ngc4254_12m_hcop', imsize=[1024, 1152], cell='0.25arcsec', phasecenter='J2000 12h18m49.6s +14d24m59s', stokes='I', projection='SIN', startmodel='', specmode='cube', reffreq='', nchan=-1, start='', width='', outframe='LSRK', veltype='radio', restfreq='89.18852GHz', interpolation='linear', perchanweightdensity=True, gridder='mosaic', facets=1, psfphasecenter='', wprojplanes=1, vptable='', mosweight=True, aterm=True, psterm=False, wbawp=True, conjbeams=False, cfcache='', usepointing=False, computepastep=360.0, rotatepastep=360.0, pointingoffsetsigdev=[], pblimit=0.2, normtype='flatnoise', deconvolver='hogbom', scales=[], nterms=1, smallscalebias=0.9, fusedthreshold=0.0, largestscale=-1, restoration=True, restoringbeam='common', pbcor=False, outlierfile='', weighting='briggs', robust=0.5, noise='1.0Jy', npixels=0, uvtaper=[], niter=22720, gain=0.1, threshold='0.00033984430572378066Jy/beam', nsigma=0.0, cycleniter=600, cyclefactor=3.0, minpsffraction=0.5, maxpsffraction=0.8, interactive=False, nmajor=-1, fullsummary=True, usemask='user', mask='', pbmask=0.2, sidelobethreshold=3.0, noisethreshold=5.0, lownoisethreshold=1.5, negativethreshold=0.0, smoothfactor=1.0, minbeamfrac=0.3, cutthreshold=0.01, growiterations=75, dogrowprune=True, minpercentchange=-1.0, verbose=False, fastnoise=True, restart=True, savemodel='none', calcres=False, calcpsf=False, psfcutoff=0.35, parallel=False )
2026-08-04 23:29:22	INFO	tclean::::casa	Verifying Input Parameters
2026-08-04 23:29:22	INFO	SynthesisImagerVi2::selectData 	MS : ngc4254_12m_hcop.ms | [Opened in readonly mode]
2026-08-04 23:29:22	INFO	SynthesisImagerVi2::selectData 	  NRows selected : 5338975
2026-08-04 23:29:24	INFO	SynthesisImagerVi2::defineImage 	Define image coordinates for [ngc4254_12m_hcop] : 
2026-08-04 23:29:24	INFO	SynthesisImagerVi2::defineImage 	Define image coordinates for [ngc4254_12m_hcop] : 
2026-08-04 23:29:24	INFO	MSTransformRegridder::calcChanFreqs	 phaseCenter='Direction: [-0.965246, -0.0794707, 0.248967]'  *** Encountered negative channel widths in input spectral window.
2026-08-04 23:29:24	INFO	MSTransformRegridder::calcChanFreqs	 Channels equidistant in freq
2026-08-04 23:29:24	INFO	MSTransformRegridder::calcChanFreqs+	 Central frequency (in output frame) = 8.84728e+10 Hz
2026-08-04 23:29:24	INFO	MSTransformRegridder::calcChanFreqs+	 Channel central frequency is decreasing with increasing channel number.
2026-08-04 23:29:24	INFO	MSTransformRegridder::calcChanFreqs+	 Width of central channel (in output frame) = 2.93057e+06 Hz
2026-08-04 23:29:24	INFO	MSTransformRegridder::calcChanFreqs+	 Number of channels = 71
2026-08-04 23:29:24	INFO	MSTransformRegridder::calcChanFreqs+	 Total width of SPW (in output frame) = 2.0807e+08 Hz
2026-08-04 23:29:24	INFO	MSTransformRegridder::calcChanFreqs+	 Lower edge = 8.83687e+10 Hz, upper edge = 8.85768e+10 Hz
2026-08-04 23:29:24	INFO	SynthesisImagerVi2::defineImage 	Impars: start 
2026-08-04 23:29:24	INFO	SynthesisImagerVi2::defineImage 	Shape: [1024, 1152, 1, 71] Spectral: [8.85753e+10] at [0] with increment [-2.93057e+06]
2026-08-04 23:29:24	INFO	SynthesisImagerVi2::defineImage 	Set Gridding options for [ngc4254_12m_hcop] with ftmachine : mosaicft
2026-08-04 23:29:25	INFO	SynthesisImager::getVPRecord 	Using default Voltage Patterns from the VPManager
2026-08-04 23:29:25	INFO	VPSkyJones::VPSkyJones	PB used ALMA
2026-08-04 23:29:25	INFO	SynthesisImagerVi2::nSubCubeFitInMemory	Required memory: 10.47 GB. Available mem.: 251.2 GB (rc, mem. fraction: 80%, memory: -) => Subcubes: 1. Processes on node: 1.
2026-08-04 23:29:25	INFO	tclean::::casa	CFCache already exists
2026-08-04 23:29:25	INFO	SynthesisImagerVi2::weight() 	Set imaging weights : Briggs weighting: sidelobes will be suppressed over full image
2026-08-04 23:29:25	INFO	SynthesisImagerVi2::weight() 	Doing spectral cube Briggs weighting formula --  norm
2026-08-04 23:29:25	INFO	task_tclean::SynthesisDeconvolver::setupDeconvolution 	Set Deconvolution Options for [ngc4254_12m_hcop] : hogbom
2026-08-04 23:29:28	WARN	task_tclean::SIImageStore::Open existing Images (file /source/casa6/casatools/src/code/synthesis/ImagerObjects/SIImageStore.cc, line 618)	 Mismatch in Csys latpoles between existing image on disk ([3.22374, 0.251613, 180, 0.251613]) and current imaging run ([184.707, 14.4164, 180, 14.4164]) : The DirectionCoordinates have differing latpoles -- Resetting to match image on disk
2026-08-04 23:29:28	WARN	task_tclean::SIImageStore::Open existing Images (file /source/casa6/casatools/src/code/synthesis/ImagerObjects/SIImageStore.cc, line 618)	 Mismatch in Csys latpoles between existing image on disk ([184.707, 14.4164, 180, 14.4164]) and current imaging run ([3.22374, 0.251613, 180, 0.251613]) : The DirectionCoordinates have differing latpoles -- Resetting to match image on disk
2026-08-04 23:29:31	INFO	task_tclean::SynthesisDeconvolver::initMinorCycle 	 Absolute Peak residual within mask : 0.000569832, over full image : 0.0014967
2026-08-04 23:29:31	WARN	SIImageStore::Open existing Images (file /source/casa6/casatools/src/code/synthesis/ImagerObjects/SIImageStore.cc, line 618)	 Mismatch in Csys latpoles between existing image on disk ([3.22374, 0.251613, 180, 0.251613]) and current imaging run ([184.707, 14.4164, 180, 14.4164]) : The DirectionCoordinates have differing latpoles -- Resetting to match image on disk
2026-08-04 23:29:31	INFO	SynthesisDeconvolver::setupMask 	[ngc4254_12m_hcop] Initializing to existing mask
2026-08-04 23:29:31	INFO	SynthesisDeconvolver::setupMask 	[ngc4254_12m_hcop] Number of pixels in the clean mask : 262721 out of a total of 8.3755e+07 pixels. [ 0.313678 % ]
2026-08-04 23:29:31	WARN	SIImageStore::Open existing Images (file /source/casa6/casatools/src/code/synthesis/ImagerObjects/SIImageStore.cc, line 618)	 Mismatch in Csys latpoles between existing image on disk ([184.707, 14.4164, 180, 14.4164]) and current imaging run ([3.22374, 0.251613, 180, 0.251613]) : The DirectionCoordinates have differing latpoles -- Resetting to match image on disk
2026-08-04 23:29:33	INFO	SynthesisDeconvolver::initMinorCycle 	 Absolute Peak residual within mask : 0.000569832, over full image : 0.0014967
2026-08-04 23:29:33	INFO	tclean::::casa	Minor Cycle controls : {'cycleniter': 600, 'cyclethreshold': 0.00033984429319389164, 'loopgain': 0.10000000149011612, 'nsigma': 0.0, 'thresholdreached': True}
2026-08-04 23:29:33	INFO	SynthesisDeconvolver::executeCubeMinorCycle 	---------------------------------------------------- Run Minor Cycle Iterations  ---------------------------------------------
2026-08-04 23:29:33	WARN	SIImageStore::Open existing Images (file /source/casa6/casatools/src/code/synthesis/ImagerObjects/SIImageStore.cc, line 618)	 Mismatch in Csys latpoles between existing image on disk ([3.22374, 0.251613, 180, 0.251613]) and current imaging run ([184.707, 14.4164, 180, 14.4164]) : The DirectionCoordinates have differing latpoles -- Resetting to match image on disk
2026-08-04 23:29:33	WARN	SIImageStore::Open existing Images (file /source/casa6/casatools/src/code/synthesis/ImagerObjects/SIImageStore.cc, line 618)	 Mismatch in Csys latpoles between existing image on disk ([184.707, 14.4164, 180, 14.4164]) and current imaging run ([3.22374, 0.251613, 180, 0.251613]) : The DirectionCoordinates have differing latpoles -- Resetting to match image on disk
2026-08-04 23:29:33	INFO	SynthesisDeconvolver::setupDeconvolution 	Set Deconvolution Options for [ngc4254_12m_hcop] : hogbom
2026-08-04 23:29:33	INFO	SynthesisDeconvolver::initMinorCycle 	 Absolute Peak residual within mask : 0.000366684, over full image : 0.00138832
2026-08-04 23:29:33	INFO	CubeMinorCycleAlgorithm::task 	Processing channels in range [0, 9]
2026-08-04 23:29:33	INFO	SDAlgorithmBase::deconvolve 	[ngc4254_12m_hcop] Run Hogbom minor-cycle on 10 chans | CycleThreshold=0.000339844, CycleNiter=600, Gain=0.1
2026-08-04 23:29:33	INFO	SDAlgorithmBase::deconvolve 	[ngc4254_12m_hcop:C0] iters=0->0 [0], model=0->0, peakres=0->0, Reached cyclethreshold.
2026-08-04 23:29:33	INFO	SDAlgorithmBase::deconvolve 	[ngc4254_12m_hcop:C1] iters=0->4 [4], model=0.00859025->0.00859012, peakres=0.000340796->0.000339695, Reached cyclethreshold.
2026-08-04 23:29:33	INFO	SDAlgorithmBase::deconvolve 	[ngc4254_12m_hcop:C2] iters=4->6 [2], model=0.00213908->0.00213911, peakres=0.000340217->0.000338543, Reached cyclethreshold.
2026-08-04 23:29:33	INFO	SDAlgorithmBase::deconvolve 	[ngc4254_12m_hcop:C3] iters=6->10 [4], model=0.00217199->0.00224052, peakres=0.000340983->0.000339667, Reached cyclethreshold.
2026-08-04 23:29:33	INFO	SDAlgorithmBase::deconvolve 	[ngc4254_12m_hcop:C4] iters=10->16 [6], model=-0.0118597->-0.011996, peakres=0.000341652->0.000339771, Reached cyclethreshold.
2026-08-04 23:29:33	INFO	SDAlgorithmBase::deconvolve 	[ngc4254_12m_hcop:C5] iters=16->23 [7], model=-0.000574602->-0.000472507, peakres=0.000340625->0.000339702, Reached cyclethreshold.
2026-08-04 23:29:33	INFO	SDAlgorithmBase::deconvolve 	[ngc4254_12m_hcop:C6] iters=23->46 [23], model=0.00109474->0.00119767, peakres=0.000346104->0.000339649, Reached cyclethreshold.
2026-08-04 23:29:33	INFO	SDAlgorithmBase::deconvolve 	[ngc4254_12m_hcop:C7] iters=46->54 [8], model=-0.00170764->-0.00164054, peakres=0.000340839->0.000339598, Reached cyclethreshold.
2026-08-04 23:29:34	INFO	SDAlgorithmBase::deconvolve 	[ngc4254_12m_hcop:C8] iters=54->206 [152], model=0.0195055->0.0202076, peakres=0.000363732->0.000339759, Reached cyclethreshold.
2026-08-04 23:29:34	INFO	SDAlgorithmBase::deconvolve 	[ngc4254_12m_hcop:C9] iters=206->398 [192], model=-0.000523464->-0.000451158, peakres=0.000366684->0.000339781, Reached cyclethreshold.
2026-08-04 23:29:34	INFO	SDAlgorithmBase::deconvolve 	[ngc4254_12m_hcop] Total model flux (over all planes) : 0.0198148     Peak Residual (over all planes) : 0.000339781 in C9:P0
2026-08-04 23:29:34	INFO	SynthesisDeconvolver::setupDeconvolution 	Set Deconvolution Options for [ngc4254_12m_hcop] : hogbom
2026-08-04 23:29:35	INFO	SynthesisDeconvolver::initMinorCycle 	 Absolute Peak residual within mask : 0.000438898, over full image : 0.00140498
2026-08-04 23:29:35	INFO	CubeMinorCycleAlgorithm::task 	Processing channels in range [10, 19]
2026-08-04 23:29:35	INFO	SDAlgorithmBase::deconvolve 	[ngc4254_12m_hcop] Run Hogbom minor-cycle on 10 chans | CycleThreshold=0.000339844, CycleNiter=600, Gain=0.1
2026-08-04 23:29:36	INFO	SDAlgorithmBase::deconvolve 	[ngc4254_12m_hcop:C0] iters=0->330 [330], model=-0.00403651->-0.00430949, peakres=0.000383543->0.000339742, Reached cyclethreshold.
2026-08-04 23:29:36	INFO	SDAlgorithmBase::deconvolve 	[ngc4254_12m_hcop:C1] iters=330->628 [298], model=0.00541809->0.00576818, peakres=0.000379245->0.000339751, Reached cyclethreshold.
2026-08-04 23:29:36	INFO	SDAlgorithmBase::deconvolve 	[ngc4254_12m_hcop:C2] iters=628->854 [226], model=0.00196307->0.00246973, peakres=0.000368844->0.000339769, Reached cyclethreshold.
2026-08-04 23:29:37	INFO	SDAlgorithmBase::deconvolve 	[ngc4254_12m_hcop:C3] iters=854->1238 [384], model=0.00717599->0.00782656, peakres=0.000390475->0.000339733, Reached cyclethreshold.
2026-08-04 23:29:37	INFO	SDAlgorithmBase::deconvolve 	[ngc4254_12m_hcop:C4] iters=1238->1499 [261], model=-0.00121332->-0.00145852, peakres=0.000370255->0.000339809, Reached cyclethreshold.
2026-08-04 23:29:37	INFO	SDAlgorithmBase::deconvolve 	[ngc4254_12m_hcop:C5] iters=1499->1834 [335], model=0.00410692->0.00443926, peakres=0.000383804->0.000339335, Reached cyclethreshold.
2026-08-04 23:29:38	INFO	SDAlgorithmBase::deconvolve 	[ngc4254_12m_hcop:C6] iters=1834->2077 [243], model=-0.0112394->-0.0119225, peakres=0.000374138->0.000339822, Reached cyclethreshold.
2026-08-04 23:29:38	INFO	SDAlgorithmBase::deconvolve 	[ngc4254_12m_hcop:C7] iters=2077->2316 [239], model=0.00319221->0.00393749, peakres=0.000372282->0.000339669, Reached cyclethreshold.
2026-08-04 23:29:39	INFO	SDAlgorithmBase::deconvolve 	[ngc4254_12m_hcop:C8] iters=2316->2723 [407], model=0.0145089->0.0157133, peakres=0.000402969->0.00033953, Reached cyclethreshold.
2026-08-04 23:29:39	INFO	SDAlgorithmBase::deconvolve 	[ngc4254_12m_hcop:C9] iters=2723->3323 [600], model=0.00266259->0.00359465, peakres=0.000438898->0.000359435, Reached cycleniter.
2026-08-04 23:29:39	INFO	SDAlgorithmBase::deconvolve 	[ngc4254_12m_hcop] Total model flux (over all planes) : 0.0260587     Peak Residual (over all planes) : 0.000359435 in C9:P0
2026-08-04 23:29:40	INFO	SynthesisDeconvolver::setupDeconvolution 	Set Deconvolution Options for [ngc4254_12m_hcop] : hogbom
2026-08-04 23:29:41	INFO	SynthesisDeconvolver::initMinorCycle 	 Absolute Peak residual within mask : 0.000569832, over full image : 0.00138955
2026-08-04 23:29:41	INFO	CubeMinorCycleAlgorithm::task 	Processing channels in range [20, 29]
2026-08-04 23:29:41	INFO	SDAlgorithmBase::deconvolve 	[ngc4254_12m_hcop] Run Hogbom minor-cycle on 10 chans | CycleThreshold=0.000339844, CycleNiter=600, Gain=0.1
2026-08-04 23:29:41	INFO	SDAlgorithmBase::deconvolve 	[ngc4254_12m_hcop:C0] iters=0->600 [600], model=0.00121325->0.00132525, peakres=0.000428454->0.000355693, Reached cycleniter.
2026-08-04 23:29:42	INFO	SDAlgorithmBase::deconvolve 	[ngc4254_12m_hcop:C1] iters=600->1200 [600], model=-0.0170938->-0.0199689, peakres=0.000441624->0.000362008, Reached cycleniter.
2026-08-04 23:29:43	INFO	SDAlgorithmBase::deconvolve 	[ngc4254_12m_hcop:C2] iters=1200->1800 [600], model=-0.0112797->-0.0128832, peakres=0.00045372->0.000373988, Reached cycleniter.
2026-08-04 23:29:44	INFO	SDAlgorithmBase::deconvolve 	[ngc4254_12m_hcop:C3] iters=1800->2400 [600], model=0.00481944->0.00489554, peakres=0.000491799->0.000408594, Reached cycleniter.
2026-08-04 23:29:45	INFO	SDAlgorithmBase::deconvolve 	[ngc4254_12m_hcop:C4] iters=2400->3000 [600], model=0.0112451->0.0124623, peakres=0.000498247->0.000416278, Reached cycleniter.
2026-08-04 23:29:45	INFO	SDAlgorithmBase::deconvolve 	[ngc4254_12m_hcop:C5] iters=3000->3600 [600], model=0.017543->0.0184565, peakres=0.000483096->0.000400259, Reached cycleniter.
2026-08-04 23:29:46	INFO	SDAlgorithmBase::deconvolve 	[ngc4254_12m_hcop:C6] iters=3600->4200 [600], model=0.0194954->0.0212401, peakres=0.000516566->0.000432583, Reached cycleniter.
2026-08-04 23:29:47	INFO	SDAlgorithmBase::deconvolve 	[ngc4254_12m_hcop:C7] iters=4200->4800 [600], model=0.0185861->0.0219085, peakres=0.000539324->0.000457649, Reached cycleniter.
2026-08-04 23:29:48	INFO	SDAlgorithmBase::deconvolve 	[ngc4254_12m_hcop:C8] iters=4800->5400 [600], model=0.0196316->0.0243493, peakres=0.000525766->0.00044455, Reached cycleniter.
2026-08-04 23:29:49	INFO	SDAlgorithmBase::deconvolve 	[ngc4254_12m_hcop:C9] iters=5400->6000 [600], model=0.0253923->0.0287295, peakres=0.000569832->0.000483253, Reached cycleniter.
2026-08-04 23:29:49	INFO	SDAlgorithmBase::deconvolve 	[ngc4254_12m_hcop] Total model flux (over all planes) : 0.100515     Peak Residual (over all planes) : 0.000483253 in C9:P0
2026-08-04 23:29:49	INFO	SynthesisDeconvolver::setupDeconvolution 	Set Deconvolution Options for [ngc4254_12m_hcop] : hogbom
2026-08-04 23:29:50	INFO	SynthesisDeconvolver::initMinorCycle 	 Absolute Peak residual within mask : 0.000557737, over full image : 0.00142542
2026-08-04 23:29:50	INFO	CubeMinorCycleAlgorithm::task 	Processing channels in range [30, 39]
2026-08-04 23:29:50	INFO	SDAlgorithmBase::deconvolve 	[ngc4254_12m_hcop] Run Hogbom minor-cycle on 10 chans | CycleThreshold=0.000339844, CycleNiter=600, Gain=0.1
2026-08-04 23:29:51	INFO	SDAlgorithmBase::deconvolve 	[ngc4254_12m_hcop:C0] iters=0->600 [600], model=0.0268633->0.0302972, peakres=0.000539369->0.000454354, Reached cycleniter.
2026-08-04 23:29:51	INFO	SDAlgorithmBase::deconvolve 	[ngc4254_12m_hcop:C1] iters=600->1200 [600], model=0.0267961->0.0280478, peakres=0.000554456->0.000465639, Reached cycleniter.
2026-08-04 23:29:52	INFO	SDAlgorithmBase::deconvolve 	[ngc4254_12m_hcop:C2] iters=1200->1800 [600], model=0.00595139->0.00550514, peakres=0.000527193->0.000445974, Reached cycleniter.
2026-08-04 23:29:53	INFO	SDAlgorithmBase::deconvolve 	[ngc4254_12m_hcop:C3] iters=1800->2400 [600], model=0.0216104->0.0240956, peakres=0.000533582->0.000447655, Reached cycleniter.
2026-08-04 23:29:54	INFO	SDAlgorithmBase::deconvolve 	[ngc4254_12m_hcop:C4] iters=2400->3000 [600], model=0.0378766->0.0430604, peakres=0.000504858->0.000426182, Reached cycleniter.
2026-08-04 23:29:54	INFO	SDAlgorithmBase::deconvolve 	[ngc4254_12m_hcop:C5] iters=3000->3600 [600], model=0.0184619->0.0212558, peakres=0.000522237->0.000434759, Reached cycleniter.
2026-08-04 23:29:55	INFO	SDAlgorithmBase::deconvolve 	[ngc4254_12m_hcop:C6] iters=3600->4200 [600], model=0.0358098->0.0410658, peakres=0.000527498->0.000445142, Reached cycleniter.
2026-08-04 23:29:56	INFO	SDAlgorithmBase::deconvolve 	[ngc4254_12m_hcop:C7] iters=4200->4800 [600], model=0.0242845->0.0284726, peakres=0.000535851->0.000453478, Reached cycleniter.
2026-08-04 23:29:57	INFO	SDAlgorithmBase::deconvolve 	[ngc4254_12m_hcop:C8] iters=4800->5400 [600], model=0.0168448->0.0195127, peakres=0.00053353->0.000450004, Reached cycleniter.
2026-08-04 23:29:58	INFO	SDAlgorithmBase::deconvolve 	[ngc4254_12m_hcop:C9] iters=5400->6000 [600], model=0.0284018->0.0322581, peakres=0.000557737->0.000469575, Reached cycleniter.
2026-08-04 23:29:58	INFO	SDAlgorithmBase::deconvolve 	[ngc4254_12m_hcop] Total model flux (over all planes) : 0.273571     Peak Residual (over all planes) : 0.000469575 in C9:P0
2026-08-04 23:29:58	INFO	SynthesisDeconvolver::setupDeconvolution 	Set Deconvolution Options for [ngc4254_12m_hcop] : hogbom
2026-08-04 23:29:59	INFO	SynthesisDeconvolver::initMinorCycle 	 Absolute Peak residual within mask : 0.00053444, over full image : 0.0014967
2026-08-04 23:29:59	INFO	CubeMinorCycleAlgorithm::task 	Processing channels in range [40, 49]
2026-08-04 23:29:59	INFO	SDAlgorithmBase::deconvolve 	[ngc4254_12m_hcop] Run Hogbom minor-cycle on 10 chans | CycleThreshold=0.000339844, CycleNiter=600, Gain=0.1
2026-08-04 23:30:00	INFO	SDAlgorithmBase::deconvolve 	[ngc4254_12m_hcop:C0] iters=0->600 [600], model=0.0377765->0.0423942, peakres=0.000531377->0.000445819, Reached cycleniter.
2026-08-04 23:30:01	INFO	SDAlgorithmBase::deconvolve 	[ngc4254_12m_hcop:C1] iters=600->1200 [600], model=0.031425->0.0352534, peakres=0.00053444->0.000451118, Reached cycleniter.
2026-08-04 23:30:01	INFO	SDAlgorithmBase::deconvolve 	[ngc4254_12m_hcop:C2] iters=1200->1800 [600], model=0.0203459->0.0234011, peakres=0.000521->0.00043807, Reached cycleniter.
2026-08-04 23:30:02	INFO	SDAlgorithmBase::deconvolve 	[ngc4254_12m_hcop:C3] iters=1800->2400 [600], model=0.0157582->0.017156, peakres=0.000468778->0.0003934, Reached cycleniter.
2026-08-04 23:30:03	INFO	SDAlgorithmBase::deconvolve 	[ngc4254_12m_hcop:C4] iters=2400->3000 [600], model=0.00138436->0.00223538, peakres=0.000462096->0.000384006, Reached cycleniter.
2026-08-04 23:30:04	INFO	SDAlgorithmBase::deconvolve 	[ngc4254_12m_hcop:C5] iters=3000->3600 [600], model=0.00287269->0.00379269, peakres=0.000450566->0.000372655, Reached cycleniter.
2026-08-04 23:30:04	INFO	SDAlgorithmBase::deconvolve 	[ngc4254_12m_hcop:C6] iters=3600->4200 [600], model=-0.00967883->-0.0108335, peakres=0.000425199->0.00035038, Reached cycleniter.
2026-08-04 23:30:05	INFO	SDAlgorithmBase::deconvolve 	[ngc4254_12m_hcop:C7] iters=4200->4800 [600], model=7.44769e-05->-0.000635626, peakres=0.000427648->0.000349562, Reached cycleniter.
2026-08-04 23:30:06	INFO	SDAlgorithmBase::deconvolve 	[ngc4254_12m_hcop:C8] iters=4800->5400 [600], model=0.00378075->0.00544333, peakres=0.000434801->0.000358042, Reached cycleniter.
2026-08-04 23:30:07	INFO	SDAlgorithmBase::deconvolve 	[ngc4254_12m_hcop:C9] iters=5400->6000 [600], model=0.00252896->0.00302944, peakres=0.000428156->0.000359552, Reached cycleniter.
2026-08-04 23:30:07	INFO	SDAlgorithmBase::deconvolve 	[ngc4254_12m_hcop] Total model flux (over all planes) : 0.121236     Peak Residual (over all planes) : 0.000451118 in C1:P0
2026-08-04 23:30:08	INFO	SynthesisDeconvolver::setupDeconvolution 	Set Deconvolution Options for [ngc4254_12m_hcop] : hogbom
2026-08-04 23:30:08	INFO	SynthesisDeconvolver::initMinorCycle 	 Absolute Peak residual within mask : 0.000426175, over full image : 0.00140929
2026-08-04 23:30:08	INFO	CubeMinorCycleAlgorithm::task 	Processing channels in range [50, 59]
2026-08-04 23:30:08	INFO	SDAlgorithmBase::deconvolve 	[ngc4254_12m_hcop] Run Hogbom minor-cycle on 10 chans | CycleThreshold=0.000339844, CycleNiter=600, Gain=0.1
2026-08-04 23:30:09	INFO	SDAlgorithmBase::deconvolve 	[ngc4254_12m_hcop:C0] iters=0->600 [600], model=0.00659036->0.00771549, peakres=0.000419575->0.000342672, Reached cycleniter.
2026-08-04 23:30:10	INFO	SDAlgorithmBase::deconvolve 	[ngc4254_12m_hcop:C1] iters=600->1155 [555], model=0.00180538->0.00296599, peakres=0.000407239->0.000339686, Reached cyclethreshold.
2026-08-04 23:30:11	INFO	SDAlgorithmBase::deconvolve 	[ngc4254_12m_hcop:C2] iters=1155->1639 [484], model=-0.000213308->-0.000713671, peakres=0.000400931->0.000339818, Reached cyclethreshold.
2026-08-04 23:30:11	INFO	SDAlgorithmBase::deconvolve 	[ngc4254_12m_hcop:C3] iters=1639->2239 [600], model=0.00018467->0.000322725, peakres=0.00042257->0.000342892, Reached cycleniter.
2026-08-04 23:30:12	INFO	SDAlgorithmBase::deconvolve 	[ngc4254_12m_hcop:C4] iters=2239->2694 [455], model=-0.00196896->-0.00196468, peakres=0.000396593->0.000339779, Reached cyclethreshold.
2026-08-04 23:30:12	INFO	SDAlgorithmBase::deconvolve 	[ngc4254_12m_hcop:C5] iters=2694->3087 [393], model=0.00680487->0.00728849, peakres=0.000390165->0.000339692, Reached cyclethreshold.
2026-08-04 23:30:13	INFO	SDAlgorithmBase::deconvolve 	[ngc4254_12m_hcop:C6] iters=3087->3481 [394], model=-0.00174317->-0.00211857, peakres=0.000388324->0.000339745, Reached cyclethreshold.
2026-08-04 23:30:14	INFO	SDAlgorithmBase::deconvolve 	[ngc4254_12m_hcop:C7] iters=3481->4081 [600], model=-0.0100319->-0.0104857, peakres=0.00042265->0.0003475, Reached cycleniter.
2026-08-04 23:30:14	INFO	SDAlgorithmBase::deconvolve 	[ngc4254_12m_hcop:C8] iters=4081->4681 [600], model=0.00609664->0.00553944, peakres=0.000419608->0.000345293, Reached cycleniter.
2026-08-04 23:30:15	INFO	SDAlgorithmBase::deconvolve 	[ngc4254_12m_hcop:C9] iters=4681->5281 [600], model=-0.00347674->-0.0032871, peakres=0.000426175->0.000350062, Reached cycleniter.
2026-08-04 23:30:15	INFO	SDAlgorithmBase::deconvolve 	[ngc4254_12m_hcop] Total model flux (over all planes) : 0.00526242     Peak Residual (over all planes) : 0.000350062 in C9:P0
2026-08-04 23:30:16	INFO	SynthesisDeconvolver::setupDeconvolution 	Set Deconvolution Options for [ngc4254_12m_hcop] : hogbom
2026-08-04 23:30:17	INFO	SynthesisDeconvolver::initMinorCycle 	 Absolute Peak residual within mask : 0.000408287, over full image : 0.00138969
2026-08-04 23:30:17	INFO	CubeMinorCycleAlgorithm::task 	Processing channels in range [60, 69]
2026-08-04 23:30:17	INFO	SDAlgorithmBase::deconvolve 	[ngc4254_12m_hcop] Run Hogbom minor-cycle on 10 chans | CycleThreshold=0.000339844, CycleNiter=600, Gain=0.1
2026-08-04 23:30:18	INFO	SDAlgorithmBase::deconvolve 	[ngc4254_12m_hcop:C0] iters=0->557 [557], model=-0.000378317->-0.000635876, peakres=0.000408287->0.000339639, Reached cyclethreshold.
2026-08-04 23:30:18	INFO	SDAlgorithmBase::deconvolve 	[ngc4254_12m_hcop:C1] iters=557->974 [417], model=0.00159907->0.00251513, peakres=0.000398006->0.000339768, Reached cyclethreshold.
2026-08-04 23:30:18	INFO	SDAlgorithmBase::deconvolve 	[ngc4254_12m_hcop:C2] iters=974->1165 [191], model=0.00108462->0.00083809, peakres=0.000365482->0.000339777, Reached cyclethreshold.
2026-08-04 23:30:19	INFO	SDAlgorithmBase::deconvolve 	[ngc4254_12m_hcop:C3] iters=1165->1207 [42], model=-0.0121429->-0.0122788, peakres=0.000345791->0.000339585, Reached cyclethreshold.
2026-08-04 23:30:19	INFO	SDAlgorithmBase::deconvolve 	[ngc4254_12m_hcop:C4] iters=1207->1211 [4], model=-0.00103168->-0.00103016, peakres=0.000340805->0.000339769, Reached cyclethreshold.
2026-08-04 23:30:19	INFO	SDAlgorithmBase::deconvolve 	[ngc4254_12m_hcop:C5] iters=1211->1213 [2], model=0.00470834->0.00470832, peakres=0.000340293->0.000339316, Reached cyclethreshold.
2026-08-04 23:30:19	INFO	SDAlgorithmBase::deconvolve 	[ngc4254_12m_hcop:C6] iters=1213->1218 [5], model=-0.00768134->-0.00757925, peakres=0.000340809->0.000339777, Reached cyclethreshold.
2026-08-04 23:30:19	INFO	SDAlgorithmBase::deconvolve 	[ngc4254_12m_hcop:C7] iters=1218->1220 [2], model=0.00587435->0.00587436, peakres=0.000340349->0.000339598, Reached cyclethreshold.
2026-08-04 23:30:19	INFO	SDAlgorithmBase::deconvolve 	[ngc4254_12m_hcop:C8] iters=1220->1222 [2], model=0.00635403->0.00635414, peakres=0.000340553->0.000339619, Reached cyclethreshold.
2026-08-04 23:30:19	INFO	SDAlgorithmBase::deconvolve 	[ngc4254_12m_hcop:C9] iters=1222->1225 [3], model=0.00111559->0.00114962, peakres=0.000340312->0.000339515, Reached cyclethreshold.
2026-08-04 23:30:19	INFO	SDAlgorithmBase::deconvolve 	[ngc4254_12m_hcop] Total model flux (over all planes) : -8.44791e-05     Peak Residual (over all planes) : 0.000339777 in C2:P0
2026-08-04 23:30:19	INFO	SynthesisDeconvolver::setupDeconvolution 	Set Deconvolution Options for [ngc4254_12m_hcop] : hogbom
2026-08-04 23:30:20	INFO	SynthesisDeconvolver::initMinorCycle 	 Absolute Peak residual within mask : 0.000340034, over full image : 0.00137733
2026-08-04 23:30:20	INFO	CubeMinorCycleAlgorithm::task 	Processing channels in range [70, 70]
2026-08-04 23:30:20	INFO	SDAlgorithmBase::deconvolve 	[ngc4254_12m_hcop] Run Hogbom minor-cycle | CycleThreshold=0.000339844, CycleNiter=600, Gain=0.1
2026-08-04 23:30:20	INFO	SDAlgorithmBase::deconvolve 	[ngc4254_12m_hcop] iters=0->1 [1], model=-0.00170885->-0.00174286, peakres=0.000340034->0.000339463, Reached cyclethreshold.
2026-08-04 23:30:20	INFO	grpcInteractiveCleanManager::mergeCycleExecutionRecord 	Completed 28228 iterations.
2026-08-04 23:30:20	INFO	task_tclean::SynthesisImager::executeMajorCycle 	----------------------------------------------------------- Run Major Cycle 1 -------------------------------------
2026-08-04 23:30:20	INFO	task_tclean::SynthesisImagerVi2::nSubCubeFitInMemory	Required memory: 10.47 GB. Available mem.: 250.9 GB (rc, mem. fraction: 80%, memory: -) => Subcubes: 1. Processes on node: 1.
2026-08-04 23:30:20	INFO	task_tclean::SynthesisImagerVi2::selectData 	MS : ngc4254_12m_hcop.ms | [Opened in readonly mode]
2026-08-04 23:30:20	INFO	task_tclean::SynthesisImagerVi2::selectData 	  NRows selected : 5338975
2026-08-04 23:30:27	INFO	task_tclean::SynthesisImager::getVPRecord 	Using default Voltage Patterns from the VPManager
2026-08-04 23:30:27	INFO	task_tclean::VPSkyJones::VPSkyJones	PB used ALMA
2026-08-04 23:30:27	INFO	task_tclean::SynthesisImagerVi2::weight() 	Set imaging weights : Briggs weighting: sidelobes will be suppressed over full image
2026-08-04 23:30:27	INFO	task_tclean::SynthesisImagerVi2::weight() 	Doing spectral cube Briggs weighting formula --  norm
2026-08-04 23:30:27	INFO	task_tclean::SynthesisImager::tuneSelectData 	Tuning frequency data selection to match image spectral coordinates
2026-08-04 23:30:27	INFO	task_tclean::SynthesisImagerVi2::selectData 	MS : ngc4254_12m_hcop.ms | [Opened in readonly mode]
2026-08-04 23:30:27	INFO	task_tclean::SynthesisImagerVi2::selectData 	  NRows selected : 5338975
2026-08-04 23:30:29	INFO	task_tclean::SynthesisImager::executeMajorCycle 	----------------------------------------------------------- Run Major Cycle 1 -------------------------------------
2026-08-04 23:30:31	INFO	task_tclean::HetArrConvFunc::findAntennaSizes	Overriding PB with Airy of diam,blockage=10.7 m,0.75 m starting with antenna 0
2026-08-04 23:30:32	INFO	task_tclean::HetArrConvFunc::findConvFunction 	convolution function support: [7]ELKEY 0_0_71 actualConvInd 0 pointer 1
2026-08-04 23:57:10	WARN	task_tclean::SIImageStore::Open existing Images (file /source/casa6/casatools/src/code/synthesis/ImagerObjects/SIImageStore.cc, line 618)	 Mismatch in Csys latpoles between existing image on disk ([3.22374, 0.251613, 180, 0.251613]) and current imaging run ([184.707, 14.4164, 180, 14.4164]) : The DirectionCoordinates have differing latpoles -- Resetting to match image on disk
2026-08-04 23:57:10	WARN	task_tclean::SIImageStore::Open existing Images (file /source/casa6/casatools/src/code/synthesis/ImagerObjects/SIImageStore.cc, line 618)	 Mismatch in Csys latpoles between existing image on disk ([184.707, 14.4164, 180, 14.4164]) and current imaging run ([3.22374, 0.251613, 180, 0.251613]) : The DirectionCoordinates have differing latpoles -- Resetting to match image on disk
2026-08-04 23:57:13	INFO	task_tclean::SynthesisDeconvolver::initMinorCycle 	 Absolute Peak residual within mask : 0.000484718, over full image : 0.00151614
2026-08-04 23:57:13	INFO	tclean::::casa	Reached global stopping criterion : iteration limit
2026-08-04 23:57:13	INFO	tclean::::casa	getSummary call: fullsummary=True
2026-08-04 23:57:13	INFO	SDAlgorithmBase::restore 	[ngc4254_12m_hcop] : Restoring model image.
2026-08-04 23:57:13	INFO	SIImageStore::restore 	Getting common beam
2026-08-04 23:57:13	INFO	SIImageStore::restore 	Common Beam : 1.48726 arcsec, 1.17666 arcsec, -49.408 deg
2026-08-04 23:57:22	INFO	tclean::::casa	Searching for images with prefix 'ngc4254_12m_hcop'... Found these, writing history into them: ['ngc4254_12m_hcop.image', 'ngc4254_12m_hcop.model', 'ngc4254_12m_hcop.residual', 'ngc4254_12m_hcop.pb', 'ngc4254_12m_hcop.psf', 'ngc4254_12m_hcop.weight', 'ngc4254_12m_hcop.sumwt', 'ngc4254_12m_hcop.mask']
2026-08-04 23:57:23	INFO	tclean::::casa	Task tclean complete. Start time: 2026-08-04 23:29:22.158237 End time: 2026-08-04 23:57:22.619909
2026-08-04 23:57:23	INFO	tclean::::casa	##### End Task: tclean               #####
2026-08-04 23:57:23	INFO	tclean::::casa	##########################################
2026-08-04 23:57:23	INFO	imstat::::casa	##########################################
2026-08-04 23:57:23	INFO	imstat::::casa	##### Begin Task: imstat             #####
2026-08-04 23:57:23	INFO	imstat::::casa	imstat( imagename='ngc4254_12m_hcop.model', axes=[], region='', box='', chans='', stokes='', listit=True, verbose=True, mask='', stretch=False, logfile='', append=True, algorithm='classic', fence=-1.0, center='mean', lside=True, zscore=-1.0, maxiter=-1, clmethod='auto', niter=3 )
2026-08-04 23:57:23	INFO	imstat::CasacRegionManager::fromBCS	No directional region specified. Using full positional plane.
2026-08-04 23:57:23	INFO	imstat::CasacRegionManager::fromBCS	Using all spectral channels.
2026-08-04 23:57:23	INFO	imstat::CasacRegionManager::fromBCS	Using polarizations ALL
2026-08-04 23:57:23	INFO	imstat::image::statistics 	Determining stats for image ngc4254_12m_hcop.model
2026-08-04 23:57:23	INFO	imstat::ImageRegion::fromRecord	Selected bounding box : 
2026-08-04 23:57:23	INFO	imstat::ImageRegion::fromRecord+	    [0, 0, 0, 0] to [1023, 1151, 0, 70]  (12:18:58.409, +14.22.34.990, I, 8.85753e+10Hz to 12:18:40.805, +14.27.22.740, I, 8.83702e+10Hz)
2026-08-04 23:57:23	INFO	imstat::ImageStatsCalculator::_logStartup	Statistics calculated using Classic algorithm
2026-08-04 23:57:23	INFO	imstat::ImageStatsCalculator::_logStartup	Regions --- 
2026-08-04 23:57:23	INFO	imstat::ImageStatsCalculator::_logStartup	         -- bottom-left corner (pixel) [blc]:  [0, 0, 0, 0]
2026-08-04 23:57:23	INFO	imstat::ImageStatsCalculator::_logStartup	         -- top-right corner (pixel) [trc]:    [1023, 1151, 0, 70]
2026-08-04 23:57:23	INFO	imstat::ImageStatsCalculator::_logStartup	         -- bottom-left corner (world) [blcf]: 12:18:58.409, +14.22.34.990, I, 8.85753e+10Hz
2026-08-04 23:57:23	INFO	imstat::ImageStatsCalculator::_logStartup	         -- top-right corner (world) [trcf]:   12:18:40.805, +14.27.22.740, I, 8.83702e+10Hz
2026-08-04 23:57:24	INFO	imstat::::	Values --- 
2026-08-04 23:57:24	INFO	imstat::::	         -- number of points [npts]:                8.3755e+07
2026-08-04 23:57:24	INFO	imstat::::	         -- maximum value [max]:                    0.00172092 Jy/pixel
2026-08-04 23:57:24	INFO	imstat::::	         -- minimum value [min]:                    -0.00134089 Jy/pixel
2026-08-04 23:57:24	INFO	imstat::::	         -- position of max value (pixel) [maxpos]: [557, 562, 0, 28]
2026-08-04 23:57:24	INFO	imstat::::	         -- position of min value (pixel) [minpos]: [291, 645, 0, 14]
2026-08-04 23:57:24	INFO	imstat::::	         -- position of max value (world) [maxposf]: 12:18:48.826, +14.24.55.500, I, 8.84933e+10Hz
2026-08-04 23:57:24	INFO	imstat::::	         -- position of min value (world) [minposf]: 12:18:53.403, +14.25.16.248, I, 8.85343e+10Hz
2026-08-04 23:57:24	INFO	imstat::::	         -- Sum of pixel values [sum]:               0.544631 Jy/pixel
2026-08-04 23:57:24	INFO	imstat::::	         -- Sum of squared pixel values [sumsq]:     0.00316224 Jy/pixel.Jy/pixel
2026-08-04 23:57:24	INFO	imstat::::	Statistics --- 
2026-08-04 23:57:24	INFO	imstat::::	        -- Mean of the pixel values [mean]:         6.50267e-09 Jy/pixel
2026-08-04 23:57:24	INFO	imstat::::	        -- Variance of the pixel values :           3.77558e-11 Jy/pixel
2026-08-04 23:57:24	INFO	imstat::::	        -- Standard deviation of the Mean [sigma]:  6.14457e-06 Jy/pixel
2026-08-04 23:57:24	INFO	imstat::::	        -- Root mean square [rms]:                  6.14458e-06 Jy/pixel
2026-08-04 23:57:24	INFO	imstat::::	        -- Median of the pixel values [median]:     0 Jy/pixel
2026-08-04 23:57:24	INFO	imstat::::	        -- Median of the deviations [medabsdevmed]: 0 Jy/pixel
2026-08-04 23:57:24	INFO	imstat::::	        -- IQR [quartile]:                          0 Jy/pixel
2026-08-04 23:57:24	INFO	imstat::::	        -- First quartile [q1]:                     0 Jy/pixel
2026-08-04 23:57:24	INFO	imstat::::	        -- Third quartile [q3]:                     0 Jy/pixel
2026-08-04 23:57:24	INFO	imstat::ImageStatsCalculator::statistics	Sum column unit = Jy/pixel
2026-08-04 23:57:24	INFO	imstat::ImageStatsCalculator::statistics+	Mean column unit = Jy/pixel
2026-08-04 23:57:24	INFO	imstat::ImageStatsCalculator::statistics+	Std_dev column unit = Jy/pixel
2026-08-04 23:57:24	INFO	imstat::ImageStatsCalculator::statistics+	Minimum column unit = Jy/pixel
2026-08-04 23:57:24	INFO	imstat::ImageStatsCalculator::statistics+	Maximum column unit = Jy/pixel
2026-08-04 23:57:24	INFO	imstat::ImageStatsCalculator::statistics	Npts          Sum           Mean          Rms           Std_dev       Minimum       Maximum     
2026-08-04 23:57:24	INFO	imstat::ImageStatsCalculator::statistics	 8.375501e+07  5.446311e-01  6.502669e-09  6.144578e-06  6.144575e-06 -1.340888e-03  1.720923e-03
2026-08-04 23:57:24	INFO	imstat::::casa	Task imstat complete. Start time: 2026-08-04 23:57:22.623283 End time: 2026-08-04 23:57:24.073687
2026-08-04 23:57:24	INFO	imstat::::casa	##### End Task: imstat               #####
2026-08-04 23:57:24	INFO	imstat::::casa	##########################################
2026-08-04 23:57:42	INFO	tclean::::casa	##########################################
2026-08-04 23:57:42	INFO	tclean::::casa	##### Begin Task: tclean             #####
2026-08-04 23:57:42	INFO	tclean::::casa	tclean( vis='ngc4254_12m_hcop.ms', selectdata=True, field='', spw='', timerange='', uvrange='', antenna='', scan='', observation='', intent='', datacolumn='corrected', imagename='ngc4254_12m_hcop', imsize=[1024, 1152], cell='0.25arcsec', phasecenter='J2000 12h18m49.6s +14d24m59s', stokes='I', projection='SIN', startmodel='', specmode='cube', reffreq='', nchan=-1, start='', width='', outframe='LSRK', veltype='radio', restfreq='89.18852GHz', interpolation='linear', perchanweightdensity=True, gridder='mosaic', facets=1, psfphasecenter='', wprojplanes=1, vptable='', mosweight=True, aterm=True, psterm=False, wbawp=True, conjbeams=False, cfcache='', usepointing=False, computepastep=360.0, rotatepastep=360.0, pointingoffsetsigdev=[], pblimit=0.2, normtype='flatnoise', deconvolver='hogbom', scales=[], nterms=1, smallscalebias=0.9, fusedthreshold=0.0, largestscale=-1, restoration=True, restoringbeam='common', pbcor=False, outlierfile='', weighting='briggs', robust=0.5, noise='1.0Jy', npixels=0, uvtaper=[], niter=45440, gain=0.1, threshold='0.00033935574269161557Jy/beam', nsigma=0.0, cycleniter=700, cyclefactor=3.0, minpsffraction=0.5, maxpsffraction=0.8, interactive=False, nmajor=-1, fullsummary=True, usemask='user', mask='', pbmask=0.2, sidelobethreshold=3.0, noisethreshold=5.0, lownoisethreshold=1.5, negativethreshold=0.0, smoothfactor=1.0, minbeamfrac=0.3, cutthreshold=0.01, growiterations=75, dogrowprune=True, minpercentchange=-1.0, verbose=False, fastnoise=True, restart=True, savemodel='none', calcres=False, calcpsf=False, psfcutoff=0.35, parallel=False )
2026-08-04 23:57:42	INFO	tclean::::casa	Verifying Input Parameters
2026-08-04 23:57:42	INFO	SynthesisImagerVi2::selectData 	MS : ngc4254_12m_hcop.ms | [Opened in readonly mode]
2026-08-04 23:57:42	INFO	SynthesisImagerVi2::selectData 	  NRows selected : 5338975
2026-08-04 23:57:44	INFO	SynthesisImagerVi2::defineImage 	Define image coordinates for [ngc4254_12m_hcop] : 
2026-08-04 23:57:44	INFO	SynthesisImagerVi2::defineImage 	Define image coordinates for [ngc4254_12m_hcop] : 
2026-08-04 23:57:44	INFO	MSTransformRegridder::calcChanFreqs	 phaseCenter='Direction: [-0.965246, -0.0794707, 0.248967]'  *** Encountered negative channel widths in input spectral window.
2026-08-04 23:57:44	INFO	MSTransformRegridder::calcChanFreqs	 Channels equidistant in freq
2026-08-04 23:57:44	INFO	MSTransformRegridder::calcChanFreqs+	 Central frequency (in output frame) = 8.84728e+10 Hz
2026-08-04 23:57:44	INFO	MSTransformRegridder::calcChanFreqs+	 Channel central frequency is decreasing with increasing channel number.
2026-08-04 23:57:44	INFO	MSTransformRegridder::calcChanFreqs+	 Width of central channel (in output frame) = 2.93057e+06 Hz
2026-08-04 23:57:44	INFO	MSTransformRegridder::calcChanFreqs+	 Number of channels = 71
2026-08-04 23:57:44	INFO	MSTransformRegridder::calcChanFreqs+	 Total width of SPW (in output frame) = 2.0807e+08 Hz
2026-08-04 23:57:44	INFO	MSTransformRegridder::calcChanFreqs+	 Lower edge = 8.83687e+10 Hz, upper edge = 8.85768e+10 Hz
2026-08-04 23:57:44	INFO	SynthesisImagerVi2::defineImage 	Impars: start 
2026-08-04 23:57:44	INFO	SynthesisImagerVi2::defineImage 	Shape: [1024, 1152, 1, 71] Spectral: [8.85753e+10] at [0] with increment [-2.93057e+06]
2026-08-04 23:57:44	INFO	SynthesisImagerVi2::defineImage 	Set Gridding options for [ngc4254_12m_hcop] with ftmachine : mosaicft
2026-08-04 23:57:45	INFO	SynthesisImager::getVPRecord 	Using default Voltage Patterns from the VPManager
2026-08-04 23:57:45	INFO	VPSkyJones::VPSkyJones	PB used ALMA
2026-08-04 23:57:45	INFO	SynthesisImagerVi2::nSubCubeFitInMemory	Required memory: 10.47 GB. Available mem.: 251.1 GB (rc, mem. fraction: 80%, memory: -) => Subcubes: 1. Processes on node: 1.
2026-08-04 23:57:45	INFO	tclean::::casa	CFCache already exists
2026-08-04 23:57:45	INFO	SynthesisImagerVi2::weight() 	Set imaging weights : Briggs weighting: sidelobes will be suppressed over full image
2026-08-04 23:57:45	INFO	SynthesisImagerVi2::weight() 	Doing spectral cube Briggs weighting formula --  norm
2026-08-04 23:57:45	INFO	task_tclean::SynthesisDeconvolver::setupDeconvolution 	Set Deconvolution Options for [ngc4254_12m_hcop] : hogbom
2026-08-04 23:57:47	WARN	task_tclean::SIImageStore::Open existing Images (file /source/casa6/casatools/src/code/synthesis/ImagerObjects/SIImageStore.cc, line 618)	 Mismatch in Csys latpoles between existing image on disk ([3.22374, 0.251613, 180, 0.251613]) and current imaging run ([184.707, 14.4164, 180, 14.4164]) : The DirectionCoordinates have differing latpoles -- Resetting to match image on disk
2026-08-04 23:57:47	WARN	task_tclean::SIImageStore::Open existing Images (file /source/casa6/casatools/src/code/synthesis/ImagerObjects/SIImageStore.cc, line 618)	 Mismatch in Csys latpoles between existing image on disk ([184.707, 14.4164, 180, 14.4164]) and current imaging run ([3.22374, 0.251613, 180, 0.251613]) : The DirectionCoordinates have differing latpoles -- Resetting to match image on disk
2026-08-04 23:57:50	INFO	task_tclean::SynthesisDeconvolver::initMinorCycle 	 Absolute Peak residual within mask : 0.000484718, over full image : 0.00151614
2026-08-04 23:57:50	WARN	SIImageStore::Open existing Images (file /source/casa6/casatools/src/code/synthesis/ImagerObjects/SIImageStore.cc, line 618)	 Mismatch in Csys latpoles between existing image on disk ([3.22374, 0.251613, 180, 0.251613]) and current imaging run ([184.707, 14.4164, 180, 14.4164]) : The DirectionCoordinates have differing latpoles -- Resetting to match image on disk
2026-08-04 23:57:50	INFO	SynthesisDeconvolver::setupMask 	[ngc4254_12m_hcop] Initializing to existing mask
2026-08-04 23:57:51	INFO	SynthesisDeconvolver::setupMask 	[ngc4254_12m_hcop] Number of pixels in the clean mask : 262721 out of a total of 8.3755e+07 pixels. [ 0.313678 % ]
2026-08-04 23:57:51	WARN	SIImageStore::Open existing Images (file /source/casa6/casatools/src/code/synthesis/ImagerObjects/SIImageStore.cc, line 618)	 Mismatch in Csys latpoles between existing image on disk ([184.707, 14.4164, 180, 14.4164]) and current imaging run ([3.22374, 0.251613, 180, 0.251613]) : The DirectionCoordinates have differing latpoles -- Resetting to match image on disk
2026-08-04 23:57:52	INFO	SynthesisDeconvolver::initMinorCycle 	 Absolute Peak residual within mask : 0.000484718, over full image : 0.00151614
2026-08-04 23:57:52	INFO	tclean::::casa	Minor Cycle controls : {'cycleniter': 700, 'cyclethreshold': 0.0003393557562958449, 'loopgain': 0.10000000149011612, 'nsigma': 0.0, 'thresholdreached': True}
2026-08-04 23:57:52	INFO	SynthesisDeconvolver::executeCubeMinorCycle 	---------------------------------------------------- Run Minor Cycle Iterations  ---------------------------------------------
2026-08-04 23:57:52	WARN	SIImageStore::Open existing Images (file /source/casa6/casatools/src/code/synthesis/ImagerObjects/SIImageStore.cc, line 618)	 Mismatch in Csys latpoles between existing image on disk ([3.22374, 0.251613, 180, 0.251613]) and current imaging run ([184.707, 14.4164, 180, 14.4164]) : The DirectionCoordinates have differing latpoles -- Resetting to match image on disk
2026-08-04 23:57:52	WARN	SIImageStore::Open existing Images (file /source/casa6/casatools/src/code/synthesis/ImagerObjects/SIImageStore.cc, line 618)	 Mismatch in Csys latpoles between existing image on disk ([184.707, 14.4164, 180, 14.4164]) and current imaging run ([3.22374, 0.251613, 180, 0.251613]) : The DirectionCoordinates have differing latpoles -- Resetting to match image on disk
2026-08-04 23:57:52	INFO	SynthesisDeconvolver::setupDeconvolution 	Set Deconvolution Options for [ngc4254_12m_hcop] : hogbom
2026-08-04 23:57:53	INFO	SynthesisDeconvolver::initMinorCycle 	 Absolute Peak residual within mask : 0.000339947, over full image : 0.00138862
2026-08-04 23:57:53	INFO	CubeMinorCycleAlgorithm::task 	Processing channels in range [0, 9]
2026-08-04 23:57:53	INFO	SDAlgorithmBase::deconvolve 	[ngc4254_12m_hcop] Run Hogbom minor-cycle on 10 chans | CycleThreshold=0.000339356, CycleNiter=700, Gain=0.1
2026-08-04 23:57:53	INFO	SDAlgorithmBase::deconvolve 	[ngc4254_12m_hcop:C0] iters=0->0 [0], model=0->0, peakres=0->0, Reached cyclethreshold.
2026-08-04 23:57:53	INFO	SDAlgorithmBase::deconvolve 	[ngc4254_12m_hcop:C1] iters=0->1 [1], model=0.00859012->0.00855616, peakres=0.000339686->0.000339185, Reached cyclethreshold.
2026-08-04 23:57:53	INFO	SDAlgorithmBase::deconvolve 	[ngc4254_12m_hcop:C2] iters=1->1 [0], model=0.00213911->0.00213911, peakres=0.000338545->0.000338545, Reached cyclethreshold.
2026-08-04 23:57:53	INFO	SDAlgorithmBase::deconvolve 	[ngc4254_12m_hcop:C3] iters=1->4 [3], model=0.00224052->0.00220656, peakres=0.000339666->0.000338595, Reached cyclethreshold.
2026-08-04 23:57:53	INFO	SDAlgorithmBase::deconvolve 	[ngc4254_12m_hcop:C4] iters=4->10 [6], model=-0.011996->-0.0119269, peakres=0.000339716->0.000339286, Reached cyclethreshold.
2026-08-04 23:57:53	INFO	SDAlgorithmBase::deconvolve 	[ngc4254_12m_hcop:C5] iters=10->13 [3], model=-0.000472506->-0.000438525, peakres=0.000339687->0.000338973, Reached cyclethreshold.
2026-08-04 23:57:53	INFO	SDAlgorithmBase::deconvolve 	[ngc4254_12m_hcop:C6] iters=13->16 [3], model=0.00119767->0.00123103, peakres=0.000339516->0.000339292, Reached cyclethreshold.
2026-08-04 23:57:53	INFO	SDAlgorithmBase::deconvolve 	[ngc4254_12m_hcop:C7] iters=16->20 [4], model=-0.00164054->-0.00177635, peakres=0.000339587->0.000339194, Reached cyclethreshold.
2026-08-04 23:57:53	INFO	SDAlgorithmBase::deconvolve 	[ngc4254_12m_hcop:C8] iters=20->24 [4], model=0.0202076->0.0201396, peakres=0.0003399->0.00033914, Reached cyclethreshold.
2026-08-04 23:57:53	INFO	SDAlgorithmBase::deconvolve 	[ngc4254_12m_hcop:C9] iters=24->30 [6], model=-0.000451156->-0.000383427, peakres=0.000339947->0.000339207, Reached cyclethreshold.
2026-08-04 23:57:53	INFO	SDAlgorithmBase::deconvolve 	[ngc4254_12m_hcop] Total model flux (over all planes) : 0.0197473     Peak Residual (over all planes) : 0.000339292 in C6:P0
2026-08-04 23:57:54	INFO	SynthesisDeconvolver::setupDeconvolution 	Set Deconvolution Options for [ngc4254_12m_hcop] : hogbom
2026-08-04 23:57:54	INFO	SynthesisDeconvolver::initMinorCycle 	 Absolute Peak residual within mask : 0.000361277, over full image : 0.00140661
2026-08-04 23:57:54	INFO	CubeMinorCycleAlgorithm::task 	Processing channels in range [10, 19]
2026-08-04 23:57:54	INFO	SDAlgorithmBase::deconvolve 	[ngc4254_12m_hcop] Run Hogbom minor-cycle on 10 chans | CycleThreshold=0.000339356, CycleNiter=700, Gain=0.1
2026-08-04 23:57:55	INFO	SDAlgorithmBase::deconvolve 	[ngc4254_12m_hcop:C0] iters=0->5 [5], model=-0.00430949->-0.00441106, peakres=0.000340247->0.000339184, Reached cyclethreshold.
2026-08-04 23:57:55	INFO	SDAlgorithmBase::deconvolve 	[ngc4254_12m_hcop:C1] iters=5->7 [2], model=0.00576818->0.00570017, peakres=0.000340085->0.000339329, Reached cyclethreshold.
2026-08-04 23:57:55	INFO	SDAlgorithmBase::deconvolve 	[ngc4254_12m_hcop:C2] iters=7->13 [6], model=0.00246973->0.00253814, peakres=0.00033991->0.000339182, Reached cyclethreshold.
2026-08-04 23:57:55	INFO	SDAlgorithmBase::deconvolve 	[ngc4254_12m_hcop:C3] iters=13->17 [4], model=0.00782656->0.00782673, peakres=0.000340575->0.000339278, Reached cyclethreshold.
2026-08-04 23:57:55	INFO	SDAlgorithmBase::deconvolve 	[ngc4254_12m_hcop:C4] iters=17->27 [10], model=-0.00145852->-0.00152642, peakres=0.000340004->0.000339063, Reached cyclethreshold.
2026-08-04 23:57:55	INFO	SDAlgorithmBase::deconvolve 	[ngc4254_12m_hcop:C5] iters=27->32 [5], model=0.00443926->0.00460904, peakres=0.000339848->0.000339202, Reached cyclethreshold.
2026-08-04 23:57:55	INFO	SDAlgorithmBase::deconvolve 	[ngc4254_12m_hcop:C6] iters=32->39 [7], model=-0.0119225->-0.0118207, peakres=0.000340316->0.000339178, Reached cyclethreshold.
2026-08-04 23:57:55	INFO	SDAlgorithmBase::deconvolve 	[ngc4254_12m_hcop:C7] iters=39->42 [3], model=0.00393749->0.00390345, peakres=0.000340062->0.000339187, Reached cyclethreshold.
2026-08-04 23:57:55	INFO	SDAlgorithmBase::deconvolve 	[ngc4254_12m_hcop:C8] iters=42->46 [4], model=0.0157133->0.015646, peakres=0.000340098->0.000339309, Reached cyclethreshold.
2026-08-04 23:57:55	INFO	SDAlgorithmBase::deconvolve 	[ngc4254_12m_hcop:C9] iters=46->259 [213], model=0.00359465->0.00405685, peakres=0.000361277->0.000339297, Reached cyclethreshold.
2026-08-04 23:57:55	INFO	SDAlgorithmBase::deconvolve 	[ngc4254_12m_hcop] Total model flux (over all planes) : 0.0265222     Peak Residual (over all planes) : 0.000339329 in C1:P0
2026-08-04 23:57:56	INFO	SynthesisDeconvolver::setupDeconvolution 	Set Deconvolution Options for [ngc4254_12m_hcop] : hogbom
2026-08-04 23:57:57	INFO	SynthesisDeconvolver::initMinorCycle 	 Absolute Peak residual within mask : 0.000484718, over full image : 0.00139359
2026-08-04 23:57:57	INFO	CubeMinorCycleAlgorithm::task 	Processing channels in range [20, 29]
2026-08-04 23:57:57	INFO	SDAlgorithmBase::deconvolve 	[ngc4254_12m_hcop] Run Hogbom minor-cycle on 10 chans | CycleThreshold=0.000339356, CycleNiter=700, Gain=0.1
2026-08-04 23:57:57	INFO	SDAlgorithmBase::deconvolve 	[ngc4254_12m_hcop:C0] iters=0->181 [181], model=0.00132525->0.000663344, peakres=0.000356878->0.000339259, Reached cyclethreshold.
2026-08-04 23:57:57	INFO	SDAlgorithmBase::deconvolve 	[ngc4254_12m_hcop:C1] iters=181->447 [266], model=-0.019969->-0.0201843, peakres=0.000362773->0.000339106, Reached cyclethreshold.
2026-08-04 23:57:58	INFO	SDAlgorithmBase::deconvolve 	[ngc4254_12m_hcop:C2] iters=447->815 [368], model=-0.0128832->-0.0137263, peakres=0.000375425->0.00033935, Reached cyclethreshold.
2026-08-04 23:57:59	INFO	SDAlgorithmBase::deconvolve 	[ngc4254_12m_hcop:C3] iters=815->1515 [700], model=0.00489554->0.0058446, peakres=0.000410532->0.000345483, Reached cycleniter.
2026-08-04 23:58:00	INFO	SDAlgorithmBase::deconvolve 	[ngc4254_12m_hcop:C4] iters=1515->2215 [700], model=0.0124623->0.0132581, peakres=0.0004171->0.000352662, Reached cycleniter.
2026-08-04 23:58:00	INFO	SDAlgorithmBase::deconvolve 	[ngc4254_12m_hcop:C5] iters=2215->2896 [681], model=0.0184565->0.018652, peakres=0.000401604->0.000339338, Reached cyclethreshold.
2026-08-04 23:58:01	INFO	SDAlgorithmBase::deconvolve 	[ngc4254_12m_hcop:C6] iters=2896->3596 [700], model=0.0212401->0.0237194, peakres=0.000433352->0.000369057, Reached cycleniter.
2026-08-04 23:58:02	INFO	SDAlgorithmBase::deconvolve 	[ngc4254_12m_hcop:C7] iters=3596->4296 [700], model=0.0219085->0.0248191, peakres=0.000460404->0.000388896, Reached cycleniter.
2026-08-04 23:58:03	INFO	SDAlgorithmBase::deconvolve 	[ngc4254_12m_hcop:C8] iters=4296->4996 [700], model=0.0243493->0.0275924, peakres=0.0004454->0.00037934, Reached cycleniter.
2026-08-04 23:58:04	INFO	SDAlgorithmBase::deconvolve 	[ngc4254_12m_hcop:C9] iters=4996->5696 [700], model=0.0287295->0.0322232, peakres=0.000484718->0.000410352, Reached cycleniter.
2026-08-04 23:58:04	INFO	SDAlgorithmBase::deconvolve 	[ngc4254_12m_hcop] Total model flux (over all planes) : 0.112861     Peak Residual (over all planes) : 0.000410352 in C9:P0
2026-08-04 23:58:04	INFO	SynthesisDeconvolver::setupDeconvolution 	Set Deconvolution Options for [ngc4254_12m_hcop] : hogbom
2026-08-04 23:58:06	INFO	SynthesisDeconvolver::initMinorCycle 	 Absolute Peak residual within mask : 0.000471105, over full image : 0.00142866
2026-08-04 23:58:06	INFO	CubeMinorCycleAlgorithm::task 	Processing channels in range [30, 39]
2026-08-04 23:58:06	INFO	SDAlgorithmBase::deconvolve 	[ngc4254_12m_hcop] Run Hogbom minor-cycle on 10 chans | CycleThreshold=0.000339356, CycleNiter=700, Gain=0.1
2026-08-04 23:58:07	INFO	SDAlgorithmBase::deconvolve 	[ngc4254_12m_hcop:C0] iters=0->700 [700], model=0.0302972->0.0335311, peakres=0.000455963->0.000387846, Reached cycleniter.
2026-08-04 23:58:07	INFO	SDAlgorithmBase::deconvolve 	[ngc4254_12m_hcop:C1] iters=700->1400 [700], model=0.0280478->0.0298806, peakres=0.000469818->0.000396164, Reached cycleniter.
2026-08-04 23:58:08	INFO	SDAlgorithmBase::deconvolve 	[ngc4254_12m_hcop:C2] iters=1400->2100 [700], model=0.00550514->0.00567676, peakres=0.000448226->0.000380516, Reached cycleniter.
2026-08-04 23:58:09	INFO	SDAlgorithmBase::deconvolve 	[ngc4254_12m_hcop:C3] iters=2100->2800 [700], model=0.0240956->0.0278906, peakres=0.00044853->0.000379068, Reached cycleniter.
2026-08-04 23:58:10	INFO	SDAlgorithmBase::deconvolve 	[ngc4254_12m_hcop:C4] iters=2800->3500 [700], model=0.0430605->0.0467085, peakres=0.00042686->0.000361594, Reached cycleniter.
2026-08-04 23:58:11	INFO	SDAlgorithmBase::deconvolve 	[ngc4254_12m_hcop:C5] iters=3500->4200 [700], model=0.0212558->0.0241295, peakres=0.000436441->0.000367554, Reached cycleniter.
2026-08-04 23:58:12	INFO	SDAlgorithmBase::deconvolve 	[ngc4254_12m_hcop:C6] iters=4200->4900 [700], model=0.0410657->0.0463339, peakres=0.000446161->0.000378201, Reached cycleniter.
2026-08-04 23:58:13	INFO	SDAlgorithmBase::deconvolve 	[ngc4254_12m_hcop:C7] iters=4900->5600 [700], model=0.0284726->0.0309014, peakres=0.00045514->0.000389146, Reached cycleniter.
2026-08-04 23:58:14	INFO	SDAlgorithmBase::deconvolve 	[ngc4254_12m_hcop:C8] iters=5600->6300 [700], model=0.0195127->0.0211225, peakres=0.000451423->0.00038376, Reached cycleniter.
2026-08-04 23:58:15	INFO	SDAlgorithmBase::deconvolve 	[ngc4254_12m_hcop:C9] iters=6300->7000 [700], model=0.0322581->0.0353198, peakres=0.000471105->0.000398387, Reached cycleniter.
2026-08-04 23:58:15	INFO	SDAlgorithmBase::deconvolve 	[ngc4254_12m_hcop] Total model flux (over all planes) : 0.301495     Peak Residual (over all planes) : 0.000398387 in C9:P0
2026-08-04 23:58:15	INFO	SynthesisDeconvolver::setupDeconvolution 	Set Deconvolution Options for [ngc4254_12m_hcop] : hogbom
2026-08-04 23:58:16	INFO	SynthesisDeconvolver::initMinorCycle 	 Absolute Peak residual within mask : 0.000453513, over full image : 0.00151614
2026-08-04 23:58:16	INFO	CubeMinorCycleAlgorithm::task 	Processing channels in range [40, 49]
2026-08-04 23:58:16	INFO	SDAlgorithmBase::deconvolve 	[ngc4254_12m_hcop] Run Hogbom minor-cycle on 10 chans | CycleThreshold=0.000339356, CycleNiter=700, Gain=0.1
2026-08-04 23:58:17	INFO	SDAlgorithmBase::deconvolve 	[ngc4254_12m_hcop:C0] iters=0->700 [700], model=0.0423942->0.045067, peakres=0.000447185->0.000378861, Reached cycleniter.
2026-08-04 23:58:18	INFO	SDAlgorithmBase::deconvolve 	[ngc4254_12m_hcop:C1] iters=700->1400 [700], model=0.0352534->0.0380343, peakres=0.000453513->0.000388768, Reached cycleniter.
2026-08-04 23:58:19	INFO	SDAlgorithmBase::deconvolve 	[ngc4254_12m_hcop:C2] iters=1400->2100 [700], model=0.0234011->0.0257274, peakres=0.000439174->0.000369084, Reached cycleniter.
2026-08-04 23:58:20	INFO	SDAlgorithmBase::deconvolve 	[ngc4254_12m_hcop:C3] iters=2100->2726 [626], model=0.017156->0.0188557, peakres=0.000395215->0.000339224, Reached cyclethreshold.
2026-08-04 23:58:20	INFO	SDAlgorithmBase::deconvolve 	[ngc4254_12m_hcop:C4] iters=2726->3228 [502], model=0.00223538->0.00259596, peakres=0.000385441->0.000338783, Reached cyclethreshold.
2026-08-04 23:58:21	INFO	SDAlgorithmBase::deconvolve 	[ngc4254_12m_hcop:C5] iters=3228->3594 [366], model=0.0037927->0.00363197, peakres=0.000374321->0.000339172, Reached cyclethreshold.
2026-08-04 23:58:21	INFO	SDAlgorithmBase::deconvolve 	[ngc4254_12m_hcop:C6] iters=3594->3723 [129], model=-0.0108335->-0.0109996, peakres=0.000352252->0.000339254, Reached cyclethreshold.
2026-08-04 23:58:21	INFO	SDAlgorithmBase::deconvolve 	[ngc4254_12m_hcop:C7] iters=3723->3845 [122], model=-0.000635626->-0.000429666, peakres=0.000350923->0.000339261, Reached cyclethreshold.
2026-08-04 23:58:21	INFO	SDAlgorithmBase::deconvolve 	[ngc4254_12m_hcop:C8] iters=3845->4031 [186], model=0.00544333->0.00586427, peakres=0.00035823->0.000339274, Reached cyclethreshold.
2026-08-04 23:58:21	INFO	SDAlgorithmBase::deconvolve 	[ngc4254_12m_hcop:C9] iters=4031->4165 [134], model=0.00302944->0.00338625, peakres=0.000360465->0.000339135, Reached cyclethreshold.
2026-08-04 23:58:21	INFO	SDAlgorithmBase::deconvolve 	[ngc4254_12m_hcop] Total model flux (over all planes) : 0.131734     Peak Residual (over all planes) : 0.000388768 in C1:P0
2026-08-04 23:58:22	INFO	SynthesisDeconvolver::setupDeconvolution 	Set Deconvolution Options for [ngc4254_12m_hcop] : hogbom
2026-08-04 23:58:23	INFO	SynthesisDeconvolver::initMinorCycle 	 Absolute Peak residual within mask : 0.000350408, over full image : 0.001415
2026-08-04 23:58:23	INFO	CubeMinorCycleAlgorithm::task 	Processing channels in range [50, 59]
2026-08-04 23:58:23	INFO	SDAlgorithmBase::deconvolve 	[ngc4254_12m_hcop] Run Hogbom minor-cycle on 10 chans | CycleThreshold=0.000339356, CycleNiter=700, Gain=0.1
2026-08-04 23:58:23	INFO	SDAlgorithmBase::deconvolve 	[ngc4254_12m_hcop:C0] iters=0->53 [53], model=0.00771551->0.00782257, peakres=0.000344027->0.000338997, Reached cyclethreshold.
2026-08-04 23:58:23	INFO	SDAlgorithmBase::deconvolve 	[ngc4254_12m_hcop:C1] iters=53->61 [8], model=0.00296599->0.00289821, peakres=0.000340735->0.000339295, Reached cyclethreshold.
2026-08-04 23:58:23	INFO	SDAlgorithmBase::deconvolve 	[ngc4254_12m_hcop:C2] iters=61->72 [11], model=-0.000713672->-0.000679337, peakres=0.00034041->0.000339335, Reached cyclethreshold.
2026-08-04 23:58:23	INFO	SDAlgorithmBase::deconvolve 	[ngc4254_12m_hcop:C3] iters=72->108 [36], model=0.000322726->0.000117721, peakres=0.000344835->0.000339321, Reached cyclethreshold.
2026-08-04 23:58:23	INFO	SDAlgorithmBase::deconvolve 	[ngc4254_12m_hcop:C4] iters=108->115 [7], model=-0.00196468->-0.00206574, peakres=0.000340198->0.000339202, Reached cyclethreshold.
2026-08-04 23:58:23	INFO	SDAlgorithmBase::deconvolve 	[ngc4254_12m_hcop:C5] iters=115->132 [17], model=0.00728849->0.00745842, peakres=0.000341297->0.000339228, Reached cyclethreshold.
2026-08-04 23:58:23	INFO	SDAlgorithmBase::deconvolve 	[ngc4254_12m_hcop:C6] iters=132->140 [8], model=-0.00211857->-0.00211932, peakres=0.000340187->0.000339085, Reached cyclethreshold.
2026-08-04 23:58:24	INFO	SDAlgorithmBase::deconvolve 	[ngc4254_12m_hcop:C7] iters=140->235 [95], model=-0.0104857->-0.0106576, peakres=0.000348804->0.000339255, Reached cyclethreshold.
2026-08-04 23:58:24	INFO	SDAlgorithmBase::deconvolve 	[ngc4254_12m_hcop:C8] iters=235->306 [71], model=0.00553944->0.0054368, peakres=0.00034654->0.000339035, Reached cyclethreshold.
2026-08-04 23:58:24	INFO	SDAlgorithmBase::deconvolve 	[ngc4254_12m_hcop:C9] iters=306->407 [101], model=-0.0032871->-0.0033904, peakres=0.000350408->0.000339152, Reached cyclethreshold.
2026-08-04 23:58:24	INFO	SDAlgorithmBase::deconvolve 	[ngc4254_12m_hcop] Total model flux (over all planes) : 0.00482132     Peak Residual (over all planes) : 0.000339335 in C2:P0
2026-08-04 23:58:24	INFO	SynthesisDeconvolver::setupDeconvolution 	Set Deconvolution Options for [ngc4254_12m_hcop] : hogbom
2026-08-04 23:58:25	INFO	SynthesisDeconvolver::initMinorCycle 	 Absolute Peak residual within mask : 0.000340539, over full image : 0.00139369
2026-08-04 23:58:25	INFO	CubeMinorCycleAlgorithm::task 	Processing channels in range [60, 69]
2026-08-04 23:58:25	INFO	SDAlgorithmBase::deconvolve 	[ngc4254_12m_hcop] Run Hogbom minor-cycle on 10 chans | CycleThreshold=0.000339356, CycleNiter=700, Gain=0.1
2026-08-04 23:58:25	INFO	SDAlgorithmBase::deconvolve 	[ngc4254_12m_hcop:C0] iters=0->9 [9], model=-0.000635876->-0.00073959, peakres=0.000340539->0.000339225, Reached cyclethreshold.
2026-08-04 23:58:25	INFO	SDAlgorithmBase::deconvolve 	[ngc4254_12m_hcop:C1] iters=9->14 [5], model=0.00251513->0.00254991, peakres=0.000340127->0.000339356, Reached cyclethreshold.
2026-08-04 23:58:25	INFO	SDAlgorithmBase::deconvolve 	[ngc4254_12m_hcop:C2] iters=14->24 [10], model=0.000838091->0.000770226, peakres=0.000340312->0.00033925, Reached cyclethreshold.
2026-08-04 23:58:26	INFO	SDAlgorithmBase::deconvolve 	[ngc4254_12m_hcop:C3] iters=24->27 [3], model=-0.0122788->-0.0123128, peakres=0.000339513->0.00033912, Reached cyclethreshold.
2026-08-04 23:58:26	INFO	SDAlgorithmBase::deconvolve 	[ngc4254_12m_hcop:C4] iters=27->29 [2], model=-0.00103016->-0.00109809, peakres=0.000339777->0.000339125, Reached cyclethreshold.
2026-08-04 23:58:26	INFO	SDAlgorithmBase::deconvolve 	[ngc4254_12m_hcop:C5] iters=29->29 [0], model=0.00470832->0.00470832, peakres=0.000339309->0.000339309, Reached cyclethreshold.
2026-08-04 23:58:26	INFO	SDAlgorithmBase::deconvolve 	[ngc4254_12m_hcop:C6] iters=29->32 [3], model=-0.00757925->-0.00754527, peakres=0.000339779->0.00033926, Reached cyclethreshold.
2026-08-04 23:58:26	INFO	SDAlgorithmBase::deconvolve 	[ngc4254_12m_hcop:C7] iters=32->34 [2], model=0.00587437->0.00594229, peakres=0.000339647->0.000339073, Reached cyclethreshold.
2026-08-04 23:58:26	INFO	SDAlgorithmBase::deconvolve 	[ngc4254_12m_hcop:C8] iters=34->36 [2], model=0.00635414->0.00628622, peakres=0.000339618->0.000339113, Reached cyclethreshold.
2026-08-04 23:58:26	INFO	SDAlgorithmBase::deconvolve 	[ngc4254_12m_hcop:C9] iters=36->37 [1], model=0.00114962->0.00111567, peakres=0.000339526->0.0003378, Reached cyclethreshold.
2026-08-04 23:58:26	INFO	SDAlgorithmBase::deconvolve 	[ngc4254_12m_hcop] Total model flux (over all planes) : -0.000323124     Peak Residual (over all planes) : 0.000339356 in C1:P0
2026-08-04 23:58:26	INFO	SynthesisDeconvolver::setupDeconvolution 	Set Deconvolution Options for [ngc4254_12m_hcop] : hogbom
2026-08-04 23:58:26	INFO	SynthesisDeconvolver::initMinorCycle 	 Absolute Peak residual within mask : 0.000339462, over full image : 0.00137734
2026-08-04 23:58:26	INFO	CubeMinorCycleAlgorithm::task 	Processing channels in range [70, 70]
2026-08-04 23:58:26	INFO	SDAlgorithmBase::deconvolve 	[ngc4254_12m_hcop] Run Hogbom minor-cycle | CycleThreshold=0.000339356, CycleNiter=700, Gain=0.1
2026-08-04 23:58:27	INFO	SDAlgorithmBase::deconvolve 	[ngc4254_12m_hcop] iters=0->2 [2], model=-0.00174286->-0.00174281, peakres=0.000339462->0.000339081, Reached cyclethreshold.
2026-08-04 23:58:27	INFO	grpcInteractiveCleanManager::mergeCycleExecutionRecord 	Completed 17596 iterations.
2026-08-04 23:58:27	INFO	task_tclean::SynthesisImager::executeMajorCycle 	----------------------------------------------------------- Run Major Cycle 1 -------------------------------------
2026-08-04 23:58:27	INFO	task_tclean::SynthesisImagerVi2::nSubCubeFitInMemory	Required memory: 10.47 GB. Available mem.: 250.9 GB (rc, mem. fraction: 80%, memory: -) => Subcubes: 1. Processes on node: 1.
2026-08-04 23:58:27	INFO	task_tclean::SynthesisImagerVi2::selectData 	MS : ngc4254_12m_hcop.ms | [Opened in readonly mode]
2026-08-04 23:58:27	INFO	task_tclean::SynthesisImagerVi2::selectData 	  NRows selected : 5338975
2026-08-04 23:58:34	INFO	task_tclean::SynthesisImager::getVPRecord 	Using default Voltage Patterns from the VPManager
2026-08-04 23:58:34	INFO	task_tclean::VPSkyJones::VPSkyJones	PB used ALMA
2026-08-04 23:58:34	INFO	task_tclean::SynthesisImagerVi2::weight() 	Set imaging weights : Briggs weighting: sidelobes will be suppressed over full image
2026-08-04 23:58:34	INFO	task_tclean::SynthesisImagerVi2::weight() 	Doing spectral cube Briggs weighting formula --  norm
2026-08-04 23:58:34	INFO	task_tclean::SynthesisImager::tuneSelectData 	Tuning frequency data selection to match image spectral coordinates
2026-08-04 23:58:34	INFO	task_tclean::SynthesisImagerVi2::selectData 	MS : ngc4254_12m_hcop.ms | [Opened in readonly mode]
2026-08-04 23:58:34	INFO	task_tclean::SynthesisImagerVi2::selectData 	  NRows selected : 5338975
2026-08-04 23:58:36	INFO	task_tclean::SynthesisImager::executeMajorCycle 	----------------------------------------------------------- Run Major Cycle 1 -------------------------------------
2026-08-04 23:58:38	INFO	task_tclean::HetArrConvFunc::findAntennaSizes	Overriding PB with Airy of diam,blockage=10.7 m,0.75 m starting with antenna 0
2026-08-04 23:58:39	INFO	task_tclean::HetArrConvFunc::findConvFunction 	convolution function support: [7]ELKEY 0_0_71 actualConvInd 0 pointer 1
2026-08-05 00:25:09	WARN	task_tclean::SIImageStore::Open existing Images (file /source/casa6/casatools/src/code/synthesis/ImagerObjects/SIImageStore.cc, line 618)	 Mismatch in Csys latpoles between existing image on disk ([3.22374, 0.251613, 180, 0.251613]) and current imaging run ([184.707, 14.4164, 180, 14.4164]) : The DirectionCoordinates have differing latpoles -- Resetting to match image on disk
2026-08-05 00:25:09	WARN	task_tclean::SIImageStore::Open existing Images (file /source/casa6/casatools/src/code/synthesis/ImagerObjects/SIImageStore.cc, line 618)	 Mismatch in Csys latpoles between existing image on disk ([184.707, 14.4164, 180, 14.4164]) and current imaging run ([3.22374, 0.251613, 180, 0.251613]) : The DirectionCoordinates have differing latpoles -- Resetting to match image on disk
2026-08-05 00:25:11	INFO	task_tclean::SynthesisDeconvolver::initMinorCycle 	 Absolute Peak residual within mask : 0.000411885, over full image : 0.0015167
2026-08-05 00:25:11	INFO	tclean::::casa	Minor Cycle controls : {'cycleniter': 700, 'cyclethreshold': 0.0003393557562958449, 'loopgain': 0.10000000149011612, 'nsigma': 0.0, 'thresholdreached': True}
2026-08-05 00:25:11	INFO	SynthesisDeconvolver::executeCubeMinorCycle 	---------------------------------------------------- Run Minor Cycle Iterations  ---------------------------------------------
2026-08-05 00:25:11	WARN	SIImageStore::Open existing Images (file /source/casa6/casatools/src/code/synthesis/ImagerObjects/SIImageStore.cc, line 618)	 Mismatch in Csys latpoles between existing image on disk ([3.22374, 0.251613, 180, 0.251613]) and current imaging run ([184.707, 14.4164, 180, 14.4164]) : The DirectionCoordinates have differing latpoles -- Resetting to match image on disk
2026-08-05 00:25:11	WARN	SIImageStore::Open existing Images (file /source/casa6/casatools/src/code/synthesis/ImagerObjects/SIImageStore.cc, line 618)	 Mismatch in Csys latpoles between existing image on disk ([184.707, 14.4164, 180, 14.4164]) and current imaging run ([3.22374, 0.251613, 180, 0.251613]) : The DirectionCoordinates have differing latpoles -- Resetting to match image on disk
2026-08-05 00:25:11	INFO	SynthesisDeconvolver::setupDeconvolution 	Set Deconvolution Options for [ngc4254_12m_hcop] : hogbom
2026-08-05 00:25:12	INFO	SynthesisDeconvolver::initMinorCycle 	 Absolute Peak residual within mask : 0.000339303, over full image : 0.00138863
2026-08-05 00:25:12	INFO	CubeMinorCycleAlgorithm::task 	Processing channels in range [0, 9]
2026-08-05 00:25:12	INFO	SDAlgorithmBase::deconvolve 	[ngc4254_12m_hcop] Run Hogbom minor-cycle on 10 chans | CycleThreshold=0.000339356, CycleNiter=700, Gain=0.1
2026-08-05 00:25:12	INFO	SDAlgorithmBase::deconvolve 	[ngc4254_12m_hcop:C0] iters=0->0 [0], model=0->0, peakres=0->0, Reached cyclethreshold.
2026-08-05 00:25:12	INFO	SDAlgorithmBase::deconvolve 	[ngc4254_12m_hcop:C1] iters=0->0 [0], model=0.00855615->0.00855615, peakres=0.000339206->0.000339206, Reached cyclethreshold.
2026-08-05 00:25:12	INFO	SDAlgorithmBase::deconvolve 	[ngc4254_12m_hcop:C2] iters=0->0 [0], model=0.00213911->0.00213911, peakres=0.000338545->0.000338545, Reached cyclethreshold.
2026-08-05 00:25:12	INFO	SDAlgorithmBase::deconvolve 	[ngc4254_12m_hcop:C3] iters=0->0 [0], model=0.00220656->0.00220656, peakres=0.000338587->0.000338587, Reached cyclethreshold.
2026-08-05 00:25:12	INFO	SDAlgorithmBase::deconvolve 	[ngc4254_12m_hcop:C4] iters=0->0 [0], model=-0.0119269->-0.0119269, peakres=0.000339303->0.000339303, Reached cyclethreshold.
2026-08-05 00:25:12	INFO	SDAlgorithmBase::deconvolve 	[ngc4254_12m_hcop:C5] iters=0->0 [0], model=-0.000438524->-0.000438524, peakres=0.000338967->0.000338967, Reached cyclethreshold.
2026-08-05 00:25:12	INFO	SDAlgorithmBase::deconvolve 	[ngc4254_12m_hcop:C6] iters=0->0 [0], model=0.00123103->0.00123103, peakres=0.000339291->0.000339291, Reached cyclethreshold.
2026-08-05 00:25:12	INFO	SDAlgorithmBase::deconvolve 	[ngc4254_12m_hcop:C7] iters=0->0 [0], model=-0.00177635->-0.00177635, peakres=0.00033913->0.00033913, Reached cyclethreshold.
2026-08-05 00:25:12	INFO	SDAlgorithmBase::deconvolve 	[ngc4254_12m_hcop:C8] iters=0->0 [0], model=0.0201396->0.0201396, peakres=0.00033914->0.00033914, Reached cyclethreshold.
2026-08-05 00:25:12	INFO	SDAlgorithmBase::deconvolve 	[ngc4254_12m_hcop:C9] iters=0->0 [0], model=-0.000383424->-0.000383424, peakres=0.000339235->0.000339235, Reached cyclethreshold.
2026-08-05 00:25:12	INFO	SDAlgorithmBase::deconvolve 	[ngc4254_12m_hcop] Total model flux (over all planes) : 0.0197473     Peak Residual (over all planes) : 0.000339303 in C4:P0
2026-08-05 00:25:13	INFO	SynthesisDeconvolver::setupDeconvolution 	Set Deconvolution Options for [ngc4254_12m_hcop] : hogbom
2026-08-05 00:25:13	INFO	SynthesisDeconvolver::initMinorCycle 	 Absolute Peak residual within mask : 0.000339519, over full image : 0.0014067
2026-08-05 00:25:13	INFO	CubeMinorCycleAlgorithm::task 	Processing channels in range [10, 19]
2026-08-05 00:25:13	INFO	SDAlgorithmBase::deconvolve 	[ngc4254_12m_hcop] Run Hogbom minor-cycle on 10 chans | CycleThreshold=0.000339356, CycleNiter=700, Gain=0.1
2026-08-05 00:25:14	INFO	SDAlgorithmBase::deconvolve 	[ngc4254_12m_hcop:C0] iters=0->0 [0], model=-0.00441106->-0.00441106, peakres=0.000339157->0.000339157, Reached cyclethreshold.
2026-08-05 00:25:14	INFO	SDAlgorithmBase::deconvolve 	[ngc4254_12m_hcop:C1] iters=0->0 [0], model=0.00570016->0.00570016, peakres=0.000339327->0.000339327, Reached cyclethreshold.
2026-08-05 00:25:14	INFO	SDAlgorithmBase::deconvolve 	[ngc4254_12m_hcop:C2] iters=0->0 [0], model=0.00253814->0.00253814, peakres=0.000339192->0.000339192, Reached cyclethreshold.
2026-08-05 00:25:14	INFO	SDAlgorithmBase::deconvolve 	[ngc4254_12m_hcop:C3] iters=0->0 [0], model=0.00782673->0.00782673, peakres=0.00033926->0.00033926, Reached cyclethreshold.
2026-08-05 00:25:14	INFO	SDAlgorithmBase::deconvolve 	[ngc4254_12m_hcop:C4] iters=0->0 [0], model=-0.00152642->-0.00152642, peakres=0.000339023->0.000339023, Reached cyclethreshold.
2026-08-05 00:25:14	INFO	SDAlgorithmBase::deconvolve 	[ngc4254_12m_hcop:C5] iters=0->0 [0], model=0.00460904->0.00460904, peakres=0.000339184->0.000339184, Reached cyclethreshold.
2026-08-05 00:25:14	INFO	SDAlgorithmBase::deconvolve 	[ngc4254_12m_hcop:C6] iters=0->0 [0], model=-0.0118207->-0.0118207, peakres=0.000339119->0.000339119, Reached cyclethreshold.
2026-08-05 00:25:14	INFO	SDAlgorithmBase::deconvolve 	[ngc4254_12m_hcop:C7] iters=0->0 [0], model=0.00390345->0.00390345, peakres=0.000339186->0.000339186, Reached cyclethreshold.
2026-08-05 00:25:14	INFO	SDAlgorithmBase::deconvolve 	[ngc4254_12m_hcop:C8] iters=0->0 [0], model=0.015646->0.015646, peakres=0.000339306->0.000339306, Reached cyclethreshold.
2026-08-05 00:25:14	INFO	SDAlgorithmBase::deconvolve 	[ngc4254_12m_hcop:C9] iters=0->4 [4], model=0.00405685->0.00405664, peakres=0.000339519->0.000339249, Reached cyclethreshold.
2026-08-05 00:25:14	INFO	SDAlgorithmBase::deconvolve 	[ngc4254_12m_hcop] Total model flux (over all planes) : 0.026522     Peak Residual (over all planes) : 0.000339327 in C1:P0
2026-08-05 00:25:14	INFO	SynthesisDeconvolver::setupDeconvolution 	Set Deconvolution Options for [ngc4254_12m_hcop] : hogbom
2026-08-05 00:25:15	INFO	SynthesisDeconvolver::initMinorCycle 	 Absolute Peak residual within mask : 0.000411885, over full image : 0.00139561
2026-08-05 00:25:15	INFO	CubeMinorCycleAlgorithm::task 	Processing channels in range [20, 29]
2026-08-05 00:25:15	INFO	SDAlgorithmBase::deconvolve 	[ngc4254_12m_hcop] Run Hogbom minor-cycle on 10 chans | CycleThreshold=0.000339356, CycleNiter=700, Gain=0.1
2026-08-05 00:25:15	INFO	SDAlgorithmBase::deconvolve 	[ngc4254_12m_hcop:C0] iters=0->2 [2], model=0.000663343->0.000664311, peakres=0.000339418->0.000339209, Reached cyclethreshold.
2026-08-05 00:25:15	INFO	SDAlgorithmBase::deconvolve 	[ngc4254_12m_hcop:C1] iters=2->2 [0], model=-0.0201843->-0.0201843, peakres=0.00033912->0.00033912, Reached cyclethreshold.
2026-08-05 00:25:15	INFO	SDAlgorithmBase::deconvolve 	[ngc4254_12m_hcop:C2] iters=2->3 [1], model=-0.0137263->-0.0136923, peakres=0.000339773->0.000339197, Reached cyclethreshold.
2026-08-05 00:25:16	INFO	SDAlgorithmBase::deconvolve 	[ngc4254_12m_hcop:C3] iters=3->81 [78], model=0.0058446->0.00584207, peakres=0.000348071->0.000339281, Reached cyclethreshold.
2026-08-05 00:25:16	INFO	SDAlgorithmBase::deconvolve 	[ngc4254_12m_hcop:C4] iters=81->262 [181], model=0.0132581->0.0134953, peakres=0.00035363->0.000339209, Reached cyclethreshold.
2026-08-05 00:25:16	INFO	SDAlgorithmBase::deconvolve 	[ngc4254_12m_hcop:C5] iters=262->269 [7], model=0.018652->0.0186177, peakres=0.000340428->0.000339336, Reached cyclethreshold.
2026-08-05 00:25:16	INFO	SDAlgorithmBase::deconvolve 	[ngc4254_12m_hcop:C6] iters=269->689 [420], model=0.0237194->0.0242181, peakres=0.000370814->0.000339328, Reached cyclethreshold.
2026-08-05 00:25:17	INFO	SDAlgorithmBase::deconvolve 	[ngc4254_12m_hcop:C7] iters=689->1389 [700], model=0.0248191->0.026461, peakres=0.00039074->0.000340663, Reached cycleniter.
2026-08-05 00:25:18	INFO	SDAlgorithmBase::deconvolve 	[ngc4254_12m_hcop:C8] iters=1389->1997 [608], model=0.0275924->0.0294497, peakres=0.000381437->0.000339193, Reached cyclethreshold.
2026-08-05 00:25:19	INFO	SDAlgorithmBase::deconvolve 	[ngc4254_12m_hcop:C9] iters=1997->2697 [700], model=0.0322232->0.0338005, peakres=0.000411885->0.000359498, Reached cycleniter.
2026-08-05 00:25:19	INFO	SDAlgorithmBase::deconvolve 	[ngc4254_12m_hcop] Total model flux (over all planes) : 0.118672     Peak Residual (over all planes) : 0.000359498 in C9:P0
2026-08-05 00:25:19	INFO	SynthesisDeconvolver::setupDeconvolution 	Set Deconvolution Options for [ngc4254_12m_hcop] : hogbom
2026-08-05 00:25:20	INFO	SynthesisDeconvolver::initMinorCycle 	 Absolute Peak residual within mask : 0.000400773, over full image : 0.00142182
2026-08-05 00:25:20	INFO	CubeMinorCycleAlgorithm::task 	Processing channels in range [30, 39]
2026-08-05 00:25:20	INFO	SDAlgorithmBase::deconvolve 	[ngc4254_12m_hcop] Run Hogbom minor-cycle on 10 chans | CycleThreshold=0.000339356, CycleNiter=700, Gain=0.1
2026-08-05 00:25:21	INFO	SDAlgorithmBase::deconvolve 	[ngc4254_12m_hcop:C0] iters=0->700 [700], model=0.0335311->0.0366905, peakres=0.000388724->0.000342817, Reached cycleniter.
2026-08-05 00:25:22	INFO	SDAlgorithmBase::deconvolve 	[ngc4254_12m_hcop:C1] iters=700->1400 [700], model=0.0298805->0.031335, peakres=0.000397378->0.000349701, Reached cycleniter.
2026-08-05 00:25:23	INFO	SDAlgorithmBase::deconvolve 	[ngc4254_12m_hcop:C2] iters=1400->1970 [570], model=0.00567675->0.00507201, peakres=0.000381245->0.000339301, Reached cyclethreshold.
2026-08-05 00:25:24	INFO	SDAlgorithmBase::deconvolve 	[ngc4254_12m_hcop:C3] iters=1970->2530 [560], model=0.0278906->0.0291324, peakres=0.000380523->0.00033909, Reached cyclethreshold.
2026-08-05 00:25:24	INFO	SDAlgorithmBase::deconvolve 	[ngc4254_12m_hcop:C4] iters=2530->2836 [306], model=0.0467085->0.0484683, peakres=0.000362381->0.00033923, Reached cyclethreshold.
2026-08-05 00:25:25	INFO	SDAlgorithmBase::deconvolve 	[ngc4254_12m_hcop:C5] iters=2836->3214 [378], model=0.0241294->0.0251042, peakres=0.000369285->0.000339319, Reached cyclethreshold.
2026-08-05 00:25:25	INFO	SDAlgorithmBase::deconvolve 	[ngc4254_12m_hcop:C6] iters=3214->3784 [570], model=0.0463338->0.0491016, peakres=0.000379249->0.000339292, Reached cyclethreshold.
2026-08-05 00:25:26	INFO	SDAlgorithmBase::deconvolve 	[ngc4254_12m_hcop:C7] iters=3784->4484 [700], model=0.0309014->0.0329574, peakres=0.000389391->0.00035326, Reached cycleniter.
2026-08-05 00:25:27	INFO	SDAlgorithmBase::deconvolve 	[ngc4254_12m_hcop:C8] iters=4484->5106 [622], model=0.0211225->0.0229301, peakres=0.000385349->0.000339319, Reached cyclethreshold.
2026-08-05 00:25:28	INFO	SDAlgorithmBase::deconvolve 	[ngc4254_12m_hcop:C9] iters=5106->5806 [700], model=0.0353198->0.038321, peakres=0.000400773->0.000345588, Reached cycleniter.
2026-08-05 00:25:28	INFO	SDAlgorithmBase::deconvolve 	[ngc4254_12m_hcop] Total model flux (over all planes) : 0.319113     Peak Residual (over all planes) : 0.00035326 in C7:P0
2026-08-05 00:25:28	INFO	SynthesisDeconvolver::setupDeconvolution 	Set Deconvolution Options for [ngc4254_12m_hcop] : hogbom
2026-08-05 00:25:29	INFO	SynthesisDeconvolver::initMinorCycle 	 Absolute Peak residual within mask : 0.000389294, over full image : 0.0015167
2026-08-05 00:25:29	INFO	CubeMinorCycleAlgorithm::task 	Processing channels in range [40, 49]
2026-08-05 00:25:29	INFO	SDAlgorithmBase::deconvolve 	[ngc4254_12m_hcop] Run Hogbom minor-cycle on 10 chans | CycleThreshold=0.000339356, CycleNiter=700, Gain=0.1
2026-08-05 00:25:30	INFO	SDAlgorithmBase::deconvolve 	[ngc4254_12m_hcop:C0] iters=0->577 [577], model=0.045067->0.0474614, peakres=0.000379801->0.000339112, Reached cyclethreshold.
2026-08-05 00:25:31	INFO	SDAlgorithmBase::deconvolve 	[ngc4254_12m_hcop:C1] iters=577->1252 [675], model=0.0380343->0.0406423, peakres=0.000389294->0.000339349, Reached cyclethreshold.
2026-08-05 00:25:31	INFO	SDAlgorithmBase::deconvolve 	[ngc4254_12m_hcop:C2] iters=1252->1665 [413], model=0.0257274->0.0265266, peakres=0.00037049->0.000339257, Reached cyclethreshold.
2026-08-05 00:25:31	INFO	SDAlgorithmBase::deconvolve 	[ngc4254_12m_hcop:C3] iters=1665->1676 [11], model=0.0188557->0.0189584, peakres=0.000341065->0.000339296, Reached cyclethreshold.
2026-08-05 00:25:31	INFO	SDAlgorithmBase::deconvolve 	[ngc4254_12m_hcop:C4] iters=1676->1678 [2], model=0.00259595->0.00252795, peakres=0.000340501->0.000339034, Reached cyclethreshold.
2026-08-05 00:25:31	INFO	SDAlgorithmBase::deconvolve 	[ngc4254_12m_hcop:C5] iters=1678->1678 [0], model=0.00363197->0.00363197, peakres=0.00033929->0.00033929, Reached cyclethreshold.
2026-08-05 00:25:31	INFO	SDAlgorithmBase::deconvolve 	[ngc4254_12m_hcop:C6] iters=1678->1678 [0], model=-0.0109996->-0.0109996, peakres=0.000339243->0.000339243, Reached cyclethreshold.
2026-08-05 00:25:32	INFO	SDAlgorithmBase::deconvolve 	[ngc4254_12m_hcop:C7] iters=1678->1681 [3], model=-0.000429667->-0.000463572, peakres=0.000339557->0.000339293, Reached cyclethreshold.
2026-08-05 00:25:32	INFO	SDAlgorithmBase::deconvolve 	[ngc4254_12m_hcop:C8] iters=1681->1681 [0], model=0.00586426->0.00586426, peakres=0.000339161->0.000339161, Reached cyclethreshold.
2026-08-05 00:25:32	INFO	SDAlgorithmBase::deconvolve 	[ngc4254_12m_hcop:C9] iters=1681->1681 [0], model=0.00338625->0.00338625, peakres=0.000339201->0.000339201, Reached cyclethreshold.
2026-08-05 00:25:32	INFO	SDAlgorithmBase::deconvolve 	[ngc4254_12m_hcop] Total model flux (over all planes) : 0.137536     Peak Residual (over all planes) : 0.000339349 in C1:P0
2026-08-05 00:25:32	INFO	SynthesisDeconvolver::setupDeconvolution 	Set Deconvolution Options for [ngc4254_12m_hcop] : hogbom
2026-08-05 00:25:33	INFO	SynthesisDeconvolver::initMinorCycle 	 Absolute Peak residual within mask : 0.000339369, over full image : 0.00141512
2026-08-05 00:25:33	INFO	CubeMinorCycleAlgorithm::task 	Processing channels in range [50, 59]
2026-08-05 00:25:33	INFO	SDAlgorithmBase::deconvolve 	[ngc4254_12m_hcop] Run Hogbom minor-cycle on 10 chans | CycleThreshold=0.000339356, CycleNiter=700, Gain=0.1
2026-08-05 00:25:33	INFO	SDAlgorithmBase::deconvolve 	[ngc4254_12m_hcop:C0] iters=0->0 [0], model=0.00782258->0.00782258, peakres=0.000338971->0.000338971, Reached cyclethreshold.
2026-08-05 00:25:33	INFO	SDAlgorithmBase::deconvolve 	[ngc4254_12m_hcop:C1] iters=0->0 [0], model=0.00289821->0.00289821, peakres=0.000339307->0.000339307, Reached cyclethreshold.
2026-08-05 00:25:33	INFO	SDAlgorithmBase::deconvolve 	[ngc4254_12m_hcop:C2] iters=0->1 [1], model=-0.00067934->-0.000645402, peakres=0.000339357->0.000339047, Reached cyclethreshold.
2026-08-05 00:25:33	INFO	SDAlgorithmBase::deconvolve 	[ngc4254_12m_hcop:C3] iters=1->3 [2], model=0.000117722->0.000117516, peakres=0.000339369->0.000339149, Reached cyclethreshold.
2026-08-05 00:25:33	INFO	SDAlgorithmBase::deconvolve 	[ngc4254_12m_hcop:C4] iters=3->3 [0], model=-0.00206573->-0.00206573, peakres=0.000339229->0.000339229, Reached cyclethreshold.
2026-08-05 00:25:33	INFO	SDAlgorithmBase::deconvolve 	[ngc4254_12m_hcop:C5] iters=3->3 [0], model=0.00745842->0.00745842, peakres=0.000338983->0.000338983, Reached cyclethreshold.
2026-08-05 00:25:33	INFO	SDAlgorithmBase::deconvolve 	[ngc4254_12m_hcop:C6] iters=3->3 [0], model=-0.00211932->-0.00211932, peakres=0.000339013->0.000339013, Reached cyclethreshold.
2026-08-05 00:25:33	INFO	SDAlgorithmBase::deconvolve 	[ngc4254_12m_hcop:C7] iters=3->3 [0], model=-0.0106576->-0.0106576, peakres=0.000339215->0.000339215, Reached cyclethreshold.
2026-08-05 00:25:33	INFO	SDAlgorithmBase::deconvolve 	[ngc4254_12m_hcop:C8] iters=3->3 [0], model=0.0054368->0.0054368, peakres=0.000339088->0.000339088, Reached cyclethreshold.
2026-08-05 00:25:33	INFO	SDAlgorithmBase::deconvolve 	[ngc4254_12m_hcop:C9] iters=3->3 [0], model=-0.0033904->-0.0033904, peakres=0.000339259->0.000339259, Reached cyclethreshold.
2026-08-05 00:25:33	INFO	SDAlgorithmBase::deconvolve 	[ngc4254_12m_hcop] Total model flux (over all planes) : 0.00485506     Peak Residual (over all planes) : 0.000339307 in C1:P0
2026-08-05 00:25:34	INFO	SynthesisDeconvolver::setupDeconvolution 	Set Deconvolution Options for [ngc4254_12m_hcop] : hogbom
2026-08-05 00:25:35	INFO	SynthesisDeconvolver::initMinorCycle 	 Absolute Peak residual within mask : 0.00033936, over full image : 0.00139375
2026-08-05 00:25:35	INFO	CubeMinorCycleAlgorithm::task 	Processing channels in range [60, 69]
2026-08-05 00:25:35	INFO	SDAlgorithmBase::deconvolve 	[ngc4254_12m_hcop] Run Hogbom minor-cycle on 10 chans | CycleThreshold=0.000339356, CycleNiter=700, Gain=0.1
2026-08-05 00:25:35	INFO	SDAlgorithmBase::deconvolve 	[ngc4254_12m_hcop:C0] iters=0->0 [0], model=-0.000739589->-0.000739589, peakres=0.000339249->0.000339249, Reached cyclethreshold.
2026-08-05 00:25:35	INFO	SDAlgorithmBase::deconvolve 	[ngc4254_12m_hcop:C1] iters=0->1 [1], model=0.00254991->0.00258384, peakres=0.00033936->0.000339179, Reached cyclethreshold.
2026-08-05 00:25:35	INFO	SDAlgorithmBase::deconvolve 	[ngc4254_12m_hcop:C2] iters=1->1 [0], model=0.000770226->0.000770226, peakres=0.000339258->0.000339258, Reached cyclethreshold.
2026-08-05 00:25:35	INFO	SDAlgorithmBase::deconvolve 	[ngc4254_12m_hcop:C3] iters=1->1 [0], model=-0.0123128->-0.0123128, peakres=0.000339054->0.000339054, Reached cyclethreshold.
2026-08-05 00:25:35	INFO	SDAlgorithmBase::deconvolve 	[ngc4254_12m_hcop:C4] iters=1->1 [0], model=-0.00109809->-0.00109809, peakres=0.00033914->0.00033914, Reached cyclethreshold.
2026-08-05 00:25:35	INFO	SDAlgorithmBase::deconvolve 	[ngc4254_12m_hcop:C5] iters=1->1 [0], model=0.00470832->0.00470832, peakres=0.000339309->0.000339309, Reached cyclethreshold.
2026-08-05 00:25:35	INFO	SDAlgorithmBase::deconvolve 	[ngc4254_12m_hcop:C6] iters=1->1 [0], model=-0.00754527->-0.00754527, peakres=0.000339294->0.000339294, Reached cyclethreshold.
2026-08-05 00:25:35	INFO	SDAlgorithmBase::deconvolve 	[ngc4254_12m_hcop:C7] iters=1->1 [0], model=0.00594229->0.00594229, peakres=0.000339079->0.000339079, Reached cyclethreshold.
2026-08-05 00:25:35	INFO	SDAlgorithmBase::deconvolve 	[ngc4254_12m_hcop:C8] iters=1->1 [0], model=0.00628622->0.00628622, peakres=0.000339103->0.000339103, Reached cyclethreshold.
2026-08-05 00:25:35	INFO	SDAlgorithmBase::deconvolve 	[ngc4254_12m_hcop:C9] iters=1->1 [0], model=0.00111567->0.00111567, peakres=0.000337799->0.000337799, Reached cyclethreshold.
2026-08-05 00:25:35	INFO	SDAlgorithmBase::deconvolve 	[ngc4254_12m_hcop] Total model flux (over all planes) : -0.000289182     Peak Residual (over all planes) : 0.000339309 in C5:P0
2026-08-05 00:25:36	INFO	SynthesisDeconvolver::setupDeconvolution 	Set Deconvolution Options for [ngc4254_12m_hcop] : hogbom
2026-08-05 00:25:36	INFO	SynthesisDeconvolver::initMinorCycle 	 Absolute Peak residual within mask : 0.00033909, over full image : 0.00137734
2026-08-05 00:25:36	INFO	CubeMinorCycleAlgorithm::task 	Processing channels in range [70, 70]
2026-08-05 00:25:36	INFO	SDAlgorithmBase::deconvolve 	[ngc4254_12m_hcop] Run Hogbom minor-cycle | CycleThreshold=0.000339356, CycleNiter=700, Gain=0.1
2026-08-05 00:25:36	INFO	SDAlgorithmBase::deconvolve 	[ngc4254_12m_hcop] iters=0->0 [0], model=-0.00174281->-0.00174281, peakres=0.00033909->0.00033909, Reached cyclethreshold.
2026-08-05 00:25:36	INFO	grpcInteractiveCleanManager::mergeCycleExecutionRecord 	Completed 27788 iterations.
2026-08-05 00:25:36	INFO	task_tclean::SynthesisImager::executeMajorCycle 	----------------------------------------------------------- Run Major Cycle 2 -------------------------------------
2026-08-05 00:25:36	INFO	task_tclean::SynthesisImagerVi2::nSubCubeFitInMemory	Required memory: 10.47 GB. Available mem.: 251 GB (rc, mem. fraction: 80%, memory: -) => Subcubes: 1. Processes on node: 1.
2026-08-05 00:25:36	INFO	task_tclean::SynthesisImagerVi2::selectData 	MS : ngc4254_12m_hcop.ms | [Opened in readonly mode]
2026-08-05 00:25:36	INFO	task_tclean::SynthesisImagerVi2::selectData 	  NRows selected : 5338975
2026-08-05 00:25:43	INFO	task_tclean::SynthesisImager::getVPRecord 	Using default Voltage Patterns from the VPManager
2026-08-05 00:25:43	INFO	task_tclean::VPSkyJones::VPSkyJones	PB used ALMA
2026-08-05 00:25:43	INFO	task_tclean::SynthesisImagerVi2::weight() 	Set imaging weights : Briggs weighting: sidelobes will be suppressed over full image
2026-08-05 00:25:43	INFO	task_tclean::SynthesisImagerVi2::weight() 	Doing spectral cube Briggs weighting formula --  norm
2026-08-05 00:25:43	INFO	task_tclean::SynthesisImager::tuneSelectData 	Tuning frequency data selection to match image spectral coordinates
2026-08-05 00:25:43	INFO	task_tclean::SynthesisImagerVi2::selectData 	MS : ngc4254_12m_hcop.ms | [Opened in readonly mode]
2026-08-05 00:25:43	INFO	task_tclean::SynthesisImagerVi2::selectData 	  NRows selected : 5338975
2026-08-05 00:25:45	INFO	task_tclean::SynthesisImager::executeMajorCycle 	----------------------------------------------------------- Run Major Cycle 2 -------------------------------------
2026-08-05 00:25:46	INFO	task_tclean::HetArrConvFunc::findAntennaSizes	Overriding PB with Airy of diam,blockage=10.7 m,0.75 m starting with antenna 0
2026-08-05 00:25:47	INFO	task_tclean::HetArrConvFunc::findConvFunction 	convolution function support: [7]ELKEY 0_0_71 actualConvInd 0 pointer 1
2026-08-05 00:46:41	WARN	task_tclean::SIImageStore::Open existing Images (file /source/casa6/casatools/src/code/synthesis/ImagerObjects/SIImageStore.cc, line 618)	 Mismatch in Csys latpoles between existing image on disk ([3.22374, 0.251613, 180, 0.251613]) and current imaging run ([184.707, 14.4164, 180, 14.4164]) : The DirectionCoordinates have differing latpoles -- Resetting to match image on disk
2026-08-05 00:46:41	WARN	task_tclean::SIImageStore::Open existing Images (file /source/casa6/casatools/src/code/synthesis/ImagerObjects/SIImageStore.cc, line 618)	 Mismatch in Csys latpoles between existing image on disk ([184.707, 14.4164, 180, 14.4164]) and current imaging run ([3.22374, 0.251613, 180, 0.251613]) : The DirectionCoordinates have differing latpoles -- Resetting to match image on disk
2026-08-05 00:46:43	INFO	task_tclean::SynthesisDeconvolver::initMinorCycle 	 Absolute Peak residual within mask : 0.000360819, over full image : 0.0015167
2026-08-05 00:46:43	INFO	tclean::::casa	Minor Cycle controls : {'cycleniter': 700, 'cyclethreshold': 0.0003393557562958449, 'loopgain': 0.10000000149011612, 'nsigma': 0.0, 'thresholdreached': True}
2026-08-05 00:46:43	INFO	SynthesisDeconvolver::executeCubeMinorCycle 	---------------------------------------------------- Run Minor Cycle Iterations  ---------------------------------------------
2026-08-05 00:46:43	WARN	SIImageStore::Open existing Images (file /source/casa6/casatools/src/code/synthesis/ImagerObjects/SIImageStore.cc, line 618)	 Mismatch in Csys latpoles between existing image on disk ([3.22374, 0.251613, 180, 0.251613]) and current imaging run ([184.707, 14.4164, 180, 14.4164]) : The DirectionCoordinates have differing latpoles -- Resetting to match image on disk
2026-08-05 00:46:43	WARN	SIImageStore::Open existing Images (file /source/casa6/casatools/src/code/synthesis/ImagerObjects/SIImageStore.cc, line 618)	 Mismatch in Csys latpoles between existing image on disk ([184.707, 14.4164, 180, 14.4164]) and current imaging run ([3.22374, 0.251613, 180, 0.251613]) : The DirectionCoordinates have differing latpoles -- Resetting to match image on disk
2026-08-05 00:46:43	INFO	SynthesisDeconvolver::setupDeconvolution 	Set Deconvolution Options for [ngc4254_12m_hcop] : hogbom
2026-08-05 00:46:44	INFO	SynthesisDeconvolver::initMinorCycle 	 Absolute Peak residual within mask : 0.000339303, over full image : 0.00138863
2026-08-05 00:46:44	INFO	CubeMinorCycleAlgorithm::task 	Processing channels in range [0, 9]
2026-08-05 00:46:44	INFO	SDAlgorithmBase::deconvolve 	[ngc4254_12m_hcop] Run Hogbom minor-cycle on 10 chans | CycleThreshold=0.000339356, CycleNiter=700, Gain=0.1
2026-08-05 00:46:44	INFO	SDAlgorithmBase::deconvolve 	[ngc4254_12m_hcop:C0] iters=0->0 [0], model=0->0, peakres=0->0, Reached cyclethreshold.
2026-08-05 00:46:44	INFO	SDAlgorithmBase::deconvolve 	[ngc4254_12m_hcop:C1] iters=0->0 [0], model=0.00855615->0.00855615, peakres=0.000339206->0.000339206, Reached cyclethreshold.
2026-08-05 00:46:44	INFO	SDAlgorithmBase::deconvolve 	[ngc4254_12m_hcop:C2] iters=0->0 [0], model=0.00213911->0.00213911, peakres=0.000338545->0.000338545, Reached cyclethreshold.
2026-08-05 00:46:44	INFO	SDAlgorithmBase::deconvolve 	[ngc4254_12m_hcop:C3] iters=0->0 [0], model=0.00220656->0.00220656, peakres=0.000338587->0.000338587, Reached cyclethreshold.
2026-08-05 00:46:44	INFO	SDAlgorithmBase::deconvolve 	[ngc4254_12m_hcop:C4] iters=0->0 [0], model=-0.0119269->-0.0119269, peakres=0.000339303->0.000339303, Reached cyclethreshold.
2026-08-05 00:46:44	INFO	SDAlgorithmBase::deconvolve 	[ngc4254_12m_hcop:C5] iters=0->0 [0], model=-0.000438524->-0.000438524, peakres=0.000338967->0.000338967, Reached cyclethreshold.
2026-08-05 00:46:44	INFO	SDAlgorithmBase::deconvolve 	[ngc4254_12m_hcop:C6] iters=0->0 [0], model=0.00123103->0.00123103, peakres=0.000339291->0.000339291, Reached cyclethreshold.
2026-08-05 00:46:44	INFO	SDAlgorithmBase::deconvolve 	[ngc4254_12m_hcop:C7] iters=0->0 [0], model=-0.00177635->-0.00177635, peakres=0.00033913->0.00033913, Reached cyclethreshold.
2026-08-05 00:46:44	INFO	SDAlgorithmBase::deconvolve 	[ngc4254_12m_hcop:C8] iters=0->0 [0], model=0.0201396->0.0201396, peakres=0.00033914->0.00033914, Reached cyclethreshold.
2026-08-05 00:46:44	INFO	SDAlgorithmBase::deconvolve 	[ngc4254_12m_hcop:C9] iters=0->0 [0], model=-0.000383424->-0.000383424, peakres=0.000339235->0.000339235, Reached cyclethreshold.
2026-08-05 00:46:44	INFO	SDAlgorithmBase::deconvolve 	[ngc4254_12m_hcop] Total model flux (over all planes) : 0.0197473     Peak Residual (over all planes) : 0.000339303 in C4:P0
2026-08-05 00:46:45	INFO	SynthesisDeconvolver::setupDeconvolution 	Set Deconvolution Options for [ngc4254_12m_hcop] : hogbom
2026-08-05 00:46:45	INFO	SynthesisDeconvolver::initMinorCycle 	 Absolute Peak residual within mask : 0.000339327, over full image : 0.0014067
2026-08-05 00:46:45	INFO	CubeMinorCycleAlgorithm::task 	Processing channels in range [10, 19]
2026-08-05 00:46:45	INFO	SDAlgorithmBase::deconvolve 	[ngc4254_12m_hcop] Run Hogbom minor-cycle on 10 chans | CycleThreshold=0.000339356, CycleNiter=700, Gain=0.1
2026-08-05 00:46:45	INFO	SDAlgorithmBase::deconvolve 	[ngc4254_12m_hcop:C0] iters=0->0 [0], model=-0.00441106->-0.00441106, peakres=0.000339157->0.000339157, Reached cyclethreshold.
2026-08-05 00:46:45	INFO	SDAlgorithmBase::deconvolve 	[ngc4254_12m_hcop:C1] iters=0->0 [0], model=0.00570016->0.00570016, peakres=0.000339327->0.000339327, Reached cyclethreshold.
2026-08-05 00:46:45	INFO	SDAlgorithmBase::deconvolve 	[ngc4254_12m_hcop:C2] iters=0->0 [0], model=0.00253814->0.00253814, peakres=0.000339192->0.000339192, Reached cyclethreshold.
2026-08-05 00:46:45	INFO	SDAlgorithmBase::deconvolve 	[ngc4254_12m_hcop:C3] iters=0->0 [0], model=0.00782673->0.00782673, peakres=0.00033926->0.00033926, Reached cyclethreshold.
2026-08-05 00:46:45	INFO	SDAlgorithmBase::deconvolve 	[ngc4254_12m_hcop:C4] iters=0->0 [0], model=-0.00152642->-0.00152642, peakres=0.000339023->0.000339023, Reached cyclethreshold.
2026-08-05 00:46:45	INFO	SDAlgorithmBase::deconvolve 	[ngc4254_12m_hcop:C5] iters=0->0 [0], model=0.00460904->0.00460904, peakres=0.000339184->0.000339184, Reached cyclethreshold.
2026-08-05 00:46:45	INFO	SDAlgorithmBase::deconvolve 	[ngc4254_12m_hcop:C6] iters=0->0 [0], model=-0.0118207->-0.0118207, peakres=0.000339119->0.000339119, Reached cyclethreshold.
2026-08-05 00:46:45	INFO	SDAlgorithmBase::deconvolve 	[ngc4254_12m_hcop:C7] iters=0->0 [0], model=0.00390345->0.00390345, peakres=0.000339186->0.000339186, Reached cyclethreshold.
2026-08-05 00:46:45	INFO	SDAlgorithmBase::deconvolve 	[ngc4254_12m_hcop:C8] iters=0->0 [0], model=0.015646->0.015646, peakres=0.000339306->0.000339306, Reached cyclethreshold.
2026-08-05 00:46:45	INFO	SDAlgorithmBase::deconvolve 	[ngc4254_12m_hcop:C9] iters=0->0 [0], model=0.00405664->0.00405664, peakres=0.000339248->0.000339248, Reached cyclethreshold.
2026-08-05 00:46:45	INFO	SDAlgorithmBase::deconvolve 	[ngc4254_12m_hcop] Total model flux (over all planes) : 0.026522     Peak Residual (over all planes) : 0.000339327 in C1:P0
2026-08-05 00:46:46	INFO	SynthesisDeconvolver::setupDeconvolution 	Set Deconvolution Options for [ngc4254_12m_hcop] : hogbom
2026-08-05 00:46:47	INFO	SynthesisDeconvolver::initMinorCycle 	 Absolute Peak residual within mask : 0.000360819, over full image : 0.00139715
2026-08-05 00:46:47	INFO	CubeMinorCycleAlgorithm::task 	Processing channels in range [20, 29]
2026-08-05 00:46:47	INFO	SDAlgorithmBase::deconvolve 	[ngc4254_12m_hcop] Run Hogbom minor-cycle on 10 chans | CycleThreshold=0.000339356, CycleNiter=700, Gain=0.1
2026-08-05 00:46:47	INFO	SDAlgorithmBase::deconvolve 	[ngc4254_12m_hcop:C0] iters=0->0 [0], model=0.00066431->0.00066431, peakres=0.000339179->0.000339179, Reached cyclethreshold.
2026-08-05 00:46:47	INFO	SDAlgorithmBase::deconvolve 	[ngc4254_12m_hcop:C1] iters=0->0 [0], model=-0.0201843->-0.0201843, peakres=0.00033912->0.00033912, Reached cyclethreshold.
2026-08-05 00:46:47	INFO	SDAlgorithmBase::deconvolve 	[ngc4254_12m_hcop:C2] iters=0->0 [0], model=-0.0136923->-0.0136923, peakres=0.0003392->0.0003392, Reached cyclethreshold.
2026-08-05 00:46:47	INFO	SDAlgorithmBase::deconvolve 	[ngc4254_12m_hcop:C3] iters=0->0 [0], model=0.00584208->0.00584208, peakres=0.00033923->0.00033923, Reached cyclethreshold.
2026-08-05 00:46:47	INFO	SDAlgorithmBase::deconvolve 	[ngc4254_12m_hcop:C4] iters=0->1 [1], model=0.0134953->0.0134614, peakres=0.000339429->0.000339081, Reached cyclethreshold.
2026-08-05 00:46:47	INFO	SDAlgorithmBase::deconvolve 	[ngc4254_12m_hcop:C5] iters=1->1 [0], model=0.0186177->0.0186177, peakres=0.000339344->0.000339344, Reached cyclethreshold.
2026-08-05 00:46:47	INFO	SDAlgorithmBase::deconvolve 	[ngc4254_12m_hcop:C6] iters=1->3 [2], model=0.0242181->0.0242181, peakres=0.000339663->0.000339209, Reached cyclethreshold.
2026-08-05 00:46:47	INFO	SDAlgorithmBase::deconvolve 	[ngc4254_12m_hcop:C7] iters=3->17 [14], model=0.026461->0.0263938, peakres=0.000341495->0.000339303, Reached cyclethreshold.
2026-08-05 00:46:47	INFO	SDAlgorithmBase::deconvolve 	[ngc4254_12m_hcop:C8] iters=17->21 [4], model=0.0294497->0.0294496, peakres=0.00033999->0.000339176, Reached cyclethreshold.
2026-08-05 00:46:47	INFO	SDAlgorithmBase::deconvolve 	[ngc4254_12m_hcop:C9] iters=21->352 [331], model=0.0338005->0.0349657, peakres=0.000360819->0.000339356, Reached cyclethreshold.
2026-08-05 00:46:47	INFO	SDAlgorithmBase::deconvolve 	[ngc4254_12m_hcop] Total model flux (over all planes) : 0.119736     Peak Residual (over all planes) : 0.000339356 in C9:P0
2026-08-05 00:46:48	INFO	SynthesisDeconvolver::setupDeconvolution 	Set Deconvolution Options for [ngc4254_12m_hcop] : hogbom
2026-08-05 00:46:49	INFO	SynthesisDeconvolver::initMinorCycle 	 Absolute Peak residual within mask : 0.000352724, over full image : 0.0014216
2026-08-05 00:46:49	INFO	CubeMinorCycleAlgorithm::task 	Processing channels in range [30, 39]
2026-08-05 00:46:49	INFO	SDAlgorithmBase::deconvolve 	[ngc4254_12m_hcop] Run Hogbom minor-cycle on 10 chans | CycleThreshold=0.000339356, CycleNiter=700, Gain=0.1
2026-08-05 00:46:49	INFO	SDAlgorithmBase::deconvolve 	[ngc4254_12m_hcop:C0] iters=0->68 [68], model=0.0366906->0.0365521, peakres=0.000343938->0.000339243, Reached cyclethreshold.
2026-08-05 00:46:49	INFO	SDAlgorithmBase::deconvolve 	[ngc4254_12m_hcop:C1] iters=68->191 [123], model=0.031335->0.0313704, peakres=0.000348973->0.000339324, Reached cyclethreshold.
2026-08-05 00:46:49	INFO	SDAlgorithmBase::deconvolve 	[ngc4254_12m_hcop:C2] iters=191->195 [4], model=0.005072->0.00507201, peakres=0.000340541->0.000339283, Reached cyclethreshold.
2026-08-05 00:46:49	INFO	SDAlgorithmBase::deconvolve 	[ngc4254_12m_hcop:C3] iters=195->198 [3], model=0.0291324->0.0291664, peakres=0.000340205->0.000339217, Reached cyclethreshold.
2026-08-05 00:46:49	INFO	SDAlgorithmBase::deconvolve 	[ngc4254_12m_hcop:C4] iters=198->199 [1], model=0.0484683->0.0485023, peakres=0.000339638->0.000339298, Reached cyclethreshold.
2026-08-05 00:46:49	INFO	SDAlgorithmBase::deconvolve 	[ngc4254_12m_hcop:C5] iters=199->202 [3], model=0.0251041->0.0250701, peakres=0.000340894->0.000339238, Reached cyclethreshold.
2026-08-05 00:46:49	INFO	SDAlgorithmBase::deconvolve 	[ngc4254_12m_hcop:C6] iters=202->210 [8], model=0.0491015->0.0489657, peakres=0.000340195->0.000339254, Reached cyclethreshold.
2026-08-05 00:46:49	INFO	SDAlgorithmBase::deconvolve 	[ngc4254_12m_hcop:C7] iters=210->229 [19], model=0.0329574->0.0332652, peakres=0.000352724->0.000339327, Reached cyclethreshold.
2026-08-05 00:46:49	INFO	SDAlgorithmBase::deconvolve 	[ngc4254_12m_hcop:C8] iters=229->240 [11], model=0.02293->0.0229642, peakres=0.000340646->0.000339294, Reached cyclethreshold.
2026-08-05 00:46:50	INFO	SDAlgorithmBase::deconvolve 	[ngc4254_12m_hcop:C9] iters=240->339 [99], model=0.038321->0.0381496, peakres=0.00034734->0.000339287, Reached cyclethreshold.
2026-08-05 00:46:50	INFO	SDAlgorithmBase::deconvolve 	[ngc4254_12m_hcop] Total model flux (over all planes) : 0.319078     Peak Residual (over all planes) : 0.000339327 in C7:P0
2026-08-05 00:46:50	INFO	SynthesisDeconvolver::setupDeconvolution 	Set Deconvolution Options for [ngc4254_12m_hcop] : hogbom
2026-08-05 00:46:51	INFO	SynthesisDeconvolver::initMinorCycle 	 Absolute Peak residual within mask : 0.000340836, over full image : 0.0015167
2026-08-05 00:46:51	INFO	CubeMinorCycleAlgorithm::task 	Processing channels in range [40, 49]
2026-08-05 00:46:51	INFO	SDAlgorithmBase::deconvolve 	[ngc4254_12m_hcop] Run Hogbom minor-cycle on 10 chans | CycleThreshold=0.000339356, CycleNiter=700, Gain=0.1
2026-08-05 00:46:51	INFO	SDAlgorithmBase::deconvolve 	[ngc4254_12m_hcop:C0] iters=0->3 [3], model=0.0474614->0.0475635, peakres=0.000340836->0.000339027, Reached cyclethreshold.
2026-08-05 00:46:51	INFO	SDAlgorithmBase::deconvolve 	[ngc4254_12m_hcop:C1] iters=3->9 [6], model=0.0406423->0.0405744, peakres=0.000340063->0.000339008, Reached cyclethreshold.
2026-08-05 00:46:51	INFO	SDAlgorithmBase::deconvolve 	[ngc4254_12m_hcop:C2] iters=9->15 [6], model=0.0265266->0.0265953, peakres=0.000339822->0.000339102, Reached cyclethreshold.
2026-08-05 00:46:51	INFO	SDAlgorithmBase::deconvolve 	[ngc4254_12m_hcop:C3] iters=15->15 [0], model=0.0189585->0.0189585, peakres=0.000339289->0.000339289, Reached cyclethreshold.
2026-08-05 00:46:51	INFO	SDAlgorithmBase::deconvolve 	[ngc4254_12m_hcop:C4] iters=15->15 [0], model=0.00252794->0.00252794, peakres=0.000339037->0.000339037, Reached cyclethreshold.
2026-08-05 00:46:51	INFO	SDAlgorithmBase::deconvolve 	[ngc4254_12m_hcop:C5] iters=15->15 [0], model=0.00363197->0.00363197, peakres=0.00033929->0.00033929, Reached cyclethreshold.
2026-08-05 00:46:51	INFO	SDAlgorithmBase::deconvolve 	[ngc4254_12m_hcop:C6] iters=15->15 [0], model=-0.0109996->-0.0109996, peakres=0.000339243->0.000339243, Reached cyclethreshold.
2026-08-05 00:46:51	INFO	SDAlgorithmBase::deconvolve 	[ngc4254_12m_hcop:C7] iters=15->15 [0], model=-0.000463572->-0.000463572, peakres=0.000339312->0.000339312, Reached cyclethreshold.
2026-08-05 00:46:51	INFO	SDAlgorithmBase::deconvolve 	[ngc4254_12m_hcop:C8] iters=15->15 [0], model=0.00586426->0.00586426, peakres=0.000339161->0.000339161, Reached cyclethreshold.
2026-08-05 00:46:51	INFO	SDAlgorithmBase::deconvolve 	[ngc4254_12m_hcop:C9] iters=15->15 [0], model=0.00338625->0.00338625, peakres=0.000339201->0.000339201, Reached cyclethreshold.
2026-08-05 00:46:51	INFO	SDAlgorithmBase::deconvolve 	[ngc4254_12m_hcop] Total model flux (over all planes) : 0.137639     Peak Residual (over all planes) : 0.000339312 in C7:P0
2026-08-05 00:46:52	INFO	SynthesisDeconvolver::setupDeconvolution 	Set Deconvolution Options for [ngc4254_12m_hcop] : hogbom
2026-08-05 00:46:53	INFO	SynthesisDeconvolver::initMinorCycle 	 Absolute Peak residual within mask : 0.000339307, over full image : 0.00141512
2026-08-05 00:46:53	INFO	CubeMinorCycleAlgorithm::task 	Processing channels in range [50, 59]
2026-08-05 00:46:53	INFO	SDAlgorithmBase::deconvolve 	[ngc4254_12m_hcop] Run Hogbom minor-cycle on 10 chans | CycleThreshold=0.000339356, CycleNiter=700, Gain=0.1
2026-08-05 00:46:53	INFO	SDAlgorithmBase::deconvolve 	[ngc4254_12m_hcop:C0] iters=0->0 [0], model=0.00782258->0.00782258, peakres=0.000338971->0.000338971, Reached cyclethreshold.
2026-08-05 00:46:53	INFO	SDAlgorithmBase::deconvolve 	[ngc4254_12m_hcop:C1] iters=0->0 [0], model=0.00289821->0.00289821, peakres=0.000339307->0.000339307, Reached cyclethreshold.
2026-08-05 00:46:53	INFO	SDAlgorithmBase::deconvolve 	[ngc4254_12m_hcop:C2] iters=0->0 [0], model=-0.000645405->-0.000645405, peakres=0.000339094->0.000339094, Reached cyclethreshold.
2026-08-05 00:46:53	INFO	SDAlgorithmBase::deconvolve 	[ngc4254_12m_hcop:C3] iters=0->0 [0], model=0.000117518->0.000117518, peakres=0.00033913->0.00033913, Reached cyclethreshold.
2026-08-05 00:46:53	INFO	SDAlgorithmBase::deconvolve 	[ngc4254_12m_hcop:C4] iters=0->0 [0], model=-0.00206573->-0.00206573, peakres=0.000339229->0.000339229, Reached cyclethreshold.
2026-08-05 00:46:53	INFO	SDAlgorithmBase::deconvolve 	[ngc4254_12m_hcop:C5] iters=0->0 [0], model=0.00745842->0.00745842, peakres=0.000338983->0.000338983, Reached cyclethreshold.
2026-08-05 00:46:53	INFO	SDAlgorithmBase::deconvolve 	[ngc4254_12m_hcop:C6] iters=0->0 [0], model=-0.00211932->-0.00211932, peakres=0.000339013->0.000339013, Reached cyclethreshold.
2026-08-05 00:46:53	INFO	SDAlgorithmBase::deconvolve 	[ngc4254_12m_hcop:C7] iters=0->0 [0], model=-0.0106576->-0.0106576, peakres=0.000339215->0.000339215, Reached cyclethreshold.
2026-08-05 00:46:53	INFO	SDAlgorithmBase::deconvolve 	[ngc4254_12m_hcop:C8] iters=0->0 [0], model=0.0054368->0.0054368, peakres=0.000339088->0.000339088, Reached cyclethreshold.
2026-08-05 00:46:53	INFO	SDAlgorithmBase::deconvolve 	[ngc4254_12m_hcop:C9] iters=0->0 [0], model=-0.0033904->-0.0033904, peakres=0.000339259->0.000339259, Reached cyclethreshold.
2026-08-05 00:46:53	INFO	SDAlgorithmBase::deconvolve 	[ngc4254_12m_hcop] Total model flux (over all planes) : 0.00485506     Peak Residual (over all planes) : 0.000339307 in C1:P0
2026-08-05 00:46:54	INFO	SynthesisDeconvolver::setupDeconvolution 	Set Deconvolution Options for [ngc4254_12m_hcop] : hogbom
2026-08-05 00:46:55	INFO	SynthesisDeconvolver::initMinorCycle 	 Absolute Peak residual within mask : 0.000339309, over full image : 0.00139375
2026-08-05 00:46:55	INFO	CubeMinorCycleAlgorithm::task 	Processing channels in range [60, 69]
2026-08-05 00:46:55	INFO	SDAlgorithmBase::deconvolve 	[ngc4254_12m_hcop] Run Hogbom minor-cycle on 10 chans | CycleThreshold=0.000339356, CycleNiter=700, Gain=0.1
2026-08-05 00:46:55	INFO	SDAlgorithmBase::deconvolve 	[ngc4254_12m_hcop:C0] iters=0->0 [0], model=-0.000739589->-0.000739589, peakres=0.000339249->0.000339249, Reached cyclethreshold.
2026-08-05 00:46:55	INFO	SDAlgorithmBase::deconvolve 	[ngc4254_12m_hcop:C1] iters=0->0 [0], model=0.00258385->0.00258385, peakres=0.000339178->0.000339178, Reached cyclethreshold.
2026-08-05 00:46:55	INFO	SDAlgorithmBase::deconvolve 	[ngc4254_12m_hcop:C2] iters=0->0 [0], model=0.000770226->0.000770226, peakres=0.000339258->0.000339258, Reached cyclethreshold.
2026-08-05 00:46:55	INFO	SDAlgorithmBase::deconvolve 	[ngc4254_12m_hcop:C3] iters=0->0 [0], model=-0.0123128->-0.0123128, peakres=0.000339054->0.000339054, Reached cyclethreshold.
2026-08-05 00:46:55	INFO	SDAlgorithmBase::deconvolve 	[ngc4254_12m_hcop:C4] iters=0->0 [0], model=-0.00109809->-0.00109809, peakres=0.00033914->0.00033914, Reached cyclethreshold.
2026-08-05 00:46:55	INFO	SDAlgorithmBase::deconvolve 	[ngc4254_12m_hcop:C5] iters=0->0 [0], model=0.00470832->0.00470832, peakres=0.000339309->0.000339309, Reached cyclethreshold.
2026-08-05 00:46:55	INFO	SDAlgorithmBase::deconvolve 	[ngc4254_12m_hcop:C6] iters=0->0 [0], model=-0.00754527->-0.00754527, peakres=0.000339294->0.000339294, Reached cyclethreshold.
2026-08-05 00:46:55	INFO	SDAlgorithmBase::deconvolve 	[ngc4254_12m_hcop:C7] iters=0->0 [0], model=0.00594229->0.00594229, peakres=0.000339079->0.000339079, Reached cyclethreshold.
2026-08-05 00:46:55	INFO	SDAlgorithmBase::deconvolve 	[ngc4254_12m_hcop:C8] iters=0->0 [0], model=0.00628622->0.00628622, peakres=0.000339103->0.000339103, Reached cyclethreshold.
2026-08-05 00:46:55	INFO	SDAlgorithmBase::deconvolve 	[ngc4254_12m_hcop:C9] iters=0->0 [0], model=0.00111567->0.00111567, peakres=0.000337799->0.000337799, Reached cyclethreshold.
2026-08-05 00:46:55	INFO	SDAlgorithmBase::deconvolve 	[ngc4254_12m_hcop] Total model flux (over all planes) : -0.000289178     Peak Residual (over all planes) : 0.000339309 in C5:P0
2026-08-05 00:46:55	INFO	SynthesisDeconvolver::setupDeconvolution 	Set Deconvolution Options for [ngc4254_12m_hcop] : hogbom
2026-08-05 00:46:55	INFO	SynthesisDeconvolver::initMinorCycle 	 Absolute Peak residual within mask : 0.00033909, over full image : 0.00137734
2026-08-05 00:46:55	INFO	CubeMinorCycleAlgorithm::task 	Processing channels in range [70, 70]
2026-08-05 00:46:55	INFO	SDAlgorithmBase::deconvolve 	[ngc4254_12m_hcop] Run Hogbom minor-cycle | CycleThreshold=0.000339356, CycleNiter=700, Gain=0.1
2026-08-05 00:46:56	INFO	SDAlgorithmBase::deconvolve 	[ngc4254_12m_hcop] iters=0->0 [0], model=-0.00174281->-0.00174281, peakres=0.00033909->0.00033909, Reached cyclethreshold.
2026-08-05 00:46:56	INFO	grpcInteractiveCleanManager::mergeCycleExecutionRecord 	Completed 28494 iterations.
2026-08-05 00:46:56	INFO	task_tclean::SynthesisImager::executeMajorCycle 	----------------------------------------------------------- Run Major Cycle 3 -------------------------------------
2026-08-05 00:46:56	INFO	task_tclean::SynthesisImagerVi2::nSubCubeFitInMemory	Required memory: 10.47 GB. Available mem.: 251 GB (rc, mem. fraction: 80%, memory: -) => Subcubes: 1. Processes on node: 1.
2026-08-05 00:46:56	INFO	task_tclean::SynthesisImagerVi2::selectData 	MS : ngc4254_12m_hcop.ms | [Opened in readonly mode]
2026-08-05 00:46:56	INFO	task_tclean::SynthesisImagerVi2::selectData 	  NRows selected : 5338975
2026-08-05 00:47:02	INFO	task_tclean::SynthesisImager::getVPRecord 	Using default Voltage Patterns from the VPManager
2026-08-05 00:47:02	INFO	task_tclean::VPSkyJones::VPSkyJones	PB used ALMA
2026-08-05 00:47:02	INFO	task_tclean::SynthesisImagerVi2::weight() 	Set imaging weights : Briggs weighting: sidelobes will be suppressed over full image
2026-08-05 00:47:02	INFO	task_tclean::SynthesisImagerVi2::weight() 	Doing spectral cube Briggs weighting formula --  norm
2026-08-05 00:47:02	INFO	task_tclean::SynthesisImager::tuneSelectData 	Tuning frequency data selection to match image spectral coordinates
2026-08-05 00:47:02	INFO	task_tclean::SynthesisImagerVi2::selectData 	MS : ngc4254_12m_hcop.ms | [Opened in readonly mode]
2026-08-05 00:47:03	INFO	task_tclean::SynthesisImagerVi2::selectData 	  NRows selected : 5338975
2026-08-05 00:47:04	INFO	task_tclean::SynthesisImager::executeMajorCycle 	----------------------------------------------------------- Run Major Cycle 3 -------------------------------------
2026-08-05 00:47:05	INFO	task_tclean::HetArrConvFunc::findAntennaSizes	Overriding PB with Airy of diam,blockage=10.7 m,0.75 m starting with antenna 0
2026-08-05 00:47:06	INFO	task_tclean::HetArrConvFunc::findConvFunction 	convolution function support: [7]ELKEY 0_0_71 actualConvInd 0 pointer 1
2026-08-05 01:07:20	WARN	task_tclean::SIImageStore::Open existing Images (file /source/casa6/casatools/src/code/synthesis/ImagerObjects/SIImageStore.cc, line 618)	 Mismatch in Csys latpoles between existing image on disk ([3.22374, 0.251613, 180, 0.251613]) and current imaging run ([184.707, 14.4164, 180, 14.4164]) : The DirectionCoordinates have differing latpoles -- Resetting to match image on disk
2026-08-05 01:07:20	WARN	task_tclean::SIImageStore::Open existing Images (file /source/casa6/casatools/src/code/synthesis/ImagerObjects/SIImageStore.cc, line 618)	 Mismatch in Csys latpoles between existing image on disk ([184.707, 14.4164, 180, 14.4164]) and current imaging run ([3.22374, 0.251613, 180, 0.251613]) : The DirectionCoordinates have differing latpoles -- Resetting to match image on disk
2026-08-05 01:07:23	INFO	task_tclean::SynthesisDeconvolver::initMinorCycle 	 Absolute Peak residual within mask : 0.00033958, over full image : 0.0015167
2026-08-05 01:07:23	INFO	tclean::::casa	Reached global stopping criterion : threshold
2026-08-05 01:07:23	INFO	tclean::::casa	getSummary call: fullsummary=True
2026-08-05 01:07:23	INFO	SDAlgorithmBase::restore 	[ngc4254_12m_hcop] : Restoring model image.
2026-08-05 01:07:23	INFO	SIImageStore::restore 	Getting common beam
2026-08-05 01:07:23	INFO	SIImageStore::restore 	Common Beam : 1.48726 arcsec, 1.17666 arcsec, -49.408 deg
2026-08-05 01:07:32	INFO	tclean::::casa	Searching for images with prefix 'ngc4254_12m_hcop'... Found these, writing history into them: ['ngc4254_12m_hcop.image', 'ngc4254_12m_hcop.model', 'ngc4254_12m_hcop.residual', 'ngc4254_12m_hcop.pb', 'ngc4254_12m_hcop.psf', 'ngc4254_12m_hcop.weight', 'ngc4254_12m_hcop.sumwt', 'ngc4254_12m_hcop.mask']
2026-08-05 01:07:32	INFO	tclean::::casa	Task tclean complete. Start time: 2026-08-04 23:57:41.526580 End time: 2026-08-05 01:07:31.847917
2026-08-05 01:07:32	INFO	tclean::::casa	##### End Task: tclean               #####
2026-08-05 01:07:32	INFO	tclean::::casa	##########################################
2026-08-05 01:07:32	INFO	imstat::::casa	##########################################
2026-08-05 01:07:32	INFO	imstat::::casa	##### Begin Task: imstat             #####
2026-08-05 01:07:32	INFO	imstat::::casa	imstat( imagename='ngc4254_12m_hcop.model', axes=[], region='', box='', chans='', stokes='', listit=True, verbose=True, mask='', stretch=False, logfile='', append=True, algorithm='classic', fence=-1.0, center='mean', lside=True, zscore=-1.0, maxiter=-1, clmethod='auto', niter=3 )
2026-08-05 01:07:32	INFO	imstat::CasacRegionManager::fromBCS	No directional region specified. Using full positional plane.
2026-08-05 01:07:32	INFO	imstat::CasacRegionManager::fromBCS	Using all spectral channels.
2026-08-05 01:07:32	INFO	imstat::CasacRegionManager::fromBCS	Using polarizations ALL
2026-08-05 01:07:32	INFO	imstat::image::statistics 	Determining stats for image ngc4254_12m_hcop.model
2026-08-05 01:07:32	INFO	imstat::ImageRegion::fromRecord	Selected bounding box : 
2026-08-05 01:07:32	INFO	imstat::ImageRegion::fromRecord+	    [0, 0, 0, 0] to [1023, 1151, 0, 70]  (12:18:58.409, +14.22.34.990, I, 8.85753e+10Hz to 12:18:40.805, +14.27.22.740, I, 8.83702e+10Hz)
2026-08-05 01:07:32	INFO	imstat::ImageStatsCalculator::_logStartup	Statistics calculated using Classic algorithm
2026-08-05 01:07:32	INFO	imstat::ImageStatsCalculator::_logStartup	Regions --- 
2026-08-05 01:07:32	INFO	imstat::ImageStatsCalculator::_logStartup	         -- bottom-left corner (pixel) [blc]:  [0, 0, 0, 0]
2026-08-05 01:07:32	INFO	imstat::ImageStatsCalculator::_logStartup	         -- top-right corner (pixel) [trc]:    [1023, 1151, 0, 70]
2026-08-05 01:07:32	INFO	imstat::ImageStatsCalculator::_logStartup	         -- bottom-left corner (world) [blcf]: 12:18:58.409, +14.22.34.990, I, 8.85753e+10Hz
2026-08-05 01:07:32	INFO	imstat::ImageStatsCalculator::_logStartup	         -- top-right corner (world) [trcf]:   12:18:40.805, +14.27.22.740, I, 8.83702e+10Hz
2026-08-05 01:07:33	INFO	imstat::::	Values --- 
2026-08-05 01:07:33	INFO	imstat::::	         -- number of points [npts]:                8.3755e+07
2026-08-05 01:07:33	INFO	imstat::::	         -- maximum value [max]:                    0.00179753 Jy/pixel
2026-08-05 01:07:33	INFO	imstat::::	         -- minimum value [min]:                    -0.00139059 Jy/pixel
2026-08-05 01:07:33	INFO	imstat::::	         -- position of max value (pixel) [maxpos]: [557, 562, 0, 28]
2026-08-05 01:07:33	INFO	imstat::::	         -- position of min value (pixel) [minpos]: [431, 365, 0, 45]
2026-08-05 01:07:33	INFO	imstat::::	         -- position of max value (world) [maxposf]: 12:18:48.826, +14.24.55.500, I, 8.84933e+10Hz
2026-08-05 01:07:33	INFO	imstat::::	         -- position of min value (world) [minposf]: 12:18:50.994, +14.24.06.250, I, 8.84435e+10Hz
2026-08-05 01:07:33	INFO	imstat::::	         -- Sum of pixel values [sum]:               0.625545 Jy/pixel
2026-08-05 01:07:33	INFO	imstat::::	         -- Sum of squared pixel values [sumsq]:     0.00364642 Jy/pixel.Jy/pixel
2026-08-05 01:07:33	INFO	imstat::::	Statistics --- 
2026-08-05 01:07:33	INFO	imstat::::	        -- Mean of the pixel values [mean]:         7.46875e-09 Jy/pixel
2026-08-05 01:07:33	INFO	imstat::::	        -- Variance of the pixel values :           4.35366e-11 Jy/pixel
2026-08-05 01:07:33	INFO	imstat::::	        -- Standard deviation of the Mean [sigma]:  6.59823e-06 Jy/pixel
2026-08-05 01:07:33	INFO	imstat::::	        -- Root mean square [rms]:                  6.59823e-06 Jy/pixel
2026-08-05 01:07:33	INFO	imstat::::	        -- Median of the pixel values [median]:     0 Jy/pixel
2026-08-05 01:07:33	INFO	imstat::::	        -- Median of the deviations [medabsdevmed]: 0 Jy/pixel
2026-08-05 01:07:33	INFO	imstat::::	        -- IQR [quartile]:                          0 Jy/pixel
2026-08-05 01:07:33	INFO	imstat::::	        -- First quartile [q1]:                     0 Jy/pixel
2026-08-05 01:07:33	INFO	imstat::::	        -- Third quartile [q3]:                     0 Jy/pixel
2026-08-05 01:07:33	INFO	imstat::ImageStatsCalculator::statistics	Sum column unit = Jy/pixel
2026-08-05 01:07:33	INFO	imstat::ImageStatsCalculator::statistics+	Mean column unit = Jy/pixel
2026-08-05 01:07:33	INFO	imstat::ImageStatsCalculator::statistics+	Std_dev column unit = Jy/pixel
2026-08-05 01:07:33	INFO	imstat::ImageStatsCalculator::statistics+	Minimum column unit = Jy/pixel
2026-08-05 01:07:33	INFO	imstat::ImageStatsCalculator::statistics+	Maximum column unit = Jy/pixel
2026-08-05 01:07:33	INFO	imstat::ImageStatsCalculator::statistics	Npts          Sum           Mean          Rms           Std_dev       Minimum       Maximum     
2026-08-05 01:07:33	INFO	imstat::ImageStatsCalculator::statistics	 8.375501e+07  6.255451e-01  7.468748e-09  6.598234e-06  6.598229e-06 -1.390591e-03  1.797528e-03
2026-08-05 01:07:33	INFO	imstat::::casa	Task imstat complete. Start time: 2026-08-05 01:07:31.852683 End time: 2026-08-05 01:07:33.342810
2026-08-05 01:07:33	INFO	imstat::::casa	##### End Task: imstat               #####
2026-08-05 01:07:33	INFO	imstat::::casa	##########################################
2026-08-05 01:07:48	INFO	tclean::::casa	##########################################
2026-08-05 01:07:48	INFO	tclean::::casa	##### Begin Task: tclean             #####
2026-08-05 01:07:48	INFO	tclean::::casa	tclean( vis='ngc4254_12m_hcop.ms', selectdata=True, field='', spw='', timerange='', uvrange='', antenna='', scan='', observation='', intent='', datacolumn='corrected', imagename='ngc4254_12m_hcop', imsize=[1024, 1152], cell='0.25arcsec', phasecenter='J2000 12h18m49.6s +14d24m59s', stokes='I', projection='SIN', startmodel='', specmode='cube', reffreq='', nchan=-1, start='', width='', outframe='LSRK', veltype='radio', restfreq='89.18852GHz', interpolation='linear', perchanweightdensity=True, gridder='mosaic', facets=1, psfphasecenter='', wprojplanes=1, vptable='', mosweight=True, aterm=True, psterm=False, wbawp=True, conjbeams=False, cfcache='', usepointing=False, computepastep=360.0, rotatepastep=360.0, pointingoffsetsigdev=[], pblimit=0.2, normtype='flatnoise', deconvolver='hogbom', scales=[], nterms=1, smallscalebias=0.9, fusedthreshold=0.0, largestscale=-1, restoration=True, restoringbeam='common', pbcor=False, outlierfile='', weighting='briggs', robust=0.5, noise='1.0Jy', npixels=0, uvtaper=[], niter=71000, gain=0.1, threshold='0.00033897358591063425Jy/beam', nsigma=0.0, cycleniter=800, cyclefactor=3.0, minpsffraction=0.5, maxpsffraction=0.8, interactive=False, nmajor=-1, fullsummary=True, usemask='user', mask='', pbmask=0.2, sidelobethreshold=3.0, noisethreshold=5.0, lownoisethreshold=1.5, negativethreshold=0.0, smoothfactor=1.0, minbeamfrac=0.3, cutthreshold=0.01, growiterations=75, dogrowprune=True, minpercentchange=-1.0, verbose=False, fastnoise=True, restart=True, savemodel='none', calcres=False, calcpsf=False, psfcutoff=0.35, parallel=False )
2026-08-05 01:07:48	INFO	tclean::::casa	Verifying Input Parameters
2026-08-05 01:07:48	INFO	SynthesisImagerVi2::selectData 	MS : ngc4254_12m_hcop.ms | [Opened in readonly mode]
2026-08-05 01:07:49	INFO	SynthesisImagerVi2::selectData 	  NRows selected : 5338975
2026-08-05 01:07:50	INFO	SynthesisImagerVi2::defineImage 	Define image coordinates for [ngc4254_12m_hcop] : 
2026-08-05 01:07:50	INFO	SynthesisImagerVi2::defineImage 	Define image coordinates for [ngc4254_12m_hcop] : 
2026-08-05 01:07:51	INFO	MSTransformRegridder::calcChanFreqs	 phaseCenter='Direction: [-0.965246, -0.0794707, 0.248967]'  *** Encountered negative channel widths in input spectral window.
2026-08-05 01:07:51	INFO	MSTransformRegridder::calcChanFreqs	 Channels equidistant in freq
2026-08-05 01:07:51	INFO	MSTransformRegridder::calcChanFreqs+	 Central frequency (in output frame) = 8.84728e+10 Hz
2026-08-05 01:07:51	INFO	MSTransformRegridder::calcChanFreqs+	 Channel central frequency is decreasing with increasing channel number.
2026-08-05 01:07:51	INFO	MSTransformRegridder::calcChanFreqs+	 Width of central channel (in output frame) = 2.93057e+06 Hz
2026-08-05 01:07:51	INFO	MSTransformRegridder::calcChanFreqs+	 Number of channels = 71
2026-08-05 01:07:51	INFO	MSTransformRegridder::calcChanFreqs+	 Total width of SPW (in output frame) = 2.0807e+08 Hz
2026-08-05 01:07:51	INFO	MSTransformRegridder::calcChanFreqs+	 Lower edge = 8.83687e+10 Hz, upper edge = 8.85768e+10 Hz
2026-08-05 01:07:51	INFO	SynthesisImagerVi2::defineImage 	Impars: start 
2026-08-05 01:07:51	INFO	SynthesisImagerVi2::defineImage 	Shape: [1024, 1152, 1, 71] Spectral: [8.85753e+10] at [0] with increment [-2.93057e+06]
2026-08-05 01:07:51	INFO	SynthesisImagerVi2::defineImage 	Set Gridding options for [ngc4254_12m_hcop] with ftmachine : mosaicft
2026-08-05 01:07:51	INFO	SynthesisImager::getVPRecord 	Using default Voltage Patterns from the VPManager
2026-08-05 01:07:51	INFO	VPSkyJones::VPSkyJones	PB used ALMA
2026-08-05 01:07:51	INFO	SynthesisImagerVi2::nSubCubeFitInMemory	Required memory: 10.47 GB. Available mem.: 251.1 GB (rc, mem. fraction: 80%, memory: -) => Subcubes: 1. Processes on node: 1.
2026-08-05 01:07:51	INFO	tclean::::casa	CFCache already exists
2026-08-05 01:07:51	INFO	SynthesisImagerVi2::weight() 	Set imaging weights : Briggs weighting: sidelobes will be suppressed over full image
2026-08-05 01:07:51	INFO	SynthesisImagerVi2::weight() 	Doing spectral cube Briggs weighting formula --  norm
2026-08-05 01:07:51	INFO	task_tclean::SynthesisDeconvolver::setupDeconvolution 	Set Deconvolution Options for [ngc4254_12m_hcop] : hogbom
2026-08-05 01:07:54	WARN	task_tclean::SIImageStore::Open existing Images (file /source/casa6/casatools/src/code/synthesis/ImagerObjects/SIImageStore.cc, line 618)	 Mismatch in Csys latpoles between existing image on disk ([3.22374, 0.251613, 180, 0.251613]) and current imaging run ([184.707, 14.4164, 180, 14.4164]) : The DirectionCoordinates have differing latpoles -- Resetting to match image on disk
2026-08-05 01:07:54	WARN	task_tclean::SIImageStore::Open existing Images (file /source/casa6/casatools/src/code/synthesis/ImagerObjects/SIImageStore.cc, line 618)	 Mismatch in Csys latpoles between existing image on disk ([184.707, 14.4164, 180, 14.4164]) and current imaging run ([3.22374, 0.251613, 180, 0.251613]) : The DirectionCoordinates have differing latpoles -- Resetting to match image on disk
2026-08-05 01:07:56	INFO	task_tclean::SynthesisDeconvolver::initMinorCycle 	 Absolute Peak residual within mask : 0.00033958, over full image : 0.0015167
2026-08-05 01:07:57	INFO	tclean::::casa	Reached global stopping criterion : threshold
2026-08-05 01:07:57	WARN	SIImageStore::Open existing Images (file /source/casa6/casatools/src/code/synthesis/ImagerObjects/SIImageStore.cc, line 618)	 Mismatch in Csys latpoles between existing image on disk ([3.22374, 0.251613, 180, 0.251613]) and current imaging run ([184.707, 14.4164, 180, 14.4164]) : The DirectionCoordinates have differing latpoles -- Resetting to match image on disk
2026-08-05 01:07:57	INFO	SynthesisDeconvolver::setupMask 	[ngc4254_12m_hcop] Initializing to existing mask
2026-08-05 01:07:57	INFO	SynthesisDeconvolver::setupMask 	[ngc4254_12m_hcop] Number of pixels in the clean mask : 262721 out of a total of 8.3755e+07 pixels. [ 0.313678 % ]
2026-08-05 01:07:57	WARN	SIImageStore::Open existing Images (file /source/casa6/casatools/src/code/synthesis/ImagerObjects/SIImageStore.cc, line 618)	 Mismatch in Csys latpoles between existing image on disk ([184.707, 14.4164, 180, 14.4164]) and current imaging run ([3.22374, 0.251613, 180, 0.251613]) : The DirectionCoordinates have differing latpoles -- Resetting to match image on disk
2026-08-05 01:07:58	INFO	SynthesisDeconvolver::initMinorCycle 	 Absolute Peak residual within mask : 0.00033958, over full image : 0.0015167
2026-08-05 01:07:58	INFO	tclean::::casa	Reached global stopping criterion : threshold
2026-08-05 01:07:58	INFO	tclean::::casa	getSummary call: fullsummary=True
2026-08-05 01:07:58	INFO	SDAlgorithmBase::restore 	[ngc4254_12m_hcop] : Restoring model image.
2026-08-05 01:07:58	INFO	SIImageStore::restore 	Getting common beam
2026-08-05 01:07:58	INFO	SIImageStore::restore 	Common Beam : 1.48726 arcsec, 1.17666 arcsec, -49.408 deg
2026-08-05 01:08:09	INFO	tclean::::casa	Searching for images with prefix 'ngc4254_12m_hcop'... Found these, writing history into them: ['ngc4254_12m_hcop.image', 'ngc4254_12m_hcop.model', 'ngc4254_12m_hcop.residual', 'ngc4254_12m_hcop.pb', 'ngc4254_12m_hcop.psf', 'ngc4254_12m_hcop.weight', 'ngc4254_12m_hcop.sumwt', 'ngc4254_12m_hcop.mask']
2026-08-05 01:08:09	INFO	tclean::::casa	Task tclean complete. Start time: 2026-08-05 01:07:48.200584 End time: 2026-08-05 01:08:09.065042
2026-08-05 01:08:09	INFO	tclean::::casa	##### End Task: tclean               #####
2026-08-05 01:08:09	INFO	tclean::::casa	##########################################
2026-08-05 01:08:09	INFO	imstat::::casa	##########################################
2026-08-05 01:08:09	INFO	imstat::::casa	##### Begin Task: imstat             #####
2026-08-05 01:08:09	INFO	imstat::::casa	imstat( imagename='ngc4254_12m_hcop.model', axes=[], region='', box='', chans='', stokes='', listit=True, verbose=True, mask='', stretch=False, logfile='', append=True, algorithm='classic', fence=-1.0, center='mean', lside=True, zscore=-1.0, maxiter=-1, clmethod='auto', niter=3 )
2026-08-05 01:08:09	INFO	imstat::CasacRegionManager::fromBCS	No directional region specified. Using full positional plane.
2026-08-05 01:08:09	INFO	imstat::CasacRegionManager::fromBCS	Using all spectral channels.
2026-08-05 01:08:09	INFO	imstat::CasacRegionManager::fromBCS	Using polarizations ALL
2026-08-05 01:08:09	INFO	imstat::image::statistics 	Determining stats for image ngc4254_12m_hcop.model
2026-08-05 01:08:09	INFO	imstat::ImageRegion::fromRecord	Selected bounding box : 
2026-08-05 01:08:09	INFO	imstat::ImageRegion::fromRecord+	    [0, 0, 0, 0] to [1023, 1151, 0, 70]  (12:18:58.409, +14.22.34.990, I, 8.85753e+10Hz to 12:18:40.805, +14.27.22.740, I, 8.83702e+10Hz)
2026-08-05 01:08:09	INFO	imstat::ImageStatsCalculator::_logStartup	Statistics calculated using Classic algorithm
2026-08-05 01:08:09	INFO	imstat::ImageStatsCalculator::_logStartup	Regions --- 
2026-08-05 01:08:09	INFO	imstat::ImageStatsCalculator::_logStartup	         -- bottom-left corner (pixel) [blc]:  [0, 0, 0, 0]
2026-08-05 01:08:09	INFO	imstat::ImageStatsCalculator::_logStartup	         -- top-right corner (pixel) [trc]:    [1023, 1151, 0, 70]
2026-08-05 01:08:09	INFO	imstat::ImageStatsCalculator::_logStartup	         -- bottom-left corner (world) [blcf]: 12:18:58.409, +14.22.34.990, I, 8.85753e+10Hz
2026-08-05 01:08:09	INFO	imstat::ImageStatsCalculator::_logStartup	         -- top-right corner (world) [trcf]:   12:18:40.805, +14.27.22.740, I, 8.83702e+10Hz
2026-08-05 01:08:11	INFO	imstat::::	Values --- 
2026-08-05 01:08:11	INFO	imstat::::	         -- number of points [npts]:                8.3755e+07
2026-08-05 01:08:11	INFO	imstat::::	         -- maximum value [max]:                    0.00179753 Jy/pixel
2026-08-05 01:08:11	INFO	imstat::::	         -- minimum value [min]:                    -0.00139059 Jy/pixel
2026-08-05 01:08:11	INFO	imstat::::	         -- position of max value (pixel) [maxpos]: [557, 562, 0, 28]
2026-08-05 01:08:11	INFO	imstat::::	         -- position of min value (pixel) [minpos]: [431, 365, 0, 45]
2026-08-05 01:08:11	INFO	imstat::::	         -- position of max value (world) [maxposf]: 12:18:48.826, +14.24.55.500, I, 8.84933e+10Hz
2026-08-05 01:08:11	INFO	imstat::::	         -- position of min value (world) [minposf]: 12:18:50.994, +14.24.06.250, I, 8.84435e+10Hz
2026-08-05 01:08:11	INFO	imstat::::	         -- Sum of pixel values [sum]:               0.625545 Jy/pixel
2026-08-05 01:08:11	INFO	imstat::::	         -- Sum of squared pixel values [sumsq]:     0.00364642 Jy/pixel.Jy/pixel
2026-08-05 01:08:11	INFO	imstat::::	Statistics --- 
2026-08-05 01:08:11	INFO	imstat::::	        -- Mean of the pixel values [mean]:         7.46875e-09 Jy/pixel
2026-08-05 01:08:11	INFO	imstat::::	        -- Variance of the pixel values :           4.35366e-11 Jy/pixel
2026-08-05 01:08:11	INFO	imstat::::	        -- Standard deviation of the Mean [sigma]:  6.59823e-06 Jy/pixel
2026-08-05 01:08:11	INFO	imstat::::	        -- Root mean square [rms]:                  6.59823e-06 Jy/pixel
2026-08-05 01:08:11	INFO	imstat::::	        -- Median of the pixel values [median]:     0 Jy/pixel
2026-08-05 01:08:11	INFO	imstat::::	        -- Median of the deviations [medabsdevmed]: 0 Jy/pixel
2026-08-05 01:08:11	INFO	imstat::::	        -- IQR [quartile]:                          0 Jy/pixel
2026-08-05 01:08:11	INFO	imstat::::	        -- First quartile [q1]:                     0 Jy/pixel
2026-08-05 01:08:11	INFO	imstat::::	        -- Third quartile [q3]:                     0 Jy/pixel
2026-08-05 01:08:11	INFO	imstat::ImageStatsCalculator::statistics	Sum column unit = Jy/pixel
2026-08-05 01:08:11	INFO	imstat::ImageStatsCalculator::statistics+	Mean column unit = Jy/pixel
2026-08-05 01:08:11	INFO	imstat::ImageStatsCalculator::statistics+	Std_dev column unit = Jy/pixel
2026-08-05 01:08:11	INFO	imstat::ImageStatsCalculator::statistics+	Minimum column unit = Jy/pixel
2026-08-05 01:08:11	INFO	imstat::ImageStatsCalculator::statistics+	Maximum column unit = Jy/pixel
2026-08-05 01:08:11	INFO	imstat::ImageStatsCalculator::statistics	Npts          Sum           Mean          Rms           Std_dev       Minimum       Maximum     
2026-08-05 01:08:11	INFO	imstat::ImageStatsCalculator::statistics	 8.375501e+07  6.255451e-01  7.468748e-09  6.598234e-06  6.598229e-06 -1.390591e-03  1.797528e-03
2026-08-05 01:08:11	INFO	imstat::::casa	Task imstat complete. Start time: 2026-08-05 01:08:09.066503 End time: 2026-08-05 01:08:10.849583
2026-08-05 01:08:11	INFO	imstat::::casa	##### End Task: imstat               #####
2026-08-05 01:08:11	INFO	imstat::::casa	##########################################
2026-08-05 01:08:26	INFO	exportfits::::casa	##########################################
2026-08-05 01:08:26	INFO	exportfits::::casa	##### Begin Task: exportfits         #####
2026-08-05 01:08:26	INFO	exportfits::::casa	exportfits( imagename='ngc4254_12m_hcop.image', fitsimage='ngc4254_12m_hcop.fits', velocity=True, optical=False, bitpix=-32, minpix=0, maxpix=-1, overwrite=True, dropstokes=True, stokeslast=True, history=True, dropdeg=True )
2026-08-05 01:08:26	INFO	exportfits::ImageFactory::toFITS	Applying mask of name 'mask0'
2026-08-05 01:08:26	INFO	exportfits::ImageRegion::fromRecord	Selected bounding box : 
2026-08-05 01:08:26	INFO	exportfits::ImageRegion::fromRecord+	    [0, 0, 0, 0] to [1023, 1151, 0, 70]  (12:18:58.409, +14.22.34.990, I, 8.85753e+10Hz to 12:18:40.805, +14.27.22.740, I, 8.83702e+10Hz)
2026-08-05 01:08:26	INFO	exportfits::ImageFitsConverter::ImageHeaderToFITS 	Truncating miscinfo field useweightimage to useweigh
2026-08-05 01:08:28	INFO	exportfits::::casa	Task exportfits complete. Start time: 2026-08-05 01:08:25.731366 End time: 2026-08-05 01:08:27.675570
2026-08-05 01:08:28	INFO	exportfits::::casa	##### End Task: exportfits           #####
2026-08-05 01:08:28	INFO	exportfits::::casa	##########################################
2026-08-05 01:08:28	INFO	exportfits::::casa	##########################################
2026-08-05 01:08:28	INFO	exportfits::::casa	##### Begin Task: exportfits         #####
2026-08-05 01:08:28	INFO	exportfits::::casa	exportfits( imagename='ngc4254_12m_hcop.model', fitsimage='ngc4254_12m_hcop_model.fits', velocity=True, optical=False, bitpix=-32, minpix=0, maxpix=-1, overwrite=True, dropstokes=True, stokeslast=True, history=True, dropdeg=True )
2026-08-05 01:08:28	INFO	exportfits::ImageRegion::fromRecord	Selected bounding box : 
2026-08-05 01:08:28	INFO	exportfits::ImageRegion::fromRecord+	    [0, 0, 0, 0] to [1023, 1151, 0, 70]  (12:18:58.409, +14.22.34.990, I, 8.85753e+10Hz to 12:18:40.805, +14.27.22.740, I, 8.83702e+10Hz)
2026-08-05 01:08:28	INFO	exportfits::ImageFitsConverter::ImageHeaderToFITS 	Truncating miscinfo field useweightimage to useweigh
2026-08-05 01:08:30	INFO	exportfits::::casa	Task exportfits complete. Start time: 2026-08-05 01:08:27.676881 End time: 2026-08-05 01:08:29.914604
2026-08-05 01:08:30	INFO	exportfits::::casa	##### End Task: exportfits           #####
2026-08-05 01:08:30	INFO	exportfits::::casa	##########################################
2026-08-05 01:08:30	INFO	exportfits::::casa	##########################################
2026-08-05 01:08:30	INFO	exportfits::::casa	##### Begin Task: exportfits         #####
2026-08-05 01:08:30	INFO	exportfits::::casa	exportfits( imagename='ngc4254_12m_hcop.residual', fitsimage='ngc4254_12m_hcop_residual.fits', velocity=True, optical=False, bitpix=-32, minpix=0, maxpix=-1, overwrite=True, dropstokes=True, stokeslast=True, history=True, dropdeg=True )
2026-08-05 01:08:30	INFO	exportfits::ImageFactory::toFITS	Applying mask of name 'mask0'
2026-08-05 01:08:30	INFO	exportfits::ImageRegion::fromRecord	Selected bounding box : 
2026-08-05 01:08:30	INFO	exportfits::ImageRegion::fromRecord+	    [0, 0, 0, 0] to [1023, 1151, 0, 70]  (12:18:58.409, +14.22.34.990, I, 8.85753e+10Hz to 12:18:40.805, +14.27.22.740, I, 8.83702e+10Hz)
2026-08-05 01:08:32	INFO	exportfits::::casa	Task exportfits complete. Start time: 2026-08-05 01:08:29.915935 End time: 2026-08-05 01:08:32.284849
2026-08-05 01:08:32	INFO	exportfits::::casa	##### End Task: exportfits           #####
2026-08-05 01:08:32	INFO	exportfits::::casa	##########################################
2026-08-05 01:08:32	INFO	exportfits::::casa	##########################################
2026-08-05 01:08:32	INFO	exportfits::::casa	##### Begin Task: exportfits         #####
2026-08-05 01:08:32	INFO	exportfits::::casa	exportfits( imagename='ngc4254_12m_hcop.mask', fitsimage='ngc4254_12m_hcop_mask.fits', velocity=True, optical=False, bitpix=-32, minpix=0, maxpix=-1, overwrite=True, dropstokes=True, stokeslast=True, history=True, dropdeg=True )
2026-08-05 01:08:32	INFO	exportfits::ImageRegion::fromRecord	Selected bounding box : 
2026-08-05 01:08:32	INFO	exportfits::ImageRegion::fromRecord+	    [0, 0, 0, 0] to [1023, 1151, 0, 70]  (00:12:53.846, +00.15.03.295, I, 8.85753e+10Hz to 00:12:53.549, +00.15.08.317, I, 8.83702e+10Hz)
2026-08-05 01:08:34	INFO	exportfits::::casa	Task exportfits complete. Start time: 2026-08-05 01:08:32.285949 End time: 2026-08-05 01:08:34.485941
2026-08-05 01:08:34	INFO	exportfits::::casa	##### End Task: exportfits           #####
2026-08-05 01:08:34	INFO	exportfits::::casa	##########################################
2026-08-05 01:08:34	INFO	exportfits::::casa	##########################################
2026-08-05 01:08:34	INFO	exportfits::::casa	##### Begin Task: exportfits         #####
2026-08-05 01:08:34	INFO	exportfits::::casa	exportfits( imagename='ngc4254_12m_hcop.pb', fitsimage='ngc4254_12m_hcop_pb.fits', velocity=True, optical=False, bitpix=-32, minpix=0, maxpix=-1, overwrite=True, dropstokes=True, stokeslast=True, history=True, dropdeg=True )
2026-08-05 01:08:35	INFO	exportfits::ImageFactory::toFITS	Applying mask of name 'mask0'
2026-08-05 01:08:35	INFO	exportfits::ImageRegion::fromRecord	Selected bounding box : 
2026-08-05 01:08:35	INFO	exportfits::ImageRegion::fromRecord+	    [0, 0, 0, 0] to [1023, 1151, 0, 70]  (12:18:58.409, +14.22.34.990, I, 8.85753e+10Hz to 12:18:40.805, +14.27.22.740, I, 8.83702e+10Hz)
2026-08-05 01:08:37	INFO	exportfits::::casa	Task exportfits complete. Start time: 2026-08-05 01:08:34.487740 End time: 2026-08-05 01:08:36.877025
2026-08-05 01:08:37	INFO	exportfits::::casa	##### End Task: exportfits           #####
2026-08-05 01:08:37	INFO	exportfits::::casa	##########################################
2026-08-05 01:08:37	INFO	exportfits::::casa	##########################################
2026-08-05 01:08:37	INFO	exportfits::::casa	##### Begin Task: exportfits         #####
2026-08-05 01:08:37	INFO	exportfits::::casa	exportfits( imagename='ngc4254_12m_hcop.psf', fitsimage='ngc4254_12m_hcop_psf.fits', velocity=True, optical=False, bitpix=-32, minpix=0, maxpix=-1, overwrite=True, dropstokes=True, stokeslast=True, history=True, dropdeg=True )
2026-08-05 01:08:37	INFO	exportfits::ImageRegion::fromRecord	Selected bounding box : 
2026-08-05 01:08:37	INFO	exportfits::ImageRegion::fromRecord+	    [0, 0, 0, 0] to [1023, 1151, 0, 70]  (12:18:58.409, +14.22.34.990, I, 8.85753e+10Hz to 12:18:40.805, +14.27.22.740, I, 8.83702e+10Hz)
2026-08-05 01:08:39	INFO	exportfits::::casa	Task exportfits complete. Start time: 2026-08-05 01:08:36.878428 End time: 2026-08-05 01:08:38.734929
2026-08-05 01:08:39	INFO	exportfits::::casa	##### End Task: exportfits           #####
2026-08-05 01:08:39	INFO	exportfits::::casa	##########################################
2026-08-05 01:08:39	INFO	exportfits::::casa	##########################################
2026-08-05 01:08:39	INFO	exportfits::::casa	##### Begin Task: exportfits         #####
2026-08-05 01:08:39	INFO	exportfits::::casa	exportfits( imagename='ngc4254_12m_hcop.weight', fitsimage='ngc4254_12m_hcop_weight.fits', velocity=True, optical=False, bitpix=-32, minpix=0, maxpix=-1, overwrite=True, dropstokes=True, stokeslast=True, history=True, dropdeg=True )
2026-08-05 01:08:39	INFO	exportfits::ImageRegion::fromRecord	Selected bounding box : 
2026-08-05 01:08:39	INFO	exportfits::ImageRegion::fromRecord+	    [0, 0, 0, 0] to [1023, 1151, 0, 70]  (12:18:58.409, +14.22.34.990, I, 8.85753e+10Hz to 12:18:40.805, +14.27.22.740, I, 8.83702e+10Hz)
2026-08-05 01:08:41	INFO	exportfits::::casa	Task exportfits complete. Start time: 2026-08-05 01:08:38.736308 End time: 2026-08-05 01:08:40.509383
2026-08-05 01:08:41	INFO	exportfits::::casa	##### End Task: exportfits           #####
2026-08-05 01:08:41	INFO	exportfits::::casa	##########################################
2026-08-05 01:08:41	INFO	imhead::::casa	##########################################
2026-08-05 01:08:41	INFO	imhead::::casa	##### Begin Task: imhead             #####
2026-08-05 01:08:41	INFO	imhead::::casa	imhead( imagename='/nfs/home/lneumann/reduction/alma_data_reduction/imaging/ngc4254/products/imaging/ngc4254/ngc4254_12m_hcop.image', mode='summary', hdkey='', hdvalue='', verbose=False )
2026-08-05 01:08:41	INFO	ImageMetaData::summary	
2026-08-05 01:08:41	INFO	ImageMetaData::summary+	Image name       : ngc4254_12m_hcop.image
2026-08-05 01:08:41	INFO	ImageMetaData::summary+	Object name      : M99
2026-08-05 01:08:41	INFO	ImageMetaData::summary+	Image type       : PagedImage
2026-08-05 01:08:41	INFO	ImageMetaData::summary+	Image quantity   : Intensity
2026-08-05 01:08:41	INFO	ImageMetaData::summary+	Pixel mask(s)    : mask0
2026-08-05 01:08:41	INFO	ImageMetaData::summary+	Region(s)        : None
2026-08-05 01:08:41	INFO	ImageMetaData::summary+	Image units      : Jy/beam
2026-08-05 01:08:41	INFO	ImageMetaData::summary+	Restoring Beam   : 1.48726 arcsec, 1.17666 arcsec, -49.408 deg
2026-08-05 01:08:41	INFO	ImageMetaData::summary	
2026-08-05 01:08:41	INFO	ImageMetaData::summary+	Direction reference : J2000
2026-08-05 01:08:41	INFO	ImageMetaData::summary+	Spectral  reference : LSRK
2026-08-05 01:08:41	INFO	ImageMetaData::summary+	Velocity  type      : RADIO
2026-08-05 01:08:41	INFO	ImageMetaData::summary+	Rest frequency      : 8.91885e+10 Hz
2026-08-05 01:08:41	INFO	ImageMetaData::summary+	Pointing center     :  12:18:49.600000  +14.24.59.000000
2026-08-05 01:08:41	INFO	ImageMetaData::summary+	Telescope           : ALMA
2026-08-05 01:08:41	INFO	ImageMetaData::summary+	Observer            : lneumann
2026-08-05 01:08:41	INFO	ImageMetaData::summary+	Date observation    : 2025/02/02/08:41:48.095999
2026-08-05 01:08:41	INFO	ImageMetaData::summary+	Telescope position: [2.22514e+06m, -5.44031e+06m, -2.48103e+06m] (ITRF)
2026-08-05 01:08:41	INFO	ImageMetaData::summary+	
2026-08-05 01:08:41	INFO	ImageMetaData::summary+	Axis Coord Type      Name             Proj Shape Tile   Coord value at pixel       Coord incr Units
2026-08-05 01:08:41	INFO	ImageMetaData::summary+	--------------------------------------------------------------------------------------------------- 
2026-08-05 01:08:41	INFO	ImageMetaData::summary+	0    0     Direction Right Ascension   SIN  1024   64  12:18:49.600   512.00    -2.500000e-01 arcsec
2026-08-05 01:08:41	INFO	ImageMetaData::summary+	1    0     Direction Declination       SIN  1152   96 +14.24.59.000   576.00     2.500000e-01 arcsec
2026-08-05 01:08:41	INFO	ImageMetaData::summary+	2    1     Stokes    Stokes                    1    1             I
2026-08-05 01:08:41	INFO	ImageMetaData::summary+	3    2     Spectral  Frequency                71    6   8.85753e+10     0.00 -2.930566403e+06 Hz
2026-08-05 01:08:41	INFO	ImageMetaData::summary+	                     Velocity                                2061.1     0.00     9.850614e+00 km/s
2026-08-05 01:08:41	INFO	imhead::::casa	Task imhead complete. Start time: 2026-08-05 01:08:40.525191 End time: 2026-08-05 01:08:40.546299
2026-08-05 01:08:41	INFO	imhead::::casa	##### End Task: imhead               #####
2026-08-05 01:08:41	INFO	imhead::::casa	##########################################
2026-08-05 01:08:43	INFO	imsubimage::::casa	##########################################
2026-08-05 01:08:43	INFO	imsubimage::::casa	##### Begin Task: imsubimage         #####
2026-08-05 01:08:43	INFO	imsubimage::::casa	imsubimage( imagename='/nfs/home/lneumann/reduction/alma_data_reduction/imaging/ngc4254/products/postprocess/ngc4254/ngc4254_12m_hcop.image.temp', outfile='/nfs/home/lneumann/reduction/alma_data_reduction/imaging/ngc4254/products/postprocess/ngc4254/ngc4254_12m_hcop.image', box='128,189,884,995', region='', chans='0~70', stokes='', mask='', dropdeg=False, overwrite=False, verbose=True, stretch=False, keepaxes=[] )
2026-08-05 01:08:43	INFO	imsubimage::CasacRegionManager::fromBCS	Using specified box(es) 128,189,884,995
2026-08-05 01:08:43	INFO	imsubimage::ImageRegion::fromRecord	Selected bounding box : 
2026-08-05 01:08:43	INFO	imsubimage::ImageRegion::fromRecord+	    [128, 189, 0, 0] to [884, 995, 0, 70]  (12:18:56.207, +14.23.22.244, I, 8.85753e+10Hz to 12:18:43.198, +14.26.43.745, I, 8.83702e+10Hz)
2026-08-05 01:08:43	INFO	imsubimage::ImageRegion::fromRecord	Creating image '/nfs/home/lneumann/reduction/alma_data_reduction/imaging/ngc4254/products/postprocess/ngc4254/ngc4254_12m_hcop.image' of shape [757, 807, 1, 71]
2026-08-05 01:08:43	INFO	imsubimage::ImageMaskAttacher::makeMask	Created mask `mask0'
2026-08-05 01:08:43	INFO	imsubimage::::casa	Task imsubimage complete. Start time: 2026-08-05 01:08:42.839210 End time: 2026-08-05 01:08:43.422608
2026-08-05 01:08:43	INFO	imsubimage::::casa	##### End Task: imsubimage           #####
2026-08-05 01:08:43	INFO	imsubimage::::casa	##########################################
2026-08-05 01:08:43	INFO	imhead::::casa	##########################################
2026-08-05 01:08:43	INFO	imhead::::casa	##### Begin Task: imhead             #####
2026-08-05 01:08:43	INFO	imhead::::casa	imhead( imagename='/nfs/home/lneumann/reduction/alma_data_reduction/imaging/ngc4254/products/imaging/ngc4254/ngc4254_12m_hcop.pb', mode='summary', hdkey='', hdvalue='', verbose=False )
2026-08-05 01:08:44	INFO	ImageMetaData::summary	
2026-08-05 01:08:44	INFO	ImageMetaData::summary+	Image name       : ngc4254_12m_hcop.pb
2026-08-05 01:08:44	INFO	ImageMetaData::summary+	Object name      : M99
2026-08-05 01:08:44	INFO	ImageMetaData::summary+	Image type       : PagedImage
2026-08-05 01:08:44	INFO	ImageMetaData::summary+	Image quantity   : Intensity
2026-08-05 01:08:44	INFO	ImageMetaData::summary+	Pixel mask(s)    : mask0
2026-08-05 01:08:44	INFO	ImageMetaData::summary+	Region(s)        : None
2026-08-05 01:08:44	INFO	ImageMetaData::summary	
2026-08-05 01:08:44	INFO	ImageMetaData::summary+	Direction reference : J2000
2026-08-05 01:08:44	INFO	ImageMetaData::summary+	Spectral  reference : LSRK
2026-08-05 01:08:44	INFO	ImageMetaData::summary+	Velocity  type      : RADIO
2026-08-05 01:08:44	INFO	ImageMetaData::summary+	Rest frequency      : 8.91885e+10 Hz
2026-08-05 01:08:44	INFO	ImageMetaData::summary+	Pointing center     :  12:18:49.600000  +14.24.59.000000
2026-08-05 01:08:44	INFO	ImageMetaData::summary+	Telescope           : ALMA
2026-08-05 01:08:44	INFO	ImageMetaData::summary+	Observer            : lneumann
2026-08-05 01:08:44	INFO	ImageMetaData::summary+	Date observation    : 2025/02/02/08:41:48.095999
2026-08-05 01:08:44	INFO	ImageMetaData::summary+	Telescope position: [2.22514e+06m, -5.44031e+06m, -2.48103e+06m] (ITRF)
2026-08-05 01:08:44	INFO	ImageMetaData::summary+	
2026-08-05 01:08:44	INFO	ImageMetaData::summary+	Axis Coord Type      Name             Proj Shape Tile   Coord value at pixel       Coord incr Units
2026-08-05 01:08:44	INFO	ImageMetaData::summary+	--------------------------------------------------------------------------------------------------- 
2026-08-05 01:08:44	INFO	ImageMetaData::summary+	0    0     Direction Right Ascension   SIN  1024   64  12:18:49.600   512.00    -2.500000e-01 arcsec
2026-08-05 01:08:44	INFO	ImageMetaData::summary+	1    0     Direction Declination       SIN  1152   96 +14.24.59.000   576.00     2.500000e-01 arcsec
2026-08-05 01:08:44	INFO	ImageMetaData::summary+	2    1     Stokes    Stokes                    1    1             I
2026-08-05 01:08:44	INFO	ImageMetaData::summary+	3    2     Spectral  Frequency                71    6   8.85753e+10     0.00 -2.930566403e+06 Hz
2026-08-05 01:08:44	INFO	ImageMetaData::summary+	                     Velocity                                2061.1     0.00     9.850614e+00 km/s
2026-08-05 01:08:44	INFO	imhead::::casa	Task imhead complete. Start time: 2026-08-05 01:08:43.479972 End time: 2026-08-05 01:08:43.503604
2026-08-05 01:08:44	INFO	imhead::::casa	##### End Task: imhead               #####
2026-08-05 01:08:44	INFO	imhead::::casa	##########################################
2026-08-05 01:08:46	INFO	imsubimage::::casa	##########################################
2026-08-05 01:08:46	INFO	imsubimage::::casa	##### Begin Task: imsubimage         #####
2026-08-05 01:08:46	INFO	imsubimage::::casa	imsubimage( imagename='/nfs/home/lneumann/reduction/alma_data_reduction/imaging/ngc4254/products/postprocess/ngc4254/ngc4254_12m_hcop.pb.temp', outfile='/nfs/home/lneumann/reduction/alma_data_reduction/imaging/ngc4254/products/postprocess/ngc4254/ngc4254_12m_hcop.pb', box='128,189,884,995', region='', chans='0~70', stokes='', mask='', dropdeg=False, overwrite=False, verbose=True, stretch=False, keepaxes=[] )
2026-08-05 01:08:46	INFO	imsubimage::CasacRegionManager::fromBCS	Using specified box(es) 128,189,884,995
2026-08-05 01:08:46	INFO	imsubimage::ImageRegion::fromRecord	Selected bounding box : 
2026-08-05 01:08:46	INFO	imsubimage::ImageRegion::fromRecord+	    [128, 189, 0, 0] to [884, 995, 0, 70]  (12:18:56.207, +14.23.22.244, I, 8.85753e+10Hz to 12:18:43.198, +14.26.43.745, I, 8.83702e+10Hz)
2026-08-05 01:08:46	INFO	imsubimage::ImageRegion::fromRecord	Creating image '/nfs/home/lneumann/reduction/alma_data_reduction/imaging/ngc4254/products/postprocess/ngc4254/ngc4254_12m_hcop.pb' of shape [757, 807, 1, 71]
2026-08-05 01:08:46	INFO	imsubimage::ImageMaskAttacher::makeMask	Created mask `mask0'
2026-08-05 01:08:47	INFO	imsubimage::::casa	Task imsubimage complete. Start time: 2026-08-05 01:08:45.853762 End time: 2026-08-05 01:08:46.500507
2026-08-05 01:08:47	INFO	imsubimage::::casa	##### End Task: imsubimage           #####
2026-08-05 01:08:47	INFO	imsubimage::::casa	##########################################
2026-08-05 01:08:47	INFO	impbcor::::casa	##########################################
2026-08-05 01:08:47	INFO	impbcor::::casa	##### Begin Task: impbcor            #####
2026-08-05 01:08:47	INFO	impbcor::::casa	impbcor( imagename='/nfs/home/lneumann/reduction/alma_data_reduction/imaging/ngc4254/products/postprocess/ngc4254/ngc4254_12m_hcop.image', pbimage='/nfs/home/lneumann/reduction/alma_data_reduction/imaging/ngc4254/products/postprocess/ngc4254/ngc4254_12m_hcop.pb', outfile='/nfs/home/lneumann/reduction/alma_data_reduction/imaging/ngc4254/products/postprocess/ngc4254/ngc4254_12m_hcop_pbcorr.image', overwrite=False, box='', region='', chans='', stokes='', mask='', mode='divide', cutoff=0.2, stretch=False )
2026-08-05 01:08:47	INFO	impbcor::CasacRegionManager::fromBCS	No directional region specified. Using full positional plane.
2026-08-05 01:08:47	INFO	impbcor::CasacRegionManager::fromBCS	Using all spectral channels.
2026-08-05 01:08:47	INFO	impbcor::CasacRegionManager::fromBCS	Using polarizations ALL
2026-08-05 01:08:47	INFO	impbcor::ImageRegion::fromRecord	Selected bounding box : 
2026-08-05 01:08:47	INFO	impbcor::ImageRegion::fromRecord+	    [0, 0, 0, 0] to [756, 806, 0, 70]  (12:18:56.207, +14.23.22.244, I, 8.85753e+10Hz to 12:18:43.198, +14.26.43.745, I, 8.83702e+10Hz)
2026-08-05 01:08:47	INFO	impbcor::ImageRegion::fromRecord	Selected bounding box : 
2026-08-05 01:08:47	INFO	impbcor::ImageRegion::fromRecord+	    [0, 0, 0, 0] to [756, 806, 0, 70]  (12:18:56.207, +14.23.22.244, I, 8.85753e+10Hz to 12:18:43.198, +14.26.43.745, I, 8.83702e+10Hz)
2026-08-05 01:08:47	INFO	impbcor::SubImageFactory::createImage	Creating image '/nfs/home/lneumann/reduction/alma_data_reduction/imaging/ngc4254/products/postprocess/ngc4254/ngc4254_12m_hcop_pbcorr.image' of shape [757, 807, 1, 71]
2026-08-05 01:08:47	INFO	impbcor::ImageMaskAttacher::makeMask	Created mask `mask0'
2026-08-05 01:08:48	INFO	impbcor::::casa	Task impbcor complete. Start time: 2026-08-05 01:08:46.552988 End time: 2026-08-05 01:08:48.322632
2026-08-05 01:08:48	INFO	impbcor::::casa	##### End Task: impbcor              #####
2026-08-05 01:08:48	INFO	impbcor::::casa	##########################################
2026-08-05 01:08:48	INFO	imhead::::casa	##########################################
2026-08-05 01:08:48	INFO	imhead::::casa	##### Begin Task: imhead             #####
2026-08-05 01:08:48	INFO	imhead::::casa	imhead( imagename='/nfs/home/lneumann/reduction/alma_data_reduction/imaging/ngc4254/products/postprocess/ngc4254/ngc4254_12m_hcop_pbcorr.image', mode='summary', hdkey='', hdvalue='', verbose=False )
2026-08-05 01:08:48	INFO	ImageMetaData::summary	
2026-08-05 01:08:48	INFO	ImageMetaData::summary+	Image name       : ngc4254_12m_hcop_pbcorr.image
2026-08-05 01:08:48	INFO	ImageMetaData::summary+	Object name      : M99
2026-08-05 01:08:48	INFO	ImageMetaData::summary+	Image type       : PagedImage
2026-08-05 01:08:48	INFO	ImageMetaData::summary+	Image quantity   : Intensity
2026-08-05 01:08:48	INFO	ImageMetaData::summary+	Pixel mask(s)    : mask0
2026-08-05 01:08:48	INFO	ImageMetaData::summary+	Region(s)        : None
2026-08-05 01:08:48	INFO	ImageMetaData::summary+	Image units      : Jy/beam
2026-08-05 01:08:48	INFO	ImageMetaData::summary+	Restoring Beam   : 1.48726 arcsec, 1.17666 arcsec, -49.408 deg
2026-08-05 01:08:48	INFO	ImageMetaData::summary	
2026-08-05 01:08:48	INFO	ImageMetaData::summary+	Direction reference : J2000
2026-08-05 01:08:48	INFO	ImageMetaData::summary+	Spectral  reference : LSRK
2026-08-05 01:08:48	INFO	ImageMetaData::summary+	Velocity  type      : RADIO
2026-08-05 01:08:48	INFO	ImageMetaData::summary+	Rest frequency      : 8.91885e+10 Hz
2026-08-05 01:08:48	INFO	ImageMetaData::summary+	Pointing center     :  12:18:49.600000  +14.24.59.000000
2026-08-05 01:08:48	INFO	ImageMetaData::summary+	Telescope           : ALMA
2026-08-05 01:08:48	INFO	ImageMetaData::summary+	Observer            : lneumann
2026-08-05 01:08:48	INFO	ImageMetaData::summary+	Date observation    : 2025/02/02/08:41:48.095999
2026-08-05 01:08:48	INFO	ImageMetaData::summary+	Telescope position: [2.22514e+06m, -5.44031e+06m, -2.48103e+06m] (ITRF)
2026-08-05 01:08:48	INFO	ImageMetaData::summary+	
2026-08-05 01:08:48	INFO	ImageMetaData::summary+	Axis Coord Type      Name             Proj Shape Tile   Coord value at pixel       Coord incr Units
2026-08-05 01:08:48	INFO	ImageMetaData::summary+	--------------------------------------------------------------------------------------------------- 
2026-08-05 01:08:48	INFO	ImageMetaData::summary+	0    0     Direction Right Ascension   SIN   757   69  12:18:49.600   384.00    -2.500000e-01 arcsec
2026-08-05 01:08:48	INFO	ImageMetaData::summary+	1    0     Direction Declination       SIN   807   74 +14.24.59.000   387.00     2.500000e-01 arcsec
2026-08-05 01:08:48	INFO	ImageMetaData::summary+	2    1     Stokes    Stokes                    1    1             I
2026-08-05 01:08:48	INFO	ImageMetaData::summary+	3    2     Spectral  Frequency                71    6   8.85753e+10     0.00 -2.930566403e+06 Hz
2026-08-05 01:08:48	INFO	ImageMetaData::summary+	                     Velocity                                2061.1     0.00     9.850614e+00 km/s
2026-08-05 01:08:48	INFO	imhead::::casa	Task imhead complete. Start time: 2026-08-05 01:08:48.324851 End time: 2026-08-05 01:08:48.357294
2026-08-05 01:08:48	INFO	imhead::::casa	##### End Task: imhead               #####
2026-08-05 01:08:48	INFO	imhead::::casa	##########################################
2026-08-05 01:08:48	INFO	imsmooth::::casa	##########################################
2026-08-05 01:08:48	INFO	imsmooth::::casa	##### Begin Task: imsmooth           #####
2026-08-05 01:08:48	INFO	imsmooth::::casa	imsmooth( imagename='/nfs/home/lneumann/reduction/alma_data_reduction/imaging/ngc4254/products/postprocess/ngc4254/ngc4254_12m_hcop_pbcorr.image', kernel='gauss', major='1.5690614415423385arcsec', minor='1.5690614415423385arcsec', pa='0.0deg', targetres=True, kimage='', scale=-1.0, region='', box='', chans='', stokes='', mask='', outfile='/nfs/home/lneumann/reduction/alma_data_reduction/imaging/ngc4254/products/postprocess/ngc4254/ngc4254_12m_hcop_pbcorr_round.image', stretch=False, overwrite=True, beam='' )
2026-08-05 01:08:49	INFO	imsmooth::CasacRegionManager::fromBCS	No directional region specified. Using full positional plane.
2026-08-05 01:08:49	INFO	imsmooth::CasacRegionManager::fromBCS	Using all spectral channels.
2026-08-05 01:08:49	INFO	imsmooth::CasacRegionManager::fromBCS	Using polarizations ALL
2026-08-05 01:08:49	INFO	imsmooth::Image2DConvolver<T>::_doSingleBeam	Convolving image that has a beam of major: 1.48726 arcsec, minor: 1.17666 arcsec, pa: -0.862333 rad with a Gaussian of major: 1.03799 arcsec, minor: 0.5 arcsec, pa: 40.592 deg to reach a target resolution of major: 1.56906 arcsec, minor: 1.56906 arcsec, pa: 0 deg
2026-08-05 01:08:49	INFO	imsmooth::Image2DConvolver::_dealWithRestoringBeam	You are convolving the sky
2026-08-05 01:08:49	INFO	imsmooth::Image2DConvolver::_dealWithRestoringBeam	Scaling pixel values by inverse of area of convolution kernel in pixels (0.0224045) times the ratio of the beam areas (1.40683) = 0.149518
2026-08-05 01:08:50	INFO	imsmooth::Image2DConvolver::_dealWithRestoringBeam	Created mask `mask0'
2026-08-05 01:10:44	INFO	imsmooth::Image2DConvolver::_dealWithRestoringBeam	Original /nfs/home/lneumann/reduction/alma_data_reduction/imaging/ngc4254/products/postprocess/ngc4254/ngc4254_12m_hcop_pbcorr.image resolution major: 1.48726 arcsec, minor: 1.17666 arcsec, pa: -0.862333 rad
2026-08-05 01:10:44	INFO	imsmooth::Image2DConvolver::_dealWithRestoringBeam	Output /nfs/home/lneumann/reduction/alma_data_reduction/imaging/ngc4254/products/postprocess/ngc4254/ngc4254_12m_hcop_pbcorr_round.image resolution major: 1.56906 arcsec, minor: 1.56906 arcsec, pa: 0 deg
2026-08-05 01:10:44	INFO	imsmooth::SubImageFactory::createImage	Creating image '/nfs/home/lneumann/reduction/alma_data_reduction/imaging/ngc4254/products/postprocess/ngc4254/ngc4254_12m_hcop_pbcorr_round.image' of shape [757, 807, 1, 71]
2026-08-05 01:10:44	INFO	imsmooth::ImageMaskAttacher::makeMask	Created mask `mask0'
2026-08-05 01:10:44	INFO	imsmooth::::casa	Task imsmooth complete. Start time: 2026-08-05 01:08:48.379273 End time: 2026-08-05 01:10:44.319947
2026-08-05 01:10:44	INFO	imsmooth::::casa	##### End Task: imsmooth             #####
2026-08-05 01:10:44	INFO	imsmooth::::casa	##########################################
2026-08-05 01:10:46	INFO	imhead::::casa	##########################################
2026-08-05 01:10:46	INFO	imhead::::casa	##### Begin Task: imhead             #####
2026-08-05 01:10:46	INFO	imhead::::casa	imhead( imagename='/nfs/home/lneumann/reduction/alma_data_reduction/imaging/ngc4254/products/postprocess/ngc4254/ngc4254_12m_hcop_pbcorr_round.image', mode='summary', hdkey='', hdvalue='', verbose=False )
2026-08-05 01:10:46	INFO	ImageMetaData::summary	
2026-08-05 01:10:46	INFO	ImageMetaData::summary+	Image name       : ngc4254_12m_hcop_pbcorr_round.image
2026-08-05 01:10:46	INFO	ImageMetaData::summary+	Object name      : 
2026-08-05 01:10:46	INFO	ImageMetaData::summary+	Image type       : PagedImage
2026-08-05 01:10:46	INFO	ImageMetaData::summary+	Image quantity   : Intensity
2026-08-05 01:10:46	INFO	ImageMetaData::summary+	Pixel mask(s)    : mask0
2026-08-05 01:10:46	INFO	ImageMetaData::summary+	Region(s)        : None
2026-08-05 01:10:46	INFO	ImageMetaData::summary+	Image units      : Jy/beam
2026-08-05 01:10:46	INFO	ImageMetaData::summary+	Restoring Beam   : 1.56906 arcsec, 1.56906 arcsec, 0 deg
2026-08-05 01:10:46	INFO	ImageMetaData::summary	
2026-08-05 01:10:46	INFO	ImageMetaData::summary+	Direction reference : J2000
2026-08-05 01:10:46	INFO	ImageMetaData::summary+	Spectral  reference : LSRK
2026-08-05 01:10:46	INFO	ImageMetaData::summary+	Velocity  type      : RADIO
2026-08-05 01:10:46	INFO	ImageMetaData::summary+	Rest frequency      : 8.91885e+10 Hz
2026-08-05 01:10:46	INFO	ImageMetaData::summary+	Pointing center     :  12:18:49.600000  +14.24.59.000000
2026-08-05 01:10:46	INFO	ImageMetaData::summary+	Telescope           : ALMA
2026-08-05 01:10:46	INFO	ImageMetaData::summary+	Observer            : lneumann
2026-08-05 01:10:46	INFO	ImageMetaData::summary+	Date observation    : 2025/02/02/08:41:48.095999
2026-08-05 01:10:46	INFO	ImageMetaData::summary+	Telescope position: [2.22514e+06m, -5.44031e+06m, -2.48103e+06m] (ITRF)
2026-08-05 01:10:46	INFO	ImageMetaData::summary+	
2026-08-05 01:10:46	INFO	ImageMetaData::summary+	Axis Coord Type      Name             Proj Shape Tile   Coord value at pixel       Coord incr Units
2026-08-05 01:10:46	INFO	ImageMetaData::summary+	--------------------------------------------------------------------------------------------------- 
2026-08-05 01:10:46	INFO	ImageMetaData::summary+	0    0     Direction Right Ascension   SIN   757   69  12:18:49.600   384.00    -2.500000e-01 arcsec
2026-08-05 01:10:46	INFO	ImageMetaData::summary+	1    0     Direction Declination       SIN   807   74 +14.24.59.000   387.00     2.500000e-01 arcsec
2026-08-05 01:10:46	INFO	ImageMetaData::summary+	2    1     Stokes    Stokes                    1    1             I
2026-08-05 01:10:46	INFO	ImageMetaData::summary+	3    2     Spectral  Frequency                71    6   8.85753e+10     0.00 -2.930566403e+06 Hz
2026-08-05 01:10:46	INFO	ImageMetaData::summary+	                     Velocity                                2061.1     0.00     9.850614e+00 km/s
2026-08-05 01:10:46	INFO	imhead::::casa	Task imhead complete. Start time: 2026-08-05 01:10:46.128552 End time: 2026-08-05 01:10:46.156358
2026-08-05 01:10:46	INFO	imhead::::casa	##### End Task: imhead               #####
2026-08-05 01:10:46	INFO	imhead::::casa	##########################################
2026-08-05 01:10:46	INFO	imrebin::::casa	##########################################
2026-08-05 01:10:46	INFO	imrebin::::casa	##### Begin Task: imrebin            #####
2026-08-05 01:10:46	INFO	imrebin::::casa	imrebin( imagename='/nfs/home/lneumann/reduction/alma_data_reduction/imaging/ngc4254/products/postprocess/ngc4254/ngc4254_12m_hcop_pbcorr_round.image', outfile='/nfs/home/lneumann/reduction/alma_data_reduction/imaging/ngc4254/products/postprocess/ngc4254/ngc4254_12m_hcop_pbcorr_trimmed.image.temp', factor=[2, 2, 1], region='', box='', chans='', stokes='', mask='', dropdeg=False, overwrite=True, stretch=False, crop=True )
2026-08-05 01:10:46	INFO	imrebin::CasacRegionManager::fromBCS	No directional region specified. Using full positional plane.
2026-08-05 01:10:46	INFO	imrebin::CasacRegionManager::fromBCS	Using all spectral channels.
2026-08-05 01:10:46	INFO	imrebin::CasacRegionManager::fromBCS	Using polarizations ALL
2026-08-05 01:10:46	INFO	imrebin::ImageRebinner::setFactors	Not all rebinning factors were specified, filling in those not specified with factors of 1, so will rebin according to factor=[2, 2, 1, 1]
2026-08-05 01:10:46	INFO	imrebin::SubImageFactory::createImage	Creating image '/nfs/home/lneumann/reduction/alma_data_reduction/imaging/ngc4254/products/postprocess/ngc4254/ngc4254_12m_hcop_pbcorr_trimmed.image.temp' of shape [378, 403, 1, 71]
2026-08-05 01:10:55	INFO	imrebin::ImageMaskAttacher::makeMask	Created mask `mask0'
2026-08-05 01:11:04	INFO	imrebin::::casa	Task imrebin complete. Start time: 2026-08-05 01:10:46.160911 End time: 2026-08-05 01:11:04.089177
2026-08-05 01:11:04	INFO	imrebin::::casa	##### End Task: imrebin              #####
2026-08-05 01:11:04	INFO	imrebin::::casa	##########################################
2026-08-05 01:11:04	INFO	imsubimage::::casa	##########################################
2026-08-05 01:11:04	INFO	imsubimage::::casa	##### Begin Task: imsubimage         #####
2026-08-05 01:11:04	INFO	imsubimage::::casa	imsubimage( imagename='/nfs/home/lneumann/reduction/alma_data_reduction/imaging/ngc4254/products/postprocess/ngc4254/ngc4254_12m_hcop_pbcorr_trimmed.image.temp', outfile='/nfs/home/lneumann/reduction/alma_data_reduction/imaging/ngc4254/products/postprocess/ngc4254/ngc4254_12m_hcop_pbcorr_trimmed.image', box='0,0,377,402', region='', chans='0~70', stokes='', mask='', dropdeg=False, overwrite=False, verbose=True, stretch=False, keepaxes=[] )
2026-08-05 01:11:04	INFO	imsubimage::CasacRegionManager::fromBCS	Using specified box(es) 0,0,377,402
2026-08-05 01:11:04	INFO	imsubimage::ImageRegion::fromRecord	Selected bounding box : 
2026-08-05 01:11:04	INFO	imsubimage::ImageRegion::fromRecord+	    [0, 0, 0, 0] to [377, 402, 0, 70]  (12:18:56.199, +14.23.22.369, I, 8.85753e+10Hz to 12:18:43.223, +14.26.43.370, I, 8.83702e+10Hz)
2026-08-05 01:11:04	INFO	imsubimage::ImageRegion::fromRecord	Creating image '/nfs/home/lneumann/reduction/alma_data_reduction/imaging/ngc4254/products/postprocess/ngc4254/ngc4254_12m_hcop_pbcorr_trimmed.image' of shape [378, 403, 1, 71]
2026-08-05 01:11:04	INFO	imsubimage::ImageMaskAttacher::makeMask	Created mask `mask0'
2026-08-05 01:11:04	INFO	imsubimage::::casa	Task imsubimage complete. Start time: 2026-08-05 01:11:04.204143 End time: 2026-08-05 01:11:04.440658
2026-08-05 01:11:04	INFO	imsubimage::::casa	##### End Task: imsubimage           #####
2026-08-05 01:11:04	INFO	imsubimage::::casa	##########################################
2026-08-05 01:11:04	INFO	imhead::::casa	##########################################
2026-08-05 01:11:04	INFO	imhead::::casa	##### Begin Task: imhead             #####
2026-08-05 01:11:04	INFO	imhead::::casa	imhead( imagename='/nfs/home/lneumann/reduction/alma_data_reduction/imaging/ngc4254/products/postprocess/ngc4254/ngc4254_12m_hcop.pb', mode='summary', hdkey='', hdvalue='', verbose=False )
2026-08-05 01:11:04	INFO	ImageMetaData::summary	
2026-08-05 01:11:04	INFO	ImageMetaData::summary+	Image name       : ngc4254_12m_hcop.pb
2026-08-05 01:11:04	INFO	ImageMetaData::summary+	Object name      : M99
2026-08-05 01:11:04	INFO	ImageMetaData::summary+	Image type       : PagedImage
2026-08-05 01:11:04	INFO	ImageMetaData::summary+	Image quantity   : Intensity
2026-08-05 01:11:04	INFO	ImageMetaData::summary+	Pixel mask(s)    : mask0
2026-08-05 01:11:04	INFO	ImageMetaData::summary+	Region(s)        : None
2026-08-05 01:11:04	INFO	ImageMetaData::summary	
2026-08-05 01:11:04	INFO	ImageMetaData::summary+	Direction reference : J2000
2026-08-05 01:11:04	INFO	ImageMetaData::summary+	Spectral  reference : LSRK
2026-08-05 01:11:04	INFO	ImageMetaData::summary+	Velocity  type      : RADIO
2026-08-05 01:11:04	INFO	ImageMetaData::summary+	Rest frequency      : 8.91885e+10 Hz
2026-08-05 01:11:04	INFO	ImageMetaData::summary+	Pointing center     :  12:18:49.600000  +14.24.59.000000
2026-08-05 01:11:04	INFO	ImageMetaData::summary+	Telescope           : ALMA
2026-08-05 01:11:04	INFO	ImageMetaData::summary+	Observer            : lneumann
2026-08-05 01:11:04	INFO	ImageMetaData::summary+	Date observation    : 2025/02/02/08:41:48.095999
2026-08-05 01:11:04	INFO	ImageMetaData::summary+	Telescope position: [2.22514e+06m, -5.44031e+06m, -2.48103e+06m] (ITRF)
2026-08-05 01:11:04	INFO	ImageMetaData::summary+	
2026-08-05 01:11:04	INFO	ImageMetaData::summary+	Axis Coord Type      Name             Proj Shape Tile   Coord value at pixel       Coord incr Units
2026-08-05 01:11:04	INFO	ImageMetaData::summary+	--------------------------------------------------------------------------------------------------- 
2026-08-05 01:11:04	INFO	ImageMetaData::summary+	0    0     Direction Right Ascension   SIN   757   69  12:18:49.600   384.00    -2.500000e-01 arcsec
2026-08-05 01:11:04	INFO	ImageMetaData::summary+	1    0     Direction Declination       SIN   807   74 +14.24.59.000   387.00     2.500000e-01 arcsec
2026-08-05 01:11:04	INFO	ImageMetaData::summary+	2    1     Stokes    Stokes                    1    1             I
2026-08-05 01:11:04	INFO	ImageMetaData::summary+	3    2     Spectral  Frequency                71    6   8.85753e+10     0.00 -2.930566403e+06 Hz
2026-08-05 01:11:04	INFO	ImageMetaData::summary+	                     Velocity                                2061.1     0.00     9.850614e+00 km/s
2026-08-05 01:11:04	INFO	imhead::::casa	Task imhead complete. Start time: 2026-08-05 01:11:04.465011 End time: 2026-08-05 01:11:04.490820
2026-08-05 01:11:04	INFO	imhead::::casa	##### End Task: imhead               #####
2026-08-05 01:11:04	INFO	imhead::::casa	##########################################
2026-08-05 01:11:04	INFO	imhead::::casa	##########################################
2026-08-05 01:11:04	INFO	imhead::::casa	##### Begin Task: imhead             #####
2026-08-05 01:11:04	INFO	imhead::::casa	imhead( imagename='/nfs/home/lneumann/reduction/alma_data_reduction/imaging/ngc4254/products/postprocess/ngc4254/ngc4254_12m_hcop_pbcorr_trimmed.image', mode='summary', hdkey='', hdvalue='', verbose=False )
2026-08-05 01:11:05	INFO	ImageMetaData::summary	
2026-08-05 01:11:05	INFO	ImageMetaData::summary+	Image name       : ngc4254_12m_hcop_pbcorr_trimmed.image
2026-08-05 01:11:05	INFO	ImageMetaData::summary+	Object name      : 
2026-08-05 01:11:05	INFO	ImageMetaData::summary+	Image type       : PagedImage
2026-08-05 01:11:05	INFO	ImageMetaData::summary+	Image quantity   : Intensity
2026-08-05 01:11:05	INFO	ImageMetaData::summary+	Pixel mask(s)    : mask0
2026-08-05 01:11:05	INFO	ImageMetaData::summary+	Region(s)        : None
2026-08-05 01:11:05	INFO	ImageMetaData::summary+	Image units      : Jy/beam
2026-08-05 01:11:05	INFO	ImageMetaData::summary+	Restoring Beam   : 1.56906 arcsec, 1.56906 arcsec, 0 deg
2026-08-05 01:11:05	INFO	ImageMetaData::summary	
2026-08-05 01:11:05	INFO	ImageMetaData::summary+	Direction reference : J2000
2026-08-05 01:11:05	INFO	ImageMetaData::summary+	Spectral  reference : LSRK
2026-08-05 01:11:05	INFO	ImageMetaData::summary+	Velocity  type      : RADIO
2026-08-05 01:11:05	INFO	ImageMetaData::summary+	Rest frequency      : 8.91885e+10 Hz
2026-08-05 01:11:05	INFO	ImageMetaData::summary+	Pointing center     :  12:18:49.600000  +14.24.59.000000
2026-08-05 01:11:05	INFO	ImageMetaData::summary+	Telescope           : ALMA
2026-08-05 01:11:05	INFO	ImageMetaData::summary+	Observer            : lneumann
2026-08-05 01:11:05	INFO	ImageMetaData::summary+	Date observation    : 2025/02/02/08:41:48.095999
2026-08-05 01:11:05	INFO	ImageMetaData::summary+	Telescope position: [2.22514e+06m, -5.44031e+06m, -2.48103e+06m] (ITRF)
2026-08-05 01:11:05	INFO	ImageMetaData::summary+	
2026-08-05 01:11:05	INFO	ImageMetaData::summary+	Axis Coord Type      Name             Proj Shape Tile   Coord value at pixel       Coord incr Units
2026-08-05 01:11:05	INFO	ImageMetaData::summary+	--------------------------------------------------------------------------------------------------- 
2026-08-05 01:11:05	INFO	ImageMetaData::summary+	0    0     Direction Right Ascension   SIN   378   54  12:18:49.600   191.75    -5.000000e-01 arcsec
2026-08-05 01:11:05	INFO	ImageMetaData::summary+	1    0     Direction Declination       SIN   403   31 +14.24.59.000   193.25     5.000000e-01 arcsec
2026-08-05 01:11:05	INFO	ImageMetaData::summary+	2    1     Stokes    Stokes                    1    1             I
2026-08-05 01:11:05	INFO	ImageMetaData::summary+	3    2     Spectral  Frequency                71   12   8.85753e+10     0.00 -2.930566403e+06 Hz
2026-08-05 01:11:05	INFO	ImageMetaData::summary+	                     Velocity                                2061.1     0.00     9.850614e+00 km/s
2026-08-05 01:11:05	INFO	imhead::::casa	Task imhead complete. Start time: 2026-08-05 01:11:04.492106 End time: 2026-08-05 01:11:04.512114
2026-08-05 01:11:05	INFO	imhead::::casa	##### End Task: imhead               #####
2026-08-05 01:11:05	INFO	imhead::::casa	##########################################
2026-08-05 01:11:05	INFO	imregrid::::casa	##########################################
2026-08-05 01:11:05	INFO	imregrid::::casa	##### Begin Task: imregrid           #####
2026-08-05 01:11:05	INFO	imregrid::::casa	imregrid( imagename='/nfs/home/lneumann/reduction/alma_data_reduction/imaging/ngc4254/products/postprocess/ngc4254/ngc4254_12m_hcop.pb', template='/nfs/home/lneumann/reduction/alma_data_reduction/imaging/ngc4254/products/postprocess/ngc4254/ngc4254_12m_hcop_pbcorr_trimmed.image', output='/nfs/home/lneumann/reduction/alma_data_reduction/imaging/ngc4254/products/postprocess/ngc4254/ngc4254_12m_hcop_trimmed.pb', asvelocity=True, axes=[-1], shape=[-1], interpolation='cubic', decimate=10, replicate=False, overwrite=True )
2026-08-05 01:11:05	INFO	imregrid::CasacRegionManager::fromBCS	No directional region specified. Using full positional plane.
2026-08-05 01:11:05	INFO	imregrid::CasacRegionManager::fromBCS	Using polarizations ALL
2026-08-05 01:11:05	INFO	imregrid::ImageMaskAttacher::makeMask	Created and initialized mask `mask0'
2026-08-05 01:11:05	INFO	imregrid::ImageRegrid::_checkAxes 	The Stokes axis cannot be regridded - removing from list
2026-08-05 01:11:06	INFO	imregrid::SubImageFactory::createImage	Creating image '/nfs/home/lneumann/reduction/alma_data_reduction/imaging/ngc4254/products/postprocess/ngc4254/ngc4254_12m_hcop_trimmed.pb' of shape [378, 403, 1, 71]
2026-08-05 01:11:06	INFO	imregrid::ImageMaskAttacher::makeMask	Created mask `mask0'
2026-08-05 01:11:07	INFO	imregrid::::casa	Task imregrid complete. Start time: 2026-08-05 01:11:04.517403 End time: 2026-08-05 01:11:06.654566
2026-08-05 01:11:07	INFO	imregrid::::casa	##### End Task: imregrid             #####
2026-08-05 01:11:07	INFO	imregrid::::casa	##########################################
2026-08-05 01:11:07	INFO	imhead::::casa	##########################################
2026-08-05 01:11:07	INFO	imhead::::casa	##### Begin Task: imhead             #####
2026-08-05 01:11:07	INFO	imhead::::casa	imhead( imagename='/nfs/home/lneumann/reduction/alma_data_reduction/imaging/ngc4254/products/postprocess/ngc4254/ngc4254_12m_hcop_pbcorr_trimmed_k.image', mode='list', hdkey='', hdvalue='', verbose=False )
2026-08-05 01:11:07	INFO	ImageMetaDataBase::_toLog 	General --
2026-08-05 01:11:07	INFO	ImageMetaDataBase::_toLog 	        -- imtype: Intensity
2026-08-05 01:11:07	INFO	ImageMetaDataBase::_toLog 	        -- object: 
2026-08-05 01:11:07	INFO	ImageMetaDataBase::_toLog 	        -- equinox: J2000
2026-08-05 01:11:07	INFO	ImageMetaDataBase::_toLog 	        -- date-obs: 2025/02/02/08:41:48.095999
2026-08-05 01:11:07	INFO	ImageMetaDataBase::_toLog 	        -- observer: lneumann
2026-08-05 01:11:07	INFO	ImageMetaDataBase::_toLog 	        -- projection: SIN
2026-08-05 01:11:07	INFO	ImageMetaDataBase::_toLog 	        -- restfreq: [89188520000.0]
2026-08-05 01:11:07	INFO	ImageMetaDataBase::_toLog 	        -- reffreqtype: LSRK
2026-08-05 01:11:07	INFO	ImageMetaDataBase::_toLog 	        -- telescope: ALMA
2026-08-05 01:11:07	INFO	ImageMetaDataBase::_toLog 	        -- beammajor: 1.56906144154arcsec
2026-08-05 01:11:07	INFO	ImageMetaDataBase::_toLog 	        -- beamminor: 1.56906144154arcsec
2026-08-05 01:11:07	INFO	ImageMetaDataBase::_toLog 	        -- beampa: 0deg
2026-08-05 01:11:07	INFO	ImageMetaDataBase::_toLog 	        -- bunit: Jy/beam
2026-08-05 01:11:07	INFO	ImageMetaDataBase::_toLog 	        -- masks: [mask0]
2026-08-05 01:11:07	INFO	ImageMetaDataBase::_toLog 	        -- shape: [378, 403, 1, 71]
2026-08-05 01:11:07	INFO	ImageMetaDataBase::_toLog 	        -- datamin: -0.007148
2026-08-05 01:11:07	INFO	ImageMetaDataBase::_toLog 	        -- datamax: 0.00693077
2026-08-05 01:11:07	INFO	ImageMetaDataBase::_toLog 	        -- minpos: 12:18:51.966 +14.23.44.374 I 8.85079e+10Hz
2026-08-05 01:11:07	INFO	ImageMetaDataBase::_toLog 	        -- minpixpos: [123, 44, 0, 23]
2026-08-05 01:11:07	INFO	ImageMetaDataBase::_toLog 	        -- maxpos: 12:18:54.203 +14.24.29.872 I 8.84317e+10Hz
2026-08-05 01:11:07	INFO	ImageMetaDataBase::_toLog 	        -- maxpixpos: [58, 135, 0, 49]
2026-08-05 01:11:07	INFO	ImageMetaDataBase::_toLog 	axes --
2026-08-05 01:11:07	INFO	ImageMetaDataBase::_toLog 	        -- ctype1: Right Ascension
2026-08-05 01:11:07	INFO	ImageMetaDataBase::_toLog 	        -- ctype2: Declination
2026-08-05 01:11:07	INFO	ImageMetaDataBase::_toLog 	        -- ctype3: Stokes
2026-08-05 01:11:07	INFO	ImageMetaDataBase::_toLog 	        -- ctype4: Frequency
2026-08-05 01:11:07	INFO	ImageMetaDataBase::_toLog 	crpix --
2026-08-05 01:11:07	INFO	ImageMetaDataBase::_toLog 	        -- crpix1: 191.8
2026-08-05 01:11:07	INFO	ImageMetaDataBase::_toLog 	        -- crpix2: 193.2
2026-08-05 01:11:07	INFO	ImageMetaDataBase::_toLog 	        -- crpix3: 0.0
2026-08-05 01:11:07	INFO	ImageMetaDataBase::_toLog 	        -- crpix4: 0.0
2026-08-05 01:11:07	INFO	ImageMetaDataBase::_toLog 	crval --
2026-08-05 01:11:07	INFO	ImageMetaDataBase::_toLog 	        -- crval1:  184.42.24.000deg.min.sec
2026-08-05 01:11:07	INFO	ImageMetaDataBase::_toLog 	        -- crval2:   14.24.59.000deg.min.sec
2026-08-05 01:11:07	INFO	ImageMetaDataBase::_toLog 	        -- crval3: ['I']
2026-08-05 01:11:07	INFO	ImageMetaDataBase::_toLog 	        -- crval4: 88575339621.0Hz
2026-08-05 01:11:07	INFO	ImageMetaDataBase::_toLog 	cdelt --
2026-08-05 01:11:07	INFO	ImageMetaDataBase::_toLog 	        -- cdelt1: -  0.00.00.500deg.min.sec
2026-08-05 01:11:07	INFO	ImageMetaDataBase::_toLog 	        -- cdelt2:    0.00.00.500deg.min.sec
2026-08-05 01:11:07	INFO	ImageMetaDataBase::_toLog 	        -- cdelt3: 1
2026-08-05 01:11:07	INFO	ImageMetaDataBase::_toLog 	        -- cdelt4: -2930566.4Hz
2026-08-05 01:11:07	INFO	ImageMetaDataBase::_toLog 	units --
2026-08-05 01:11:07	INFO	ImageMetaDataBase::_toLog 	        -- cunit1: rad
2026-08-05 01:11:07	INFO	ImageMetaDataBase::_toLog 	        -- cunit2: rad
2026-08-05 01:11:07	INFO	ImageMetaDataBase::_toLog 	        -- cunit3: 
2026-08-05 01:11:07	INFO	ImageMetaDataBase::_toLog 	        -- cunit4: Hz
2026-08-05 01:11:07	INFO	imhead::::casa	Task imhead complete. Start time: 2026-08-05 01:11:06.747933 End time: 2026-08-05 01:11:06.922803
2026-08-05 01:11:07	INFO	imhead::::casa	##### End Task: imhead               #####
2026-08-05 01:11:07	INFO	imhead::::casa	##########################################
2026-08-05 01:11:07	INFO	imhead::::casa	##########################################
2026-08-05 01:11:07	INFO	imhead::::casa	##### Begin Task: imhead             #####
2026-08-05 01:11:07	INFO	imhead::::casa	imhead( imagename='/nfs/home/lneumann/reduction/alma_data_reduction/imaging/ngc4254/products/postprocess/ngc4254/ngc4254_12m_hcop_pbcorr_trimmed_k.image', mode='put', hdkey='JYTOK', hdvalue=63.422121637355865, verbose=False )
2026-08-05 01:11:07	INFO	imhead::::casa	Task imhead complete. Start time: 2026-08-05 01:11:07.191730 End time: 2026-08-05 01:11:07.237510
2026-08-05 01:11:07	INFO	imhead::::casa	##### End Task: imhead               #####
2026-08-05 01:11:07	INFO	imhead::::casa	##########################################
2026-08-05 01:11:07	INFO	exportfits::::casa	##########################################
2026-08-05 01:11:07	INFO	exportfits::::casa	##### Begin Task: exportfits         #####
2026-08-05 01:11:07	INFO	exportfits::::casa	exportfits( imagename='/nfs/home/lneumann/reduction/alma_data_reduction/imaging/ngc4254/products/postprocess/ngc4254/ngc4254_12m_hcop_pbcorr_trimmed_k.image', fitsimage='/nfs/home/lneumann/reduction/alma_data_reduction/imaging/ngc4254/products/postprocess/ngc4254/ngc4254_12m_hcop_pbcorr_trimmed_k.fits', velocity=True, optical=False, bitpix=-32, minpix=0, maxpix=-1, overwrite=True, dropstokes=True, stokeslast=True, history=True, dropdeg=True )
2026-08-05 01:11:07	INFO	exportfits::ImageFactory::toFITS	Applying mask of name 'mask0'
2026-08-05 01:11:07	INFO	exportfits::ImageRegion::fromRecord	Selected bounding box : 
2026-08-05 01:11:07	INFO	exportfits::ImageRegion::fromRecord+	    [0, 0, 0, 0] to [377, 402, 0, 70]  (12:18:56.199, +14.23.22.369, I, 8.85753e+10Hz to 12:18:43.223, +14.26.43.370, I, 8.83702e+10Hz)
2026-08-05 01:11:07	INFO	exportfits::ImageFitsConverter::ImageHeaderToFITS 	Truncating miscinfo field useweightimage to useweigh
2026-08-05 01:11:08	INFO	exportfits::::casa	Task exportfits complete. Start time: 2026-08-05 01:11:07.239240 End time: 2026-08-05 01:11:07.533264
2026-08-05 01:11:08	INFO	exportfits::::casa	##### End Task: exportfits           #####
2026-08-05 01:11:08	INFO	exportfits::::casa	##########################################
2026-08-05 01:11:08	INFO	exportfits::::casa	##########################################
2026-08-05 01:11:08	INFO	exportfits::::casa	##### Begin Task: exportfits         #####
2026-08-05 01:11:08	INFO	exportfits::::casa	exportfits( imagename='/nfs/home/lneumann/reduction/alma_data_reduction/imaging/ngc4254/products/postprocess/ngc4254/ngc4254_12m_hcop_trimmed.pb', fitsimage='/nfs/home/lneumann/reduction/alma_data_reduction/imaging/ngc4254/products/postprocess/ngc4254/ngc4254_12m_hcop_trimmed_pb.fits', velocity=True, optical=False, bitpix=-32, minpix=0, maxpix=-1, overwrite=True, dropstokes=True, stokeslast=True, history=True, dropdeg=True )
2026-08-05 01:11:08	INFO	exportfits::ImageFactory::toFITS	Applying mask of name 'mask0'
2026-08-05 01:11:08	INFO	exportfits::ImageRegion::fromRecord	Selected bounding box : 
2026-08-05 01:11:08	INFO	exportfits::ImageRegion::fromRecord+	    [0, 0, 0, 0] to [377, 402, 0, 70]  (12:18:56.199, +14.23.22.369, I, 8.85753e+10Hz to 12:18:43.223, +14.26.43.370, I, 8.83702e+10Hz)
2026-08-05 01:11:09	INFO	exportfits::::casa	Task exportfits complete. Start time: 2026-08-05 01:11:08.420210 End time: 2026-08-05 01:11:08.717867
2026-08-05 01:11:09	INFO	exportfits::::casa	##### End Task: exportfits           #####
2026-08-05 01:11:09	INFO	exportfits::::casa	##########################################
