[2026-08-03 21:06:44] [INFO] [build_key_handler]: 
[2026-08-03 21:06:44] [INFO] [build_key_handler]: &%&%&%&%&%&%&%&%&%&%&%&%&%&%&&%&%&%&%&%&%&%&%&%&%
[2026-08-03 21:06:44] [INFO] [build_key_handler]: Initializing the PHANGS-ALMA pipeline KeyHandler.
[2026-08-03 21:06:44] [INFO] [build_key_handler]: &%&%&%&%&%&%&%&%&%&%&%&%&%&%&&%&%&%&%&%&%&%&%&%&%
[2026-08-03 21:06:44] [INFO] [build_key_handler]: 
[2026-08-03 21:06:44] [INFO] [_read_master_key]: Reading the master key.
[2026-08-03 21:06:44] [INFO] [_read_master_key]: Master key file: /nfs/home/lneumann/reduction/alma_data_reduction/imaging/ngc4254/ngc4254_dense_configs/keys/master_key.txt
[2026-08-03 21:06:44] [INFO] [_read_master_key]: Successfully imported 22 key/value pairs.
[2026-08-03 21:06:44] [INFO] [check_key_existence]: ------------------------------------
[2026-08-03 21:06:44] [INFO] [check_key_existence]: Checking the existence of key files.
[2026-08-03 21:06:44] [INFO] [check_key_existence]: ------------------------------------
[2026-08-03 21:06:44] [INFO] [check_key_existence]: Checked key file existence with 0 errors. This may cause issues if not using download handlers.
[2026-08-03 21:06:44] [INFO] [build_key_handler]: 
[2026-08-03 21:06:44] [INFO] [build_key_handler]: &%&%&%&%&%&%&%&%&%&%&%&%&%&%&
[2026-08-03 21:06:44] [INFO] [build_key_handler]: Reading individual key files.
[2026-08-03 21:06:44] [INFO] [build_key_handler]: &%&%&%&%&%&%&%&%&%&%&%&%&%&%&
[2026-08-03 21:06:44] [INFO] [build_key_handler]: 
[2026-08-03 21:06:44] [INFO] [read_ms_key]: Reading: /nfs/home/lneumann/reduction/alma_data_reduction/imaging/ngc4254/ngc4254_dense_configs/keys/ms_file_key.txt
[2026-08-03 21:06:44] [INFO] [read_ms_key]: Read 12 lines into an ms dictionary.
[2026-08-03 21:06:44] [INFO] [read_targetproductfile_key]: Reading: /nfs/home/lneumann/reduction/alma_data_reduction/imaging/ngc4254/ngc4254_dense_configs/keys/cleanmask_key.txt
[2026-08-03 21:06:44] [INFO] [read_targetproductfile_key]: Read 1 lines into a target/product/file dictionary.
[2026-08-03 21:06:44] [INFO] [read_targetproductfile_key]: Reading: /nfs/home/lneumann/reduction/alma_data_reduction/imaging/ngc4254/ngc4254_dense_configs/keys/singledish_key.txt
[2026-08-03 21:06:44] [INFO] [read_targetproductfile_key]: Read 0 lines into a target/product/file dictionary.
[2026-08-03 21:06:44] [INFO] [read_config_key]: Reading: /nfs/home/lneumann/reduction/alma_data_reduction/imaging/ngc4254/ngc4254_dense_configs/keys/config_definitions.txt
[2026-08-03 21:06:44] [INFO] [read_config_key]: Read 4 lines into a configuration definition dictionary.
[2026-08-03 21:06:44] [INFO] [read_target_key]: Reading: /nfs/home/lneumann/reduction/alma_data_reduction/imaging/ngc4254/ngc4254_dense_configs/keys/target_definitions.txt
[2026-08-03 21:06:44] [INFO] [read_target_key]: Read 1 lines into a target definition dictionary.
[2026-08-03 21:06:44] [INFO] [read_nametoname_key]: Reading: /nfs/home/lneumann/reduction/alma_data_reduction/imaging/ngc4254/ngc4254_dense_configs/keys/linearmosaic_definitions.txt
[2026-08-03 21:06:44] [INFO] [read_nametoname_key]: Read 0 lines into a name-to-name mapping dictionary.
[2026-08-03 21:06:44] [INFO] [read_nametoname_key]: Reading: /nfs/home/lneumann/reduction/alma_data_reduction/imaging/ngc4254/ngc4254_dense_configs/keys/dir_key.txt
[2026-08-03 21:06:44] [INFO] [read_nametoname_key]: Read 0 lines into a name-to-name mapping dictionary.
[2026-08-03 21:06:44] [INFO] [_initialize_imaging_dict]: Initializing the imaging dictionary using known configs and stages.
[2026-08-03 21:06:44] [INFO] [_read_imaging_key]: Reading: /nfs/home/lneumann/reduction/alma_data_reduction/imaging/ngc4254/ngc4254_dense_configs/keys/imaging_recipes.txt
[2026-08-03 21:06:44] [INFO] [_read_imaging_key]: Read 1 lines into the imaging recipe dictionary.
[2026-08-03 21:06:44] [INFO] [_initialize_derived_dict]: Initializing the derived dictionary using known configs and products.
[2026-08-03 21:06:44] [INFO] [_read_derived_key]: Reading: /nfs/home/lneumann/reduction/alma_data_reduction/imaging/ngc4254/ngc4254_dense_configs/keys/derived_key.txt
[2026-08-03 21:06:44] [INFO] [_read_derived_key]: Read 0 lines into a derived product definition dictionary.
[2026-08-03 21:06:44] [INFO] [read_override_key]: Reading: /nfs/home/lneumann/reduction/alma_data_reduction/imaging/ngc4254/ngc4254_dense_configs/keys/overrides.txt
[2026-08-03 21:06:44] [INFO] [read_override_key]: Read 0 lines into an override dictionary.
[2026-08-03 21:06:44] [INFO] [read_distance_key]: Reading: /nfs/home/lneumann/reduction/alma_data_reduction/imaging/ngc4254/ngc4254_dense_configs/keys/distance_key.txt
[2026-08-03 21:06:44] [INFO] [read_distance_key]: Read 1 lines into a target/distance dictionary.
[2026-08-03 21:06:44] [INFO] [read_window_key]: Reading: /nfs/home/lneumann/reduction/alma_data_reduction/imaging/ngc4254/ngc4254_dense_configs/keys/window_key.txt
[2026-08-03 21:06:44] [INFO] [read_window_key]: Read 1 lines into a target/vwindow/vfield dictionary.
[2026-08-03 21:06:44] [INFO] [read_moment_key]: Reading: /nfs/home/lneumann/reduction/alma_data_reduction/imaging/ngc4254/ngc4254_dense_configs/keys/moment_key.txt
[2026-08-03 21:06:44] [INFO] [read_moment_key]: Read 80 lines into a moment definition dictionary.
[2026-08-03 21:06:44] [INFO] [build_key_handler]: 
[2026-08-03 21:06:44] [INFO] [build_key_handler]: &%&%&%&%&%&%&%&%&%&%&%&%&%&%&%&
[2026-08-03 21:06:44] [INFO] [build_key_handler]: Running checks and cross-links.
[2026-08-03 21:06:44] [INFO] [build_key_handler]: &%&%&%&%&%&%&%&%&%&%&%&%&%&%&%&
[2026-08-03 21:06:44] [INFO] [build_key_handler]: 
[2026-08-03 21:06:44] [INFO] [check_ms_existence]: -------------------------------------------
[2026-08-03 21:06:44] [INFO] [check_ms_existence]: Checking the existence of measurement sets.
[2026-08-03 21:06:44] [INFO] [check_ms_existence]: -------------------------------------------
[2026-08-03 21:06:44] [INFO] [check_ms_existence]: Verified the existence of 12 measurement sets.
[2026-08-03 21:06:44] [INFO] [check_ms_existence]: No measurement sets found to be missing.
[2026-08-03 21:06:44] [INFO] [check_sd_existence]: -------------------------------------------
[2026-08-03 21:06:44] [INFO] [check_sd_existence]: Checking the existence of single dish data.
[2026-08-03 21:06:44] [INFO] [check_sd_existence]: -------------------------------------------
[2026-08-03 21:06:44] [INFO] [check_sd_existence]: Verified the existence of 0 single dish data sets.
[2026-08-03 21:06:44] [INFO] [check_sd_existence]: No single dish data found to be missing.
[2026-08-03 21:06:44] [INFO] [_build_target_list]: Building the target list.
[2026-08-03 21:06:44] [INFO] [_build_target_list]: Total of 1 targets.
[2026-08-03 21:06:44] [INFO] [_build_target_list]: No cases found where I expect a target but lack a definition.
[2026-08-03 21:06:44] [INFO] [print_missing_targets]: -------------------------
[2026-08-03 21:06:44] [INFO] [print_missing_targets]: Printing missing targets.
[2026-08-03 21:06:44] [INFO] [print_missing_targets]: -------------------------
[2026-08-03 21:06:44] [INFO] [print_missing_targets]: No missing targets.
[2026-08-03 21:06:44] [INFO] [check_dir_existence]: --------------------------------------
[2026-08-03 21:06:44] [INFO] [check_dir_existence]: Checking the existence of directories.
[2026-08-03 21:06:44] [INFO] [check_dir_existence]: --------------------------------------
[2026-08-03 21:06:44] [WARNING] [check_dir_existence]: Missing imaging directory: /nfs/home/lneumann/reduction/alma_data_reduction/imaging/ngc4254/products/imaging/ngc4254
[2026-08-03 21:06:44] [WARNING] [check_dir_existence]: Missing post-processing directory: /nfs/home/lneumann/reduction/alma_data_reduction/imaging/ngc4254/products/postprocess/ngc4254
[2026-08-03 21:06:44] [WARNING] [check_dir_existence]: Missing derived directory: /nfs/home/lneumann/reduction/alma_data_reduction/imaging/ngc4254/products/derived/ngc4254
[2026-08-03 21:06:44] [WARNING] [check_dir_existence]: Missing release directory: /nfs/home/lneumann/reduction/alma_data_reduction/imaging/ngc4254/products/release/ngc4254
[2026-08-03 21:06:44] [INFO] [check_dir_existence]: Found 0 directories.
[2026-08-03 21:06:44] [WARNING] [check_dir_existence]: Missing 4 directories. Returning that list.
[2026-08-03 21:06:44] [INFO] [_build_whole_target_list]: Building the list of whole targets.
[2026-08-03 21:06:44] [INFO] [_build_whole_target_list]: Total of 1 'whole' targets.
[2026-08-03 21:06:44] [INFO] [_map_targets_to_mosaics]: Mapping targets to linear mosaics.
[2026-08-03 21:06:44] [INFO] [_map_targets_to_mosaics]: Total of 0 targets assigned to mosaics.
[2026-08-03 21:06:44] [INFO] [_map_configs]: Cross-matching interferometric and feather configs
[2026-08-03 21:06:44] [INFO] [build_key_handler]: 
[2026-08-03 21:06:44] [INFO] [build_key_handler]: &%&%&%&%&%&%&%&%&%&%&%&%
[2026-08-03 21:06:44] [INFO] [build_key_handler]: Printing configurations.
[2026-08-03 21:06:44] [INFO] [build_key_handler]: &%&%&%&%&%&%&%&%&%&%&%&%
[2026-08-03 21:06:44] [INFO] [build_key_handler]: 
[2026-08-03 21:06:44] [INFO] [print_configs]: Interferometric Configurations
[2026-08-03 21:06:44] [INFO] [print_configs]: ... 12m
[2026-08-03 21:06:44] [INFO] [print_configs]: ... ... includes arrays ['12m']
[2026-08-03 21:06:44] [INFO] [print_configs]: ... ... maps to feather config None
[2026-08-03 21:06:44] [INFO] [print_configs]: ... ... clean these scales in arcsec [0, 1, 2.5, 5.0]
[2026-08-03 21:06:44] [INFO] [build_key_handler]: 
[2026-08-03 21:06:44] [INFO] [build_key_handler]: &%&%&%&%&%&%&%&%&%&%&%&%
[2026-08-03 21:06:44] [INFO] [build_key_handler]: Printing spectral products.
[2026-08-03 21:06:44] [INFO] [build_key_handler]: &%&%&%&%&%&%&%&%&%&%&%&%
[2026-08-03 21:06:44] [INFO] [build_key_handler]: 
[2026-08-03 21:06:44] [INFO] [print_products]: Continuum data products
[2026-08-03 21:06:44] [INFO] [print_products]: Line data products
[2026-08-03 21:06:44] [INFO] [print_products]: ... hcn
[2026-08-03 21:06:44] [INFO] [print_products]: ... ... channel width [km/s] 10.0
[2026-08-03 21:06:44] [INFO] [print_products]: ... ... line name code hcn10
[2026-08-03 21:06:44] [INFO] [build_key_handler]: 
[2026-08-03 21:06:44] [INFO] [build_key_handler]: &%&%&%&%&%&%&%&%&%&%&%&%
[2026-08-03 21:06:44] [INFO] [build_key_handler]: Printing derived data products.
[2026-08-03 21:06:44] [INFO] [build_key_handler]: &%&%&%&%&%&%&%&%&%&%&%&%
[2026-08-03 21:06:44] [INFO] [build_key_handler]: 
[2026-08-03 21:06:44] [INFO] [print_derived]: ... derived products for 12m hcn
[2026-08-03 21:06:44] [INFO] [print_derived]: ... ... angular resolutions [arcsec]: {}
[2026-08-03 21:06:44] [INFO] [print_derived]: ... ... physical resolutions [pc]: {}
[2026-08-03 21:06:44] [INFO] [print_derived]: ... ... linked configs for masking: []
[2026-08-03 21:06:44] [INFO] [print_derived]: ... ... moments to produce: []
[2026-08-03 21:06:44] [INFO] [build_key_handler]: 
[2026-08-03 21:06:44] [INFO] [build_key_handler]: &%&%&%&%&%&%&%&%&%&%&%&%
[2026-08-03 21:06:44] [INFO] [build_key_handler]: Printing missing distances.
[2026-08-03 21:06:44] [INFO] [build_key_handler]: &%&%&%&%&%&%&%&%&%&%&%&%
[2026-08-03 21:06:44] [INFO] [build_key_handler]: 
[2026-08-03 21:06:44] [INFO] [print_missing_distances]: ... no targets are missing distances!
[2026-08-03 21:06:44] [INFO] [build_key_handler]: 
[2026-08-03 21:06:44] [INFO] [build_key_handler]: &%&%&%&%&%&%&%&%&%&%&%&%
[2026-08-03 21:06:44] [INFO] [build_key_handler]: Printing missing velocity windows.
[2026-08-03 21:06:44] [INFO] [build_key_handler]: &%&%&%&%&%&%&%&%&%&%&%&%
[2026-08-03 21:06:44] [INFO] [build_key_handler]: 
[2026-08-03 21:06:44] [INFO] [print_missing_window]: ... no targets are missing velocity window!
[2026-08-03 21:06:44] [INFO] [build_key_handler]: 
[2026-08-03 21:06:44] [INFO] [build_key_handler]: &%&%&%&%&%&%&%&%&%&%&%&%&%&%&%&%&%&%&%&
[2026-08-03 21:06:44] [INFO] [build_key_handler]: Master key reading and checks complete.
[2026-08-03 21:06:44] [INFO] [build_key_handler]: &%&%&%&%&%&%&%&%&%&%&%&%&%&%&%&%&%&%&%&
[2026-08-03 21:06:44] [INFO] [build_key_handler]: 
[2026-08-03 21:06:44] [INFO] [make_missing_directories]: Creating imaging root directory: /nfs/home/lneumann/reduction/alma_data_reduction/imaging/ngc4254/products/imaging/
[2026-08-03 21:06:44] [INFO] [make_missing_directories]: Creating postprocess root directory: /nfs/home/lneumann/reduction/alma_data_reduction/imaging/ngc4254/products/postprocess/
[2026-08-03 21:06:44] [INFO] [check_dir_existence]: --------------------------------------
[2026-08-03 21:06:44] [INFO] [check_dir_existence]: Checking the existence of directories.
[2026-08-03 21:06:44] [INFO] [check_dir_existence]: --------------------------------------
[2026-08-03 21:06:44] [WARNING] [check_dir_existence]: Missing imaging directory: /nfs/home/lneumann/reduction/alma_data_reduction/imaging/ngc4254/products/imaging/ngc4254
[2026-08-03 21:06:44] [WARNING] [check_dir_existence]: Missing post-processing directory: /nfs/home/lneumann/reduction/alma_data_reduction/imaging/ngc4254/products/postprocess/ngc4254
[2026-08-03 21:06:44] [INFO] [check_dir_existence]: Found 0 directories.
[2026-08-03 21:06:44] [WARNING] [check_dir_existence]: Missing 2 directories. Returning that list.
[2026-08-03 21:06:44] [INFO] [check_dir_existence]: --------------------------------------
[2026-08-03 21:06:44] [INFO] [check_dir_existence]: Checking the existence of directories.
[2026-08-03 21:06:44] [INFO] [check_dir_existence]: --------------------------------------
[2026-08-03 21:06:44] [INFO] [check_dir_existence]: Found 2 directories.
[2026-08-03 21:06:44] [INFO] [check_dir_existence]: No directories appear to be missing.
[2026-08-03 21:06:44] [INFO] [make_missing_directories]: Made 2 directories. Now 0 missing.
[2026-08-03 21:06:44] [INFO] [check_dir_existence]: --------------------------------------
[2026-08-03 21:06:44] [INFO] [check_dir_existence]: Checking the existence of directories.
[2026-08-03 21:06:44] [INFO] [check_dir_existence]: --------------------------------------
[2026-08-03 21:06:44] [INFO] [check_dir_existence]: Found 1 directories.
[2026-08-03 21:06:44] [INFO] [check_dir_existence]: No directories appear to be missing.
[2026-08-03 21:06:44] [INFO] [check_dir_existence]: --------------------------------------
[2026-08-03 21:06:44] [INFO] [check_dir_existence]: Checking the existence of directories.
[2026-08-03 21:06:44] [INFO] [check_dir_existence]: --------------------------------------
[2026-08-03 21:06:44] [INFO] [check_dir_existence]: Found 1 directories.
[2026-08-03 21:06:44] [INFO] [check_dir_existence]: No directories appear to be missing.
[2026-08-03 21:06:44] [INFO] [make_missing_directories]: Made 0 directories. Now 0 missing.
[2026-08-03 21:06:44] [INFO] [task_split]: 
[2026-08-03 21:06:44] [INFO] [task_split]: &%&%&%&%&%&%&%&%&%&%&%&%&%
[2026-08-03 21:06:44] [INFO] [task_split]: Splitting u-v data for
[2026-08-03 21:06:44] [INFO] [task_split]: &%&%&%&%&%&%&%&%&%&%&%&%&%
[2026-08-03 21:06:44] [INFO] [task_split]: 
[2026-08-03 21:06:44] [INFO] [task_split]: ... file: /nfs/home/lneumann/reduction/alma_data_reduction/calibration/2024.1.01512.S/science_goal.uid___A001_X37c7_Xb1/group.uid___A001_X37c7_Xb2/member.uid___A001_X37c7_Xb3/calibrated/uid___A002_X124f393_X53aa_targets.ms
[2026-08-03 21:06:44] [INFO] [task_split]: ... output: ngc4254_2024.1.01512.S_12m_1_hcn.ms
[2026-08-03 21:06:44] [INFO] [task_split]: ... timebin: 0s
[2026-08-03 21:06:44] [INFO] [task_split]: ... product: hcn
[2026-08-03 21:06:44] [INFO] [task_split]: ... combinespw: False
[2026-08-03 21:06:44] [DEBUG] [find_spws_for_line]: ... line: hcn10, line freq: 87.816759 - 88.023710, rest-freq: 88.631850
[2026-08-03 21:06:44] [DEBUG] [find_spws_for_line]: ... max_chanwidth_kms: 10.000, max_chanwidth_ghz: 0.002956
[2026-08-03 21:06:44] [DEBUG] [find_spws_for_line]: ... vm = au.ValueMapping(infile) ...
[2026-08-03 21:06:56] [DEBUG] [find_spws_for_line]: ... vm = au.ValueMapping(infile) done
[2026-08-03 21:06:56] [DEBUG] [find_spws_for_line]: ... spw: 0, freq: 85.881342 - 85.881342 GHz
[2026-08-03 21:06:56] [DEBUG] [find_spws_for_line]: ... spw: 1, freq: 87.839342 - 87.839342 GHz
[2026-08-03 21:06:56] [DEBUG] [find_spws_for_line]: ... spw: 2, freq: 97.881342 - 97.881342 GHz
[2026-08-03 21:06:56] [DEBUG] [find_spws_for_line]: ... spw: 3, freq: 99.839342 - 99.839342 GHz
[2026-08-03 21:06:56] [DEBUG] [find_spws_for_line]: ... spw: 5, freq: 84.889154 - 86.873529 GHz
[2026-08-03 21:06:56] [DEBUG] [find_spws_for_line]: ... spw: 6, freq: 85.857904 - 85.857904 GHz
[2026-08-03 21:06:56] [DEBUG] [find_spws_for_line]: ... spw: 7, freq: 86.847154 - 88.831529 GHz
[2026-08-03 21:06:56] [DEBUG] [find_spws_for_line]: ... spw: 8, freq: 87.815904 - 87.815904 GHz
[2026-08-03 21:06:56] [DEBUG] [find_spws_for_line]: ... spw: 9, freq: 96.889154 - 98.873529 GHz
[2026-08-03 21:06:56] [DEBUG] [find_spws_for_line]: ... spw: 10, freq: 97.857904 - 97.857904 GHz
[2026-08-03 21:06:56] [DEBUG] [find_spws_for_line]: ... spw: 11, freq: 98.847154 - 100.831529 GHz
[2026-08-03 21:06:56] [DEBUG] [find_spws_for_line]: ... spw: 12, freq: 99.815904 - 99.815904 GHz
[2026-08-03 21:06:56] [DEBUG] [find_spws_for_line]: ... spw: 13, freq: 86.013482 - 86.013482 GHz
[2026-08-03 21:06:56] [DEBUG] [find_spws_for_line]: ... spw: 14, freq: 99.651842 - 99.651842 GHz
[2026-08-03 21:06:56] [DEBUG] [find_spws_for_line]: ... spw: 15, freq: 85.021294 - 87.005669 GHz
[2026-08-03 21:06:56] [DEBUG] [find_spws_for_line]: ... spw: 16, freq: 86.005669 - 86.005669 GHz
[2026-08-03 21:06:56] [DEBUG] [find_spws_for_line]: ... spw: 17, freq: 87.831529 - 87.831529 GHz
[2026-08-03 21:06:56] [DEBUG] [find_spws_for_line]: ... spw: 18, freq: 97.873529 - 97.873529 GHz
[2026-08-03 21:06:56] [DEBUG] [find_spws_for_line]: ... spw: 19, freq: 98.659654 - 100.644029 GHz
[2026-08-03 21:06:56] [DEBUG] [find_spws_for_line]: ... spw: 20, freq: 99.644029 - 99.644029 GHz
[2026-08-03 21:06:56] [DEBUG] [find_spws_for_line]: ... spw: 21, freq: 85.076226 - 86.950738 GHz
[2026-08-03 21:06:56] [DEBUG] [find_spws_for_line]: ... spw: 22, freq: 86.013238 - 86.013238 GHz
[2026-08-03 21:06:56] [DEBUG] [find_spws_for_line]: ... spw: 23, freq: 86.902086 - 88.776598 GHz
[2026-08-03 21:06:56] [DEBUG] [find_spws_for_line]: ... spw: 24, freq: 87.839098 - 87.839098 GHz
[2026-08-03 21:06:56] [DEBUG] [find_spws_for_line]: ... spw: 25, freq: 96.944086 - 98.818598 GHz
[2026-08-03 21:06:56] [DEBUG] [find_spws_for_line]: ... spw: 26, freq: 97.881098 - 97.881098 GHz
[2026-08-03 21:06:56] [DEBUG] [find_spws_for_line]: ... spw: 27, freq: 98.714586 - 100.589098 GHz
[2026-08-03 21:06:56] [DEBUG] [find_spws_for_line]: ... spw: 28, freq: 99.651598 - 99.651598 GHz
[2026-08-03 21:06:56] [INFO] [task_split]: ... extracting spws :23
[2026-08-03 21:06:56] [INFO] [split_science_targets]: 
[2026-08-03 21:06:56] [INFO] [split_science_targets]: &%&%&%&%&%&%&%&%&%&%&%&%&%&%&%&%&%&%&%&%
[2026-08-03 21:06:56] [INFO] [split_science_targets]: I will split out the data.
[2026-08-03 21:06:56] [INFO] [split_science_targets]: &%&%&%&%&%&%&%&%&%&%&%&%&%&%&%&%&%&%&%&%
[2026-08-03 21:06:56] [INFO] [split_science_targets]: 
[2026-08-03 21:06:56] [INFO] [split_science_targets]: Splitting from /nfs/home/lneumann/reduction/alma_data_reduction/calibration/2024.1.01512.S/science_goal.uid___A001_X37c7_Xb1/group.uid___A001_X37c7_Xb2/member.uid___A001_X37c7_Xb3/calibrated/uid___A002_X124f393_X53aa_targets.ms to ngc4254_2024.1.01512.S_12m_1_hcn.ms
[2026-08-03 21:06:56] [INFO] [split_science_targets]: Data lacks a CORRECTED column. Will use DATA column.
[2026-08-03 21:06:56] [INFO] [split_science_targets]: ... intent: OBSERVE_TARGET*
[2026-08-03 21:06:56] [INFO] [split_science_targets]: ... field: 
[2026-08-03 21:06:56] [INFO] [split_science_targets]: ... spw: 23
[2026-08-03 21:06:56] [INFO] [split_science_targets]: ... running CASA split(vis='/nfs/home/lneumann/reduction/alma_data_reduction/calibration/2024.1.01512.S/science_goal.uid___A001_X37c7_Xb1/group.uid___A001_X37c7_Xb2/member.uid___A001_X37c7_Xb3/calibrated/uid___A002_X124f393_X53aa_targets.ms', intent='OBSERVE_TARGET*', field='', spw='23', datacolumn='DATA', outputvis='ngc4254_2024.1.01512.S_12m_1_hcn.ms', keepflags=False, timebin='0s')
[2026-08-03 21:09:49] [INFO] [get_contsub_excludefreqrange]: No exclude_freq_ranges_ghz found for hcn .
[2026-08-03 21:09:49] [INFO] [get_contsub_flagedgefraction]: No flag_edge_fraction found for hcn Defaults to 0.0.
[2026-08-03 21:09:49] [INFO] [task_contsub]: 
[2026-08-03 21:09:49] [INFO] [task_contsub]: &%&%&%&%&%&%&%&%&%&%&%&%&%
[2026-08-03 21:09:49] [INFO] [task_contsub]: u-v continuum subtraction for
[2026-08-03 21:09:49] [INFO] [task_contsub]: ... file: ngc4254_2024.1.01512.S_12m_1_hcn.ms
[2026-08-03 21:09:49] [INFO] [task_contsub]: ... output: ngc4254_2024.1.01512.S_12m_1_hcn.ms.contsub
[2026-08-03 21:09:49] [INFO] [task_contsub]: ... excluding frequency ranges: [(np.float64(87.11664468780842), np.float64(87.32194560131371)), (np.float64(87.81675941883594), np.float64(88.02371023741223)), (np.float64(88.36831007997732), np.float64(88.57656069441906)), (np.float64(108.89501594156016), np.float64(109.15164022190397)), (np.float64(175.63095265624958), np.float64(176.04484824588516)), (np.float64(176.7346583687515), np.float64(177.15115497443662)), (np.float64(263.4409944264202), np.float64(264.0618250036802)), (np.float64(265.097073167083), np.float64(265.7218064942654)), (np.float64(351.24531925959974), np.float64(352.0730713518305)), (np.float64(353.45356295965945), np.float64(354.2865190453462)), (np.float64(439.04110336542016), np.float64(440.07575684536425)), (np.float64(441.8021857713506), np.float64(442.8433460760494)), (np.float64(526.826533573224), np.float64(528.068064040668)), (np.float64(530.1409599948805), np.float64(531.3903013092017)), (np.float64(614.5995589194804), np.float64(616.0479371408674)), (np.float64(618.4679139310094), np.float64(619.9254083990157))]
[2026-08-03 21:09:49] [INFO] [task_contsub]: ... fitorder: 0
[2026-08-03 21:09:49] [INFO] [task_contsub]: ... combine: 
[2026-08-03 21:09:49] [INFO] [task_contsub]: ... flag_edge_fraction: 0.0
[2026-08-03 21:09:49] [INFO] [task_contsub]: &%&%&%&%&%&%&%&%&%&%&%&%&%
[2026-08-03 21:09:49] [INFO] [task_contsub]: 
[2026-08-03 21:09:52] [INFO] [spw_string_for_freq_ranges]: ... returning SPW selection string:
[2026-08-03 21:09:52] [INFO] [spw_string_for_freq_ranges]: 0:0~410,0:836~1542,0:1966~2979,0:3400~3839
[2026-08-03 21:09:52] [INFO] [contsub]: ... running CASA uvcontsub(vis='ngc4254_2024.1.01512.S_12m_1_hcn.ms', outputvis='ngc4254_2024.1.01512.S_12m_1_hcn.ms.contsub', fitspec='0:0~410,0:836~1542,0:1966~2979,0:3400~3839', fitorder=0, fitmethod='gsl')
[2026-08-03 21:20:16] [INFO] [task_split]: 
[2026-08-03 21:20:16] [INFO] [task_split]: &%&%&%&%&%&%&%&%&%&%&%&%&%
[2026-08-03 21:20:16] [INFO] [task_split]: Splitting u-v data for
[2026-08-03 21:20:16] [INFO] [task_split]: &%&%&%&%&%&%&%&%&%&%&%&%&%
[2026-08-03 21:20:16] [INFO] [task_split]: 
[2026-08-03 21:20:16] [INFO] [task_split]: ... file: /nfs/home/lneumann/reduction/alma_data_reduction/calibration/2024.1.01512.S/science_goal.uid___A001_X37c7_Xb1/group.uid___A001_X37c7_Xb2/member.uid___A001_X37c7_Xb3/calibrated/uid___A002_X1255740_X96ea_targets.ms
[2026-08-03 21:20:16] [INFO] [task_split]: ... output: ngc4254_2024.1.01512.S_12m_10_hcn.ms
[2026-08-03 21:20:16] [INFO] [task_split]: ... timebin: 0s
[2026-08-03 21:20:16] [INFO] [task_split]: ... product: hcn
[2026-08-03 21:20:16] [INFO] [task_split]: ... combinespw: False
[2026-08-03 21:20:16] [DEBUG] [find_spws_for_line]: ... line: hcn10, line freq: 87.816759 - 88.023710, rest-freq: 88.631850
[2026-08-03 21:20:16] [DEBUG] [find_spws_for_line]: ... max_chanwidth_kms: 10.000, max_chanwidth_ghz: 0.002956
[2026-08-03 21:20:16] [DEBUG] [find_spws_for_line]: ... vm = au.ValueMapping(infile) ...
[2026-08-03 21:20:29] [DEBUG] [find_spws_for_line]: ... vm = au.ValueMapping(infile) done
[2026-08-03 21:20:29] [DEBUG] [find_spws_for_line]: ... spw: 0, freq: 85.877134 - 85.877134 GHz
[2026-08-03 21:20:29] [DEBUG] [find_spws_for_line]: ... spw: 1, freq: 87.835134 - 87.835134 GHz
[2026-08-03 21:20:29] [DEBUG] [find_spws_for_line]: ... spw: 2, freq: 97.877134 - 97.877134 GHz
[2026-08-03 21:20:29] [DEBUG] [find_spws_for_line]: ... spw: 3, freq: 99.835134 - 99.835134 GHz
[2026-08-03 21:20:29] [DEBUG] [find_spws_for_line]: ... spw: 5, freq: 84.884946 - 86.869321 GHz
[2026-08-03 21:20:29] [DEBUG] [find_spws_for_line]: ... spw: 6, freq: 85.853696 - 85.853696 GHz
[2026-08-03 21:20:29] [DEBUG] [find_spws_for_line]: ... spw: 7, freq: 86.842946 - 88.827321 GHz
[2026-08-03 21:20:29] [DEBUG] [find_spws_for_line]: ... spw: 8, freq: 87.811696 - 87.811696 GHz
[2026-08-03 21:20:29] [DEBUG] [find_spws_for_line]: ... spw: 9, freq: 96.884946 - 98.869321 GHz
[2026-08-03 21:20:29] [DEBUG] [find_spws_for_line]: ... spw: 10, freq: 97.853696 - 97.853696 GHz
[2026-08-03 21:20:29] [DEBUG] [find_spws_for_line]: ... spw: 11, freq: 98.842946 - 100.827321 GHz
[2026-08-03 21:20:29] [DEBUG] [find_spws_for_line]: ... spw: 12, freq: 99.811696 - 99.811696 GHz
[2026-08-03 21:20:29] [DEBUG] [find_spws_for_line]: ... spw: 13, freq: 86.009817 - 86.009817 GHz
[2026-08-03 21:20:29] [DEBUG] [find_spws_for_line]: ... spw: 14, freq: 99.647634 - 99.647634 GHz
[2026-08-03 21:20:29] [DEBUG] [find_spws_for_line]: ... spw: 15, freq: 85.017630 - 87.002005 GHz
[2026-08-03 21:20:29] [DEBUG] [find_spws_for_line]: ... spw: 16, freq: 86.002005 - 86.002005 GHz
[2026-08-03 21:20:29] [DEBUG] [find_spws_for_line]: ... spw: 17, freq: 87.827321 - 87.827321 GHz
[2026-08-03 21:20:29] [DEBUG] [find_spws_for_line]: ... spw: 18, freq: 97.869321 - 97.869321 GHz
[2026-08-03 21:20:29] [DEBUG] [find_spws_for_line]: ... spw: 19, freq: 98.655446 - 100.639821 GHz
[2026-08-03 21:20:29] [DEBUG] [find_spws_for_line]: ... spw: 20, freq: 99.639821 - 99.639821 GHz
[2026-08-03 21:20:29] [DEBUG] [find_spws_for_line]: ... spw: 21, freq: 85.072561 - 86.947073 GHz
[2026-08-03 21:20:29] [DEBUG] [find_spws_for_line]: ... spw: 22, freq: 86.009573 - 86.009573 GHz
[2026-08-03 21:20:29] [DEBUG] [find_spws_for_line]: ... spw: 23, freq: 86.897878 - 88.772390 GHz
[2026-08-03 21:20:29] [DEBUG] [find_spws_for_line]: ... spw: 24, freq: 87.834890 - 87.834890 GHz
[2026-08-03 21:20:29] [DEBUG] [find_spws_for_line]: ... spw: 25, freq: 96.939878 - 98.814390 GHz
[2026-08-03 21:20:29] [DEBUG] [find_spws_for_line]: ... spw: 26, freq: 97.876890 - 97.876890 GHz
[2026-08-03 21:20:29] [DEBUG] [find_spws_for_line]: ... spw: 27, freq: 98.710378 - 100.584890 GHz
[2026-08-03 21:20:29] [DEBUG] [find_spws_for_line]: ... spw: 28, freq: 99.647390 - 99.647390 GHz
[2026-08-03 21:20:29] [INFO] [task_split]: ... extracting spws :23
[2026-08-03 21:20:29] [INFO] [split_science_targets]: 
[2026-08-03 21:20:29] [INFO] [split_science_targets]: &%&%&%&%&%&%&%&%&%&%&%&%&%&%&%&%&%&%&%&%
[2026-08-03 21:20:29] [INFO] [split_science_targets]: I will split out the data.
[2026-08-03 21:20:29] [INFO] [split_science_targets]: &%&%&%&%&%&%&%&%&%&%&%&%&%&%&%&%&%&%&%&%
[2026-08-03 21:20:29] [INFO] [split_science_targets]: 
[2026-08-03 21:20:29] [INFO] [split_science_targets]: Splitting from /nfs/home/lneumann/reduction/alma_data_reduction/calibration/2024.1.01512.S/science_goal.uid___A001_X37c7_Xb1/group.uid___A001_X37c7_Xb2/member.uid___A001_X37c7_Xb3/calibrated/uid___A002_X1255740_X96ea_targets.ms to ngc4254_2024.1.01512.S_12m_10_hcn.ms
[2026-08-03 21:20:29] [INFO] [split_science_targets]: Data lacks a CORRECTED column. Will use DATA column.
[2026-08-03 21:20:29] [INFO] [split_science_targets]: ... intent: OBSERVE_TARGET*
[2026-08-03 21:20:29] [INFO] [split_science_targets]: ... field: 
[2026-08-03 21:20:29] [INFO] [split_science_targets]: ... spw: 23
[2026-08-03 21:20:29] [INFO] [split_science_targets]: ... running CASA split(vis='/nfs/home/lneumann/reduction/alma_data_reduction/calibration/2024.1.01512.S/science_goal.uid___A001_X37c7_Xb1/group.uid___A001_X37c7_Xb2/member.uid___A001_X37c7_Xb3/calibrated/uid___A002_X1255740_X96ea_targets.ms', intent='OBSERVE_TARGET*', field='', spw='23', datacolumn='DATA', outputvis='ngc4254_2024.1.01512.S_12m_10_hcn.ms', keepflags=False, timebin='0s')
[2026-08-03 21:23:46] [INFO] [get_contsub_excludefreqrange]: No exclude_freq_ranges_ghz found for hcn .
[2026-08-03 21:23:46] [INFO] [get_contsub_flagedgefraction]: No flag_edge_fraction found for hcn Defaults to 0.0.
[2026-08-03 21:23:46] [INFO] [task_contsub]: 
[2026-08-03 21:23:46] [INFO] [task_contsub]: &%&%&%&%&%&%&%&%&%&%&%&%&%
[2026-08-03 21:23:46] [INFO] [task_contsub]: u-v continuum subtraction for
[2026-08-03 21:23:46] [INFO] [task_contsub]: ... file: ngc4254_2024.1.01512.S_12m_10_hcn.ms
[2026-08-03 21:23:46] [INFO] [task_contsub]: ... output: ngc4254_2024.1.01512.S_12m_10_hcn.ms.contsub
[2026-08-03 21:23:46] [INFO] [task_contsub]: ... excluding frequency ranges: [(np.float64(87.11664468780842), np.float64(87.32194560131371)), (np.float64(87.81675941883594), np.float64(88.02371023741223)), (np.float64(88.36831007997732), np.float64(88.57656069441906)), (np.float64(108.89501594156016), np.float64(109.15164022190397)), (np.float64(175.63095265624958), np.float64(176.04484824588516)), (np.float64(176.7346583687515), np.float64(177.15115497443662)), (np.float64(263.4409944264202), np.float64(264.0618250036802)), (np.float64(265.097073167083), np.float64(265.7218064942654)), (np.float64(351.24531925959974), np.float64(352.0730713518305)), (np.float64(353.45356295965945), np.float64(354.2865190453462)), (np.float64(439.04110336542016), np.float64(440.07575684536425)), (np.float64(441.8021857713506), np.float64(442.8433460760494)), (np.float64(526.826533573224), np.float64(528.068064040668)), (np.float64(530.1409599948805), np.float64(531.3903013092017)), (np.float64(614.5995589194804), np.float64(616.0479371408674)), (np.float64(618.4679139310094), np.float64(619.9254083990157))]
[2026-08-03 21:23:46] [INFO] [task_contsub]: ... fitorder: 0
[2026-08-03 21:23:46] [INFO] [task_contsub]: ... combine: 
[2026-08-03 21:23:46] [INFO] [task_contsub]: ... flag_edge_fraction: 0.0
[2026-08-03 21:23:46] [INFO] [task_contsub]: &%&%&%&%&%&%&%&%&%&%&%&%&%
[2026-08-03 21:23:46] [INFO] [task_contsub]: 
[2026-08-03 21:23:49] [INFO] [spw_string_for_freq_ranges]: ... returning SPW selection string:
[2026-08-03 21:23:49] [INFO] [spw_string_for_freq_ranges]: 0:0~401,0:828~1533,0:1957~2971,0:3391~3839
[2026-08-03 21:23:49] [INFO] [contsub]: ... running CASA uvcontsub(vis='ngc4254_2024.1.01512.S_12m_10_hcn.ms', outputvis='ngc4254_2024.1.01512.S_12m_10_hcn.ms.contsub', fitspec='0:0~401,0:828~1533,0:1957~2971,0:3391~3839', fitorder=0, fitmethod='gsl')
[2026-08-03 21:35:54] [INFO] [task_split]: 
[2026-08-03 21:35:54] [INFO] [task_split]: &%&%&%&%&%&%&%&%&%&%&%&%&%
[2026-08-03 21:35:54] [INFO] [task_split]: Splitting u-v data for
[2026-08-03 21:35:54] [INFO] [task_split]: &%&%&%&%&%&%&%&%&%&%&%&%&%
[2026-08-03 21:35:54] [INFO] [task_split]: 
[2026-08-03 21:35:54] [INFO] [task_split]: ... file: /nfs/home/lneumann/reduction/alma_data_reduction/calibration/2024.1.01512.S/science_goal.uid___A001_X37c7_Xb1/group.uid___A001_X37c7_Xb2/member.uid___A001_X37c7_Xb3/calibrated/uid___A002_X1255740_Xa399_targets.ms
[2026-08-03 21:35:54] [INFO] [task_split]: ... output: ngc4254_2024.1.01512.S_12m_11_hcn.ms
[2026-08-03 21:35:54] [INFO] [task_split]: ... timebin: 0s
[2026-08-03 21:35:54] [INFO] [task_split]: ... product: hcn
[2026-08-03 21:35:54] [INFO] [task_split]: ... combinespw: False
[2026-08-03 21:35:54] [DEBUG] [find_spws_for_line]: ... line: hcn10, line freq: 87.816759 - 88.023710, rest-freq: 88.631850
[2026-08-03 21:35:54] [DEBUG] [find_spws_for_line]: ... max_chanwidth_kms: 10.000, max_chanwidth_ghz: 0.002956
[2026-08-03 21:35:54] [DEBUG] [find_spws_for_line]: ... vm = au.ValueMapping(infile) ...
[2026-08-03 21:36:07] [DEBUG] [find_spws_for_line]: ... vm = au.ValueMapping(infile) done
[2026-08-03 21:36:07] [DEBUG] [find_spws_for_line]: ... spw: 0, freq: 85.877079 - 85.877079 GHz
[2026-08-03 21:36:07] [DEBUG] [find_spws_for_line]: ... spw: 1, freq: 87.835079 - 87.835079 GHz
[2026-08-03 21:36:07] [DEBUG] [find_spws_for_line]: ... spw: 2, freq: 97.877079 - 97.877079 GHz
[2026-08-03 21:36:07] [DEBUG] [find_spws_for_line]: ... spw: 3, freq: 99.835079 - 99.835079 GHz
[2026-08-03 21:36:07] [DEBUG] [find_spws_for_line]: ... spw: 5, freq: 84.884892 - 86.869267 GHz
[2026-08-03 21:36:07] [DEBUG] [find_spws_for_line]: ... spw: 6, freq: 85.853642 - 85.853642 GHz
[2026-08-03 21:36:07] [DEBUG] [find_spws_for_line]: ... spw: 7, freq: 86.842892 - 88.827267 GHz
[2026-08-03 21:36:07] [DEBUG] [find_spws_for_line]: ... spw: 8, freq: 87.811642 - 87.811642 GHz
[2026-08-03 21:36:07] [DEBUG] [find_spws_for_line]: ... spw: 9, freq: 96.884892 - 98.869267 GHz
[2026-08-03 21:36:07] [DEBUG] [find_spws_for_line]: ... spw: 10, freq: 97.853642 - 97.853642 GHz
[2026-08-03 21:36:07] [DEBUG] [find_spws_for_line]: ... spw: 11, freq: 98.842892 - 100.827267 GHz
[2026-08-03 21:36:07] [DEBUG] [find_spws_for_line]: ... spw: 12, freq: 99.811642 - 99.811642 GHz
[2026-08-03 21:36:07] [DEBUG] [find_spws_for_line]: ... spw: 13, freq: 86.009770 - 86.009770 GHz
[2026-08-03 21:36:07] [DEBUG] [find_spws_for_line]: ... spw: 14, freq: 99.647579 - 99.647579 GHz
[2026-08-03 21:36:07] [DEBUG] [find_spws_for_line]: ... spw: 15, freq: 85.017582 - 87.001957 GHz
[2026-08-03 21:36:07] [DEBUG] [find_spws_for_line]: ... spw: 16, freq: 86.001957 - 86.001957 GHz
[2026-08-03 21:36:07] [DEBUG] [find_spws_for_line]: ... spw: 17, freq: 87.827267 - 87.827267 GHz
[2026-08-03 21:36:07] [DEBUG] [find_spws_for_line]: ... spw: 18, freq: 97.869267 - 97.869267 GHz
[2026-08-03 21:36:07] [DEBUG] [find_spws_for_line]: ... spw: 19, freq: 98.655392 - 100.639767 GHz
[2026-08-03 21:36:07] [DEBUG] [find_spws_for_line]: ... spw: 20, freq: 99.639767 - 99.639767 GHz
[2026-08-03 21:36:07] [DEBUG] [find_spws_for_line]: ... spw: 21, freq: 85.072514 - 86.947026 GHz
[2026-08-03 21:36:07] [DEBUG] [find_spws_for_line]: ... spw: 22, freq: 86.009526 - 86.009526 GHz
[2026-08-03 21:36:07] [DEBUG] [find_spws_for_line]: ... spw: 23, freq: 86.897824 - 88.772335 GHz
[2026-08-03 21:36:07] [DEBUG] [find_spws_for_line]: ... spw: 24, freq: 87.834835 - 87.834835 GHz
[2026-08-03 21:36:07] [DEBUG] [find_spws_for_line]: ... spw: 25, freq: 96.939824 - 98.814335 GHz
[2026-08-03 21:36:07] [DEBUG] [find_spws_for_line]: ... spw: 26, freq: 97.876835 - 97.876835 GHz
[2026-08-03 21:36:07] [DEBUG] [find_spws_for_line]: ... spw: 27, freq: 98.710324 - 100.584835 GHz
[2026-08-03 21:36:07] [DEBUG] [find_spws_for_line]: ... spw: 28, freq: 99.647335 - 99.647335 GHz
[2026-08-03 21:36:07] [INFO] [task_split]: ... extracting spws :23
[2026-08-03 21:36:07] [INFO] [split_science_targets]: 
[2026-08-03 21:36:07] [INFO] [split_science_targets]: &%&%&%&%&%&%&%&%&%&%&%&%&%&%&%&%&%&%&%&%
[2026-08-03 21:36:07] [INFO] [split_science_targets]: I will split out the data.
[2026-08-03 21:36:07] [INFO] [split_science_targets]: &%&%&%&%&%&%&%&%&%&%&%&%&%&%&%&%&%&%&%&%
[2026-08-03 21:36:07] [INFO] [split_science_targets]: 
[2026-08-03 21:36:07] [INFO] [split_science_targets]: Splitting from /nfs/home/lneumann/reduction/alma_data_reduction/calibration/2024.1.01512.S/science_goal.uid___A001_X37c7_Xb1/group.uid___A001_X37c7_Xb2/member.uid___A001_X37c7_Xb3/calibrated/uid___A002_X1255740_Xa399_targets.ms to ngc4254_2024.1.01512.S_12m_11_hcn.ms
[2026-08-03 21:36:07] [INFO] [split_science_targets]: Data lacks a CORRECTED column. Will use DATA column.
[2026-08-03 21:36:07] [INFO] [split_science_targets]: ... intent: OBSERVE_TARGET*
[2026-08-03 21:36:07] [INFO] [split_science_targets]: ... field: 
[2026-08-03 21:36:07] [INFO] [split_science_targets]: ... spw: 23
[2026-08-03 21:36:07] [INFO] [split_science_targets]: ... running CASA split(vis='/nfs/home/lneumann/reduction/alma_data_reduction/calibration/2024.1.01512.S/science_goal.uid___A001_X37c7_Xb1/group.uid___A001_X37c7_Xb2/member.uid___A001_X37c7_Xb3/calibrated/uid___A002_X1255740_Xa399_targets.ms', intent='OBSERVE_TARGET*', field='', spw='23', datacolumn='DATA', outputvis='ngc4254_2024.1.01512.S_12m_11_hcn.ms', keepflags=False, timebin='0s')
[2026-08-03 21:39:22] [INFO] [get_contsub_excludefreqrange]: No exclude_freq_ranges_ghz found for hcn .
[2026-08-03 21:39:22] [INFO] [get_contsub_flagedgefraction]: No flag_edge_fraction found for hcn Defaults to 0.0.
[2026-08-03 21:39:22] [INFO] [task_contsub]: 
[2026-08-03 21:39:22] [INFO] [task_contsub]: &%&%&%&%&%&%&%&%&%&%&%&%&%
[2026-08-03 21:39:22] [INFO] [task_contsub]: u-v continuum subtraction for
[2026-08-03 21:39:22] [INFO] [task_contsub]: ... file: ngc4254_2024.1.01512.S_12m_11_hcn.ms
[2026-08-03 21:39:22] [INFO] [task_contsub]: ... output: ngc4254_2024.1.01512.S_12m_11_hcn.ms.contsub
[2026-08-03 21:39:22] [INFO] [task_contsub]: ... excluding frequency ranges: [(np.float64(87.11664468780842), np.float64(87.32194560131371)), (np.float64(87.81675941883594), np.float64(88.02371023741223)), (np.float64(88.36831007997732), np.float64(88.57656069441906)), (np.float64(108.89501594156016), np.float64(109.15164022190397)), (np.float64(175.63095265624958), np.float64(176.04484824588516)), (np.float64(176.7346583687515), np.float64(177.15115497443662)), (np.float64(263.4409944264202), np.float64(264.0618250036802)), (np.float64(265.097073167083), np.float64(265.7218064942654)), (np.float64(351.24531925959974), np.float64(352.0730713518305)), (np.float64(353.45356295965945), np.float64(354.2865190453462)), (np.float64(439.04110336542016), np.float64(440.07575684536425)), (np.float64(441.8021857713506), np.float64(442.8433460760494)), (np.float64(526.826533573224), np.float64(528.068064040668)), (np.float64(530.1409599948805), np.float64(531.3903013092017)), (np.float64(614.5995589194804), np.float64(616.0479371408674)), (np.float64(618.4679139310094), np.float64(619.9254083990157))]
[2026-08-03 21:39:22] [INFO] [task_contsub]: ... fitorder: 0
[2026-08-03 21:39:22] [INFO] [task_contsub]: ... combine: 
[2026-08-03 21:39:22] [INFO] [task_contsub]: ... flag_edge_fraction: 0.0
[2026-08-03 21:39:22] [INFO] [task_contsub]: &%&%&%&%&%&%&%&%&%&%&%&%&%
[2026-08-03 21:39:22] [INFO] [task_contsub]: 
[2026-08-03 21:39:24] [INFO] [spw_string_for_freq_ranges]: ... returning SPW selection string:
[2026-08-03 21:39:24] [INFO] [spw_string_for_freq_ranges]: 0:0~401,0:827~1533,0:1957~2970,0:3391~3839
[2026-08-03 21:39:24] [INFO] [contsub]: ... running CASA uvcontsub(vis='ngc4254_2024.1.01512.S_12m_11_hcn.ms', outputvis='ngc4254_2024.1.01512.S_12m_11_hcn.ms.contsub', fitspec='0:0~401,0:827~1533,0:1957~2970,0:3391~3839', fitorder=0, fitmethod='gsl')
[2026-08-03 21:49:52] [INFO] [task_split]: 
[2026-08-03 21:49:52] [INFO] [task_split]: &%&%&%&%&%&%&%&%&%&%&%&%&%
[2026-08-03 21:49:52] [INFO] [task_split]: Splitting u-v data for
[2026-08-03 21:49:52] [INFO] [task_split]: &%&%&%&%&%&%&%&%&%&%&%&%&%
[2026-08-03 21:49:52] [INFO] [task_split]: 
[2026-08-03 21:49:52] [INFO] [task_split]: ... file: /nfs/home/lneumann/reduction/alma_data_reduction/calibration/2024.1.01512.S/science_goal.uid___A001_X37c7_Xb1/group.uid___A001_X37c7_Xb2/member.uid___A001_X37c7_Xb3/calibrated/uid___A002_X1255740_Xaef9_targets.ms
[2026-08-03 21:49:52] [INFO] [task_split]: ... output: ngc4254_2024.1.01512.S_12m_12_hcn.ms
[2026-08-03 21:49:52] [INFO] [task_split]: ... timebin: 0s
[2026-08-03 21:49:52] [INFO] [task_split]: ... product: hcn
[2026-08-03 21:49:52] [INFO] [task_split]: ... combinespw: False
[2026-08-03 21:49:52] [DEBUG] [find_spws_for_line]: ... line: hcn10, line freq: 87.816759 - 88.023710, rest-freq: 88.631850
[2026-08-03 21:49:52] [DEBUG] [find_spws_for_line]: ... max_chanwidth_kms: 10.000, max_chanwidth_ghz: 0.002956
[2026-08-03 21:49:52] [DEBUG] [find_spws_for_line]: ... vm = au.ValueMapping(infile) ...
[2026-08-03 21:50:06] [DEBUG] [find_spws_for_line]: ... vm = au.ValueMapping(infile) done
[2026-08-03 21:50:06] [DEBUG] [find_spws_for_line]: ... spw: 0, freq: 85.877025 - 85.877025 GHz
[2026-08-03 21:50:06] [DEBUG] [find_spws_for_line]: ... spw: 1, freq: 87.835025 - 87.835025 GHz
[2026-08-03 21:50:06] [DEBUG] [find_spws_for_line]: ... spw: 2, freq: 97.877025 - 97.877025 GHz
[2026-08-03 21:50:06] [DEBUG] [find_spws_for_line]: ... spw: 3, freq: 99.835025 - 99.835025 GHz
[2026-08-03 21:50:06] [DEBUG] [find_spws_for_line]: ... spw: 5, freq: 84.884838 - 86.869213 GHz
[2026-08-03 21:50:06] [DEBUG] [find_spws_for_line]: ... spw: 6, freq: 85.853588 - 85.853588 GHz
[2026-08-03 21:50:06] [DEBUG] [find_spws_for_line]: ... spw: 7, freq: 86.842838 - 88.827213 GHz
[2026-08-03 21:50:06] [DEBUG] [find_spws_for_line]: ... spw: 8, freq: 87.811588 - 87.811588 GHz
[2026-08-03 21:50:06] [DEBUG] [find_spws_for_line]: ... spw: 9, freq: 96.884838 - 98.869213 GHz
[2026-08-03 21:50:06] [DEBUG] [find_spws_for_line]: ... spw: 10, freq: 97.853588 - 97.853588 GHz
[2026-08-03 21:50:06] [DEBUG] [find_spws_for_line]: ... spw: 11, freq: 98.842838 - 100.827213 GHz
[2026-08-03 21:50:06] [DEBUG] [find_spws_for_line]: ... spw: 12, freq: 99.811588 - 99.811588 GHz
[2026-08-03 21:50:06] [DEBUG] [find_spws_for_line]: ... spw: 13, freq: 86.009723 - 86.009723 GHz
[2026-08-03 21:50:06] [DEBUG] [find_spws_for_line]: ... spw: 14, freq: 99.647525 - 99.647525 GHz
[2026-08-03 21:50:06] [DEBUG] [find_spws_for_line]: ... spw: 15, freq: 85.017535 - 87.001910 GHz
[2026-08-03 21:50:06] [DEBUG] [find_spws_for_line]: ... spw: 16, freq: 86.001910 - 86.001910 GHz
[2026-08-03 21:50:06] [DEBUG] [find_spws_for_line]: ... spw: 17, freq: 87.827213 - 87.827213 GHz
[2026-08-03 21:50:06] [DEBUG] [find_spws_for_line]: ... spw: 18, freq: 97.869213 - 97.869213 GHz
[2026-08-03 21:50:06] [DEBUG] [find_spws_for_line]: ... spw: 19, freq: 98.655338 - 100.639713 GHz
[2026-08-03 21:50:06] [DEBUG] [find_spws_for_line]: ... spw: 20, freq: 99.639713 - 99.639713 GHz
[2026-08-03 21:50:06] [DEBUG] [find_spws_for_line]: ... spw: 21, freq: 85.072467 - 86.946979 GHz
[2026-08-03 21:50:06] [DEBUG] [find_spws_for_line]: ... spw: 22, freq: 86.009479 - 86.009479 GHz
[2026-08-03 21:50:06] [DEBUG] [find_spws_for_line]: ... spw: 23, freq: 86.897770 - 88.772281 GHz
[2026-08-03 21:50:06] [DEBUG] [find_spws_for_line]: ... spw: 24, freq: 87.834781 - 87.834781 GHz
[2026-08-03 21:50:06] [DEBUG] [find_spws_for_line]: ... spw: 25, freq: 96.939770 - 98.814281 GHz
[2026-08-03 21:50:06] [DEBUG] [find_spws_for_line]: ... spw: 26, freq: 97.876781 - 97.876781 GHz
[2026-08-03 21:50:06] [DEBUG] [find_spws_for_line]: ... spw: 27, freq: 98.710270 - 100.584781 GHz
[2026-08-03 21:50:06] [DEBUG] [find_spws_for_line]: ... spw: 28, freq: 99.647281 - 99.647281 GHz
[2026-08-03 21:50:06] [INFO] [task_split]: ... extracting spws :23
[2026-08-03 21:50:06] [INFO] [split_science_targets]: 
[2026-08-03 21:50:06] [INFO] [split_science_targets]: &%&%&%&%&%&%&%&%&%&%&%&%&%&%&%&%&%&%&%&%
[2026-08-03 21:50:06] [INFO] [split_science_targets]: I will split out the data.
[2026-08-03 21:50:06] [INFO] [split_science_targets]: &%&%&%&%&%&%&%&%&%&%&%&%&%&%&%&%&%&%&%&%
[2026-08-03 21:50:06] [INFO] [split_science_targets]: 
[2026-08-03 21:50:06] [INFO] [split_science_targets]: Splitting from /nfs/home/lneumann/reduction/alma_data_reduction/calibration/2024.1.01512.S/science_goal.uid___A001_X37c7_Xb1/group.uid___A001_X37c7_Xb2/member.uid___A001_X37c7_Xb3/calibrated/uid___A002_X1255740_Xaef9_targets.ms to ngc4254_2024.1.01512.S_12m_12_hcn.ms
[2026-08-03 21:50:06] [INFO] [split_science_targets]: Data lacks a CORRECTED column. Will use DATA column.
[2026-08-03 21:50:06] [INFO] [split_science_targets]: ... intent: OBSERVE_TARGET*
[2026-08-03 21:50:06] [INFO] [split_science_targets]: ... field: 
[2026-08-03 21:50:06] [INFO] [split_science_targets]: ... spw: 23
[2026-08-03 21:50:06] [INFO] [split_science_targets]: ... running CASA split(vis='/nfs/home/lneumann/reduction/alma_data_reduction/calibration/2024.1.01512.S/science_goal.uid___A001_X37c7_Xb1/group.uid___A001_X37c7_Xb2/member.uid___A001_X37c7_Xb3/calibrated/uid___A002_X1255740_Xaef9_targets.ms', intent='OBSERVE_TARGET*', field='', spw='23', datacolumn='DATA', outputvis='ngc4254_2024.1.01512.S_12m_12_hcn.ms', keepflags=False, timebin='0s')
[2026-08-03 21:53:14] [INFO] [get_contsub_excludefreqrange]: No exclude_freq_ranges_ghz found for hcn .
[2026-08-03 21:53:14] [INFO] [get_contsub_flagedgefraction]: No flag_edge_fraction found for hcn Defaults to 0.0.
[2026-08-03 21:53:14] [INFO] [task_contsub]: 
[2026-08-03 21:53:14] [INFO] [task_contsub]: &%&%&%&%&%&%&%&%&%&%&%&%&%
[2026-08-03 21:53:14] [INFO] [task_contsub]: u-v continuum subtraction for
[2026-08-03 21:53:14] [INFO] [task_contsub]: ... file: ngc4254_2024.1.01512.S_12m_12_hcn.ms
[2026-08-03 21:53:14] [INFO] [task_contsub]: ... output: ngc4254_2024.1.01512.S_12m_12_hcn.ms.contsub
[2026-08-03 21:53:14] [INFO] [task_contsub]: ... excluding frequency ranges: [(np.float64(87.11664468780842), np.float64(87.32194560131371)), (np.float64(87.81675941883594), np.float64(88.02371023741223)), (np.float64(88.36831007997732), np.float64(88.57656069441906)), (np.float64(108.89501594156016), np.float64(109.15164022190397)), (np.float64(175.63095265624958), np.float64(176.04484824588516)), (np.float64(176.7346583687515), np.float64(177.15115497443662)), (np.float64(263.4409944264202), np.float64(264.0618250036802)), (np.float64(265.097073167083), np.float64(265.7218064942654)), (np.float64(351.24531925959974), np.float64(352.0730713518305)), (np.float64(353.45356295965945), np.float64(354.2865190453462)), (np.float64(439.04110336542016), np.float64(440.07575684536425)), (np.float64(441.8021857713506), np.float64(442.8433460760494)), (np.float64(526.826533573224), np.float64(528.068064040668)), (np.float64(530.1409599948805), np.float64(531.3903013092017)), (np.float64(614.5995589194804), np.float64(616.0479371408674)), (np.float64(618.4679139310094), np.float64(619.9254083990157))]
[2026-08-03 21:53:14] [INFO] [task_contsub]: ... fitorder: 0
[2026-08-03 21:53:14] [INFO] [task_contsub]: ... combine: 
[2026-08-03 21:53:14] [INFO] [task_contsub]: ... flag_edge_fraction: 0.0
[2026-08-03 21:53:14] [INFO] [task_contsub]: &%&%&%&%&%&%&%&%&%&%&%&%&%
[2026-08-03 21:53:14] [INFO] [task_contsub]: 
[2026-08-03 21:53:16] [INFO] [spw_string_for_freq_ranges]: ... returning SPW selection string:
[2026-08-03 21:53:16] [INFO] [spw_string_for_freq_ranges]: 0:0~401,0:827~1533,0:1957~2970,0:3391~3839
[2026-08-03 21:53:16] [INFO] [contsub]: ... running CASA uvcontsub(vis='ngc4254_2024.1.01512.S_12m_12_hcn.ms', outputvis='ngc4254_2024.1.01512.S_12m_12_hcn.ms.contsub', fitspec='0:0~401,0:827~1533,0:1957~2970,0:3391~3839', fitorder=0, fitmethod='gsl')
[2026-08-03 22:04:21] [INFO] [task_split]: 
[2026-08-03 22:04:21] [INFO] [task_split]: &%&%&%&%&%&%&%&%&%&%&%&%&%
[2026-08-03 22:04:21] [INFO] [task_split]: Splitting u-v data for
[2026-08-03 22:04:21] [INFO] [task_split]: &%&%&%&%&%&%&%&%&%&%&%&%&%
[2026-08-03 22:04:21] [INFO] [task_split]: 
[2026-08-03 22:04:21] [INFO] [task_split]: ... file: /nfs/home/lneumann/reduction/alma_data_reduction/calibration/2024.1.01512.S/science_goal.uid___A001_X37c7_Xb1/group.uid___A001_X37c7_Xb2/member.uid___A001_X37c7_Xb3/calibrated/uid___A002_X124f393_Xd630_targets.ms
[2026-08-03 22:04:21] [INFO] [task_split]: ... output: ngc4254_2024.1.01512.S_12m_2_hcn.ms
[2026-08-03 22:04:21] [INFO] [task_split]: ... timebin: 0s
[2026-08-03 22:04:21] [INFO] [task_split]: ... product: hcn
[2026-08-03 22:04:21] [INFO] [task_split]: ... combinespw: False
[2026-08-03 22:04:21] [DEBUG] [find_spws_for_line]: ... line: hcn10, line freq: 87.816759 - 88.023710, rest-freq: 88.631850
[2026-08-03 22:04:21] [DEBUG] [find_spws_for_line]: ... max_chanwidth_kms: 10.000, max_chanwidth_ghz: 0.002956
[2026-08-03 22:04:21] [DEBUG] [find_spws_for_line]: ... vm = au.ValueMapping(infile) ...
[2026-08-03 22:04:37] [DEBUG] [find_spws_for_line]: ... vm = au.ValueMapping(infile) done
[2026-08-03 22:04:37] [DEBUG] [find_spws_for_line]: ... spw: 0, freq: 85.881186 - 85.881186 GHz
[2026-08-03 22:04:37] [DEBUG] [find_spws_for_line]: ... spw: 1, freq: 87.839186 - 87.839186 GHz
[2026-08-03 22:04:37] [DEBUG] [find_spws_for_line]: ... spw: 2, freq: 97.881186 - 97.881186 GHz
[2026-08-03 22:04:37] [DEBUG] [find_spws_for_line]: ... spw: 3, freq: 99.839186 - 99.839186 GHz
[2026-08-03 22:04:37] [DEBUG] [find_spws_for_line]: ... spw: 5, freq: 84.888998 - 86.873373 GHz
[2026-08-03 22:04:37] [DEBUG] [find_spws_for_line]: ... spw: 6, freq: 85.857748 - 85.857748 GHz
[2026-08-03 22:04:37] [DEBUG] [find_spws_for_line]: ... spw: 7, freq: 86.846998 - 88.831373 GHz
[2026-08-03 22:04:37] [DEBUG] [find_spws_for_line]: ... spw: 8, freq: 87.815748 - 87.815748 GHz
[2026-08-03 22:04:37] [DEBUG] [find_spws_for_line]: ... spw: 9, freq: 96.888998 - 98.873373 GHz
[2026-08-03 22:04:37] [DEBUG] [find_spws_for_line]: ... spw: 10, freq: 97.857748 - 97.857748 GHz
[2026-08-03 22:04:37] [DEBUG] [find_spws_for_line]: ... spw: 11, freq: 98.846998 - 100.831373 GHz
[2026-08-03 22:04:37] [DEBUG] [find_spws_for_line]: ... spw: 12, freq: 99.815748 - 99.815748 GHz
[2026-08-03 22:04:37] [DEBUG] [find_spws_for_line]: ... spw: 13, freq: 86.013346 - 86.013346 GHz
[2026-08-03 22:04:37] [DEBUG] [find_spws_for_line]: ... spw: 14, freq: 99.651686 - 99.651686 GHz
[2026-08-03 22:04:37] [DEBUG] [find_spws_for_line]: ... spw: 15, freq: 85.021159 - 87.005534 GHz
[2026-08-03 22:04:37] [DEBUG] [find_spws_for_line]: ... spw: 16, freq: 86.005534 - 86.005534 GHz
[2026-08-03 22:04:37] [DEBUG] [find_spws_for_line]: ... spw: 17, freq: 87.831373 - 87.831373 GHz
[2026-08-03 22:04:37] [DEBUG] [find_spws_for_line]: ... spw: 18, freq: 97.873373 - 97.873373 GHz
[2026-08-03 22:04:37] [DEBUG] [find_spws_for_line]: ... spw: 19, freq: 98.659498 - 100.643873 GHz
[2026-08-03 22:04:37] [DEBUG] [find_spws_for_line]: ... spw: 20, freq: 99.643873 - 99.643873 GHz
[2026-08-03 22:04:37] [DEBUG] [find_spws_for_line]: ... spw: 21, freq: 85.076090 - 86.950602 GHz
[2026-08-03 22:04:37] [DEBUG] [find_spws_for_line]: ... spw: 22, freq: 86.013102 - 86.013102 GHz
[2026-08-03 22:04:37] [DEBUG] [find_spws_for_line]: ... spw: 23, freq: 86.901930 - 88.776442 GHz
[2026-08-03 22:04:37] [DEBUG] [find_spws_for_line]: ... spw: 24, freq: 87.838942 - 87.838942 GHz
[2026-08-03 22:04:37] [DEBUG] [find_spws_for_line]: ... spw: 25, freq: 96.943930 - 98.818442 GHz
[2026-08-03 22:04:37] [DEBUG] [find_spws_for_line]: ... spw: 26, freq: 97.880942 - 97.880942 GHz
[2026-08-03 22:04:37] [DEBUG] [find_spws_for_line]: ... spw: 27, freq: 98.714430 - 100.588942 GHz
[2026-08-03 22:04:37] [DEBUG] [find_spws_for_line]: ... spw: 28, freq: 99.651442 - 99.651442 GHz
[2026-08-03 22:04:37] [INFO] [task_split]: ... extracting spws :23
[2026-08-03 22:04:37] [INFO] [split_science_targets]: 
[2026-08-03 22:04:37] [INFO] [split_science_targets]: &%&%&%&%&%&%&%&%&%&%&%&%&%&%&%&%&%&%&%&%
[2026-08-03 22:04:37] [INFO] [split_science_targets]: I will split out the data.
[2026-08-03 22:04:37] [INFO] [split_science_targets]: &%&%&%&%&%&%&%&%&%&%&%&%&%&%&%&%&%&%&%&%
[2026-08-03 22:04:37] [INFO] [split_science_targets]: 
[2026-08-03 22:04:37] [INFO] [split_science_targets]: Splitting from /nfs/home/lneumann/reduction/alma_data_reduction/calibration/2024.1.01512.S/science_goal.uid___A001_X37c7_Xb1/group.uid___A001_X37c7_Xb2/member.uid___A001_X37c7_Xb3/calibrated/uid___A002_X124f393_Xd630_targets.ms to ngc4254_2024.1.01512.S_12m_2_hcn.ms
[2026-08-03 22:04:37] [INFO] [split_science_targets]: Data lacks a CORRECTED column. Will use DATA column.
[2026-08-03 22:04:37] [INFO] [split_science_targets]: ... intent: OBSERVE_TARGET*
[2026-08-03 22:04:37] [INFO] [split_science_targets]: ... field: 
[2026-08-03 22:04:37] [INFO] [split_science_targets]: ... spw: 23
[2026-08-03 22:04:37] [INFO] [split_science_targets]: ... running CASA split(vis='/nfs/home/lneumann/reduction/alma_data_reduction/calibration/2024.1.01512.S/science_goal.uid___A001_X37c7_Xb1/group.uid___A001_X37c7_Xb2/member.uid___A001_X37c7_Xb3/calibrated/uid___A002_X124f393_Xd630_targets.ms', intent='OBSERVE_TARGET*', field='', spw='23', datacolumn='DATA', outputvis='ngc4254_2024.1.01512.S_12m_2_hcn.ms', keepflags=False, timebin='0s')
[2026-08-03 22:07:57] [INFO] [get_contsub_excludefreqrange]: No exclude_freq_ranges_ghz found for hcn .
[2026-08-03 22:07:57] [INFO] [get_contsub_flagedgefraction]: No flag_edge_fraction found for hcn Defaults to 0.0.
[2026-08-03 22:07:57] [INFO] [task_contsub]: 
[2026-08-03 22:07:57] [INFO] [task_contsub]: &%&%&%&%&%&%&%&%&%&%&%&%&%
[2026-08-03 22:07:57] [INFO] [task_contsub]: u-v continuum subtraction for
[2026-08-03 22:07:57] [INFO] [task_contsub]: ... file: ngc4254_2024.1.01512.S_12m_2_hcn.ms
[2026-08-03 22:07:57] [INFO] [task_contsub]: ... output: ngc4254_2024.1.01512.S_12m_2_hcn.ms.contsub
[2026-08-03 22:07:57] [INFO] [task_contsub]: ... excluding frequency ranges: [(np.float64(87.11664468780842), np.float64(87.32194560131371)), (np.float64(87.81675941883594), np.float64(88.02371023741223)), (np.float64(88.36831007997732), np.float64(88.57656069441906)), (np.float64(108.89501594156016), np.float64(109.15164022190397)), (np.float64(175.63095265624958), np.float64(176.04484824588516)), (np.float64(176.7346583687515), np.float64(177.15115497443662)), (np.float64(263.4409944264202), np.float64(264.0618250036802)), (np.float64(265.097073167083), np.float64(265.7218064942654)), (np.float64(351.24531925959974), np.float64(352.0730713518305)), (np.float64(353.45356295965945), np.float64(354.2865190453462)), (np.float64(439.04110336542016), np.float64(440.07575684536425)), (np.float64(441.8021857713506), np.float64(442.8433460760494)), (np.float64(526.826533573224), np.float64(528.068064040668)), (np.float64(530.1409599948805), np.float64(531.3903013092017)), (np.float64(614.5995589194804), np.float64(616.0479371408674)), (np.float64(618.4679139310094), np.float64(619.9254083990157))]
[2026-08-03 22:07:57] [INFO] [task_contsub]: ... fitorder: 0
[2026-08-03 22:07:57] [INFO] [task_contsub]: ... combine: 
[2026-08-03 22:07:57] [INFO] [task_contsub]: ... flag_edge_fraction: 0.0
[2026-08-03 22:07:57] [INFO] [task_contsub]: &%&%&%&%&%&%&%&%&%&%&%&%&%
[2026-08-03 22:07:57] [INFO] [task_contsub]: 
[2026-08-03 22:08:00] [INFO] [spw_string_for_freq_ranges]: ... returning SPW selection string:
[2026-08-03 22:08:00] [INFO] [spw_string_for_freq_ranges]: 0:0~409,0:836~1542,0:1965~2979,0:3399~3839
[2026-08-03 22:08:00] [INFO] [contsub]: ... running CASA uvcontsub(vis='ngc4254_2024.1.01512.S_12m_2_hcn.ms', outputvis='ngc4254_2024.1.01512.S_12m_2_hcn.ms.contsub', fitspec='0:0~409,0:836~1542,0:1965~2979,0:3399~3839', fitorder=0, fitmethod='gsl')
[2026-08-03 22:18:37] [INFO] [task_split]: 
[2026-08-03 22:18:37] [INFO] [task_split]: &%&%&%&%&%&%&%&%&%&%&%&%&%
[2026-08-03 22:18:37] [INFO] [task_split]: Splitting u-v data for
[2026-08-03 22:18:37] [INFO] [task_split]: &%&%&%&%&%&%&%&%&%&%&%&%&%
[2026-08-03 22:18:37] [INFO] [task_split]: 
[2026-08-03 22:18:37] [INFO] [task_split]: ... file: /nfs/home/lneumann/reduction/alma_data_reduction/calibration/2024.1.01512.S/science_goal.uid___A001_X37c7_Xb1/group.uid___A001_X37c7_Xb2/member.uid___A001_X37c7_Xb3/calibrated/uid___A002_X1255740_X1114a_targets.ms
[2026-08-03 22:18:37] [INFO] [task_split]: ... output: ngc4254_2024.1.01512.S_12m_3_hcn.ms
[2026-08-03 22:18:37] [INFO] [task_split]: ... timebin: 0s
[2026-08-03 22:18:37] [INFO] [task_split]: ... product: hcn
[2026-08-03 22:18:37] [INFO] [task_split]: ... combinespw: False
[2026-08-03 22:18:37] [DEBUG] [find_spws_for_line]: ... line: hcn10, line freq: 87.816759 - 88.023710, rest-freq: 88.631850
[2026-08-03 22:18:37] [DEBUG] [find_spws_for_line]: ... max_chanwidth_kms: 10.000, max_chanwidth_ghz: 0.002956
[2026-08-03 22:18:37] [DEBUG] [find_spws_for_line]: ... vm = au.ValueMapping(infile) ...
[2026-08-03 22:18:50] [DEBUG] [find_spws_for_line]: ... vm = au.ValueMapping(infile) done
[2026-08-03 22:18:50] [DEBUG] [find_spws_for_line]: ... spw: 0, freq: 85.876975 - 85.876975 GHz
[2026-08-03 22:18:50] [DEBUG] [find_spws_for_line]: ... spw: 1, freq: 87.834975 - 87.834975 GHz
[2026-08-03 22:18:50] [DEBUG] [find_spws_for_line]: ... spw: 2, freq: 97.876975 - 97.876975 GHz
[2026-08-03 22:18:50] [DEBUG] [find_spws_for_line]: ... spw: 3, freq: 99.834975 - 99.834975 GHz
[2026-08-03 22:18:50] [DEBUG] [find_spws_for_line]: ... spw: 5, freq: 84.884787 - 86.869162 GHz
[2026-08-03 22:18:50] [DEBUG] [find_spws_for_line]: ... spw: 6, freq: 85.853537 - 85.853537 GHz
[2026-08-03 22:18:50] [DEBUG] [find_spws_for_line]: ... spw: 7, freq: 86.842787 - 88.827162 GHz
[2026-08-03 22:18:50] [DEBUG] [find_spws_for_line]: ... spw: 8, freq: 87.811537 - 87.811537 GHz
[2026-08-03 22:18:50] [DEBUG] [find_spws_for_line]: ... spw: 9, freq: 96.884787 - 98.869162 GHz
[2026-08-03 22:18:50] [DEBUG] [find_spws_for_line]: ... spw: 10, freq: 97.853537 - 97.853537 GHz
[2026-08-03 22:18:50] [DEBUG] [find_spws_for_line]: ... spw: 11, freq: 98.842787 - 100.827162 GHz
[2026-08-03 22:18:50] [DEBUG] [find_spws_for_line]: ... spw: 12, freq: 99.811537 - 99.811537 GHz
[2026-08-03 22:18:50] [DEBUG] [find_spws_for_line]: ... spw: 13, freq: 86.009679 - 86.009679 GHz
[2026-08-03 22:18:50] [DEBUG] [find_spws_for_line]: ... spw: 14, freq: 99.647475 - 99.647475 GHz
[2026-08-03 22:18:50] [DEBUG] [find_spws_for_line]: ... spw: 15, freq: 85.017491 - 87.001866 GHz
[2026-08-03 22:18:50] [DEBUG] [find_spws_for_line]: ... spw: 16, freq: 86.001866 - 86.001866 GHz
[2026-08-03 22:18:50] [DEBUG] [find_spws_for_line]: ... spw: 17, freq: 87.827162 - 87.827162 GHz
[2026-08-03 22:18:50] [DEBUG] [find_spws_for_line]: ... spw: 18, freq: 97.869162 - 97.869162 GHz
[2026-08-03 22:18:50] [DEBUG] [find_spws_for_line]: ... spw: 19, freq: 98.655287 - 100.639662 GHz
[2026-08-03 22:18:50] [DEBUG] [find_spws_for_line]: ... spw: 20, freq: 99.639662 - 99.639662 GHz
[2026-08-03 22:18:50] [DEBUG] [find_spws_for_line]: ... spw: 21, freq: 85.072423 - 86.946934 GHz
[2026-08-03 22:18:50] [DEBUG] [find_spws_for_line]: ... spw: 22, freq: 86.009434 - 86.009434 GHz
[2026-08-03 22:18:50] [DEBUG] [find_spws_for_line]: ... spw: 23, freq: 86.897719 - 88.772230 GHz
[2026-08-03 22:18:50] [DEBUG] [find_spws_for_line]: ... spw: 24, freq: 87.834730 - 87.834730 GHz
[2026-08-03 22:18:50] [DEBUG] [find_spws_for_line]: ... spw: 25, freq: 96.939719 - 98.814230 GHz
[2026-08-03 22:18:50] [DEBUG] [find_spws_for_line]: ... spw: 26, freq: 97.876730 - 97.876730 GHz
[2026-08-03 22:18:50] [DEBUG] [find_spws_for_line]: ... spw: 27, freq: 98.710219 - 100.584730 GHz
[2026-08-03 22:18:50] [DEBUG] [find_spws_for_line]: ... spw: 28, freq: 99.647230 - 99.647230 GHz
[2026-08-03 22:18:50] [INFO] [task_split]: ... extracting spws :23
[2026-08-03 22:18:50] [INFO] [split_science_targets]: 
[2026-08-03 22:18:50] [INFO] [split_science_targets]: &%&%&%&%&%&%&%&%&%&%&%&%&%&%&%&%&%&%&%&%
[2026-08-03 22:18:50] [INFO] [split_science_targets]: I will split out the data.
[2026-08-03 22:18:50] [INFO] [split_science_targets]: &%&%&%&%&%&%&%&%&%&%&%&%&%&%&%&%&%&%&%&%
[2026-08-03 22:18:50] [INFO] [split_science_targets]: 
[2026-08-03 22:18:50] [INFO] [split_science_targets]: Splitting from /nfs/home/lneumann/reduction/alma_data_reduction/calibration/2024.1.01512.S/science_goal.uid___A001_X37c7_Xb1/group.uid___A001_X37c7_Xb2/member.uid___A001_X37c7_Xb3/calibrated/uid___A002_X1255740_X1114a_targets.ms to ngc4254_2024.1.01512.S_12m_3_hcn.ms
[2026-08-03 22:18:50] [INFO] [split_science_targets]: Data lacks a CORRECTED column. Will use DATA column.
[2026-08-03 22:18:50] [INFO] [split_science_targets]: ... intent: OBSERVE_TARGET*
[2026-08-03 22:18:50] [INFO] [split_science_targets]: ... field: 
[2026-08-03 22:18:50] [INFO] [split_science_targets]: ... spw: 23
[2026-08-03 22:18:50] [INFO] [split_science_targets]: ... running CASA split(vis='/nfs/home/lneumann/reduction/alma_data_reduction/calibration/2024.1.01512.S/science_goal.uid___A001_X37c7_Xb1/group.uid___A001_X37c7_Xb2/member.uid___A001_X37c7_Xb3/calibrated/uid___A002_X1255740_X1114a_targets.ms', intent='OBSERVE_TARGET*', field='', spw='23', datacolumn='DATA', outputvis='ngc4254_2024.1.01512.S_12m_3_hcn.ms', keepflags=False, timebin='0s')
[2026-08-03 22:22:00] [INFO] [get_contsub_excludefreqrange]: No exclude_freq_ranges_ghz found for hcn .
[2026-08-03 22:22:00] [INFO] [get_contsub_flagedgefraction]: No flag_edge_fraction found for hcn Defaults to 0.0.
[2026-08-03 22:22:00] [INFO] [task_contsub]: 
[2026-08-03 22:22:00] [INFO] [task_contsub]: &%&%&%&%&%&%&%&%&%&%&%&%&%
[2026-08-03 22:22:00] [INFO] [task_contsub]: u-v continuum subtraction for
[2026-08-03 22:22:00] [INFO] [task_contsub]: ... file: ngc4254_2024.1.01512.S_12m_3_hcn.ms
[2026-08-03 22:22:00] [INFO] [task_contsub]: ... output: ngc4254_2024.1.01512.S_12m_3_hcn.ms.contsub
[2026-08-03 22:22:00] [INFO] [task_contsub]: ... excluding frequency ranges: [(np.float64(87.11664468780842), np.float64(87.32194560131371)), (np.float64(87.81675941883594), np.float64(88.02371023741223)), (np.float64(88.36831007997732), np.float64(88.57656069441906)), (np.float64(108.89501594156016), np.float64(109.15164022190397)), (np.float64(175.63095265624958), np.float64(176.04484824588516)), (np.float64(176.7346583687515), np.float64(177.15115497443662)), (np.float64(263.4409944264202), np.float64(264.0618250036802)), (np.float64(265.097073167083), np.float64(265.7218064942654)), (np.float64(351.24531925959974), np.float64(352.0730713518305)), (np.float64(353.45356295965945), np.float64(354.2865190453462)), (np.float64(439.04110336542016), np.float64(440.07575684536425)), (np.float64(441.8021857713506), np.float64(442.8433460760494)), (np.float64(526.826533573224), np.float64(528.068064040668)), (np.float64(530.1409599948805), np.float64(531.3903013092017)), (np.float64(614.5995589194804), np.float64(616.0479371408674)), (np.float64(618.4679139310094), np.float64(619.9254083990157))]
[2026-08-03 22:22:00] [INFO] [task_contsub]: ... fitorder: 0
[2026-08-03 22:22:00] [INFO] [task_contsub]: ... combine: 
[2026-08-03 22:22:00] [INFO] [task_contsub]: ... flag_edge_fraction: 0.0
[2026-08-03 22:22:00] [INFO] [task_contsub]: &%&%&%&%&%&%&%&%&%&%&%&%&%
[2026-08-03 22:22:00] [INFO] [task_contsub]: 
[2026-08-03 22:22:03] [INFO] [spw_string_for_freq_ranges]: ... returning SPW selection string:
[2026-08-03 22:22:03] [INFO] [spw_string_for_freq_ranges]: 0:0~401,0:827~1533,0:1957~2970,0:3391~3839
[2026-08-03 22:22:03] [INFO] [contsub]: ... running CASA uvcontsub(vis='ngc4254_2024.1.01512.S_12m_3_hcn.ms', outputvis='ngc4254_2024.1.01512.S_12m_3_hcn.ms.contsub', fitspec='0:0~401,0:827~1533,0:1957~2970,0:3391~3839', fitorder=0, fitmethod='gsl')
[2026-08-03 22:34:12] [INFO] [task_split]: 
[2026-08-03 22:34:12] [INFO] [task_split]: &%&%&%&%&%&%&%&%&%&%&%&%&%
[2026-08-03 22:34:12] [INFO] [task_split]: Splitting u-v data for
[2026-08-03 22:34:12] [INFO] [task_split]: &%&%&%&%&%&%&%&%&%&%&%&%&%
[2026-08-03 22:34:12] [INFO] [task_split]: 
[2026-08-03 22:34:12] [INFO] [task_split]: ... file: /nfs/home/lneumann/reduction/alma_data_reduction/calibration/2024.1.01512.S/science_goal.uid___A001_X37c7_Xb1/group.uid___A001_X37c7_Xb2/member.uid___A001_X37c7_Xb3/calibrated/uid___A002_X1255740_X11d32_targets.ms
[2026-08-03 22:34:12] [INFO] [task_split]: ... output: ngc4254_2024.1.01512.S_12m_4_hcn.ms
[2026-08-03 22:34:12] [INFO] [task_split]: ... timebin: 0s
[2026-08-03 22:34:12] [INFO] [task_split]: ... product: hcn
[2026-08-03 22:34:12] [INFO] [task_split]: ... combinespw: False
[2026-08-03 22:34:12] [DEBUG] [find_spws_for_line]: ... line: hcn10, line freq: 87.816759 - 88.023710, rest-freq: 88.631850
[2026-08-03 22:34:12] [DEBUG] [find_spws_for_line]: ... max_chanwidth_kms: 10.000, max_chanwidth_ghz: 0.002956
[2026-08-03 22:34:12] [DEBUG] [find_spws_for_line]: ... vm = au.ValueMapping(infile) ...
[2026-08-03 22:34:24] [DEBUG] [find_spws_for_line]: ... vm = au.ValueMapping(infile) done
[2026-08-03 22:34:24] [DEBUG] [find_spws_for_line]: ... spw: 0, freq: 85.876920 - 85.876920 GHz
[2026-08-03 22:34:24] [DEBUG] [find_spws_for_line]: ... spw: 1, freq: 87.834920 - 87.834920 GHz
[2026-08-03 22:34:24] [DEBUG] [find_spws_for_line]: ... spw: 2, freq: 97.876920 - 97.876920 GHz
[2026-08-03 22:34:24] [DEBUG] [find_spws_for_line]: ... spw: 3, freq: 99.834920 - 99.834920 GHz
[2026-08-03 22:34:24] [DEBUG] [find_spws_for_line]: ... spw: 5, freq: 84.884732 - 86.869107 GHz
[2026-08-03 22:34:24] [DEBUG] [find_spws_for_line]: ... spw: 6, freq: 85.853482 - 85.853482 GHz
[2026-08-03 22:34:24] [DEBUG] [find_spws_for_line]: ... spw: 7, freq: 86.842732 - 88.827107 GHz
[2026-08-03 22:34:24] [DEBUG] [find_spws_for_line]: ... spw: 8, freq: 87.811482 - 87.811482 GHz
[2026-08-03 22:34:24] [DEBUG] [find_spws_for_line]: ... spw: 9, freq: 96.884732 - 98.869107 GHz
[2026-08-03 22:34:24] [DEBUG] [find_spws_for_line]: ... spw: 10, freq: 97.853482 - 97.853482 GHz
[2026-08-03 22:34:24] [DEBUG] [find_spws_for_line]: ... spw: 11, freq: 98.842732 - 100.827107 GHz
[2026-08-03 22:34:24] [DEBUG] [find_spws_for_line]: ... spw: 12, freq: 99.811482 - 99.811482 GHz
[2026-08-03 22:34:24] [DEBUG] [find_spws_for_line]: ... spw: 13, freq: 86.009631 - 86.009631 GHz
[2026-08-03 22:34:24] [DEBUG] [find_spws_for_line]: ... spw: 14, freq: 99.647420 - 99.647420 GHz
[2026-08-03 22:34:24] [DEBUG] [find_spws_for_line]: ... spw: 15, freq: 85.017443 - 87.001818 GHz
[2026-08-03 22:34:24] [DEBUG] [find_spws_for_line]: ... spw: 16, freq: 86.001818 - 86.001818 GHz
[2026-08-03 22:34:24] [DEBUG] [find_spws_for_line]: ... spw: 17, freq: 87.827107 - 87.827107 GHz
[2026-08-03 22:34:24] [DEBUG] [find_spws_for_line]: ... spw: 18, freq: 97.869107 - 97.869107 GHz
[2026-08-03 22:34:24] [DEBUG] [find_spws_for_line]: ... spw: 19, freq: 98.655232 - 100.639607 GHz
[2026-08-03 22:34:24] [DEBUG] [find_spws_for_line]: ... spw: 20, freq: 99.639607 - 99.639607 GHz
[2026-08-03 22:34:24] [DEBUG] [find_spws_for_line]: ... spw: 21, freq: 85.072375 - 86.946887 GHz
[2026-08-03 22:34:24] [DEBUG] [find_spws_for_line]: ... spw: 22, freq: 86.009387 - 86.009387 GHz
[2026-08-03 22:34:24] [DEBUG] [find_spws_for_line]: ... spw: 23, freq: 86.897664 - 88.772176 GHz
[2026-08-03 22:34:24] [DEBUG] [find_spws_for_line]: ... spw: 24, freq: 87.834676 - 87.834676 GHz
[2026-08-03 22:34:24] [DEBUG] [find_spws_for_line]: ... spw: 25, freq: 96.939664 - 98.814176 GHz
[2026-08-03 22:34:24] [DEBUG] [find_spws_for_line]: ... spw: 26, freq: 97.876676 - 97.876676 GHz
[2026-08-03 22:34:24] [DEBUG] [find_spws_for_line]: ... spw: 27, freq: 98.710164 - 100.584676 GHz
[2026-08-03 22:34:24] [DEBUG] [find_spws_for_line]: ... spw: 28, freq: 99.647176 - 99.647176 GHz
[2026-08-03 22:34:24] [INFO] [task_split]: ... extracting spws :23
[2026-08-03 22:34:24] [INFO] [split_science_targets]: 
[2026-08-03 22:34:24] [INFO] [split_science_targets]: &%&%&%&%&%&%&%&%&%&%&%&%&%&%&%&%&%&%&%&%
[2026-08-03 22:34:24] [INFO] [split_science_targets]: I will split out the data.
[2026-08-03 22:34:24] [INFO] [split_science_targets]: &%&%&%&%&%&%&%&%&%&%&%&%&%&%&%&%&%&%&%&%
[2026-08-03 22:34:24] [INFO] [split_science_targets]: 
[2026-08-03 22:34:24] [INFO] [split_science_targets]: Splitting from /nfs/home/lneumann/reduction/alma_data_reduction/calibration/2024.1.01512.S/science_goal.uid___A001_X37c7_Xb1/group.uid___A001_X37c7_Xb2/member.uid___A001_X37c7_Xb3/calibrated/uid___A002_X1255740_X11d32_targets.ms to ngc4254_2024.1.01512.S_12m_4_hcn.ms
[2026-08-03 22:34:24] [INFO] [split_science_targets]: Data lacks a CORRECTED column. Will use DATA column.
[2026-08-03 22:34:24] [INFO] [split_science_targets]: ... intent: OBSERVE_TARGET*
[2026-08-03 22:34:24] [INFO] [split_science_targets]: ... field: 
[2026-08-03 22:34:24] [INFO] [split_science_targets]: ... spw: 23
[2026-08-03 22:34:24] [INFO] [split_science_targets]: ... running CASA split(vis='/nfs/home/lneumann/reduction/alma_data_reduction/calibration/2024.1.01512.S/science_goal.uid___A001_X37c7_Xb1/group.uid___A001_X37c7_Xb2/member.uid___A001_X37c7_Xb3/calibrated/uid___A002_X1255740_X11d32_targets.ms', intent='OBSERVE_TARGET*', field='', spw='23', datacolumn='DATA', outputvis='ngc4254_2024.1.01512.S_12m_4_hcn.ms', keepflags=False, timebin='0s')
[2026-08-03 22:37:30] [INFO] [get_contsub_excludefreqrange]: No exclude_freq_ranges_ghz found for hcn .
[2026-08-03 22:37:30] [INFO] [get_contsub_flagedgefraction]: No flag_edge_fraction found for hcn Defaults to 0.0.
[2026-08-03 22:37:30] [INFO] [task_contsub]: 
[2026-08-03 22:37:30] [INFO] [task_contsub]: &%&%&%&%&%&%&%&%&%&%&%&%&%
[2026-08-03 22:37:30] [INFO] [task_contsub]: u-v continuum subtraction for
[2026-08-03 22:37:30] [INFO] [task_contsub]: ... file: ngc4254_2024.1.01512.S_12m_4_hcn.ms
[2026-08-03 22:37:30] [INFO] [task_contsub]: ... output: ngc4254_2024.1.01512.S_12m_4_hcn.ms.contsub
[2026-08-03 22:37:30] [INFO] [task_contsub]: ... excluding frequency ranges: [(np.float64(87.11664468780842), np.float64(87.32194560131371)), (np.float64(87.81675941883594), np.float64(88.02371023741223)), (np.float64(88.36831007997732), np.float64(88.57656069441906)), (np.float64(108.89501594156016), np.float64(109.15164022190397)), (np.float64(175.63095265624958), np.float64(176.04484824588516)), (np.float64(176.7346583687515), np.float64(177.15115497443662)), (np.float64(263.4409944264202), np.float64(264.0618250036802)), (np.float64(265.097073167083), np.float64(265.7218064942654)), (np.float64(351.24531925959974), np.float64(352.0730713518305)), (np.float64(353.45356295965945), np.float64(354.2865190453462)), (np.float64(439.04110336542016), np.float64(440.07575684536425)), (np.float64(441.8021857713506), np.float64(442.8433460760494)), (np.float64(526.826533573224), np.float64(528.068064040668)), (np.float64(530.1409599948805), np.float64(531.3903013092017)), (np.float64(614.5995589194804), np.float64(616.0479371408674)), (np.float64(618.4679139310094), np.float64(619.9254083990157))]
[2026-08-03 22:37:30] [INFO] [task_contsub]: ... fitorder: 0
[2026-08-03 22:37:30] [INFO] [task_contsub]: ... combine: 
[2026-08-03 22:37:30] [INFO] [task_contsub]: ... flag_edge_fraction: 0.0
[2026-08-03 22:37:30] [INFO] [task_contsub]: &%&%&%&%&%&%&%&%&%&%&%&%&%
[2026-08-03 22:37:30] [INFO] [task_contsub]: 
[2026-08-03 22:37:33] [INFO] [spw_string_for_freq_ranges]: ... returning SPW selection string:
[2026-08-03 22:37:33] [INFO] [spw_string_for_freq_ranges]: 0:0~401,0:827~1533,0:1957~2970,0:3391~3839
[2026-08-03 22:37:33] [INFO] [contsub]: ... running CASA uvcontsub(vis='ngc4254_2024.1.01512.S_12m_4_hcn.ms', outputvis='ngc4254_2024.1.01512.S_12m_4_hcn.ms.contsub', fitspec='0:0~401,0:827~1533,0:1957~2970,0:3391~3839', fitorder=0, fitmethod='gsl')
[2026-08-03 22:48:28] [INFO] [task_split]: 
[2026-08-03 22:48:28] [INFO] [task_split]: &%&%&%&%&%&%&%&%&%&%&%&%&%
[2026-08-03 22:48:28] [INFO] [task_split]: Splitting u-v data for
[2026-08-03 22:48:28] [INFO] [task_split]: &%&%&%&%&%&%&%&%&%&%&%&%&%
[2026-08-03 22:48:28] [INFO] [task_split]: 
[2026-08-03 22:48:28] [INFO] [task_split]: ... file: /nfs/home/lneumann/reduction/alma_data_reduction/calibration/2024.1.01512.S/science_goal.uid___A001_X37c7_Xb1/group.uid___A001_X37c7_Xb2/member.uid___A001_X37c7_Xb3/calibrated/uid___A002_X1255740_X128f0_targets.ms
[2026-08-03 22:48:28] [INFO] [task_split]: ... output: ngc4254_2024.1.01512.S_12m_5_hcn.ms
[2026-08-03 22:48:28] [INFO] [task_split]: ... timebin: 0s
[2026-08-03 22:48:28] [INFO] [task_split]: ... product: hcn
[2026-08-03 22:48:28] [INFO] [task_split]: ... combinespw: False
[2026-08-03 22:48:28] [DEBUG] [find_spws_for_line]: ... line: hcn10, line freq: 87.816759 - 88.023710, rest-freq: 88.631850
[2026-08-03 22:48:28] [DEBUG] [find_spws_for_line]: ... max_chanwidth_kms: 10.000, max_chanwidth_ghz: 0.002956
[2026-08-03 22:48:28] [DEBUG] [find_spws_for_line]: ... vm = au.ValueMapping(infile) ...
[2026-08-03 22:48:41] [DEBUG] [find_spws_for_line]: ... vm = au.ValueMapping(infile) done
[2026-08-03 22:48:41] [DEBUG] [find_spws_for_line]: ... spw: 0, freq: 85.876866 - 85.876866 GHz
[2026-08-03 22:48:41] [DEBUG] [find_spws_for_line]: ... spw: 1, freq: 87.834866 - 87.834866 GHz
[2026-08-03 22:48:41] [DEBUG] [find_spws_for_line]: ... spw: 2, freq: 97.876866 - 97.876866 GHz
[2026-08-03 22:48:41] [DEBUG] [find_spws_for_line]: ... spw: 3, freq: 99.834866 - 99.834866 GHz
[2026-08-03 22:48:41] [DEBUG] [find_spws_for_line]: ... spw: 5, freq: 84.884678 - 86.869053 GHz
[2026-08-03 22:48:41] [DEBUG] [find_spws_for_line]: ... spw: 6, freq: 85.853428 - 85.853428 GHz
[2026-08-03 22:48:41] [DEBUG] [find_spws_for_line]: ... spw: 7, freq: 86.842678 - 88.827053 GHz
[2026-08-03 22:48:41] [DEBUG] [find_spws_for_line]: ... spw: 8, freq: 87.811428 - 87.811428 GHz
[2026-08-03 22:48:41] [DEBUG] [find_spws_for_line]: ... spw: 9, freq: 96.884678 - 98.869053 GHz
[2026-08-03 22:48:41] [DEBUG] [find_spws_for_line]: ... spw: 10, freq: 97.853428 - 97.853428 GHz
[2026-08-03 22:48:41] [DEBUG] [find_spws_for_line]: ... spw: 11, freq: 98.842678 - 100.827053 GHz
[2026-08-03 22:48:41] [DEBUG] [find_spws_for_line]: ... spw: 12, freq: 99.811428 - 99.811428 GHz
[2026-08-03 22:48:41] [DEBUG] [find_spws_for_line]: ... spw: 13, freq: 86.009584 - 86.009584 GHz
[2026-08-03 22:48:41] [DEBUG] [find_spws_for_line]: ... spw: 14, freq: 99.647366 - 99.647366 GHz
[2026-08-03 22:48:41] [DEBUG] [find_spws_for_line]: ... spw: 15, freq: 85.017396 - 87.001771 GHz
[2026-08-03 22:48:41] [DEBUG] [find_spws_for_line]: ... spw: 16, freq: 86.001771 - 86.001771 GHz
[2026-08-03 22:48:41] [DEBUG] [find_spws_for_line]: ... spw: 17, freq: 87.827053 - 87.827053 GHz
[2026-08-03 22:48:41] [DEBUG] [find_spws_for_line]: ... spw: 18, freq: 97.869053 - 97.869053 GHz
[2026-08-03 22:48:41] [DEBUG] [find_spws_for_line]: ... spw: 19, freq: 98.655178 - 100.639553 GHz
[2026-08-03 22:48:41] [DEBUG] [find_spws_for_line]: ... spw: 20, freq: 99.639553 - 99.639553 GHz
[2026-08-03 22:48:41] [DEBUG] [find_spws_for_line]: ... spw: 21, freq: 85.072328 - 86.946840 GHz
[2026-08-03 22:48:41] [DEBUG] [find_spws_for_line]: ... spw: 22, freq: 86.009340 - 86.009340 GHz
[2026-08-03 22:48:41] [DEBUG] [find_spws_for_line]: ... spw: 23, freq: 86.897610 - 88.772122 GHz
[2026-08-03 22:48:41] [DEBUG] [find_spws_for_line]: ... spw: 24, freq: 87.834622 - 87.834622 GHz
[2026-08-03 22:48:41] [DEBUG] [find_spws_for_line]: ... spw: 25, freq: 96.939610 - 98.814122 GHz
[2026-08-03 22:48:41] [DEBUG] [find_spws_for_line]: ... spw: 26, freq: 97.876622 - 97.876622 GHz
[2026-08-03 22:48:41] [DEBUG] [find_spws_for_line]: ... spw: 27, freq: 98.710110 - 100.584622 GHz
[2026-08-03 22:48:41] [DEBUG] [find_spws_for_line]: ... spw: 28, freq: 99.647122 - 99.647122 GHz
[2026-08-03 22:48:41] [INFO] [task_split]: ... extracting spws :23
[2026-08-03 22:48:41] [INFO] [split_science_targets]: 
[2026-08-03 22:48:41] [INFO] [split_science_targets]: &%&%&%&%&%&%&%&%&%&%&%&%&%&%&%&%&%&%&%&%
[2026-08-03 22:48:41] [INFO] [split_science_targets]: I will split out the data.
[2026-08-03 22:48:41] [INFO] [split_science_targets]: &%&%&%&%&%&%&%&%&%&%&%&%&%&%&%&%&%&%&%&%
[2026-08-03 22:48:41] [INFO] [split_science_targets]: 
[2026-08-03 22:48:41] [INFO] [split_science_targets]: Splitting from /nfs/home/lneumann/reduction/alma_data_reduction/calibration/2024.1.01512.S/science_goal.uid___A001_X37c7_Xb1/group.uid___A001_X37c7_Xb2/member.uid___A001_X37c7_Xb3/calibrated/uid___A002_X1255740_X128f0_targets.ms to ngc4254_2024.1.01512.S_12m_5_hcn.ms
[2026-08-03 22:48:41] [INFO] [split_science_targets]: Data lacks a CORRECTED column. Will use DATA column.
[2026-08-03 22:48:41] [INFO] [split_science_targets]: ... intent: OBSERVE_TARGET*
[2026-08-03 22:48:41] [INFO] [split_science_targets]: ... field: 
[2026-08-03 22:48:41] [INFO] [split_science_targets]: ... spw: 23
[2026-08-03 22:48:41] [INFO] [split_science_targets]: ... running CASA split(vis='/nfs/home/lneumann/reduction/alma_data_reduction/calibration/2024.1.01512.S/science_goal.uid___A001_X37c7_Xb1/group.uid___A001_X37c7_Xb2/member.uid___A001_X37c7_Xb3/calibrated/uid___A002_X1255740_X128f0_targets.ms', intent='OBSERVE_TARGET*', field='', spw='23', datacolumn='DATA', outputvis='ngc4254_2024.1.01512.S_12m_5_hcn.ms', keepflags=False, timebin='0s')
[2026-08-03 22:51:50] [INFO] [get_contsub_excludefreqrange]: No exclude_freq_ranges_ghz found for hcn .
[2026-08-03 22:51:50] [INFO] [get_contsub_flagedgefraction]: No flag_edge_fraction found for hcn Defaults to 0.0.
[2026-08-03 22:51:50] [INFO] [task_contsub]: 
[2026-08-03 22:51:50] [INFO] [task_contsub]: &%&%&%&%&%&%&%&%&%&%&%&%&%
[2026-08-03 22:51:50] [INFO] [task_contsub]: u-v continuum subtraction for
[2026-08-03 22:51:50] [INFO] [task_contsub]: ... file: ngc4254_2024.1.01512.S_12m_5_hcn.ms
[2026-08-03 22:51:50] [INFO] [task_contsub]: ... output: ngc4254_2024.1.01512.S_12m_5_hcn.ms.contsub
[2026-08-03 22:51:50] [INFO] [task_contsub]: ... excluding frequency ranges: [(np.float64(87.11664468780842), np.float64(87.32194560131371)), (np.float64(87.81675941883594), np.float64(88.02371023741223)), (np.float64(88.36831007997732), np.float64(88.57656069441906)), (np.float64(108.89501594156016), np.float64(109.15164022190397)), (np.float64(175.63095265624958), np.float64(176.04484824588516)), (np.float64(176.7346583687515), np.float64(177.15115497443662)), (np.float64(263.4409944264202), np.float64(264.0618250036802)), (np.float64(265.097073167083), np.float64(265.7218064942654)), (np.float64(351.24531925959974), np.float64(352.0730713518305)), (np.float64(353.45356295965945), np.float64(354.2865190453462)), (np.float64(439.04110336542016), np.float64(440.07575684536425)), (np.float64(441.8021857713506), np.float64(442.8433460760494)), (np.float64(526.826533573224), np.float64(528.068064040668)), (np.float64(530.1409599948805), np.float64(531.3903013092017)), (np.float64(614.5995589194804), np.float64(616.0479371408674)), (np.float64(618.4679139310094), np.float64(619.9254083990157))]
[2026-08-03 22:51:50] [INFO] [task_contsub]: ... fitorder: 0
[2026-08-03 22:51:50] [INFO] [task_contsub]: ... combine: 
[2026-08-03 22:51:50] [INFO] [task_contsub]: ... flag_edge_fraction: 0.0
[2026-08-03 22:51:50] [INFO] [task_contsub]: &%&%&%&%&%&%&%&%&%&%&%&%&%
[2026-08-03 22:51:50] [INFO] [task_contsub]: 
[2026-08-03 22:51:52] [INFO] [spw_string_for_freq_ranges]: ... returning SPW selection string:
[2026-08-03 22:51:52] [INFO] [spw_string_for_freq_ranges]: 0:0~401,0:827~1533,0:1957~2970,0:3390~3839
[2026-08-03 22:51:52] [INFO] [contsub]: ... running CASA uvcontsub(vis='ngc4254_2024.1.01512.S_12m_5_hcn.ms', outputvis='ngc4254_2024.1.01512.S_12m_5_hcn.ms.contsub', fitspec='0:0~401,0:827~1533,0:1957~2970,0:3390~3839', fitorder=0, fitmethod='gsl')
[2026-08-03 23:01:53] [INFO] [task_split]: 
[2026-08-03 23:01:53] [INFO] [task_split]: &%&%&%&%&%&%&%&%&%&%&%&%&%
[2026-08-03 23:01:53] [INFO] [task_split]: Splitting u-v data for
[2026-08-03 23:01:53] [INFO] [task_split]: &%&%&%&%&%&%&%&%&%&%&%&%&%
[2026-08-03 23:01:53] [INFO] [task_split]: 
[2026-08-03 23:01:53] [INFO] [task_split]: ... file: /nfs/home/lneumann/reduction/alma_data_reduction/calibration/2024.1.01512.S/science_goal.uid___A001_X37c7_Xb1/group.uid___A001_X37c7_Xb2/member.uid___A001_X37c7_Xb3/calibrated/uid___A002_X1255740_X214a2_targets.ms
[2026-08-03 23:01:53] [INFO] [task_split]: ... output: ngc4254_2024.1.01512.S_12m_6_hcn.ms
[2026-08-03 23:01:53] [INFO] [task_split]: ... timebin: 0s
[2026-08-03 23:01:53] [INFO] [task_split]: ... product: hcn
[2026-08-03 23:01:53] [INFO] [task_split]: ... combinespw: False
[2026-08-03 23:01:53] [DEBUG] [find_spws_for_line]: ... line: hcn10, line freq: 87.816759 - 88.023710, rest-freq: 88.631850
[2026-08-03 23:01:53] [DEBUG] [find_spws_for_line]: ... max_chanwidth_kms: 10.000, max_chanwidth_ghz: 0.002956
[2026-08-03 23:01:53] [DEBUG] [find_spws_for_line]: ... vm = au.ValueMapping(infile) ...
[2026-08-03 23:02:07] [DEBUG] [find_spws_for_line]: ... vm = au.ValueMapping(infile) done
[2026-08-03 23:02:07] [DEBUG] [find_spws_for_line]: ... spw: 0, freq: 85.876605 - 85.876605 GHz
[2026-08-03 23:02:07] [DEBUG] [find_spws_for_line]: ... spw: 1, freq: 87.834605 - 87.834605 GHz
[2026-08-03 23:02:07] [DEBUG] [find_spws_for_line]: ... spw: 2, freq: 97.876605 - 97.876605 GHz
[2026-08-03 23:02:07] [DEBUG] [find_spws_for_line]: ... spw: 3, freq: 99.834605 - 99.834605 GHz
[2026-08-03 23:02:07] [DEBUG] [find_spws_for_line]: ... spw: 5, freq: 84.884417 - 86.868792 GHz
[2026-08-03 23:02:07] [DEBUG] [find_spws_for_line]: ... spw: 6, freq: 85.853167 - 85.853167 GHz
[2026-08-03 23:02:07] [DEBUG] [find_spws_for_line]: ... spw: 7, freq: 86.842417 - 88.826792 GHz
[2026-08-03 23:02:07] [DEBUG] [find_spws_for_line]: ... spw: 8, freq: 87.811167 - 87.811167 GHz
[2026-08-03 23:02:07] [DEBUG] [find_spws_for_line]: ... spw: 9, freq: 96.884417 - 98.868792 GHz
[2026-08-03 23:02:07] [DEBUG] [find_spws_for_line]: ... spw: 10, freq: 97.853167 - 97.853167 GHz
[2026-08-03 23:02:07] [DEBUG] [find_spws_for_line]: ... spw: 11, freq: 98.842417 - 100.826792 GHz
[2026-08-03 23:02:07] [DEBUG] [find_spws_for_line]: ... spw: 12, freq: 99.811167 - 99.811167 GHz
[2026-08-03 23:02:07] [DEBUG] [find_spws_for_line]: ... spw: 13, freq: 86.009356 - 86.009356 GHz
[2026-08-03 23:02:07] [DEBUG] [find_spws_for_line]: ... spw: 14, freq: 99.647105 - 99.647105 GHz
[2026-08-03 23:02:07] [DEBUG] [find_spws_for_line]: ... spw: 15, freq: 85.017169 - 87.001544 GHz
[2026-08-03 23:02:07] [DEBUG] [find_spws_for_line]: ... spw: 16, freq: 86.001544 - 86.001544 GHz
[2026-08-03 23:02:07] [DEBUG] [find_spws_for_line]: ... spw: 17, freq: 87.826792 - 87.826792 GHz
[2026-08-03 23:02:07] [DEBUG] [find_spws_for_line]: ... spw: 18, freq: 97.868792 - 97.868792 GHz
[2026-08-03 23:02:07] [DEBUG] [find_spws_for_line]: ... spw: 19, freq: 98.654917 - 100.639292 GHz
[2026-08-03 23:02:07] [DEBUG] [find_spws_for_line]: ... spw: 20, freq: 99.639292 - 99.639292 GHz
[2026-08-03 23:02:07] [DEBUG] [find_spws_for_line]: ... spw: 21, freq: 85.072101 - 86.946612 GHz
[2026-08-03 23:02:07] [DEBUG] [find_spws_for_line]: ... spw: 22, freq: 86.009112 - 86.009112 GHz
[2026-08-03 23:02:07] [DEBUG] [find_spws_for_line]: ... spw: 23, freq: 86.897349 - 88.771861 GHz
[2026-08-03 23:02:07] [DEBUG] [find_spws_for_line]: ... spw: 24, freq: 87.834361 - 87.834361 GHz
[2026-08-03 23:02:07] [DEBUG] [find_spws_for_line]: ... spw: 25, freq: 96.939349 - 98.813861 GHz
[2026-08-03 23:02:07] [DEBUG] [find_spws_for_line]: ... spw: 26, freq: 97.876361 - 97.876361 GHz
[2026-08-03 23:02:07] [DEBUG] [find_spws_for_line]: ... spw: 27, freq: 98.709849 - 100.584361 GHz
[2026-08-03 23:02:07] [DEBUG] [find_spws_for_line]: ... spw: 28, freq: 99.646861 - 99.646861 GHz
[2026-08-03 23:02:07] [INFO] [task_split]: ... extracting spws :23
[2026-08-03 23:02:07] [INFO] [split_science_targets]: 
[2026-08-03 23:02:07] [INFO] [split_science_targets]: &%&%&%&%&%&%&%&%&%&%&%&%&%&%&%&%&%&%&%&%
[2026-08-03 23:02:07] [INFO] [split_science_targets]: I will split out the data.
[2026-08-03 23:02:07] [INFO] [split_science_targets]: &%&%&%&%&%&%&%&%&%&%&%&%&%&%&%&%&%&%&%&%
[2026-08-03 23:02:07] [INFO] [split_science_targets]: 
[2026-08-03 23:02:07] [INFO] [split_science_targets]: Splitting from /nfs/home/lneumann/reduction/alma_data_reduction/calibration/2024.1.01512.S/science_goal.uid___A001_X37c7_Xb1/group.uid___A001_X37c7_Xb2/member.uid___A001_X37c7_Xb3/calibrated/uid___A002_X1255740_X214a2_targets.ms to ngc4254_2024.1.01512.S_12m_6_hcn.ms
[2026-08-03 23:02:07] [INFO] [split_science_targets]: Data lacks a CORRECTED column. Will use DATA column.
[2026-08-03 23:02:07] [INFO] [split_science_targets]: ... intent: OBSERVE_TARGET*
[2026-08-03 23:02:07] [INFO] [split_science_targets]: ... field: 
[2026-08-03 23:02:07] [INFO] [split_science_targets]: ... spw: 23
[2026-08-03 23:02:07] [INFO] [split_science_targets]: ... running CASA split(vis='/nfs/home/lneumann/reduction/alma_data_reduction/calibration/2024.1.01512.S/science_goal.uid___A001_X37c7_Xb1/group.uid___A001_X37c7_Xb2/member.uid___A001_X37c7_Xb3/calibrated/uid___A002_X1255740_X214a2_targets.ms', intent='OBSERVE_TARGET*', field='', spw='23', datacolumn='DATA', outputvis='ngc4254_2024.1.01512.S_12m_6_hcn.ms', keepflags=False, timebin='0s')
[2026-08-03 23:05:10] [INFO] [get_contsub_excludefreqrange]: No exclude_freq_ranges_ghz found for hcn .
[2026-08-03 23:05:10] [INFO] [get_contsub_flagedgefraction]: No flag_edge_fraction found for hcn Defaults to 0.0.
[2026-08-03 23:05:10] [INFO] [task_contsub]: 
[2026-08-03 23:05:10] [INFO] [task_contsub]: &%&%&%&%&%&%&%&%&%&%&%&%&%
[2026-08-03 23:05:10] [INFO] [task_contsub]: u-v continuum subtraction for
[2026-08-03 23:05:10] [INFO] [task_contsub]: ... file: ngc4254_2024.1.01512.S_12m_6_hcn.ms
[2026-08-03 23:05:10] [INFO] [task_contsub]: ... output: ngc4254_2024.1.01512.S_12m_6_hcn.ms.contsub
[2026-08-03 23:05:10] [INFO] [task_contsub]: ... excluding frequency ranges: [(np.float64(87.11664468780842), np.float64(87.32194560131371)), (np.float64(87.81675941883594), np.float64(88.02371023741223)), (np.float64(88.36831007997732), np.float64(88.57656069441906)), (np.float64(108.89501594156016), np.float64(109.15164022190397)), (np.float64(175.63095265624958), np.float64(176.04484824588516)), (np.float64(176.7346583687515), np.float64(177.15115497443662)), (np.float64(263.4409944264202), np.float64(264.0618250036802)), (np.float64(265.097073167083), np.float64(265.7218064942654)), (np.float64(351.24531925959974), np.float64(352.0730713518305)), (np.float64(353.45356295965945), np.float64(354.2865190453462)), (np.float64(439.04110336542016), np.float64(440.07575684536425)), (np.float64(441.8021857713506), np.float64(442.8433460760494)), (np.float64(526.826533573224), np.float64(528.068064040668)), (np.float64(530.1409599948805), np.float64(531.3903013092017)), (np.float64(614.5995589194804), np.float64(616.0479371408674)), (np.float64(618.4679139310094), np.float64(619.9254083990157))]
[2026-08-03 23:05:10] [INFO] [task_contsub]: ... fitorder: 0
[2026-08-03 23:05:10] [INFO] [task_contsub]: ... combine: 
[2026-08-03 23:05:10] [INFO] [task_contsub]: ... flag_edge_fraction: 0.0
[2026-08-03 23:05:10] [INFO] [task_contsub]: &%&%&%&%&%&%&%&%&%&%&%&%&%
[2026-08-03 23:05:10] [INFO] [task_contsub]: 
[2026-08-03 23:05:12] [INFO] [spw_string_for_freq_ranges]: ... returning SPW selection string:
[2026-08-03 23:05:12] [INFO] [spw_string_for_freq_ranges]: 0:0~400,0:826~1532,0:1956~2969,0:3390~3839
[2026-08-03 23:05:12] [INFO] [contsub]: ... running CASA uvcontsub(vis='ngc4254_2024.1.01512.S_12m_6_hcn.ms', outputvis='ngc4254_2024.1.01512.S_12m_6_hcn.ms.contsub', fitspec='0:0~400,0:826~1532,0:1956~2969,0:3390~3839', fitorder=0, fitmethod='gsl')
[2026-08-03 23:15:40] [INFO] [task_split]: 
[2026-08-03 23:15:40] [INFO] [task_split]: &%&%&%&%&%&%&%&%&%&%&%&%&%
[2026-08-03 23:15:40] [INFO] [task_split]: Splitting u-v data for
[2026-08-03 23:15:40] [INFO] [task_split]: &%&%&%&%&%&%&%&%&%&%&%&%&%
[2026-08-03 23:15:40] [INFO] [task_split]: 
[2026-08-03 23:15:40] [INFO] [task_split]: ... file: /nfs/home/lneumann/reduction/alma_data_reduction/calibration/2024.1.01512.S/science_goal.uid___A001_X37c7_Xb1/group.uid___A001_X37c7_Xb2/member.uid___A001_X37c7_Xb3/calibrated/uid___A002_X1255740_X221ca_targets.ms
[2026-08-03 23:15:40] [INFO] [task_split]: ... output: ngc4254_2024.1.01512.S_12m_7_hcn.ms
[2026-08-03 23:15:40] [INFO] [task_split]: ... timebin: 0s
[2026-08-03 23:15:40] [INFO] [task_split]: ... product: hcn
[2026-08-03 23:15:40] [INFO] [task_split]: ... combinespw: False
[2026-08-03 23:15:40] [DEBUG] [find_spws_for_line]: ... line: hcn10, line freq: 87.816759 - 88.023710, rest-freq: 88.631850
[2026-08-03 23:15:40] [DEBUG] [find_spws_for_line]: ... max_chanwidth_kms: 10.000, max_chanwidth_ghz: 0.002956
[2026-08-03 23:15:40] [DEBUG] [find_spws_for_line]: ... vm = au.ValueMapping(infile) ...
[2026-08-03 23:15:56] [DEBUG] [find_spws_for_line]: ... vm = au.ValueMapping(infile) done
[2026-08-03 23:15:56] [DEBUG] [find_spws_for_line]: ... spw: 0, freq: 85.876550 - 85.876550 GHz
[2026-08-03 23:15:56] [DEBUG] [find_spws_for_line]: ... spw: 1, freq: 87.834550 - 87.834550 GHz
[2026-08-03 23:15:56] [DEBUG] [find_spws_for_line]: ... spw: 2, freq: 97.876550 - 97.876550 GHz
[2026-08-03 23:15:56] [DEBUG] [find_spws_for_line]: ... spw: 3, freq: 99.834550 - 99.834550 GHz
[2026-08-03 23:15:56] [DEBUG] [find_spws_for_line]: ... spw: 5, freq: 84.884363 - 86.868738 GHz
[2026-08-03 23:15:56] [DEBUG] [find_spws_for_line]: ... spw: 6, freq: 85.853113 - 85.853113 GHz
[2026-08-03 23:15:56] [DEBUG] [find_spws_for_line]: ... spw: 7, freq: 86.842363 - 88.826738 GHz
[2026-08-03 23:15:56] [DEBUG] [find_spws_for_line]: ... spw: 8, freq: 87.811113 - 87.811113 GHz
[2026-08-03 23:15:56] [DEBUG] [find_spws_for_line]: ... spw: 9, freq: 96.884363 - 98.868738 GHz
[2026-08-03 23:15:56] [DEBUG] [find_spws_for_line]: ... spw: 10, freq: 97.853113 - 97.853113 GHz
[2026-08-03 23:15:56] [DEBUG] [find_spws_for_line]: ... spw: 11, freq: 98.842363 - 100.826738 GHz
[2026-08-03 23:15:56] [DEBUG] [find_spws_for_line]: ... spw: 12, freq: 99.811113 - 99.811113 GHz
[2026-08-03 23:15:56] [DEBUG] [find_spws_for_line]: ... spw: 13, freq: 86.009309 - 86.009309 GHz
[2026-08-03 23:15:56] [DEBUG] [find_spws_for_line]: ... spw: 14, freq: 99.647050 - 99.647050 GHz
[2026-08-03 23:15:56] [DEBUG] [find_spws_for_line]: ... spw: 15, freq: 85.017121 - 87.001496 GHz
[2026-08-03 23:15:56] [DEBUG] [find_spws_for_line]: ... spw: 16, freq: 86.001496 - 86.001496 GHz
[2026-08-03 23:15:56] [DEBUG] [find_spws_for_line]: ... spw: 17, freq: 87.826738 - 87.826738 GHz
[2026-08-03 23:15:56] [DEBUG] [find_spws_for_line]: ... spw: 18, freq: 97.868738 - 97.868738 GHz
[2026-08-03 23:15:56] [DEBUG] [find_spws_for_line]: ... spw: 19, freq: 98.654863 - 100.639238 GHz
[2026-08-03 23:15:56] [DEBUG] [find_spws_for_line]: ... spw: 20, freq: 99.639238 - 99.639238 GHz
[2026-08-03 23:15:56] [DEBUG] [find_spws_for_line]: ... spw: 21, freq: 85.072053 - 86.946565 GHz
[2026-08-03 23:15:56] [DEBUG] [find_spws_for_line]: ... spw: 22, freq: 86.009065 - 86.009065 GHz
[2026-08-03 23:15:56] [DEBUG] [find_spws_for_line]: ... spw: 23, freq: 86.897294 - 88.771806 GHz
[2026-08-03 23:15:56] [DEBUG] [find_spws_for_line]: ... spw: 24, freq: 87.834306 - 87.834306 GHz
[2026-08-03 23:15:56] [DEBUG] [find_spws_for_line]: ... spw: 25, freq: 96.939294 - 98.813806 GHz
[2026-08-03 23:15:56] [DEBUG] [find_spws_for_line]: ... spw: 26, freq: 97.876306 - 97.876306 GHz
[2026-08-03 23:15:56] [DEBUG] [find_spws_for_line]: ... spw: 27, freq: 98.709794 - 100.584306 GHz
[2026-08-03 23:15:56] [DEBUG] [find_spws_for_line]: ... spw: 28, freq: 99.646806 - 99.646806 GHz
[2026-08-03 23:15:56] [INFO] [task_split]: ... extracting spws :23
[2026-08-03 23:15:56] [INFO] [split_science_targets]: 
[2026-08-03 23:15:56] [INFO] [split_science_targets]: &%&%&%&%&%&%&%&%&%&%&%&%&%&%&%&%&%&%&%&%
[2026-08-03 23:15:56] [INFO] [split_science_targets]: I will split out the data.
[2026-08-03 23:15:56] [INFO] [split_science_targets]: &%&%&%&%&%&%&%&%&%&%&%&%&%&%&%&%&%&%&%&%
[2026-08-03 23:15:56] [INFO] [split_science_targets]: 
[2026-08-03 23:15:56] [INFO] [split_science_targets]: Splitting from /nfs/home/lneumann/reduction/alma_data_reduction/calibration/2024.1.01512.S/science_goal.uid___A001_X37c7_Xb1/group.uid___A001_X37c7_Xb2/member.uid___A001_X37c7_Xb3/calibrated/uid___A002_X1255740_X221ca_targets.ms to ngc4254_2024.1.01512.S_12m_7_hcn.ms
[2026-08-03 23:15:56] [INFO] [split_science_targets]: Data lacks a CORRECTED column. Will use DATA column.
[2026-08-03 23:15:56] [INFO] [split_science_targets]: ... intent: OBSERVE_TARGET*
[2026-08-03 23:15:56] [INFO] [split_science_targets]: ... field: 
[2026-08-03 23:15:56] [INFO] [split_science_targets]: ... spw: 23
[2026-08-03 23:15:56] [INFO] [split_science_targets]: ... running CASA split(vis='/nfs/home/lneumann/reduction/alma_data_reduction/calibration/2024.1.01512.S/science_goal.uid___A001_X37c7_Xb1/group.uid___A001_X37c7_Xb2/member.uid___A001_X37c7_Xb3/calibrated/uid___A002_X1255740_X221ca_targets.ms', intent='OBSERVE_TARGET*', field='', spw='23', datacolumn='DATA', outputvis='ngc4254_2024.1.01512.S_12m_7_hcn.ms', keepflags=False, timebin='0s')
[2026-08-03 23:19:11] [INFO] [get_contsub_excludefreqrange]: No exclude_freq_ranges_ghz found for hcn .
[2026-08-03 23:19:11] [INFO] [get_contsub_flagedgefraction]: No flag_edge_fraction found for hcn Defaults to 0.0.
[2026-08-03 23:19:11] [INFO] [task_contsub]: 
[2026-08-03 23:19:11] [INFO] [task_contsub]: &%&%&%&%&%&%&%&%&%&%&%&%&%
[2026-08-03 23:19:11] [INFO] [task_contsub]: u-v continuum subtraction for
[2026-08-03 23:19:11] [INFO] [task_contsub]: ... file: ngc4254_2024.1.01512.S_12m_7_hcn.ms
[2026-08-03 23:19:11] [INFO] [task_contsub]: ... output: ngc4254_2024.1.01512.S_12m_7_hcn.ms.contsub
[2026-08-03 23:19:11] [INFO] [task_contsub]: ... excluding frequency ranges: [(np.float64(87.11664468780842), np.float64(87.32194560131371)), (np.float64(87.81675941883594), np.float64(88.02371023741223)), (np.float64(88.36831007997732), np.float64(88.57656069441906)), (np.float64(108.89501594156016), np.float64(109.15164022190397)), (np.float64(175.63095265624958), np.float64(176.04484824588516)), (np.float64(176.7346583687515), np.float64(177.15115497443662)), (np.float64(263.4409944264202), np.float64(264.0618250036802)), (np.float64(265.097073167083), np.float64(265.7218064942654)), (np.float64(351.24531925959974), np.float64(352.0730713518305)), (np.float64(353.45356295965945), np.float64(354.2865190453462)), (np.float64(439.04110336542016), np.float64(440.07575684536425)), (np.float64(441.8021857713506), np.float64(442.8433460760494)), (np.float64(526.826533573224), np.float64(528.068064040668)), (np.float64(530.1409599948805), np.float64(531.3903013092017)), (np.float64(614.5995589194804), np.float64(616.0479371408674)), (np.float64(618.4679139310094), np.float64(619.9254083990157))]
[2026-08-03 23:19:11] [INFO] [task_contsub]: ... fitorder: 0
[2026-08-03 23:19:11] [INFO] [task_contsub]: ... combine: 
[2026-08-03 23:19:11] [INFO] [task_contsub]: ... flag_edge_fraction: 0.0
[2026-08-03 23:19:11] [INFO] [task_contsub]: &%&%&%&%&%&%&%&%&%&%&%&%&%
[2026-08-03 23:19:11] [INFO] [task_contsub]: 
[2026-08-03 23:19:13] [INFO] [spw_string_for_freq_ranges]: ... returning SPW selection string:
[2026-08-03 23:19:13] [INFO] [spw_string_for_freq_ranges]: 0:0~400,0:826~1532,0:1956~2969,0:3390~3839
[2026-08-03 23:19:13] [INFO] [contsub]: ... running CASA uvcontsub(vis='ngc4254_2024.1.01512.S_12m_7_hcn.ms', outputvis='ngc4254_2024.1.01512.S_12m_7_hcn.ms.contsub', fitspec='0:0~400,0:826~1532,0:1956~2969,0:3390~3839', fitorder=0, fitmethod='gsl')
[2026-08-03 23:29:08] [INFO] [task_split]: 
[2026-08-03 23:29:08] [INFO] [task_split]: &%&%&%&%&%&%&%&%&%&%&%&%&%
[2026-08-03 23:29:08] [INFO] [task_split]: Splitting u-v data for
[2026-08-03 23:29:08] [INFO] [task_split]: &%&%&%&%&%&%&%&%&%&%&%&%&%
[2026-08-03 23:29:08] [INFO] [task_split]: 
[2026-08-03 23:29:08] [INFO] [task_split]: ... file: /nfs/home/lneumann/reduction/alma_data_reduction/calibration/2024.1.01512.S/science_goal.uid___A001_X37c7_Xb1/group.uid___A001_X37c7_Xb2/member.uid___A001_X37c7_Xb3/calibrated/uid___A002_X1255740_X4ba5_targets.ms
[2026-08-03 23:29:08] [INFO] [task_split]: ... output: ngc4254_2024.1.01512.S_12m_8_hcn.ms
[2026-08-03 23:29:08] [INFO] [task_split]: ... timebin: 0s
[2026-08-03 23:29:08] [INFO] [task_split]: ... product: hcn
[2026-08-03 23:29:08] [INFO] [task_split]: ... combinespw: False
[2026-08-03 23:29:08] [DEBUG] [find_spws_for_line]: ... line: hcn10, line freq: 87.816759 - 88.023710, rest-freq: 88.631850
[2026-08-03 23:29:08] [DEBUG] [find_spws_for_line]: ... max_chanwidth_kms: 10.000, max_chanwidth_ghz: 0.002956
[2026-08-03 23:29:08] [DEBUG] [find_spws_for_line]: ... vm = au.ValueMapping(infile) ...
[2026-08-03 23:29:19] [DEBUG] [find_spws_for_line]: ... vm = au.ValueMapping(infile) done
[2026-08-03 23:29:19] [DEBUG] [find_spws_for_line]: ... spw: 0, freq: 85.877166 - 85.877166 GHz
[2026-08-03 23:29:19] [DEBUG] [find_spws_for_line]: ... spw: 1, freq: 87.835166 - 87.835166 GHz
[2026-08-03 23:29:19] [DEBUG] [find_spws_for_line]: ... spw: 2, freq: 97.877166 - 97.877166 GHz
[2026-08-03 23:29:19] [DEBUG] [find_spws_for_line]: ... spw: 3, freq: 99.835166 - 99.835166 GHz
[2026-08-03 23:29:19] [DEBUG] [find_spws_for_line]: ... spw: 5, freq: 84.884979 - 86.869354 GHz
[2026-08-03 23:29:19] [DEBUG] [find_spws_for_line]: ... spw: 6, freq: 85.853729 - 85.853729 GHz
[2026-08-03 23:29:19] [DEBUG] [find_spws_for_line]: ... spw: 7, freq: 86.842979 - 88.827354 GHz
[2026-08-03 23:29:19] [DEBUG] [find_spws_for_line]: ... spw: 8, freq: 87.811729 - 87.811729 GHz
[2026-08-03 23:29:19] [DEBUG] [find_spws_for_line]: ... spw: 9, freq: 96.884979 - 98.869354 GHz
[2026-08-03 23:29:19] [DEBUG] [find_spws_for_line]: ... spw: 10, freq: 97.853729 - 97.853729 GHz
[2026-08-03 23:29:19] [DEBUG] [find_spws_for_line]: ... spw: 11, freq: 98.842979 - 100.827354 GHz
[2026-08-03 23:29:19] [DEBUG] [find_spws_for_line]: ... spw: 12, freq: 99.811729 - 99.811729 GHz
[2026-08-03 23:29:19] [DEBUG] [find_spws_for_line]: ... spw: 13, freq: 86.009845 - 86.009845 GHz
[2026-08-03 23:29:19] [DEBUG] [find_spws_for_line]: ... spw: 14, freq: 99.647666 - 99.647666 GHz
[2026-08-03 23:29:19] [DEBUG] [find_spws_for_line]: ... spw: 15, freq: 85.017658 - 87.002033 GHz
[2026-08-03 23:29:19] [DEBUG] [find_spws_for_line]: ... spw: 16, freq: 86.002033 - 86.002033 GHz
[2026-08-03 23:29:19] [DEBUG] [find_spws_for_line]: ... spw: 17, freq: 87.827354 - 87.827354 GHz
[2026-08-03 23:29:19] [DEBUG] [find_spws_for_line]: ... spw: 18, freq: 97.869354 - 97.869354 GHz
[2026-08-03 23:29:19] [DEBUG] [find_spws_for_line]: ... spw: 19, freq: 98.655479 - 100.639854 GHz
[2026-08-03 23:29:19] [DEBUG] [find_spws_for_line]: ... spw: 20, freq: 99.639854 - 99.639854 GHz
[2026-08-03 23:29:19] [DEBUG] [find_spws_for_line]: ... spw: 21, freq: 85.072590 - 86.947101 GHz
[2026-08-03 23:29:19] [DEBUG] [find_spws_for_line]: ... spw: 22, freq: 86.009601 - 86.009601 GHz
[2026-08-03 23:29:19] [DEBUG] [find_spws_for_line]: ... spw: 23, freq: 86.897910 - 88.772422 GHz
[2026-08-03 23:29:19] [DEBUG] [find_spws_for_line]: ... spw: 24, freq: 87.834922 - 87.834922 GHz
[2026-08-03 23:29:19] [DEBUG] [find_spws_for_line]: ... spw: 25, freq: 96.939910 - 98.814422 GHz
[2026-08-03 23:29:19] [DEBUG] [find_spws_for_line]: ... spw: 26, freq: 97.876922 - 97.876922 GHz
[2026-08-03 23:29:19] [DEBUG] [find_spws_for_line]: ... spw: 27, freq: 98.710410 - 100.584922 GHz
[2026-08-03 23:29:19] [DEBUG] [find_spws_for_line]: ... spw: 28, freq: 99.647422 - 99.647422 GHz
[2026-08-03 23:29:19] [INFO] [task_split]: ... extracting spws :23
[2026-08-03 23:29:19] [INFO] [split_science_targets]: 
[2026-08-03 23:29:19] [INFO] [split_science_targets]: &%&%&%&%&%&%&%&%&%&%&%&%&%&%&%&%&%&%&%&%
[2026-08-03 23:29:19] [INFO] [split_science_targets]: I will split out the data.
[2026-08-03 23:29:19] [INFO] [split_science_targets]: &%&%&%&%&%&%&%&%&%&%&%&%&%&%&%&%&%&%&%&%
[2026-08-03 23:29:19] [INFO] [split_science_targets]: 
[2026-08-03 23:29:19] [INFO] [split_science_targets]: Splitting from /nfs/home/lneumann/reduction/alma_data_reduction/calibration/2024.1.01512.S/science_goal.uid___A001_X37c7_Xb1/group.uid___A001_X37c7_Xb2/member.uid___A001_X37c7_Xb3/calibrated/uid___A002_X1255740_X4ba5_targets.ms to ngc4254_2024.1.01512.S_12m_8_hcn.ms
[2026-08-03 23:29:19] [INFO] [split_science_targets]: Data lacks a CORRECTED column. Will use DATA column.
[2026-08-03 23:29:19] [INFO] [split_science_targets]: ... intent: OBSERVE_TARGET*
[2026-08-03 23:29:19] [INFO] [split_science_targets]: ... field: 
[2026-08-03 23:29:19] [INFO] [split_science_targets]: ... spw: 23
[2026-08-03 23:29:19] [INFO] [split_science_targets]: ... running CASA split(vis='/nfs/home/lneumann/reduction/alma_data_reduction/calibration/2024.1.01512.S/science_goal.uid___A001_X37c7_Xb1/group.uid___A001_X37c7_Xb2/member.uid___A001_X37c7_Xb3/calibrated/uid___A002_X1255740_X4ba5_targets.ms', intent='OBSERVE_TARGET*', field='', spw='23', datacolumn='DATA', outputvis='ngc4254_2024.1.01512.S_12m_8_hcn.ms', keepflags=False, timebin='0s')
[2026-08-03 23:32:09] [INFO] [get_contsub_excludefreqrange]: No exclude_freq_ranges_ghz found for hcn .
[2026-08-03 23:32:09] [INFO] [get_contsub_flagedgefraction]: No flag_edge_fraction found for hcn Defaults to 0.0.
[2026-08-03 23:32:09] [INFO] [task_contsub]: 
[2026-08-03 23:32:09] [INFO] [task_contsub]: &%&%&%&%&%&%&%&%&%&%&%&%&%
[2026-08-03 23:32:09] [INFO] [task_contsub]: u-v continuum subtraction for
[2026-08-03 23:32:09] [INFO] [task_contsub]: ... file: ngc4254_2024.1.01512.S_12m_8_hcn.ms
[2026-08-03 23:32:09] [INFO] [task_contsub]: ... output: ngc4254_2024.1.01512.S_12m_8_hcn.ms.contsub
[2026-08-03 23:32:09] [INFO] [task_contsub]: ... excluding frequency ranges: [(np.float64(87.11664468780842), np.float64(87.32194560131371)), (np.float64(87.81675941883594), np.float64(88.02371023741223)), (np.float64(88.36831007997732), np.float64(88.57656069441906)), (np.float64(108.89501594156016), np.float64(109.15164022190397)), (np.float64(175.63095265624958), np.float64(176.04484824588516)), (np.float64(176.7346583687515), np.float64(177.15115497443662)), (np.float64(263.4409944264202), np.float64(264.0618250036802)), (np.float64(265.097073167083), np.float64(265.7218064942654)), (np.float64(351.24531925959974), np.float64(352.0730713518305)), (np.float64(353.45356295965945), np.float64(354.2865190453462)), (np.float64(439.04110336542016), np.float64(440.07575684536425)), (np.float64(441.8021857713506), np.float64(442.8433460760494)), (np.float64(526.826533573224), np.float64(528.068064040668)), (np.float64(530.1409599948805), np.float64(531.3903013092017)), (np.float64(614.5995589194804), np.float64(616.0479371408674)), (np.float64(618.4679139310094), np.float64(619.9254083990157))]
[2026-08-03 23:32:09] [INFO] [task_contsub]: ... fitorder: 0
[2026-08-03 23:32:09] [INFO] [task_contsub]: ... combine: 
[2026-08-03 23:32:09] [INFO] [task_contsub]: ... flag_edge_fraction: 0.0
[2026-08-03 23:32:09] [INFO] [task_contsub]: &%&%&%&%&%&%&%&%&%&%&%&%&%
[2026-08-03 23:32:09] [INFO] [task_contsub]: 
[2026-08-03 23:32:11] [INFO] [spw_string_for_freq_ranges]: ... returning SPW selection string:
[2026-08-03 23:32:11] [INFO] [spw_string_for_freq_ranges]: 0:0~401,0:828~1533,0:1957~2971,0:3391~3839
[2026-08-03 23:32:11] [INFO] [contsub]: ... running CASA uvcontsub(vis='ngc4254_2024.1.01512.S_12m_8_hcn.ms', outputvis='ngc4254_2024.1.01512.S_12m_8_hcn.ms.contsub', fitspec='0:0~401,0:828~1533,0:1957~2971,0:3391~3839', fitorder=0, fitmethod='gsl')
[2026-08-03 23:40:48] [INFO] [task_split]: 
[2026-08-03 23:40:48] [INFO] [task_split]: &%&%&%&%&%&%&%&%&%&%&%&%&%
[2026-08-03 23:40:48] [INFO] [task_split]: Splitting u-v data for
[2026-08-03 23:40:48] [INFO] [task_split]: &%&%&%&%&%&%&%&%&%&%&%&%&%
[2026-08-03 23:40:48] [INFO] [task_split]: 
[2026-08-03 23:40:48] [INFO] [task_split]: ... file: /nfs/home/lneumann/reduction/alma_data_reduction/calibration/2024.1.01512.S/science_goal.uid___A001_X37c7_Xb1/group.uid___A001_X37c7_Xb2/member.uid___A001_X37c7_Xb3/calibrated/uid___A002_X1255740_X8a0e_targets.ms
[2026-08-03 23:40:48] [INFO] [task_split]: ... output: ngc4254_2024.1.01512.S_12m_9_hcn.ms
[2026-08-03 23:40:48] [INFO] [task_split]: ... timebin: 0s
[2026-08-03 23:40:48] [INFO] [task_split]: ... product: hcn
[2026-08-03 23:40:48] [INFO] [task_split]: ... combinespw: False
[2026-08-03 23:40:48] [DEBUG] [find_spws_for_line]: ... line: hcn10, line freq: 87.816759 - 88.023710, rest-freq: 88.631850
[2026-08-03 23:40:48] [DEBUG] [find_spws_for_line]: ... max_chanwidth_kms: 10.000, max_chanwidth_ghz: 0.002956
[2026-08-03 23:40:48] [DEBUG] [find_spws_for_line]: ... vm = au.ValueMapping(infile) ...
[2026-08-03 23:41:00] [DEBUG] [find_spws_for_line]: ... vm = au.ValueMapping(infile) done
[2026-08-03 23:41:00] [DEBUG] [find_spws_for_line]: ... spw: 0, freq: 85.877184 - 85.877184 GHz
[2026-08-03 23:41:00] [DEBUG] [find_spws_for_line]: ... spw: 1, freq: 87.835184 - 87.835184 GHz
[2026-08-03 23:41:00] [DEBUG] [find_spws_for_line]: ... spw: 2, freq: 97.877184 - 97.877184 GHz
[2026-08-03 23:41:00] [DEBUG] [find_spws_for_line]: ... spw: 3, freq: 99.835184 - 99.835184 GHz
[2026-08-03 23:41:00] [DEBUG] [find_spws_for_line]: ... spw: 5, freq: 84.884997 - 86.869372 GHz
[2026-08-03 23:41:00] [DEBUG] [find_spws_for_line]: ... spw: 6, freq: 85.853747 - 85.853747 GHz
[2026-08-03 23:41:00] [DEBUG] [find_spws_for_line]: ... spw: 7, freq: 86.842997 - 88.827372 GHz
[2026-08-03 23:41:00] [DEBUG] [find_spws_for_line]: ... spw: 8, freq: 87.811747 - 87.811747 GHz
[2026-08-03 23:41:00] [DEBUG] [find_spws_for_line]: ... spw: 9, freq: 96.884997 - 98.869372 GHz
[2026-08-03 23:41:00] [DEBUG] [find_spws_for_line]: ... spw: 10, freq: 97.853747 - 97.853747 GHz
[2026-08-03 23:41:00] [DEBUG] [find_spws_for_line]: ... spw: 11, freq: 98.842997 - 100.827372 GHz
[2026-08-03 23:41:00] [DEBUG] [find_spws_for_line]: ... spw: 12, freq: 99.811747 - 99.811747 GHz
[2026-08-03 23:41:00] [DEBUG] [find_spws_for_line]: ... spw: 13, freq: 86.009861 - 86.009861 GHz
[2026-08-03 23:41:00] [DEBUG] [find_spws_for_line]: ... spw: 14, freq: 99.647684 - 99.647684 GHz
[2026-08-03 23:41:00] [DEBUG] [find_spws_for_line]: ... spw: 15, freq: 85.017673 - 87.002048 GHz
[2026-08-03 23:41:00] [DEBUG] [find_spws_for_line]: ... spw: 16, freq: 86.002048 - 86.002048 GHz
[2026-08-03 23:41:00] [DEBUG] [find_spws_for_line]: ... spw: 17, freq: 87.827372 - 87.827372 GHz
[2026-08-03 23:41:00] [DEBUG] [find_spws_for_line]: ... spw: 18, freq: 97.869372 - 97.869372 GHz
[2026-08-03 23:41:00] [DEBUG] [find_spws_for_line]: ... spw: 19, freq: 98.655497 - 100.639872 GHz
[2026-08-03 23:41:00] [DEBUG] [find_spws_for_line]: ... spw: 20, freq: 99.639872 - 99.639872 GHz
[2026-08-03 23:41:00] [DEBUG] [find_spws_for_line]: ... spw: 21, freq: 85.072605 - 86.947117 GHz
[2026-08-03 23:41:00] [DEBUG] [find_spws_for_line]: ... spw: 22, freq: 86.009617 - 86.009617 GHz
[2026-08-03 23:41:00] [DEBUG] [find_spws_for_line]: ... spw: 23, freq: 86.897928 - 88.772440 GHz
[2026-08-03 23:41:00] [DEBUG] [find_spws_for_line]: ... spw: 24, freq: 87.834940 - 87.834940 GHz
[2026-08-03 23:41:00] [DEBUG] [find_spws_for_line]: ... spw: 25, freq: 96.939928 - 98.814440 GHz
[2026-08-03 23:41:00] [DEBUG] [find_spws_for_line]: ... spw: 26, freq: 97.876940 - 97.876940 GHz
[2026-08-03 23:41:00] [DEBUG] [find_spws_for_line]: ... spw: 27, freq: 98.710428 - 100.584940 GHz
[2026-08-03 23:41:00] [DEBUG] [find_spws_for_line]: ... spw: 28, freq: 99.647440 - 99.647440 GHz
[2026-08-03 23:41:00] [INFO] [task_split]: ... extracting spws :23
[2026-08-03 23:41:01] [INFO] [split_science_targets]: 
[2026-08-03 23:41:01] [INFO] [split_science_targets]: &%&%&%&%&%&%&%&%&%&%&%&%&%&%&%&%&%&%&%&%
[2026-08-03 23:41:01] [INFO] [split_science_targets]: I will split out the data.
[2026-08-03 23:41:01] [INFO] [split_science_targets]: &%&%&%&%&%&%&%&%&%&%&%&%&%&%&%&%&%&%&%&%
[2026-08-03 23:41:01] [INFO] [split_science_targets]: 
[2026-08-03 23:41:01] [INFO] [split_science_targets]: Splitting from /nfs/home/lneumann/reduction/alma_data_reduction/calibration/2024.1.01512.S/science_goal.uid___A001_X37c7_Xb1/group.uid___A001_X37c7_Xb2/member.uid___A001_X37c7_Xb3/calibrated/uid___A002_X1255740_X8a0e_targets.ms to ngc4254_2024.1.01512.S_12m_9_hcn.ms
[2026-08-03 23:41:01] [INFO] [split_science_targets]: Data lacks a CORRECTED column. Will use DATA column.
[2026-08-03 23:41:01] [INFO] [split_science_targets]: ... intent: OBSERVE_TARGET*
[2026-08-03 23:41:01] [INFO] [split_science_targets]: ... field: 
[2026-08-03 23:41:01] [INFO] [split_science_targets]: ... spw: 23
[2026-08-03 23:41:01] [INFO] [split_science_targets]: ... running CASA split(vis='/nfs/home/lneumann/reduction/alma_data_reduction/calibration/2024.1.01512.S/science_goal.uid___A001_X37c7_Xb1/group.uid___A001_X37c7_Xb2/member.uid___A001_X37c7_Xb3/calibrated/uid___A002_X1255740_X8a0e_targets.ms', intent='OBSERVE_TARGET*', field='', spw='23', datacolumn='DATA', outputvis='ngc4254_2024.1.01512.S_12m_9_hcn.ms', keepflags=False, timebin='0s')
[2026-08-03 23:44:11] [INFO] [get_contsub_excludefreqrange]: No exclude_freq_ranges_ghz found for hcn .
[2026-08-03 23:44:11] [INFO] [get_contsub_flagedgefraction]: No flag_edge_fraction found for hcn Defaults to 0.0.
[2026-08-03 23:44:11] [INFO] [task_contsub]: 
[2026-08-03 23:44:11] [INFO] [task_contsub]: &%&%&%&%&%&%&%&%&%&%&%&%&%
[2026-08-03 23:44:11] [INFO] [task_contsub]: u-v continuum subtraction for
[2026-08-03 23:44:11] [INFO] [task_contsub]: ... file: ngc4254_2024.1.01512.S_12m_9_hcn.ms
[2026-08-03 23:44:11] [INFO] [task_contsub]: ... output: ngc4254_2024.1.01512.S_12m_9_hcn.ms.contsub
[2026-08-03 23:44:11] [INFO] [task_contsub]: ... excluding frequency ranges: [(np.float64(87.11664468780842), np.float64(87.32194560131371)), (np.float64(87.81675941883594), np.float64(88.02371023741223)), (np.float64(88.36831007997732), np.float64(88.57656069441906)), (np.float64(108.89501594156016), np.float64(109.15164022190397)), (np.float64(175.63095265624958), np.float64(176.04484824588516)), (np.float64(176.7346583687515), np.float64(177.15115497443662)), (np.float64(263.4409944264202), np.float64(264.0618250036802)), (np.float64(265.097073167083), np.float64(265.7218064942654)), (np.float64(351.24531925959974), np.float64(352.0730713518305)), (np.float64(353.45356295965945), np.float64(354.2865190453462)), (np.float64(439.04110336542016), np.float64(440.07575684536425)), (np.float64(441.8021857713506), np.float64(442.8433460760494)), (np.float64(526.826533573224), np.float64(528.068064040668)), (np.float64(530.1409599948805), np.float64(531.3903013092017)), (np.float64(614.5995589194804), np.float64(616.0479371408674)), (np.float64(618.4679139310094), np.float64(619.9254083990157))]
[2026-08-03 23:44:11] [INFO] [task_contsub]: ... fitorder: 0
[2026-08-03 23:44:11] [INFO] [task_contsub]: ... combine: 
[2026-08-03 23:44:11] [INFO] [task_contsub]: ... flag_edge_fraction: 0.0
[2026-08-03 23:44:11] [INFO] [task_contsub]: &%&%&%&%&%&%&%&%&%&%&%&%&%
[2026-08-03 23:44:11] [INFO] [task_contsub]: 
[2026-08-03 23:44:14] [INFO] [spw_string_for_freq_ranges]: ... returning SPW selection string:
[2026-08-03 23:44:14] [INFO] [spw_string_for_freq_ranges]: 0:0~401,0:828~1533,0:1957~2971,0:3391~3839
[2026-08-03 23:44:14] [INFO] [contsub]: ... running CASA uvcontsub(vis='ngc4254_2024.1.01512.S_12m_9_hcn.ms', outputvis='ngc4254_2024.1.01512.S_12m_9_hcn.ms.contsub', fitspec='0:0~401,0:828~1533,0:1957~2971,0:3391~3839', fitorder=0, fitmethod='gsl')
[2026-08-03 23:56:02] [INFO] [looper]: Looping over target, product, and config.
[2026-08-03 23:56:02] [INFO] [looper]: Looping over target, product, and config.
[2026-08-03 23:56:02] [INFO] [check_dir_existence]: --------------------------------------
[2026-08-03 23:56:02] [INFO] [check_dir_existence]: Checking the existence of directories.
[2026-08-03 23:56:02] [INFO] [check_dir_existence]: --------------------------------------
[2026-08-03 23:56:02] [INFO] [check_dir_existence]: Found 1 directories.
[2026-08-03 23:56:02] [INFO] [check_dir_existence]: No directories appear to be missing.
[2026-08-03 23:56:02] [INFO] [check_dir_existence]: --------------------------------------
[2026-08-03 23:56:02] [INFO] [check_dir_existence]: Checking the existence of directories.
[2026-08-03 23:56:02] [INFO] [check_dir_existence]: --------------------------------------
[2026-08-03 23:56:02] [INFO] [check_dir_existence]: Found 1 directories.
[2026-08-03 23:56:02] [INFO] [check_dir_existence]: No directories appear to be missing.
[2026-08-03 23:56:02] [INFO] [make_missing_directories]: Made 0 directories. Now 0 missing.
[2026-08-03 23:56:02] [INFO] [looper]: Looping over target, product, and config.
[2026-08-03 23:56:02] [DEBUG] [task_extract_line]: 
[2026-08-03 23:56:02] [DEBUG] [task_extract_line]: task_extract_line
[2026-08-03 23:56:02] [DEBUG] [task_extract_line]: loop_over_input_ms
[2026-08-03 23:56:02] [DEBUG] [task_extract_line]: target=['ngc4254']
[2026-08-03 23:56:02] [DEBUG] [task_extract_line]: config=['12m']
[2026-08-03 23:56:02] [INFO] [task_extract_line]: All files have continuum subtraction. Using that.
[2026-08-03 23:56:02] [WARNING] [task_extract_line]: {'ngc4254_2024.1.01512.S_12m_1_hcn.ms': {'present': True, 'contsub': True}, 'ngc4254_2024.1.01512.S_12m_10_hcn.ms': {'present': True, 'contsub': True}, 'ngc4254_2024.1.01512.S_12m_11_hcn.ms': {'present': True, 'contsub': True}, 'ngc4254_2024.1.01512.S_12m_12_hcn.ms': {'present': True, 'contsub': True}, 'ngc4254_2024.1.01512.S_12m_2_hcn.ms': {'present': True, 'contsub': True}, 'ngc4254_2024.1.01512.S_12m_3_hcn.ms': {'present': True, 'contsub': True}, 'ngc4254_2024.1.01512.S_12m_4_hcn.ms': {'present': True, 'contsub': True}, 'ngc4254_2024.1.01512.S_12m_5_hcn.ms': {'present': True, 'contsub': True}, 'ngc4254_2024.1.01512.S_12m_6_hcn.ms': {'present': True, 'contsub': True}, 'ngc4254_2024.1.01512.S_12m_7_hcn.ms': {'present': True, 'contsub': True}, 'ngc4254_2024.1.01512.S_12m_8_hcn.ms': {'present': True, 'contsub': True}, 'ngc4254_2024.1.01512.S_12m_9_hcn.ms': {'present': True, 'contsub': True}}
[2026-08-03 23:56:02] [WARNING] [task_extract_line]: In file: ngc4254_2024.1.01512.S_12m_1_hcn.ms
[2026-08-03 23:56:02] [WARNING] [task_extract_line]: In file: ngc4254_2024.1.01512.S_12m_10_hcn.ms
[2026-08-03 23:56:02] [WARNING] [task_extract_line]: In file: ngc4254_2024.1.01512.S_12m_11_hcn.ms
[2026-08-03 23:56:02] [WARNING] [task_extract_line]: In file: ngc4254_2024.1.01512.S_12m_12_hcn.ms
[2026-08-03 23:56:02] [WARNING] [task_extract_line]: In file: ngc4254_2024.1.01512.S_12m_2_hcn.ms
[2026-08-03 23:56:02] [WARNING] [task_extract_line]: In file: ngc4254_2024.1.01512.S_12m_3_hcn.ms
[2026-08-03 23:56:02] [WARNING] [task_extract_line]: In file: ngc4254_2024.1.01512.S_12m_4_hcn.ms
[2026-08-03 23:56:02] [WARNING] [task_extract_line]: In file: ngc4254_2024.1.01512.S_12m_5_hcn.ms
[2026-08-03 23:56:02] [WARNING] [task_extract_line]: In file: ngc4254_2024.1.01512.S_12m_6_hcn.ms
[2026-08-03 23:56:02] [WARNING] [task_extract_line]: In file: ngc4254_2024.1.01512.S_12m_7_hcn.ms
[2026-08-03 23:56:02] [WARNING] [task_extract_line]: In file: ngc4254_2024.1.01512.S_12m_8_hcn.ms
[2026-08-03 23:56:02] [WARNING] [task_extract_line]: In file: ngc4254_2024.1.01512.S_12m_9_hcn.ms
[2026-08-03 23:56:02] [INFO] [task_extract_line]: 
[2026-08-03 23:56:02] [INFO] [task_extract_line]: &%&%&%&%&%&%&%&%&%&%&%&%&%
[2026-08-03 23:56:02] [INFO] [task_extract_line]: Extracting spectral product:
[2026-08-03 23:56:02] [INFO] [task_extract_line]: ... Line: hcn10
[2026-08-03 23:56:02] [INFO] [task_extract_line]: ... Vsys [km/s]: 2407.0
[2026-08-03 23:56:02] [INFO] [task_extract_line]: ... Vwidth [km/s]: 700.0
[2026-08-03 23:56:02] [INFO] [task_extract_line]: ... Method: regrid_then_rebin
[2026-08-03 23:56:02] [INFO] [task_extract_line]: ... From files: ['ngc4254_2024.1.01512.S_12m_1_hcn.ms.contsub', 'ngc4254_2024.1.01512.S_12m_10_hcn.ms.contsub', 'ngc4254_2024.1.01512.S_12m_11_hcn.ms.contsub', 'ngc4254_2024.1.01512.S_12m_12_hcn.ms.contsub', 'ngc4254_2024.1.01512.S_12m_2_hcn.ms.contsub', 'ngc4254_2024.1.01512.S_12m_3_hcn.ms.contsub', 'ngc4254_2024.1.01512.S_12m_4_hcn.ms.contsub', 'ngc4254_2024.1.01512.S_12m_5_hcn.ms.contsub', 'ngc4254_2024.1.01512.S_12m_6_hcn.ms.contsub', 'ngc4254_2024.1.01512.S_12m_7_hcn.ms.contsub', 'ngc4254_2024.1.01512.S_12m_8_hcn.ms.contsub', 'ngc4254_2024.1.01512.S_12m_9_hcn.ms.contsub']
[2026-08-03 23:56:02] [INFO] [task_extract_line]: ... To file: ngc4254_12m_hcn.ms
[2026-08-03 23:56:02] [INFO] [task_extract_line]: &%&%&%&%&%&%&%&%&%&%&%&%&%
[2026-08-03 23:56:02] [INFO] [task_extract_line]: 
[2026-08-03 23:56:05] [DEBUG] [find_spws_for_line]: ... line: None, line freq: 87.816759 - 88.023710, rest-freq: 88.631850
[2026-08-03 23:56:05] [DEBUG] [find_spws_for_line]: ... vm = au.ValueMapping(infile) ...
[2026-08-03 23:56:07] [DEBUG] [find_spws_for_line]: ... vm = au.ValueMapping(infile) done
[2026-08-03 23:56:07] [DEBUG] [find_spws_for_line]: ... spw: 0, freq: 86.902086 - 88.776598 GHz
[2026-08-03 23:56:10] [DEBUG] [find_spws_for_line]: ... line: None, line freq: 87.816759 - 88.023710, rest-freq: 88.631850
[2026-08-03 23:56:10] [DEBUG] [find_spws_for_line]: ... vm = au.ValueMapping(infile) ...
[2026-08-03 23:56:12] [DEBUG] [find_spws_for_line]: ... vm = au.ValueMapping(infile) done
[2026-08-03 23:56:12] [DEBUG] [find_spws_for_line]: ... spw: 0, freq: 86.897878 - 88.772390 GHz
[2026-08-03 23:56:15] [DEBUG] [find_spws_for_line]: ... line: None, line freq: 87.816759 - 88.023710, rest-freq: 88.631850
[2026-08-03 23:56:15] [DEBUG] [find_spws_for_line]: ... vm = au.ValueMapping(infile) ...
[2026-08-03 23:56:17] [DEBUG] [find_spws_for_line]: ... vm = au.ValueMapping(infile) done
[2026-08-03 23:56:17] [DEBUG] [find_spws_for_line]: ... spw: 0, freq: 86.897824 - 88.772335 GHz
[2026-08-03 23:56:19] [DEBUG] [find_spws_for_line]: ... line: None, line freq: 87.816759 - 88.023710, rest-freq: 88.631850
[2026-08-03 23:56:19] [DEBUG] [find_spws_for_line]: ... vm = au.ValueMapping(infile) ...
[2026-08-03 23:56:22] [DEBUG] [find_spws_for_line]: ... vm = au.ValueMapping(infile) done
[2026-08-03 23:56:22] [DEBUG] [find_spws_for_line]: ... spw: 0, freq: 86.897770 - 88.772281 GHz
[2026-08-03 23:56:25] [DEBUG] [find_spws_for_line]: ... line: None, line freq: 87.816759 - 88.023710, rest-freq: 88.631850
[2026-08-03 23:56:25] [DEBUG] [find_spws_for_line]: ... vm = au.ValueMapping(infile) ...
[2026-08-03 23:56:26] [DEBUG] [find_spws_for_line]: ... vm = au.ValueMapping(infile) done
[2026-08-03 23:56:26] [DEBUG] [find_spws_for_line]: ... spw: 0, freq: 86.901930 - 88.776442 GHz
[2026-08-03 23:56:30] [DEBUG] [find_spws_for_line]: ... line: None, line freq: 87.816759 - 88.023710, rest-freq: 88.631850
[2026-08-03 23:56:30] [DEBUG] [find_spws_for_line]: ... vm = au.ValueMapping(infile) ...
[2026-08-03 23:56:32] [DEBUG] [find_spws_for_line]: ... vm = au.ValueMapping(infile) done
[2026-08-03 23:56:32] [DEBUG] [find_spws_for_line]: ... spw: 0, freq: 86.897719 - 88.772230 GHz
[2026-08-03 23:56:35] [DEBUG] [find_spws_for_line]: ... line: None, line freq: 87.816759 - 88.023710, rest-freq: 88.631850
[2026-08-03 23:56:35] [DEBUG] [find_spws_for_line]: ... vm = au.ValueMapping(infile) ...
[2026-08-03 23:56:37] [DEBUG] [find_spws_for_line]: ... vm = au.ValueMapping(infile) done
[2026-08-03 23:56:37] [DEBUG] [find_spws_for_line]: ... spw: 0, freq: 86.897664 - 88.772176 GHz
[2026-08-03 23:56:39] [DEBUG] [find_spws_for_line]: ... line: None, line freq: 87.816759 - 88.023710, rest-freq: 88.631850
[2026-08-03 23:56:39] [DEBUG] [find_spws_for_line]: ... vm = au.ValueMapping(infile) ...
[2026-08-03 23:56:41] [DEBUG] [find_spws_for_line]: ... vm = au.ValueMapping(infile) done
[2026-08-03 23:56:41] [DEBUG] [find_spws_for_line]: ... spw: 0, freq: 86.897610 - 88.772122 GHz
[2026-08-03 23:56:44] [DEBUG] [find_spws_for_line]: ... line: None, line freq: 87.816759 - 88.023710, rest-freq: 88.631850
[2026-08-03 23:56:44] [DEBUG] [find_spws_for_line]: ... vm = au.ValueMapping(infile) ...
[2026-08-03 23:56:46] [DEBUG] [find_spws_for_line]: ... vm = au.ValueMapping(infile) done
[2026-08-03 23:56:46] [DEBUG] [find_spws_for_line]: ... spw: 0, freq: 86.897349 - 88.771861 GHz
[2026-08-03 23:56:48] [DEBUG] [find_spws_for_line]: ... line: None, line freq: 87.816759 - 88.023710, rest-freq: 88.631850
[2026-08-03 23:56:48] [DEBUG] [find_spws_for_line]: ... vm = au.ValueMapping(infile) ...
[2026-08-03 23:56:51] [DEBUG] [find_spws_for_line]: ... vm = au.ValueMapping(infile) done
[2026-08-03 23:56:51] [DEBUG] [find_spws_for_line]: ... spw: 0, freq: 86.897294 - 88.771806 GHz
[2026-08-03 23:56:52] [DEBUG] [find_spws_for_line]: ... line: None, line freq: 87.816759 - 88.023710, rest-freq: 88.631850
[2026-08-03 23:56:52] [DEBUG] [find_spws_for_line]: ... vm = au.ValueMapping(infile) ...
[2026-08-03 23:56:54] [DEBUG] [find_spws_for_line]: ... vm = au.ValueMapping(infile) done
[2026-08-03 23:56:54] [DEBUG] [find_spws_for_line]: ... spw: 0, freq: 86.897910 - 88.772422 GHz
[2026-08-03 23:56:57] [DEBUG] [find_spws_for_line]: ... line: None, line freq: 87.816759 - 88.023710, rest-freq: 88.631850
[2026-08-03 23:56:57] [DEBUG] [find_spws_for_line]: ... vm = au.ValueMapping(infile) ...
[2026-08-03 23:56:59] [DEBUG] [find_spws_for_line]: ... vm = au.ValueMapping(infile) done
[2026-08-03 23:56:59] [DEBUG] [find_spws_for_line]: ... spw: 0, freq: 86.897928 - 88.772440 GHz
[2026-08-03 23:56:59] [INFO] [batch_extract_line]: For this line (hcn10), I will extract SPWs dict_keys([0]) from infile ngc4254_2024.1.01512.S_12m_1_hcn.ms.contsub
[2026-08-03 23:56:59] [INFO] [batch_extract_line]: For this line (hcn10), I will extract SPWs dict_keys([0]) from infile ngc4254_2024.1.01512.S_12m_10_hcn.ms.contsub
[2026-08-03 23:56:59] [INFO] [batch_extract_line]: For this line (hcn10), I will extract SPWs dict_keys([0]) from infile ngc4254_2024.1.01512.S_12m_11_hcn.ms.contsub
[2026-08-03 23:56:59] [INFO] [batch_extract_line]: For this line (hcn10), I will extract SPWs dict_keys([0]) from infile ngc4254_2024.1.01512.S_12m_12_hcn.ms.contsub
[2026-08-03 23:56:59] [INFO] [batch_extract_line]: For this line (hcn10), I will extract SPWs dict_keys([0]) from infile ngc4254_2024.1.01512.S_12m_2_hcn.ms.contsub
[2026-08-03 23:56:59] [INFO] [batch_extract_line]: For this line (hcn10), I will extract SPWs dict_keys([0]) from infile ngc4254_2024.1.01512.S_12m_3_hcn.ms.contsub
[2026-08-03 23:56:59] [INFO] [batch_extract_line]: For this line (hcn10), I will extract SPWs dict_keys([0]) from infile ngc4254_2024.1.01512.S_12m_4_hcn.ms.contsub
[2026-08-03 23:56:59] [INFO] [batch_extract_line]: For this line (hcn10), I will extract SPWs dict_keys([0]) from infile ngc4254_2024.1.01512.S_12m_5_hcn.ms.contsub
[2026-08-03 23:56:59] [INFO] [batch_extract_line]: For this line (hcn10), I will extract SPWs dict_keys([0]) from infile ngc4254_2024.1.01512.S_12m_6_hcn.ms.contsub
[2026-08-03 23:56:59] [INFO] [batch_extract_line]: For this line (hcn10), I will extract SPWs dict_keys([0]) from infile ngc4254_2024.1.01512.S_12m_7_hcn.ms.contsub
[2026-08-03 23:56:59] [INFO] [batch_extract_line]: For this line (hcn10), I will extract SPWs dict_keys([0]) from infile ngc4254_2024.1.01512.S_12m_8_hcn.ms.contsub
[2026-08-03 23:56:59] [INFO] [batch_extract_line]: For this line (hcn10), I will extract SPWs dict_keys([0]) from infile ngc4254_2024.1.01512.S_12m_9_hcn.ms.contsub
[2026-08-03 23:56:59] [INFO] [build_mstransform_call]: ... Data lacks a CORRECTED column. Will use DATA column.
[2026-08-03 23:57:00] [INFO] [build_mstransform_call]: ... Data lacks a CORRECTED column. Will use DATA column.
[2026-08-03 23:57:00] [INFO] [extract_line]: ... we will have 2 mstransform calls
[2026-08-03 23:57:00] [INFO] [extract_line]: ... ... regrid channel width 1.65208050km/s and nchan 420
[2026-08-03 23:57:00] [INFO] [extract_line]: ... running CASA mstransform(vis='ngc4254_2024.1.01512.S_12m_1_hcn.ms.contsub', outputvis='ngc4254_2024.1.01512.S_12m_1_hcn.ms.contsub.temp_spw0.temp1', datacolumn='DATA', spw='0', combinespws=False, regridms=True, chanaverage=False, mode='velocity', interpolation='cubic', outframe='lsrk', veltype='radio', restfreq='88.63185000GHz', start='2057.00000000km/s', nchan=420, width='1.65208050km/s')
[2026-08-04 00:02:20] [INFO] [extract_line]: ... ... rebin by a factor of 6
[2026-08-04 00:02:20] [INFO] [extract_line]: ... running CASA mstransform(vis='ngc4254_2024.1.01512.S_12m_1_hcn.ms.contsub.temp_spw0.temp1', outputvis='ngc4254_2024.1.01512.S_12m_1_hcn.ms.contsub.temp_spw0', datacolumn='DATA', spw='', combinespws=False, regridms=False, chanaverage=True, chanbin=6)
[2026-08-04 00:03:07] [INFO] [extract_line]: ... deleting temporary files
[2026-08-04 00:03:08] [INFO] [build_mstransform_call]: ... Data lacks a CORRECTED column. Will use DATA column.
[2026-08-04 00:03:08] [INFO] [build_mstransform_call]: ... Data lacks a CORRECTED column. Will use DATA column.
[2026-08-04 00:03:08] [INFO] [extract_line]: ... we will have 2 mstransform calls
[2026-08-04 00:03:08] [INFO] [extract_line]: ... ... regrid channel width 1.65208050km/s and nchan 420
[2026-08-04 00:03:08] [INFO] [extract_line]: ... running CASA mstransform(vis='ngc4254_2024.1.01512.S_12m_10_hcn.ms.contsub', outputvis='ngc4254_2024.1.01512.S_12m_10_hcn.ms.contsub.temp_spw0.temp1', datacolumn='DATA', spw='0', combinespws=False, regridms=True, chanaverage=False, mode='velocity', interpolation='cubic', outframe='lsrk', veltype='radio', restfreq='88.63185000GHz', start='2057.00000000km/s', nchan=420, width='1.65208050km/s')
[2026-08-04 00:09:09] [INFO] [extract_line]: ... ... rebin by a factor of 6
[2026-08-04 00:09:09] [INFO] [extract_line]: ... running CASA mstransform(vis='ngc4254_2024.1.01512.S_12m_10_hcn.ms.contsub.temp_spw0.temp1', outputvis='ngc4254_2024.1.01512.S_12m_10_hcn.ms.contsub.temp_spw0', datacolumn='DATA', spw='', combinespws=False, regridms=False, chanaverage=True, chanbin=6)
[2026-08-04 00:10:01] [INFO] [extract_line]: ... deleting temporary files
[2026-08-04 00:10:02] [INFO] [build_mstransform_call]: ... Data lacks a CORRECTED column. Will use DATA column.
[2026-08-04 00:10:02] [INFO] [build_mstransform_call]: ... Data lacks a CORRECTED column. Will use DATA column.
[2026-08-04 00:10:02] [INFO] [extract_line]: ... we will have 2 mstransform calls
[2026-08-04 00:10:02] [INFO] [extract_line]: ... ... regrid channel width 1.65208050km/s and nchan 420
[2026-08-04 00:10:02] [INFO] [extract_line]: ... running CASA mstransform(vis='ngc4254_2024.1.01512.S_12m_11_hcn.ms.contsub', outputvis='ngc4254_2024.1.01512.S_12m_11_hcn.ms.contsub.temp_spw0.temp1', datacolumn='DATA', spw='0', combinespws=False, regridms=True, chanaverage=False, mode='velocity', interpolation='cubic', outframe='lsrk', veltype='radio', restfreq='88.63185000GHz', start='2057.00000000km/s', nchan=420, width='1.65208050km/s')
[2026-08-04 00:15:16] [INFO] [extract_line]: ... ... rebin by a factor of 6
[2026-08-04 00:15:16] [INFO] [extract_line]: ... running CASA mstransform(vis='ngc4254_2024.1.01512.S_12m_11_hcn.ms.contsub.temp_spw0.temp1', outputvis='ngc4254_2024.1.01512.S_12m_11_hcn.ms.contsub.temp_spw0', datacolumn='DATA', spw='', combinespws=False, regridms=False, chanaverage=True, chanbin=6)
[2026-08-04 00:16:02] [INFO] [extract_line]: ... deleting temporary files
[2026-08-04 00:16:03] [INFO] [build_mstransform_call]: ... Data lacks a CORRECTED column. Will use DATA column.
[2026-08-04 00:16:03] [INFO] [build_mstransform_call]: ... Data lacks a CORRECTED column. Will use DATA column.
[2026-08-04 00:16:03] [INFO] [extract_line]: ... we will have 2 mstransform calls
[2026-08-04 00:16:03] [INFO] [extract_line]: ... ... regrid channel width 1.65208050km/s and nchan 420
[2026-08-04 00:16:03] [INFO] [extract_line]: ... running CASA mstransform(vis='ngc4254_2024.1.01512.S_12m_12_hcn.ms.contsub', outputvis='ngc4254_2024.1.01512.S_12m_12_hcn.ms.contsub.temp_spw0.temp1', datacolumn='DATA', spw='0', combinespws=False, regridms=True, chanaverage=False, mode='velocity', interpolation='cubic', outframe='lsrk', veltype='radio', restfreq='88.63185000GHz', start='2057.00000000km/s', nchan=420, width='1.65208050km/s')
[2026-08-04 00:21:37] [INFO] [extract_line]: ... ... rebin by a factor of 6
[2026-08-04 00:21:37] [INFO] [extract_line]: ... running CASA mstransform(vis='ngc4254_2024.1.01512.S_12m_12_hcn.ms.contsub.temp_spw0.temp1', outputvis='ngc4254_2024.1.01512.S_12m_12_hcn.ms.contsub.temp_spw0', datacolumn='DATA', spw='', combinespws=False, regridms=False, chanaverage=True, chanbin=6)
[2026-08-04 00:22:24] [INFO] [extract_line]: ... deleting temporary files
[2026-08-04 00:22:25] [INFO] [build_mstransform_call]: ... Data lacks a CORRECTED column. Will use DATA column.
[2026-08-04 00:22:25] [INFO] [build_mstransform_call]: ... Data lacks a CORRECTED column. Will use DATA column.
[2026-08-04 00:22:25] [INFO] [extract_line]: ... we will have 2 mstransform calls
[2026-08-04 00:22:25] [INFO] [extract_line]: ... ... regrid channel width 1.65208050km/s and nchan 420
[2026-08-04 00:22:25] [INFO] [extract_line]: ... running CASA mstransform(vis='ngc4254_2024.1.01512.S_12m_2_hcn.ms.contsub', outputvis='ngc4254_2024.1.01512.S_12m_2_hcn.ms.contsub.temp_spw0.temp1', datacolumn='DATA', spw='0', combinespws=False, regridms=True, chanaverage=False, mode='velocity', interpolation='cubic', outframe='lsrk', veltype='radio', restfreq='88.63185000GHz', start='2057.00000000km/s', nchan=420, width='1.65208050km/s')
[2026-08-04 00:27:52] [INFO] [extract_line]: ... ... rebin by a factor of 6
[2026-08-04 00:27:52] [INFO] [extract_line]: ... running CASA mstransform(vis='ngc4254_2024.1.01512.S_12m_2_hcn.ms.contsub.temp_spw0.temp1', outputvis='ngc4254_2024.1.01512.S_12m_2_hcn.ms.contsub.temp_spw0', datacolumn='DATA', spw='', combinespws=False, regridms=False, chanaverage=True, chanbin=6)
[2026-08-04 00:28:38] [INFO] [extract_line]: ... deleting temporary files
[2026-08-04 00:28:39] [INFO] [build_mstransform_call]: ... Data lacks a CORRECTED column. Will use DATA column.
[2026-08-04 00:28:39] [INFO] [build_mstransform_call]: ... Data lacks a CORRECTED column. Will use DATA column.
[2026-08-04 00:28:39] [INFO] [extract_line]: ... we will have 2 mstransform calls
[2026-08-04 00:28:39] [INFO] [extract_line]: ... ... regrid channel width 1.65208050km/s and nchan 420
[2026-08-04 00:28:39] [INFO] [extract_line]: ... running CASA mstransform(vis='ngc4254_2024.1.01512.S_12m_3_hcn.ms.contsub', outputvis='ngc4254_2024.1.01512.S_12m_3_hcn.ms.contsub.temp_spw0.temp1', datacolumn='DATA', spw='0', combinespws=False, regridms=True, chanaverage=False, mode='velocity', interpolation='cubic', outframe='lsrk', veltype='radio', restfreq='88.63185000GHz', start='2057.00000000km/s', nchan=420, width='1.65208050km/s')
[2026-08-04 00:35:07] [INFO] [extract_line]: ... ... rebin by a factor of 6
[2026-08-04 00:35:07] [INFO] [extract_line]: ... running CASA mstransform(vis='ngc4254_2024.1.01512.S_12m_3_hcn.ms.contsub.temp_spw0.temp1', outputvis='ngc4254_2024.1.01512.S_12m_3_hcn.ms.contsub.temp_spw0', datacolumn='DATA', spw='', combinespws=False, regridms=False, chanaverage=True, chanbin=6)
[2026-08-04 00:35:58] [INFO] [extract_line]: ... deleting temporary files
[2026-08-04 00:35:58] [INFO] [build_mstransform_call]: ... Data lacks a CORRECTED column. Will use DATA column.
[2026-08-04 00:35:58] [INFO] [build_mstransform_call]: ... Data lacks a CORRECTED column. Will use DATA column.
[2026-08-04 00:35:58] [INFO] [extract_line]: ... we will have 2 mstransform calls
[2026-08-04 00:35:58] [INFO] [extract_line]: ... ... regrid channel width 1.65208050km/s and nchan 420
[2026-08-04 00:35:58] [INFO] [extract_line]: ... running CASA mstransform(vis='ngc4254_2024.1.01512.S_12m_4_hcn.ms.contsub', outputvis='ngc4254_2024.1.01512.S_12m_4_hcn.ms.contsub.temp_spw0.temp1', datacolumn='DATA', spw='0', combinespws=False, regridms=True, chanaverage=False, mode='velocity', interpolation='cubic', outframe='lsrk', veltype='radio', restfreq='88.63185000GHz', start='2057.00000000km/s', nchan=420, width='1.65208050km/s')
[2026-08-04 00:41:40] [INFO] [extract_line]: ... ... rebin by a factor of 6
[2026-08-04 00:41:40] [INFO] [extract_line]: ... running CASA mstransform(vis='ngc4254_2024.1.01512.S_12m_4_hcn.ms.contsub.temp_spw0.temp1', outputvis='ngc4254_2024.1.01512.S_12m_4_hcn.ms.contsub.temp_spw0', datacolumn='DATA', spw='', combinespws=False, regridms=False, chanaverage=True, chanbin=6)
[2026-08-04 00:42:28] [INFO] [extract_line]: ... deleting temporary files
[2026-08-04 00:42:29] [INFO] [build_mstransform_call]: ... Data lacks a CORRECTED column. Will use DATA column.
[2026-08-04 00:42:29] [INFO] [build_mstransform_call]: ... Data lacks a CORRECTED column. Will use DATA column.
[2026-08-04 00:42:29] [INFO] [extract_line]: ... we will have 2 mstransform calls
[2026-08-04 00:42:29] [INFO] [extract_line]: ... ... regrid channel width 1.65208050km/s and nchan 420
[2026-08-04 00:42:29] [INFO] [extract_line]: ... running CASA mstransform(vis='ngc4254_2024.1.01512.S_12m_5_hcn.ms.contsub', outputvis='ngc4254_2024.1.01512.S_12m_5_hcn.ms.contsub.temp_spw0.temp1', datacolumn='DATA', spw='0', combinespws=False, regridms=True, chanaverage=False, mode='velocity', interpolation='cubic', outframe='lsrk', veltype='radio', restfreq='88.63185000GHz', start='2057.00000000km/s', nchan=420, width='1.65208050km/s')
[2026-08-04 00:47:31] [INFO] [extract_line]: ... ... rebin by a factor of 6
[2026-08-04 00:47:31] [INFO] [extract_line]: ... running CASA mstransform(vis='ngc4254_2024.1.01512.S_12m_5_hcn.ms.contsub.temp_spw0.temp1', outputvis='ngc4254_2024.1.01512.S_12m_5_hcn.ms.contsub.temp_spw0', datacolumn='DATA', spw='', combinespws=False, regridms=False, chanaverage=True, chanbin=6)
[2026-08-04 00:48:14] [INFO] [extract_line]: ... deleting temporary files
[2026-08-04 00:48:14] [INFO] [build_mstransform_call]: ... Data lacks a CORRECTED column. Will use DATA column.
[2026-08-04 00:48:14] [INFO] [build_mstransform_call]: ... Data lacks a CORRECTED column. Will use DATA column.
[2026-08-04 00:48:14] [INFO] [extract_line]: ... we will have 2 mstransform calls
[2026-08-04 00:48:14] [INFO] [extract_line]: ... ... regrid channel width 1.65208050km/s and nchan 420
[2026-08-04 00:48:14] [INFO] [extract_line]: ... running CASA mstransform(vis='ngc4254_2024.1.01512.S_12m_6_hcn.ms.contsub', outputvis='ngc4254_2024.1.01512.S_12m_6_hcn.ms.contsub.temp_spw0.temp1', datacolumn='DATA', spw='0', combinespws=False, regridms=True, chanaverage=False, mode='velocity', interpolation='cubic', outframe='lsrk', veltype='radio', restfreq='88.63185000GHz', start='2057.00000000km/s', nchan=420, width='1.65208050km/s')
[2026-08-04 00:53:33] [INFO] [extract_line]: ... ... rebin by a factor of 6
[2026-08-04 00:53:33] [INFO] [extract_line]: ... running CASA mstransform(vis='ngc4254_2024.1.01512.S_12m_6_hcn.ms.contsub.temp_spw0.temp1', outputvis='ngc4254_2024.1.01512.S_12m_6_hcn.ms.contsub.temp_spw0', datacolumn='DATA', spw='', combinespws=False, regridms=False, chanaverage=True, chanbin=6)
[2026-08-04 00:54:18] [INFO] [extract_line]: ... deleting temporary files
[2026-08-04 00:54:18] [INFO] [build_mstransform_call]: ... Data lacks a CORRECTED column. Will use DATA column.
[2026-08-04 00:54:19] [INFO] [build_mstransform_call]: ... Data lacks a CORRECTED column. Will use DATA column.
[2026-08-04 00:54:19] [INFO] [extract_line]: ... we will have 2 mstransform calls
[2026-08-04 00:54:19] [INFO] [extract_line]: ... ... regrid channel width 1.65208050km/s and nchan 420
[2026-08-04 00:54:19] [INFO] [extract_line]: ... running CASA mstransform(vis='ngc4254_2024.1.01512.S_12m_7_hcn.ms.contsub', outputvis='ngc4254_2024.1.01512.S_12m_7_hcn.ms.contsub.temp_spw0.temp1', datacolumn='DATA', spw='0', combinespws=False, regridms=True, chanaverage=False, mode='velocity', interpolation='cubic', outframe='lsrk', veltype='radio', restfreq='88.63185000GHz', start='2057.00000000km/s', nchan=420, width='1.65208050km/s')
[2026-08-04 00:59:27] [INFO] [extract_line]: ... ... rebin by a factor of 6
[2026-08-04 00:59:27] [INFO] [extract_line]: ... running CASA mstransform(vis='ngc4254_2024.1.01512.S_12m_7_hcn.ms.contsub.temp_spw0.temp1', outputvis='ngc4254_2024.1.01512.S_12m_7_hcn.ms.contsub.temp_spw0', datacolumn='DATA', spw='', combinespws=False, regridms=False, chanaverage=True, chanbin=6)
[2026-08-04 01:00:13] [INFO] [extract_line]: ... deleting temporary files
[2026-08-04 01:00:13] [INFO] [build_mstransform_call]: ... Data lacks a CORRECTED column. Will use DATA column.
[2026-08-04 01:00:13] [INFO] [build_mstransform_call]: ... Data lacks a CORRECTED column. Will use DATA column.
[2026-08-04 01:00:13] [INFO] [extract_line]: ... we will have 2 mstransform calls
[2026-08-04 01:00:13] [INFO] [extract_line]: ... ... regrid channel width 1.65208050km/s and nchan 420
[2026-08-04 01:00:13] [INFO] [extract_line]: ... running CASA mstransform(vis='ngc4254_2024.1.01512.S_12m_8_hcn.ms.contsub', outputvis='ngc4254_2024.1.01512.S_12m_8_hcn.ms.contsub.temp_spw0.temp1', datacolumn='DATA', spw='0', combinespws=False, regridms=True, chanaverage=False, mode='velocity', interpolation='cubic', outframe='lsrk', veltype='radio', restfreq='88.63185000GHz', start='2057.00000000km/s', nchan=420, width='1.65208050km/s')
[2026-08-04 01:04:45] [INFO] [extract_line]: ... ... rebin by a factor of 6
[2026-08-04 01:04:45] [INFO] [extract_line]: ... running CASA mstransform(vis='ngc4254_2024.1.01512.S_12m_8_hcn.ms.contsub.temp_spw0.temp1', outputvis='ngc4254_2024.1.01512.S_12m_8_hcn.ms.contsub.temp_spw0', datacolumn='DATA', spw='', combinespws=False, regridms=False, chanaverage=True, chanbin=6)
[2026-08-04 01:05:28] [INFO] [extract_line]: ... deleting temporary files
[2026-08-04 01:05:29] [INFO] [build_mstransform_call]: ... Data lacks a CORRECTED column. Will use DATA column.
[2026-08-04 01:05:29] [INFO] [build_mstransform_call]: ... Data lacks a CORRECTED column. Will use DATA column.
[2026-08-04 01:05:29] [INFO] [extract_line]: ... we will have 2 mstransform calls
[2026-08-04 01:05:29] [INFO] [extract_line]: ... ... regrid channel width 1.65208050km/s and nchan 420
[2026-08-04 01:05:29] [INFO] [extract_line]: ... running CASA mstransform(vis='ngc4254_2024.1.01512.S_12m_9_hcn.ms.contsub', outputvis='ngc4254_2024.1.01512.S_12m_9_hcn.ms.contsub.temp_spw0.temp1', datacolumn='DATA', spw='0', combinespws=False, regridms=True, chanaverage=False, mode='velocity', interpolation='cubic', outframe='lsrk', veltype='radio', restfreq='88.63185000GHz', start='2057.00000000km/s', nchan=420, width='1.65208050km/s')
[2026-08-04 01:11:17] [INFO] [extract_line]: ... ... rebin by a factor of 6
[2026-08-04 01:11:17] [INFO] [extract_line]: ... running CASA mstransform(vis='ngc4254_2024.1.01512.S_12m_9_hcn.ms.contsub.temp_spw0.temp1', outputvis='ngc4254_2024.1.01512.S_12m_9_hcn.ms.contsub.temp_spw0', datacolumn='DATA', spw='', combinespws=False, regridms=False, chanaverage=True, chanbin=6)
[2026-08-04 01:12:09] [INFO] [extract_line]: ... deleting temporary files
[2026-08-04 01:12:10] [INFO] [concat_ms]: ... running CASA concat(vis=['ngc4254_2024.1.01512.S_12m_1_hcn.ms.contsub.temp_spw0', 'ngc4254_2024.1.01512.S_12m_10_hcn.ms.contsub.temp_spw0', 'ngc4254_2024.1.01512.S_12m_11_hcn.ms.contsub.temp_spw0', 'ngc4254_2024.1.01512.S_12m_12_hcn.ms.contsub.temp_spw0', 'ngc4254_2024.1.01512.S_12m_2_hcn.ms.contsub.temp_spw0', 'ngc4254_2024.1.01512.S_12m_3_hcn.ms.contsub.temp_spw0', 'ngc4254_2024.1.01512.S_12m_4_hcn.ms.contsub.temp_spw0', 'ngc4254_2024.1.01512.S_12m_5_hcn.ms.contsub.temp_spw0', 'ngc4254_2024.1.01512.S_12m_6_hcn.ms.contsub.temp_spw0', 'ngc4254_2024.1.01512.S_12m_7_hcn.ms.contsub.temp_spw0', 'ngc4254_2024.1.01512.S_12m_8_hcn.ms.contsub.temp_spw0', 'ngc4254_2024.1.01512.S_12m_9_hcn.ms.contsub.temp_spw0'], concatvis='ngc4254_12m_hcn.ms', copypointing=True, freqtol='0.0005859375000000001GHz')
[2026-08-04 01:31:59] [INFO] [reweight_data]: ... Data lacks a CORRECTED column. Will use DATA column.
[2026-08-04 01:32:40] [WARNING] [reweight_data]: ... be aware that (only) statwt uses the high-z velocity convention.
[2026-08-04 01:32:40] [WARNING] [reweight_data]: ... the rest of the pipleine uses radio convention.
[2026-08-04 01:32:40] [INFO] [reweight_data]: ... running statwt with exclusion: 0:5~62
[2026-08-04 01:32:40] [INFO] [reweight_data]: ... running CASA statwt(vis='ngc4254_12m_hcn.ms', timebin='0.001s', slidetimebin=False, chanbin='spw', statalg='classic', datacolumn='DATA', fitspw='0:5~62', excludechans=True)
[2026-08-04 02:00:49] [INFO] [reweight_data]: ... statwt done
[2026-08-04 02:00:49] [INFO] [looper]: Looping over target, product, and config.
[2026-08-04 02:00:49] [INFO] [check_dir_existence]: --------------------------------------
[2026-08-04 02:00:49] [INFO] [check_dir_existence]: Checking the existence of directories.
[2026-08-04 02:00:49] [INFO] [check_dir_existence]: --------------------------------------
[2026-08-04 02:00:49] [INFO] [check_dir_existence]: Found 1 directories.
[2026-08-04 02:00:49] [INFO] [check_dir_existence]: No directories appear to be missing.
[2026-08-04 02:00:49] [INFO] [check_dir_existence]: --------------------------------------
[2026-08-04 02:00:49] [INFO] [check_dir_existence]: Checking the existence of directories.
[2026-08-04 02:00:49] [INFO] [check_dir_existence]: --------------------------------------
[2026-08-04 02:00:49] [INFO] [check_dir_existence]: Found 1 directories.
[2026-08-04 02:00:49] [INFO] [check_dir_existence]: No directories appear to be missing.
[2026-08-04 02:00:49] [INFO] [make_missing_directories]: Made 0 directories. Now 0 missing.
[2026-08-04 02:00:49] [INFO] [looper]: Looping over target, product, and config.
[2026-08-04 02:00:49] [INFO] [looper]: Looping over target, product, and config.
[2026-08-04 02:00:49] [INFO] [check_dir_existence]: --------------------------------------
[2026-08-04 02:00:49] [INFO] [check_dir_existence]: Checking the existence of directories.
[2026-08-04 02:00:49] [INFO] [check_dir_existence]: --------------------------------------
[2026-08-04 02:00:49] [INFO] [check_dir_existence]: Found 1 directories.
[2026-08-04 02:00:49] [INFO] [check_dir_existence]: No directories appear to be missing.
[2026-08-04 02:00:49] [INFO] [check_dir_existence]: --------------------------------------
[2026-08-04 02:00:49] [INFO] [check_dir_existence]: Checking the existence of directories.
[2026-08-04 02:00:49] [INFO] [check_dir_existence]: --------------------------------------
[2026-08-04 02:00:49] [INFO] [check_dir_existence]: Found 1 directories.
[2026-08-04 02:00:49] [INFO] [check_dir_existence]: No directories appear to be missing.
[2026-08-04 02:00:49] [INFO] [make_missing_directories]: Made 0 directories. Now 0 missing.
[2026-08-04 02:00:49] [INFO] [looper]: Looping over target, product, and config.
[2026-08-04 02:00:49] [INFO] [looper]: Looping over target, product, and config.
[2026-08-04 02:00:49] [INFO] [remove_staged_products]: 
[2026-08-04 02:00:49] [INFO] [remove_staged_products]: &%&%&%&%&%&%&%&%&%&%&%&%&%
[2026-08-04 02:00:49] [INFO] [remove_staged_products]: Clearing intermediate staged u-v data for ngc4254_2024.1.01512.S_12m_1_hcn.ms
[2026-08-04 02:00:49] [INFO] [remove_staged_products]: &%&%&%&%&%&%&%&%&%&%&%&%&%
[2026-08-04 02:00:49] [INFO] [remove_staged_products]: 
[2026-08-04 02:00:50] [INFO] [remove_staged_products]: 
[2026-08-04 02:00:50] [INFO] [remove_staged_products]: &%&%&%&%&%&%&%&%&%&%&%&%&%
[2026-08-04 02:00:50] [INFO] [remove_staged_products]: Clearing intermediate staged u-v data for ngc4254_2024.1.01512.S_12m_10_hcn.ms
[2026-08-04 02:00:50] [INFO] [remove_staged_products]: &%&%&%&%&%&%&%&%&%&%&%&%&%
[2026-08-04 02:00:50] [INFO] [remove_staged_products]: 
[2026-08-04 02:00:52] [INFO] [remove_staged_products]: 
[2026-08-04 02:00:52] [INFO] [remove_staged_products]: &%&%&%&%&%&%&%&%&%&%&%&%&%
[2026-08-04 02:00:52] [INFO] [remove_staged_products]: Clearing intermediate staged u-v data for ngc4254_2024.1.01512.S_12m_11_hcn.ms
[2026-08-04 02:00:52] [INFO] [remove_staged_products]: &%&%&%&%&%&%&%&%&%&%&%&%&%
[2026-08-04 02:00:52] [INFO] [remove_staged_products]: 
[2026-08-04 02:00:54] [INFO] [remove_staged_products]: 
[2026-08-04 02:00:54] [INFO] [remove_staged_products]: &%&%&%&%&%&%&%&%&%&%&%&%&%
[2026-08-04 02:00:54] [INFO] [remove_staged_products]: Clearing intermediate staged u-v data for ngc4254_2024.1.01512.S_12m_12_hcn.ms
[2026-08-04 02:00:54] [INFO] [remove_staged_products]: &%&%&%&%&%&%&%&%&%&%&%&%&%
[2026-08-04 02:00:54] [INFO] [remove_staged_products]: 
[2026-08-04 02:00:58] [INFO] [remove_staged_products]: 
[2026-08-04 02:00:58] [INFO] [remove_staged_products]: &%&%&%&%&%&%&%&%&%&%&%&%&%
[2026-08-04 02:00:58] [INFO] [remove_staged_products]: Clearing intermediate staged u-v data for ngc4254_2024.1.01512.S_12m_2_hcn.ms
[2026-08-04 02:00:58] [INFO] [remove_staged_products]: &%&%&%&%&%&%&%&%&%&%&%&%&%
[2026-08-04 02:00:58] [INFO] [remove_staged_products]: 
[2026-08-04 02:01:01] [INFO] [remove_staged_products]: 
[2026-08-04 02:01:01] [INFO] [remove_staged_products]: &%&%&%&%&%&%&%&%&%&%&%&%&%
[2026-08-04 02:01:01] [INFO] [remove_staged_products]: Clearing intermediate staged u-v data for ngc4254_2024.1.01512.S_12m_3_hcn.ms
[2026-08-04 02:01:01] [INFO] [remove_staged_products]: &%&%&%&%&%&%&%&%&%&%&%&%&%
[2026-08-04 02:01:01] [INFO] [remove_staged_products]: 
[2026-08-04 02:01:05] [INFO] [remove_staged_products]: 
[2026-08-04 02:01:05] [INFO] [remove_staged_products]: &%&%&%&%&%&%&%&%&%&%&%&%&%
[2026-08-04 02:01:05] [INFO] [remove_staged_products]: Clearing intermediate staged u-v data for ngc4254_2024.1.01512.S_12m_4_hcn.ms
[2026-08-04 02:01:05] [INFO] [remove_staged_products]: &%&%&%&%&%&%&%&%&%&%&%&%&%
[2026-08-04 02:01:05] [INFO] [remove_staged_products]: 
[2026-08-04 02:01:08] [INFO] [remove_staged_products]: 
[2026-08-04 02:01:08] [INFO] [remove_staged_products]: &%&%&%&%&%&%&%&%&%&%&%&%&%
[2026-08-04 02:01:08] [INFO] [remove_staged_products]: Clearing intermediate staged u-v data for ngc4254_2024.1.01512.S_12m_5_hcn.ms
[2026-08-04 02:01:08] [INFO] [remove_staged_products]: &%&%&%&%&%&%&%&%&%&%&%&%&%
[2026-08-04 02:01:08] [INFO] [remove_staged_products]: 
[2026-08-04 02:01:10] [INFO] [remove_staged_products]: 
[2026-08-04 02:01:10] [INFO] [remove_staged_products]: &%&%&%&%&%&%&%&%&%&%&%&%&%
[2026-08-04 02:01:10] [INFO] [remove_staged_products]: Clearing intermediate staged u-v data for ngc4254_2024.1.01512.S_12m_6_hcn.ms
[2026-08-04 02:01:10] [INFO] [remove_staged_products]: &%&%&%&%&%&%&%&%&%&%&%&%&%
[2026-08-04 02:01:10] [INFO] [remove_staged_products]: 
[2026-08-04 02:01:14] [INFO] [remove_staged_products]: 
[2026-08-04 02:01:14] [INFO] [remove_staged_products]: &%&%&%&%&%&%&%&%&%&%&%&%&%
[2026-08-04 02:01:14] [INFO] [remove_staged_products]: Clearing intermediate staged u-v data for ngc4254_2024.1.01512.S_12m_7_hcn.ms
[2026-08-04 02:01:14] [INFO] [remove_staged_products]: &%&%&%&%&%&%&%&%&%&%&%&%&%
[2026-08-04 02:01:14] [INFO] [remove_staged_products]: 
[2026-08-04 02:01:18] [INFO] [remove_staged_products]: 
[2026-08-04 02:01:18] [INFO] [remove_staged_products]: &%&%&%&%&%&%&%&%&%&%&%&%&%
[2026-08-04 02:01:18] [INFO] [remove_staged_products]: Clearing intermediate staged u-v data for ngc4254_2024.1.01512.S_12m_8_hcn.ms
[2026-08-04 02:01:18] [INFO] [remove_staged_products]: &%&%&%&%&%&%&%&%&%&%&%&%&%
[2026-08-04 02:01:18] [INFO] [remove_staged_products]: 
[2026-08-04 02:01:21] [INFO] [remove_staged_products]: 
[2026-08-04 02:01:21] [INFO] [remove_staged_products]: &%&%&%&%&%&%&%&%&%&%&%&%&%
[2026-08-04 02:01:21] [INFO] [remove_staged_products]: Clearing intermediate staged u-v data for ngc4254_2024.1.01512.S_12m_9_hcn.ms
[2026-08-04 02:01:21] [INFO] [remove_staged_products]: &%&%&%&%&%&%&%&%&%&%&%&%&%
[2026-08-04 02:01:21] [INFO] [remove_staged_products]: 
[2026-08-04 02:01:26] [INFO] [check_dir_existence]: --------------------------------------
[2026-08-04 02:01:26] [INFO] [check_dir_existence]: Checking the existence of directories.
[2026-08-04 02:01:26] [INFO] [check_dir_existence]: --------------------------------------
[2026-08-04 02:01:26] [INFO] [check_dir_existence]: Found 1 directories.
[2026-08-04 02:01:26] [INFO] [check_dir_existence]: No directories appear to be missing.
[2026-08-04 02:01:26] [INFO] [check_dir_existence]: --------------------------------------
[2026-08-04 02:01:26] [INFO] [check_dir_existence]: Checking the existence of directories.
[2026-08-04 02:01:26] [INFO] [check_dir_existence]: --------------------------------------
[2026-08-04 02:01:26] [INFO] [check_dir_existence]: Found 1 directories.
[2026-08-04 02:01:26] [INFO] [check_dir_existence]: No directories appear to be missing.
[2026-08-04 02:01:26] [INFO] [make_missing_directories]: Made 0 directories. Now 0 missing.
[2026-08-04 02:01:26] [INFO] [looper]: Looping over target, product, and config.
[2026-08-04 02:01:26] [INFO] [loop_imaging]: 
[2026-08-04 02:01:26] [INFO] [loop_imaging]: --------------------------------------------------------
[2026-08-04 02:01:26] [INFO] [loop_imaging]: START: Imaging target ngc4254 config 12m product hcn
[2026-08-04 02:01:26] [INFO] [loop_imaging]: --------------------------------------------------------
[2026-08-04 02:01:26] [INFO] [loop_imaging]: Imaging recipe: phangsalma
[2026-08-04 02:01:26] [INFO] [read_one_file]: Reading a clean input parameter file.
[2026-08-04 02:01:26] [INFO] [read_one_file]: Reading: /nfs/home/lneumann/reduction/alma_data_reduction/imaging/ngc4254/ngc4254_dense_configs/keys/cube_mosaic.clean
[2026-08-04 02:01:26] [INFO] [read_one_file]: Reading a clean input parameter file.
[2026-08-04 02:01:26] [INFO] [read_one_file]: Reading: /nfs/home/lneumann/reduction/alma_data_reduction/imaging/ngc4254/ngc4254_dense_configs/keys/cube_mosaic.clean
[2026-08-04 02:01:26] [INFO] [read_one_file]: Reading a clean input parameter file.
[2026-08-04 02:01:26] [INFO] [read_one_file]: Reading: /nfs/home/lneumann/reduction/alma_data_reduction/imaging/ngc4254/ngc4254_dense_configs/keys/cube_mosaic.clean
[2026-08-04 02:01:26] [INFO] [task_pick_cell_and_imsize]: 
[2026-08-04 02:01:26] [INFO] [task_pick_cell_and_imsize]: &%&%&%&%&%&%&%&%&%&%&%&%&%&%&%&%&%&%&%&%&%&%&%&%&%
[2026-08-04 02:01:26] [INFO] [task_pick_cell_and_imsize]: Calculating target cell size and image size for:
[2026-08-04 02:01:26] [INFO] [task_pick_cell_and_imsize]: ngc4254_12m_hcn.ms
[2026-08-04 02:01:26] [INFO] [task_pick_cell_and_imsize]: &%&%&%&%&%&%&%&%&%&%&%&%&%&%&%&%&%&%&%&%&%&%&%&%&%
[2026-08-04 02:01:26] [INFO] [task_pick_cell_and_imsize]: 
[2026-08-04 02:01:38] [INFO] [task_pick_cell_and_imsize]: cell=0.25arcsec, imsize=[1024, 1152]
[2026-08-04 02:01:38] [INFO] [task_make_dirty_image]: 
[2026-08-04 02:01:38] [INFO] [task_make_dirty_image]: &%&%&%&%&%&%&%&%&%&%&%&%&%
[2026-08-04 02:01:38] [INFO] [task_make_dirty_image]: Making dirty image:
[2026-08-04 02:01:38] [INFO] [task_make_dirty_image]: ngc4254_12m_hcn
[2026-08-04 02:01:38] [INFO] [task_make_dirty_image]: &%&%&%&%&%&%&%&%&%&%&%&%&%
[2026-08-04 02:01:38] [INFO] [task_make_dirty_image]: 
[2026-08-04 02:01:38] [DEBUG] [execute_clean_call]: Wiping previous versions of the cube.
[2026-08-04 02:01:38] [DEBUG] [wipe_imaging]: wipe_imaging under "/nfs/home/lneumann/reduction/alma_data_reduction/imaging/ngc4254/products/imaging/ngc4254"
[2026-08-04 02:01:38] [DEBUG] [wipe_imaging]: rm -rf ngc4254_12m_hcn.image
[2026-08-04 02:01:38] [DEBUG] [wipe_imaging]: rm -rf ngc4254_12m_hcn.model
[2026-08-04 02:01:38] [DEBUG] [wipe_imaging]: rm -rf ngc4254_12m_hcn.residual
[2026-08-04 02:01:38] [DEBUG] [wipe_imaging]: rm -rf ngc4254_12m_hcn.mask
[2026-08-04 02:01:38] [DEBUG] [wipe_imaging]: rm -rf ngc4254_12m_hcn.pb
[2026-08-04 02:01:38] [DEBUG] [wipe_imaging]: rm -rf ngc4254_12m_hcn.psf
[2026-08-04 02:01:38] [DEBUG] [wipe_imaging]: rm -rf ngc4254_12m_hcn.weight
[2026-08-04 02:01:38] [DEBUG] [wipe_imaging]: rm -rf ngc4254_12m_hcn.sumwt
[2026-08-04 02:01:38] [DEBUG] [wipe_imaging]: rm -rf ngc4254_12m_hcn.alpha
[2026-08-04 02:01:38] [DEBUG] [wipe_imaging]: rm -rf ngc4254_12m_hcn.alpha.error
[2026-08-04 02:01:38] [DEBUG] [wipe_imaging]: rm -rf ngc4254_12m_hcn.beta
[2026-08-04 02:01:38] [DEBUG] [wipe_imaging]: rm -rf ngc4254_12m_hcn.beta.error
[2026-08-04 02:01:38] [DEBUG] [wipe_imaging]: rm -rf ngc4254_12m_hcn.image.tt0
[2026-08-04 02:01:38] [DEBUG] [wipe_imaging]: rm -rf ngc4254_12m_hcn.image.tt1
[2026-08-04 02:01:38] [DEBUG] [wipe_imaging]: rm -rf ngc4254_12m_hcn.image.tt2
[2026-08-04 02:01:38] [DEBUG] [wipe_imaging]: rm -rf ngc4254_12m_hcn.model.tt0
[2026-08-04 02:01:38] [DEBUG] [wipe_imaging]: rm -rf ngc4254_12m_hcn.model.tt1
[2026-08-04 02:01:38] [DEBUG] [wipe_imaging]: rm -rf ngc4254_12m_hcn.model.tt2
[2026-08-04 02:01:38] [DEBUG] [wipe_imaging]: rm -rf ngc4254_12m_hcn.residual.tt0
[2026-08-04 02:01:38] [DEBUG] [wipe_imaging]: rm -rf ngc4254_12m_hcn.residual.tt1
[2026-08-04 02:01:38] [DEBUG] [wipe_imaging]: rm -rf ngc4254_12m_hcn.residual.tt2
[2026-08-04 02:01:38] [DEBUG] [wipe_imaging]: rm -rf ngc4254_12m_hcn.mask.tt0
[2026-08-04 02:01:38] [DEBUG] [wipe_imaging]: rm -rf ngc4254_12m_hcn.mask.tt1
[2026-08-04 02:01:38] [DEBUG] [wipe_imaging]: rm -rf ngc4254_12m_hcn.mask.tt2
[2026-08-04 02:01:38] [DEBUG] [wipe_imaging]: rm -rf ngc4254_12m_hcn.pb.tt0
[2026-08-04 02:01:38] [DEBUG] [wipe_imaging]: rm -rf ngc4254_12m_hcn.pb.tt1
[2026-08-04 02:01:38] [DEBUG] [wipe_imaging]: rm -rf ngc4254_12m_hcn.pb.tt2
[2026-08-04 02:01:38] [DEBUG] [wipe_imaging]: rm -rf ngc4254_12m_hcn.psf.tt0
[2026-08-04 02:01:38] [DEBUG] [wipe_imaging]: rm -rf ngc4254_12m_hcn.psf.tt1
[2026-08-04 02:01:38] [DEBUG] [wipe_imaging]: rm -rf ngc4254_12m_hcn.psf.tt2
[2026-08-04 02:01:38] [DEBUG] [wipe_imaging]: rm -rf ngc4254_12m_hcn.weight.tt0
[2026-08-04 02:01:38] [DEBUG] [wipe_imaging]: rm -rf ngc4254_12m_hcn.weight.tt1
[2026-08-04 02:01:38] [DEBUG] [wipe_imaging]: rm -rf ngc4254_12m_hcn.weight.tt2
[2026-08-04 02:01:38] [DEBUG] [wipe_imaging]: rm -rf ngc4254_12m_hcn.sumwt.tt0
[2026-08-04 02:01:38] [DEBUG] [wipe_imaging]: rm -rf ngc4254_12m_hcn.sumwt.tt1
[2026-08-04 02:01:38] [DEBUG] [wipe_imaging]: rm -rf ngc4254_12m_hcn.sumwt.tt2
[2026-08-04 02:01:38] [DEBUG] [execute_clean_call]: Running CASA tclean(vis='ngc4254_12m_hcn.ms', selectdata=True, field='', spw='', timerange='', uvrange='', antenna='', scan='', observation='', intent='', datacolumn='corrected', imagename='ngc4254_12m_hcn', imsize=[1024, 1152], cell='0.25arcsec', phasecenter='J2000 12h18m49.6s +14d24m59s', stokes='I', projection='SIN', startmodel='', specmode='cube', reffreq='', nchan=-1, start='', width='', outframe='LSRK', veltype='radio', restfreq='88.63185GHz', interpolation='linear', perchanweightdensity=True, gridder='mosaic', facets=1, psfphasecenter='', chanchunks=1, wprojplanes=1, vptable='', mosweight=True, aterm=True, psterm=False, wbawp=True, conjbeams=False, cfcache='', usepointing=False, computepastep=360.0, rotatepastep=360.0, pointingoffsetsigdev=[], pblimit=0.2, normtype='flatnoise', deconvolver='hogbom', scales=[], nterms=1, smallscalebias=0.9, restoration=True, restoringbeam='common', pbcor=False, outlierfile='', weighting='briggs', robust=0.5, noise='1.0Jy', npixels=0, uvtaper=[], niter=0, gain=0.1, threshold='0.0mJy/beam', nsigma=0.0, cycleniter=200, cyclefactor=3.0, minpsffraction=0.5, maxpsffraction=0.8, interactive=False, usemask='user', mask='', pbmask=0.0, sidelobethreshold=3.0, noisethreshold=5.0, lownoisethreshold=1.5, negativethreshold=0.0, smoothfactor=1.0, minbeamfrac=0.3, cutthreshold=0.01, growiterations=75, dogrowprune=True, minpercentchange=-1.0, verbose=False, fastnoise=True, restart=True, savemodel='none', calcres=True, calcpsf=True, parallel=False)
[2026-08-04 02:01:38] [WARNING] [execute_clean_call]: Unused key arguments for tclean: ['chanchunks']
[2026-08-04 02:01:38] [WARNING] [execute_clean_call]: Missing key arguments for tclean: ['fusedthreshold', 'largestscale', 'nmajor', 'fullsummary', 'psfcutoff']. Caution that CASA will use some default values depending on the CASA version.
[2026-08-04 03:06:46] [DEBUG] [wipe_imaging]: wipe_imaging under "/nfs/home/lneumann/reduction/alma_data_reduction/imaging/ngc4254/products/imaging/ngc4254"
[2026-08-04 03:06:46] [DEBUG] [wipe_imaging]: rm -rf ngc4254_12m_hcn_dirty.image
[2026-08-04 03:06:46] [DEBUG] [wipe_imaging]: rm -rf ngc4254_12m_hcn_dirty.model
[2026-08-04 03:06:46] [DEBUG] [wipe_imaging]: rm -rf ngc4254_12m_hcn_dirty.residual
[2026-08-04 03:06:46] [DEBUG] [wipe_imaging]: rm -rf ngc4254_12m_hcn_dirty.mask
[2026-08-04 03:06:46] [DEBUG] [wipe_imaging]: rm -rf ngc4254_12m_hcn_dirty.pb
[2026-08-04 03:06:46] [DEBUG] [wipe_imaging]: rm -rf ngc4254_12m_hcn_dirty.psf
[2026-08-04 03:06:46] [DEBUG] [wipe_imaging]: rm -rf ngc4254_12m_hcn_dirty.weight
[2026-08-04 03:06:46] [DEBUG] [wipe_imaging]: rm -rf ngc4254_12m_hcn_dirty.sumwt
[2026-08-04 03:06:46] [DEBUG] [wipe_imaging]: rm -rf ngc4254_12m_hcn_dirty.alpha
[2026-08-04 03:06:46] [DEBUG] [wipe_imaging]: rm -rf ngc4254_12m_hcn_dirty.alpha.error
[2026-08-04 03:06:46] [DEBUG] [wipe_imaging]: rm -rf ngc4254_12m_hcn_dirty.beta
[2026-08-04 03:06:46] [DEBUG] [wipe_imaging]: rm -rf ngc4254_12m_hcn_dirty.beta.error
[2026-08-04 03:06:46] [DEBUG] [wipe_imaging]: rm -rf ngc4254_12m_hcn_dirty.image.tt0
[2026-08-04 03:06:46] [DEBUG] [wipe_imaging]: rm -rf ngc4254_12m_hcn_dirty.image.tt1
[2026-08-04 03:06:46] [DEBUG] [wipe_imaging]: rm -rf ngc4254_12m_hcn_dirty.image.tt2
[2026-08-04 03:06:46] [DEBUG] [wipe_imaging]: rm -rf ngc4254_12m_hcn_dirty.model.tt0
[2026-08-04 03:06:46] [DEBUG] [wipe_imaging]: rm -rf ngc4254_12m_hcn_dirty.model.tt1
[2026-08-04 03:06:46] [DEBUG] [wipe_imaging]: rm -rf ngc4254_12m_hcn_dirty.model.tt2
[2026-08-04 03:06:46] [DEBUG] [wipe_imaging]: rm -rf ngc4254_12m_hcn_dirty.residual.tt0
[2026-08-04 03:06:46] [DEBUG] [wipe_imaging]: rm -rf ngc4254_12m_hcn_dirty.residual.tt1
[2026-08-04 03:06:46] [DEBUG] [wipe_imaging]: rm -rf ngc4254_12m_hcn_dirty.residual.tt2
[2026-08-04 03:06:46] [DEBUG] [wipe_imaging]: rm -rf ngc4254_12m_hcn_dirty.mask.tt0
[2026-08-04 03:06:46] [DEBUG] [wipe_imaging]: rm -rf ngc4254_12m_hcn_dirty.mask.tt1
[2026-08-04 03:06:46] [DEBUG] [wipe_imaging]: rm -rf ngc4254_12m_hcn_dirty.mask.tt2
[2026-08-04 03:06:46] [DEBUG] [wipe_imaging]: rm -rf ngc4254_12m_hcn_dirty.pb.tt0
[2026-08-04 03:06:46] [DEBUG] [wipe_imaging]: rm -rf ngc4254_12m_hcn_dirty.pb.tt1
[2026-08-04 03:06:46] [DEBUG] [wipe_imaging]: rm -rf ngc4254_12m_hcn_dirty.pb.tt2
[2026-08-04 03:06:46] [DEBUG] [wipe_imaging]: rm -rf ngc4254_12m_hcn_dirty.psf.tt0
[2026-08-04 03:06:46] [DEBUG] [wipe_imaging]: rm -rf ngc4254_12m_hcn_dirty.psf.tt1
[2026-08-04 03:06:46] [DEBUG] [wipe_imaging]: rm -rf ngc4254_12m_hcn_dirty.psf.tt2
[2026-08-04 03:06:46] [DEBUG] [wipe_imaging]: rm -rf ngc4254_12m_hcn_dirty.weight.tt0
[2026-08-04 03:06:46] [DEBUG] [wipe_imaging]: rm -rf ngc4254_12m_hcn_dirty.weight.tt1
[2026-08-04 03:06:46] [DEBUG] [wipe_imaging]: rm -rf ngc4254_12m_hcn_dirty.weight.tt2
[2026-08-04 03:06:46] [DEBUG] [wipe_imaging]: rm -rf ngc4254_12m_hcn_dirty.sumwt.tt0
[2026-08-04 03:06:46] [DEBUG] [wipe_imaging]: rm -rf ngc4254_12m_hcn_dirty.sumwt.tt1
[2026-08-04 03:06:46] [DEBUG] [wipe_imaging]: rm -rf ngc4254_12m_hcn_dirty.sumwt.tt2
[2026-08-04 03:06:46] [DEBUG] [copy_imaging]: Copying imaging from root ngc4254_12m_hcn to root ngc4254_12m_hcn_dirty
[2026-08-04 03:06:46] [DEBUG] [copy_imaging]: cp -r ngc4254_12m_hcn.image ngc4254_12m_hcn_dirty.image
[2026-08-04 03:06:48] [DEBUG] [copy_imaging]: cp -r ngc4254_12m_hcn.model ngc4254_12m_hcn_dirty.model
[2026-08-04 03:06:49] [DEBUG] [copy_imaging]: cp -r ngc4254_12m_hcn.residual ngc4254_12m_hcn_dirty.residual
[2026-08-04 03:06:50] [DEBUG] [copy_imaging]: cp -r ngc4254_12m_hcn.mask ngc4254_12m_hcn_dirty.mask
[2026-08-04 03:06:50] [DEBUG] [copy_imaging]: cp -r ngc4254_12m_hcn.pb ngc4254_12m_hcn_dirty.pb
[2026-08-04 03:06:50] [DEBUG] [copy_imaging]: cp -r ngc4254_12m_hcn.psf ngc4254_12m_hcn_dirty.psf
[2026-08-04 03:06:51] [DEBUG] [copy_imaging]: cp -r ngc4254_12m_hcn.weight ngc4254_12m_hcn_dirty.weight
[2026-08-04 03:06:52] [DEBUG] [copy_imaging]: cp -r ngc4254_12m_hcn.sumwt ngc4254_12m_hcn_dirty.sumwt
[2026-08-04 03:06:52] [DEBUG] [copy_imaging]: cp -r ngc4254_12m_hcn.alpha ngc4254_12m_hcn_dirty.alpha
[2026-08-04 03:06:52] [DEBUG] [copy_imaging]: cp -r ngc4254_12m_hcn.alpha.error ngc4254_12m_hcn_dirty.alpha.error
[2026-08-04 03:06:52] [DEBUG] [copy_imaging]: cp -r ngc4254_12m_hcn.beta ngc4254_12m_hcn_dirty.beta
[2026-08-04 03:06:52] [DEBUG] [copy_imaging]: cp -r ngc4254_12m_hcn.beta.error ngc4254_12m_hcn_dirty.beta.error
[2026-08-04 03:06:52] [DEBUG] [copy_imaging]: cp -r ngc4254_12m_hcn.image.tt0 ngc4254_12m_hcn_dirty.image.tt0
[2026-08-04 03:06:52] [DEBUG] [copy_imaging]: cp -r ngc4254_12m_hcn.image.tt1 ngc4254_12m_hcn_dirty.image.tt1
[2026-08-04 03:06:52] [DEBUG] [copy_imaging]: cp -r ngc4254_12m_hcn.image.tt2 ngc4254_12m_hcn_dirty.image.tt2
[2026-08-04 03:06:52] [DEBUG] [copy_imaging]: cp -r ngc4254_12m_hcn.model.tt0 ngc4254_12m_hcn_dirty.model.tt0
[2026-08-04 03:06:52] [DEBUG] [copy_imaging]: cp -r ngc4254_12m_hcn.model.tt1 ngc4254_12m_hcn_dirty.model.tt1
[2026-08-04 03:06:52] [DEBUG] [copy_imaging]: cp -r ngc4254_12m_hcn.model.tt2 ngc4254_12m_hcn_dirty.model.tt2
[2026-08-04 03:06:52] [DEBUG] [copy_imaging]: cp -r ngc4254_12m_hcn.residual.tt0 ngc4254_12m_hcn_dirty.residual.tt0
[2026-08-04 03:06:52] [DEBUG] [copy_imaging]: cp -r ngc4254_12m_hcn.residual.tt1 ngc4254_12m_hcn_dirty.residual.tt1
[2026-08-04 03:06:52] [DEBUG] [copy_imaging]: cp -r ngc4254_12m_hcn.residual.tt2 ngc4254_12m_hcn_dirty.residual.tt2
[2026-08-04 03:06:52] [DEBUG] [copy_imaging]: cp -r ngc4254_12m_hcn.mask.tt0 ngc4254_12m_hcn_dirty.mask.tt0
[2026-08-04 03:06:52] [DEBUG] [copy_imaging]: cp -r ngc4254_12m_hcn.mask.tt1 ngc4254_12m_hcn_dirty.mask.tt1
[2026-08-04 03:06:53] [DEBUG] [copy_imaging]: cp -r ngc4254_12m_hcn.mask.tt2 ngc4254_12m_hcn_dirty.mask.tt2
[2026-08-04 03:06:53] [DEBUG] [copy_imaging]: cp -r ngc4254_12m_hcn.pb.tt0 ngc4254_12m_hcn_dirty.pb.tt0
[2026-08-04 03:06:53] [DEBUG] [copy_imaging]: cp -r ngc4254_12m_hcn.pb.tt1 ngc4254_12m_hcn_dirty.pb.tt1
[2026-08-04 03:06:53] [DEBUG] [copy_imaging]: cp -r ngc4254_12m_hcn.pb.tt2 ngc4254_12m_hcn_dirty.pb.tt2
[2026-08-04 03:06:53] [DEBUG] [copy_imaging]: cp -r ngc4254_12m_hcn.psf.tt0 ngc4254_12m_hcn_dirty.psf.tt0
[2026-08-04 03:06:53] [DEBUG] [copy_imaging]: cp -r ngc4254_12m_hcn.psf.tt1 ngc4254_12m_hcn_dirty.psf.tt1
[2026-08-04 03:06:53] [DEBUG] [copy_imaging]: cp -r ngc4254_12m_hcn.psf.tt2 ngc4254_12m_hcn_dirty.psf.tt2
[2026-08-04 03:06:53] [DEBUG] [copy_imaging]: cp -r ngc4254_12m_hcn.weight.tt0 ngc4254_12m_hcn_dirty.weight.tt0
[2026-08-04 03:06:53] [DEBUG] [copy_imaging]: cp -r ngc4254_12m_hcn.weight.tt1 ngc4254_12m_hcn_dirty.weight.tt1
[2026-08-04 03:06:53] [DEBUG] [copy_imaging]: cp -r ngc4254_12m_hcn.weight.tt2 ngc4254_12m_hcn_dirty.weight.tt2
[2026-08-04 03:06:53] [DEBUG] [copy_imaging]: cp -r ngc4254_12m_hcn.sumwt.tt0 ngc4254_12m_hcn_dirty.sumwt.tt0
[2026-08-04 03:06:53] [DEBUG] [copy_imaging]: cp -r ngc4254_12m_hcn.sumwt.tt1 ngc4254_12m_hcn_dirty.sumwt.tt1
[2026-08-04 03:06:53] [DEBUG] [copy_imaging]: cp -r ngc4254_12m_hcn.sumwt.tt2 ngc4254_12m_hcn_dirty.sumwt.tt2
[2026-08-04 03:06:53] [INFO] [task_revert_to_imaging]: 
[2026-08-04 03:06:53] [INFO] [task_revert_to_imaging]: &%&%&%&%&%&%&%&%&%&%&%&%&%
[2026-08-04 03:06:53] [INFO] [task_revert_to_imaging]: Resetting to dirty imaging:
[2026-08-04 03:06:53] [INFO] [task_revert_to_imaging]: ngc4254_12m_hcn
[2026-08-04 03:06:53] [INFO] [task_revert_to_imaging]: &%&%&%&%&%&%&%&%&%&%&%&%&%
[2026-08-04 03:06:53] [INFO] [task_revert_to_imaging]: 
[2026-08-04 03:06:53] [DEBUG] [wipe_imaging]: wipe_imaging under "/nfs/home/lneumann/reduction/alma_data_reduction/imaging/ngc4254/products/imaging/ngc4254"
[2026-08-04 03:06:53] [DEBUG] [wipe_imaging]: rm -rf ngc4254_12m_hcn.image
[2026-08-04 03:06:53] [DEBUG] [wipe_imaging]: rm -rf ngc4254_12m_hcn.model
[2026-08-04 03:06:53] [DEBUG] [wipe_imaging]: rm -rf ngc4254_12m_hcn.residual
[2026-08-04 03:06:53] [DEBUG] [wipe_imaging]: rm -rf ngc4254_12m_hcn.mask
[2026-08-04 03:06:53] [DEBUG] [wipe_imaging]: rm -rf ngc4254_12m_hcn.pb
[2026-08-04 03:06:53] [DEBUG] [wipe_imaging]: rm -rf ngc4254_12m_hcn.psf
[2026-08-04 03:06:53] [DEBUG] [wipe_imaging]: rm -rf ngc4254_12m_hcn.weight
[2026-08-04 03:06:53] [DEBUG] [wipe_imaging]: rm -rf ngc4254_12m_hcn.sumwt
[2026-08-04 03:06:53] [DEBUG] [wipe_imaging]: rm -rf ngc4254_12m_hcn.alpha
[2026-08-04 03:06:53] [DEBUG] [wipe_imaging]: rm -rf ngc4254_12m_hcn.alpha.error
[2026-08-04 03:06:53] [DEBUG] [wipe_imaging]: rm -rf ngc4254_12m_hcn.beta
[2026-08-04 03:06:53] [DEBUG] [wipe_imaging]: rm -rf ngc4254_12m_hcn.beta.error
[2026-08-04 03:06:53] [DEBUG] [wipe_imaging]: rm -rf ngc4254_12m_hcn.image.tt0
[2026-08-04 03:06:53] [DEBUG] [wipe_imaging]: rm -rf ngc4254_12m_hcn.image.tt1
[2026-08-04 03:06:53] [DEBUG] [wipe_imaging]: rm -rf ngc4254_12m_hcn.image.tt2
[2026-08-04 03:06:53] [DEBUG] [wipe_imaging]: rm -rf ngc4254_12m_hcn.model.tt0
[2026-08-04 03:06:53] [DEBUG] [wipe_imaging]: rm -rf ngc4254_12m_hcn.model.tt1
[2026-08-04 03:06:53] [DEBUG] [wipe_imaging]: rm -rf ngc4254_12m_hcn.model.tt2
[2026-08-04 03:06:53] [DEBUG] [wipe_imaging]: rm -rf ngc4254_12m_hcn.residual.tt0
[2026-08-04 03:06:53] [DEBUG] [wipe_imaging]: rm -rf ngc4254_12m_hcn.residual.tt1
[2026-08-04 03:06:53] [DEBUG] [wipe_imaging]: rm -rf ngc4254_12m_hcn.residual.tt2
[2026-08-04 03:06:53] [DEBUG] [wipe_imaging]: rm -rf ngc4254_12m_hcn.mask.tt0
[2026-08-04 03:06:53] [DEBUG] [wipe_imaging]: rm -rf ngc4254_12m_hcn.mask.tt1
[2026-08-04 03:06:53] [DEBUG] [wipe_imaging]: rm -rf ngc4254_12m_hcn.mask.tt2
[2026-08-04 03:06:53] [DEBUG] [wipe_imaging]: rm -rf ngc4254_12m_hcn.pb.tt0
[2026-08-04 03:06:53] [DEBUG] [wipe_imaging]: rm -rf ngc4254_12m_hcn.pb.tt1
[2026-08-04 03:06:53] [DEBUG] [wipe_imaging]: rm -rf ngc4254_12m_hcn.pb.tt2
[2026-08-04 03:06:53] [DEBUG] [wipe_imaging]: rm -rf ngc4254_12m_hcn.psf.tt0
[2026-08-04 03:06:53] [DEBUG] [wipe_imaging]: rm -rf ngc4254_12m_hcn.psf.tt1
[2026-08-04 03:06:53] [DEBUG] [wipe_imaging]: rm -rf ngc4254_12m_hcn.psf.tt2
[2026-08-04 03:06:53] [DEBUG] [wipe_imaging]: rm -rf ngc4254_12m_hcn.weight.tt0
[2026-08-04 03:06:53] [DEBUG] [wipe_imaging]: rm -rf ngc4254_12m_hcn.weight.tt1
[2026-08-04 03:06:53] [DEBUG] [wipe_imaging]: rm -rf ngc4254_12m_hcn.weight.tt2
[2026-08-04 03:06:53] [DEBUG] [wipe_imaging]: rm -rf ngc4254_12m_hcn.sumwt.tt0
[2026-08-04 03:06:53] [DEBUG] [wipe_imaging]: rm -rf ngc4254_12m_hcn.sumwt.tt1
[2026-08-04 03:06:53] [DEBUG] [wipe_imaging]: rm -rf ngc4254_12m_hcn.sumwt.tt2
[2026-08-04 03:06:53] [DEBUG] [copy_imaging]: Copying imaging from root ngc4254_12m_hcn_dirty to root ngc4254_12m_hcn
[2026-08-04 03:06:53] [DEBUG] [copy_imaging]: cp -r ngc4254_12m_hcn_dirty.image ngc4254_12m_hcn.image
[2026-08-04 03:06:55] [DEBUG] [copy_imaging]: cp -r ngc4254_12m_hcn_dirty.model ngc4254_12m_hcn.model
[2026-08-04 03:06:56] [DEBUG] [copy_imaging]: cp -r ngc4254_12m_hcn_dirty.residual ngc4254_12m_hcn.residual
[2026-08-04 03:06:57] [DEBUG] [copy_imaging]: cp -r ngc4254_12m_hcn_dirty.mask ngc4254_12m_hcn.mask
[2026-08-04 03:06:57] [DEBUG] [copy_imaging]: cp -r ngc4254_12m_hcn_dirty.pb ngc4254_12m_hcn.pb
[2026-08-04 03:06:59] [DEBUG] [copy_imaging]: cp -r ngc4254_12m_hcn_dirty.psf ngc4254_12m_hcn.psf
[2026-08-04 03:07:00] [DEBUG] [copy_imaging]: cp -r ngc4254_12m_hcn_dirty.weight ngc4254_12m_hcn.weight
[2026-08-04 03:07:01] [DEBUG] [copy_imaging]: cp -r ngc4254_12m_hcn_dirty.sumwt ngc4254_12m_hcn.sumwt
[2026-08-04 03:07:01] [DEBUG] [copy_imaging]: cp -r ngc4254_12m_hcn_dirty.alpha ngc4254_12m_hcn.alpha
[2026-08-04 03:07:01] [DEBUG] [copy_imaging]: cp -r ngc4254_12m_hcn_dirty.alpha.error ngc4254_12m_hcn.alpha.error
[2026-08-04 03:07:01] [DEBUG] [copy_imaging]: cp -r ngc4254_12m_hcn_dirty.beta ngc4254_12m_hcn.beta
[2026-08-04 03:07:01] [DEBUG] [copy_imaging]: cp -r ngc4254_12m_hcn_dirty.beta.error ngc4254_12m_hcn.beta.error
[2026-08-04 03:07:01] [DEBUG] [copy_imaging]: cp -r ngc4254_12m_hcn_dirty.image.tt0 ngc4254_12m_hcn.image.tt0
[2026-08-04 03:07:01] [DEBUG] [copy_imaging]: cp -r ngc4254_12m_hcn_dirty.image.tt1 ngc4254_12m_hcn.image.tt1
[2026-08-04 03:07:01] [DEBUG] [copy_imaging]: cp -r ngc4254_12m_hcn_dirty.image.tt2 ngc4254_12m_hcn.image.tt2
[2026-08-04 03:07:01] [DEBUG] [copy_imaging]: cp -r ngc4254_12m_hcn_dirty.model.tt0 ngc4254_12m_hcn.model.tt0
[2026-08-04 03:07:01] [DEBUG] [copy_imaging]: cp -r ngc4254_12m_hcn_dirty.model.tt1 ngc4254_12m_hcn.model.tt1
[2026-08-04 03:07:01] [DEBUG] [copy_imaging]: cp -r ngc4254_12m_hcn_dirty.model.tt2 ngc4254_12m_hcn.model.tt2
[2026-08-04 03:07:01] [DEBUG] [copy_imaging]: cp -r ngc4254_12m_hcn_dirty.residual.tt0 ngc4254_12m_hcn.residual.tt0
[2026-08-04 03:07:01] [DEBUG] [copy_imaging]: cp -r ngc4254_12m_hcn_dirty.residual.tt1 ngc4254_12m_hcn.residual.tt1
[2026-08-04 03:07:01] [DEBUG] [copy_imaging]: cp -r ngc4254_12m_hcn_dirty.residual.tt2 ngc4254_12m_hcn.residual.tt2
[2026-08-04 03:07:01] [DEBUG] [copy_imaging]: cp -r ngc4254_12m_hcn_dirty.mask.tt0 ngc4254_12m_hcn.mask.tt0
[2026-08-04 03:07:01] [DEBUG] [copy_imaging]: cp -r ngc4254_12m_hcn_dirty.mask.tt1 ngc4254_12m_hcn.mask.tt1
[2026-08-04 03:07:01] [DEBUG] [copy_imaging]: cp -r ngc4254_12m_hcn_dirty.mask.tt2 ngc4254_12m_hcn.mask.tt2
[2026-08-04 03:07:01] [DEBUG] [copy_imaging]: cp -r ngc4254_12m_hcn_dirty.pb.tt0 ngc4254_12m_hcn.pb.tt0
[2026-08-04 03:07:01] [DEBUG] [copy_imaging]: cp -r ngc4254_12m_hcn_dirty.pb.tt1 ngc4254_12m_hcn.pb.tt1
[2026-08-04 03:07:01] [DEBUG] [copy_imaging]: cp -r ngc4254_12m_hcn_dirty.pb.tt2 ngc4254_12m_hcn.pb.tt2
[2026-08-04 03:07:01] [DEBUG] [copy_imaging]: cp -r ngc4254_12m_hcn_dirty.psf.tt0 ngc4254_12m_hcn.psf.tt0
[2026-08-04 03:07:01] [DEBUG] [copy_imaging]: cp -r ngc4254_12m_hcn_dirty.psf.tt1 ngc4254_12m_hcn.psf.tt1
[2026-08-04 03:07:01] [DEBUG] [copy_imaging]: cp -r ngc4254_12m_hcn_dirty.psf.tt2 ngc4254_12m_hcn.psf.tt2
[2026-08-04 03:07:01] [DEBUG] [copy_imaging]: cp -r ngc4254_12m_hcn_dirty.weight.tt0 ngc4254_12m_hcn.weight.tt0
[2026-08-04 03:07:01] [DEBUG] [copy_imaging]: cp -r ngc4254_12m_hcn_dirty.weight.tt1 ngc4254_12m_hcn.weight.tt1
[2026-08-04 03:07:01] [DEBUG] [copy_imaging]: cp -r ngc4254_12m_hcn_dirty.weight.tt2 ngc4254_12m_hcn.weight.tt2
[2026-08-04 03:07:01] [DEBUG] [copy_imaging]: cp -r ngc4254_12m_hcn_dirty.sumwt.tt0 ngc4254_12m_hcn.sumwt.tt0
[2026-08-04 03:07:01] [DEBUG] [copy_imaging]: cp -r ngc4254_12m_hcn_dirty.sumwt.tt1 ngc4254_12m_hcn.sumwt.tt1
[2026-08-04 03:07:01] [DEBUG] [copy_imaging]: cp -r ngc4254_12m_hcn_dirty.sumwt.tt2 ngc4254_12m_hcn.sumwt.tt2
[2026-08-04 03:07:01] [ERROR] [get_cleanmask_filename]: Did not find a cleanmask for ngc4254 all
[2026-08-04 03:07:01] [INFO] [task_read_clean_mask]: No clean mask found for target ngc4254 product hcn
[2026-08-04 03:07:01] [INFO] [read_one_file]: Reading a clean input parameter file.
[2026-08-04 03:07:01] [INFO] [read_one_file]: Reading: /nfs/home/lneumann/reduction/alma_data_reduction/imaging/ngc4254/ngc4254_dense_configs/keys/cube_mosaic.clean
[2026-08-04 03:07:01] [INFO] [read_one_file]: Reading a clean input parameter file.
[2026-08-04 03:07:01] [INFO] [read_one_file]: Reading: /nfs/home/lneumann/reduction/alma_data_reduction/imaging/ngc4254/ngc4254_dense_configs/keys/cube_mosaic.clean
[2026-08-04 03:07:01] [INFO] [read_one_file]: Reading a clean input parameter file.
[2026-08-04 03:07:01] [INFO] [read_one_file]: Reading: /nfs/home/lneumann/reduction/alma_data_reduction/imaging/ngc4254/ngc4254_dense_configs/keys/cube_mosaic.clean
[2026-08-04 03:07:01] [WARNING] [recipe_phangsalma_imaging]: I looked for this and did not find it: ngc4254_12m_hcn.mask
[2026-08-04 03:07:01] [WARNING] [recipe_phangsalma_imaging]: No mask found, we will use a pblimit mask.
[2026-08-04 03:07:01] [INFO] [task_multiscale_clean]: 
[2026-08-04 03:07:01] [INFO] [task_multiscale_clean]: &%&%&%&%&%&%&%&%&%&%&%&%&%&%&%&%&%&%&%&%&%&%&%&%&%&%
[2026-08-04 03:07:01] [INFO] [task_multiscale_clean]: Running clean call to convergence for:
[2026-08-04 03:07:01] [INFO] [task_multiscale_clean]: ngc4254_12m_hcn
[2026-08-04 03:07:01] [INFO] [task_multiscale_clean]: &%&%&%&%&%&%&%&%&%&%&%&%&%&%&%&%&%&%&%&%&%&%&%&%&%&%
[2026-08-04 03:07:01] [INFO] [task_multiscale_clean]: 
[2026-08-04 03:07:47] [INFO] [clean_loop]: Computing noise cube.
[2026-08-04 03:08:04] [INFO] [clean_loop]: Loop 0, niter 700, cycleniter 100, cumulative_niter 700, threshold 0.0013220068008363926Jy/beam.
[2026-08-04 03:08:04] [DEBUG] [wipe_imaging]: wipe_imaging under "/nfs/home/lneumann/reduction/alma_data_reduction/imaging/ngc4254/products/imaging/ngc4254"
[2026-08-04 03:08:04] [DEBUG] [wipe_imaging]: rm -rf ngc4254_12m_hcn_prev.image
[2026-08-04 03:08:04] [DEBUG] [wipe_imaging]: rm -rf ngc4254_12m_hcn_prev.model
[2026-08-04 03:08:04] [DEBUG] [wipe_imaging]: rm -rf ngc4254_12m_hcn_prev.residual
[2026-08-04 03:08:04] [DEBUG] [wipe_imaging]: rm -rf ngc4254_12m_hcn_prev.mask
[2026-08-04 03:08:04] [DEBUG] [wipe_imaging]: rm -rf ngc4254_12m_hcn_prev.pb
[2026-08-04 03:08:04] [DEBUG] [wipe_imaging]: rm -rf ngc4254_12m_hcn_prev.psf
[2026-08-04 03:08:04] [DEBUG] [wipe_imaging]: rm -rf ngc4254_12m_hcn_prev.weight
[2026-08-04 03:08:04] [DEBUG] [wipe_imaging]: rm -rf ngc4254_12m_hcn_prev.sumwt
[2026-08-04 03:08:04] [DEBUG] [wipe_imaging]: rm -rf ngc4254_12m_hcn_prev.alpha
[2026-08-04 03:08:04] [DEBUG] [wipe_imaging]: rm -rf ngc4254_12m_hcn_prev.alpha.error
[2026-08-04 03:08:04] [DEBUG] [wipe_imaging]: rm -rf ngc4254_12m_hcn_prev.beta
[2026-08-04 03:08:04] [DEBUG] [wipe_imaging]: rm -rf ngc4254_12m_hcn_prev.beta.error
[2026-08-04 03:08:04] [DEBUG] [wipe_imaging]: rm -rf ngc4254_12m_hcn_prev.image.tt0
[2026-08-04 03:08:04] [DEBUG] [wipe_imaging]: rm -rf ngc4254_12m_hcn_prev.image.tt1
[2026-08-04 03:08:04] [DEBUG] [wipe_imaging]: rm -rf ngc4254_12m_hcn_prev.image.tt2
[2026-08-04 03:08:04] [DEBUG] [wipe_imaging]: rm -rf ngc4254_12m_hcn_prev.model.tt0
[2026-08-04 03:08:04] [DEBUG] [wipe_imaging]: rm -rf ngc4254_12m_hcn_prev.model.tt1
[2026-08-04 03:08:04] [DEBUG] [wipe_imaging]: rm -rf ngc4254_12m_hcn_prev.model.tt2
[2026-08-04 03:08:04] [DEBUG] [wipe_imaging]: rm -rf ngc4254_12m_hcn_prev.residual.tt0
[2026-08-04 03:08:04] [DEBUG] [wipe_imaging]: rm -rf ngc4254_12m_hcn_prev.residual.tt1
[2026-08-04 03:08:04] [DEBUG] [wipe_imaging]: rm -rf ngc4254_12m_hcn_prev.residual.tt2
[2026-08-04 03:08:04] [DEBUG] [wipe_imaging]: rm -rf ngc4254_12m_hcn_prev.mask.tt0
[2026-08-04 03:08:04] [DEBUG] [wipe_imaging]: rm -rf ngc4254_12m_hcn_prev.mask.tt1
[2026-08-04 03:08:04] [DEBUG] [wipe_imaging]: rm -rf ngc4254_12m_hcn_prev.mask.tt2
[2026-08-04 03:08:04] [DEBUG] [wipe_imaging]: rm -rf ngc4254_12m_hcn_prev.pb.tt0
[2026-08-04 03:08:05] [DEBUG] [wipe_imaging]: rm -rf ngc4254_12m_hcn_prev.pb.tt1
[2026-08-04 03:08:05] [DEBUG] [wipe_imaging]: rm -rf ngc4254_12m_hcn_prev.pb.tt2
[2026-08-04 03:08:05] [DEBUG] [wipe_imaging]: rm -rf ngc4254_12m_hcn_prev.psf.tt0
[2026-08-04 03:08:05] [DEBUG] [wipe_imaging]: rm -rf ngc4254_12m_hcn_prev.psf.tt1
[2026-08-04 03:08:05] [DEBUG] [wipe_imaging]: rm -rf ngc4254_12m_hcn_prev.psf.tt2
[2026-08-04 03:08:05] [DEBUG] [wipe_imaging]: rm -rf ngc4254_12m_hcn_prev.weight.tt0
[2026-08-04 03:08:05] [DEBUG] [wipe_imaging]: rm -rf ngc4254_12m_hcn_prev.weight.tt1
[2026-08-04 03:08:05] [DEBUG] [wipe_imaging]: rm -rf ngc4254_12m_hcn_prev.weight.tt2
[2026-08-04 03:08:05] [DEBUG] [wipe_imaging]: rm -rf ngc4254_12m_hcn_prev.sumwt.tt0
[2026-08-04 03:08:05] [DEBUG] [wipe_imaging]: rm -rf ngc4254_12m_hcn_prev.sumwt.tt1
[2026-08-04 03:08:05] [DEBUG] [wipe_imaging]: rm -rf ngc4254_12m_hcn_prev.sumwt.tt2
[2026-08-04 03:08:05] [DEBUG] [copy_imaging]: Copying imaging from root ngc4254_12m_hcn to root ngc4254_12m_hcn_prev
[2026-08-04 03:08:05] [DEBUG] [copy_imaging]: cp -r ngc4254_12m_hcn.image ngc4254_12m_hcn_prev.image
[2026-08-04 03:08:06] [DEBUG] [copy_imaging]: cp -r ngc4254_12m_hcn.model ngc4254_12m_hcn_prev.model
[2026-08-04 03:08:08] [DEBUG] [copy_imaging]: cp -r ngc4254_12m_hcn.residual ngc4254_12m_hcn_prev.residual
[2026-08-04 03:08:08] [DEBUG] [copy_imaging]: cp -r ngc4254_12m_hcn.mask ngc4254_12m_hcn_prev.mask
[2026-08-04 03:08:08] [DEBUG] [copy_imaging]: cp -r ngc4254_12m_hcn.pb ngc4254_12m_hcn_prev.pb
[2026-08-04 03:08:10] [DEBUG] [copy_imaging]: cp -r ngc4254_12m_hcn.psf ngc4254_12m_hcn_prev.psf
[2026-08-04 03:08:11] [DEBUG] [copy_imaging]: cp -r ngc4254_12m_hcn.weight ngc4254_12m_hcn_prev.weight
[2026-08-04 03:08:12] [DEBUG] [copy_imaging]: cp -r ngc4254_12m_hcn.sumwt ngc4254_12m_hcn_prev.sumwt
[2026-08-04 03:08:12] [DEBUG] [copy_imaging]: cp -r ngc4254_12m_hcn.alpha ngc4254_12m_hcn_prev.alpha
[2026-08-04 03:08:12] [DEBUG] [copy_imaging]: cp -r ngc4254_12m_hcn.alpha.error ngc4254_12m_hcn_prev.alpha.error
[2026-08-04 03:08:12] [DEBUG] [copy_imaging]: cp -r ngc4254_12m_hcn.beta ngc4254_12m_hcn_prev.beta
[2026-08-04 03:08:12] [DEBUG] [copy_imaging]: cp -r ngc4254_12m_hcn.beta.error ngc4254_12m_hcn_prev.beta.error
[2026-08-04 03:08:12] [DEBUG] [copy_imaging]: cp -r ngc4254_12m_hcn.image.tt0 ngc4254_12m_hcn_prev.image.tt0
[2026-08-04 03:08:12] [DEBUG] [copy_imaging]: cp -r ngc4254_12m_hcn.image.tt1 ngc4254_12m_hcn_prev.image.tt1
[2026-08-04 03:08:12] [DEBUG] [copy_imaging]: cp -r ngc4254_12m_hcn.image.tt2 ngc4254_12m_hcn_prev.image.tt2
[2026-08-04 03:08:12] [DEBUG] [copy_imaging]: cp -r ngc4254_12m_hcn.model.tt0 ngc4254_12m_hcn_prev.model.tt0
[2026-08-04 03:08:12] [DEBUG] [copy_imaging]: cp -r ngc4254_12m_hcn.model.tt1 ngc4254_12m_hcn_prev.model.tt1
[2026-08-04 03:08:12] [DEBUG] [copy_imaging]: cp -r ngc4254_12m_hcn.model.tt2 ngc4254_12m_hcn_prev.model.tt2
[2026-08-04 03:08:12] [DEBUG] [copy_imaging]: cp -r ngc4254_12m_hcn.residual.tt0 ngc4254_12m_hcn_prev.residual.tt0
[2026-08-04 03:08:12] [DEBUG] [copy_imaging]: cp -r ngc4254_12m_hcn.residual.tt1 ngc4254_12m_hcn_prev.residual.tt1
[2026-08-04 03:08:12] [DEBUG] [copy_imaging]: cp -r ngc4254_12m_hcn.residual.tt2 ngc4254_12m_hcn_prev.residual.tt2
[2026-08-04 03:08:12] [DEBUG] [copy_imaging]: cp -r ngc4254_12m_hcn.mask.tt0 ngc4254_12m_hcn_prev.mask.tt0
[2026-08-04 03:08:12] [DEBUG] [copy_imaging]: cp -r ngc4254_12m_hcn.mask.tt1 ngc4254_12m_hcn_prev.mask.tt1
[2026-08-04 03:08:12] [DEBUG] [copy_imaging]: cp -r ngc4254_12m_hcn.mask.tt2 ngc4254_12m_hcn_prev.mask.tt2
[2026-08-04 03:08:12] [DEBUG] [copy_imaging]: cp -r ngc4254_12m_hcn.pb.tt0 ngc4254_12m_hcn_prev.pb.tt0
[2026-08-04 03:08:12] [DEBUG] [copy_imaging]: cp -r ngc4254_12m_hcn.pb.tt1 ngc4254_12m_hcn_prev.pb.tt1
[2026-08-04 03:08:12] [DEBUG] [copy_imaging]: cp -r ngc4254_12m_hcn.pb.tt2 ngc4254_12m_hcn_prev.pb.tt2
[2026-08-04 03:08:12] [DEBUG] [copy_imaging]: cp -r ngc4254_12m_hcn.psf.tt0 ngc4254_12m_hcn_prev.psf.tt0
[2026-08-04 03:08:12] [DEBUG] [copy_imaging]: cp -r ngc4254_12m_hcn.psf.tt1 ngc4254_12m_hcn_prev.psf.tt1
[2026-08-04 03:08:12] [DEBUG] [copy_imaging]: cp -r ngc4254_12m_hcn.psf.tt2 ngc4254_12m_hcn_prev.psf.tt2
[2026-08-04 03:08:12] [DEBUG] [copy_imaging]: cp -r ngc4254_12m_hcn.weight.tt0 ngc4254_12m_hcn_prev.weight.tt0
[2026-08-04 03:08:12] [DEBUG] [copy_imaging]: cp -r ngc4254_12m_hcn.weight.tt1 ngc4254_12m_hcn_prev.weight.tt1
[2026-08-04 03:08:13] [DEBUG] [copy_imaging]: cp -r ngc4254_12m_hcn.weight.tt2 ngc4254_12m_hcn_prev.weight.tt2
[2026-08-04 03:08:13] [DEBUG] [copy_imaging]: cp -r ngc4254_12m_hcn.sumwt.tt0 ngc4254_12m_hcn_prev.sumwt.tt0
[2026-08-04 03:08:13] [DEBUG] [copy_imaging]: cp -r ngc4254_12m_hcn.sumwt.tt1 ngc4254_12m_hcn_prev.sumwt.tt1
[2026-08-04 03:08:13] [DEBUG] [copy_imaging]: cp -r ngc4254_12m_hcn.sumwt.tt2 ngc4254_12m_hcn_prev.sumwt.tt2
[2026-08-04 03:08:13] [DEBUG] [execute_clean_call]: Running CASA tclean(vis='ngc4254_12m_hcn.ms', selectdata=True, field='', spw='', timerange='', uvrange='', antenna='', scan='', observation='', intent='', datacolumn='corrected', imagename='ngc4254_12m_hcn', imsize=[1024, 1152], cell='0.25arcsec', phasecenter='J2000 12h18m49.6s +14d24m59s', stokes='I', projection='SIN', startmodel='', specmode='cube', reffreq='', nchan=-1, start='', width='', outframe='LSRK', veltype='radio', restfreq='88.63185GHz', interpolation='linear', perchanweightdensity=True, gridder='mosaic', facets=1, psfphasecenter='', chanchunks=1, wprojplanes=1, vptable='', mosweight=True, aterm=True, psterm=False, wbawp=True, conjbeams=False, cfcache='', usepointing=False, computepastep=360.0, rotatepastep=360.0, pointingoffsetsigdev=[], pblimit=0.2, normtype='flatnoise', deconvolver='multiscale', scales=[0, 4, 10, 20], nterms=1, smallscalebias=0.9, restoration=True, restoringbeam='common', pbcor=False, outlierfile='', weighting='briggs', robust=0.5, noise='1.0Jy', npixels=0, uvtaper=[], niter=700, gain=0.1, threshold='0.0013220068008363926Jy/beam', nsigma=0.0, cycleniter=100, cyclefactor=3.0, minpsffraction=0.5, maxpsffraction=0.8, interactive=False, usemask='pb', mask='', pbmask=0.2, sidelobethreshold=3.0, noisethreshold=5.0, lownoisethreshold=1.5, negativethreshold=0.0, smoothfactor=1.0, minbeamfrac=0.3, cutthreshold=0.01, growiterations=75, dogrowprune=True, minpercentchange=-1.0, verbose=False, fastnoise=True, restart=True, savemodel='none', calcres=False, calcpsf=False, parallel=False)
[2026-08-04 03:08:13] [WARNING] [execute_clean_call]: Unused key arguments for tclean: ['chanchunks']
[2026-08-04 03:08:13] [WARNING] [execute_clean_call]: Missing key arguments for tclean: ['fusedthreshold', 'largestscale', 'nmajor', 'fullsummary', 'psfcutoff']. Caution that CASA will use some default values depending on the CASA version.
[2026-08-04 04:44:26] [INFO] [clean_loop]: ... proceeding? True
[2026-08-04 04:44:26] [INFO] [clean_loop]: Computing noise cube.
[2026-08-04 04:44:43] [INFO] [clean_loop]: Loop 1, niter 1400, cycleniter 200, cumulative_niter 2100, threshold 0.001320398350402255Jy/beam.
[2026-08-04 04:44:43] [DEBUG] [wipe_imaging]: wipe_imaging under "/nfs/home/lneumann/reduction/alma_data_reduction/imaging/ngc4254/products/imaging/ngc4254"
[2026-08-04 04:44:43] [DEBUG] [wipe_imaging]: rm -rf ngc4254_12m_hcn_prev.image
[2026-08-04 04:44:43] [DEBUG] [wipe_imaging]: rm -rf ngc4254_12m_hcn_prev.model
[2026-08-04 04:44:43] [DEBUG] [wipe_imaging]: rm -rf ngc4254_12m_hcn_prev.residual
[2026-08-04 04:44:43] [DEBUG] [wipe_imaging]: rm -rf ngc4254_12m_hcn_prev.mask
[2026-08-04 04:44:43] [DEBUG] [wipe_imaging]: rm -rf ngc4254_12m_hcn_prev.pb
[2026-08-04 04:44:43] [DEBUG] [wipe_imaging]: rm -rf ngc4254_12m_hcn_prev.psf
[2026-08-04 04:44:43] [DEBUG] [wipe_imaging]: rm -rf ngc4254_12m_hcn_prev.weight
[2026-08-04 04:44:43] [DEBUG] [wipe_imaging]: rm -rf ngc4254_12m_hcn_prev.sumwt
[2026-08-04 04:44:43] [DEBUG] [wipe_imaging]: rm -rf ngc4254_12m_hcn_prev.alpha
[2026-08-04 04:44:43] [DEBUG] [wipe_imaging]: rm -rf ngc4254_12m_hcn_prev.alpha.error
[2026-08-04 04:44:43] [DEBUG] [wipe_imaging]: rm -rf ngc4254_12m_hcn_prev.beta
[2026-08-04 04:44:43] [DEBUG] [wipe_imaging]: rm -rf ngc4254_12m_hcn_prev.beta.error
[2026-08-04 04:44:43] [DEBUG] [wipe_imaging]: rm -rf ngc4254_12m_hcn_prev.image.tt0
[2026-08-04 04:44:43] [DEBUG] [wipe_imaging]: rm -rf ngc4254_12m_hcn_prev.image.tt1
[2026-08-04 04:44:43] [DEBUG] [wipe_imaging]: rm -rf ngc4254_12m_hcn_prev.image.tt2
[2026-08-04 04:44:43] [DEBUG] [wipe_imaging]: rm -rf ngc4254_12m_hcn_prev.model.tt0
[2026-08-04 04:44:43] [DEBUG] [wipe_imaging]: rm -rf ngc4254_12m_hcn_prev.model.tt1
[2026-08-04 04:44:43] [DEBUG] [wipe_imaging]: rm -rf ngc4254_12m_hcn_prev.model.tt2
[2026-08-04 04:44:43] [DEBUG] [wipe_imaging]: rm -rf ngc4254_12m_hcn_prev.residual.tt0
[2026-08-04 04:44:43] [DEBUG] [wipe_imaging]: rm -rf ngc4254_12m_hcn_prev.residual.tt1
[2026-08-04 04:44:43] [DEBUG] [wipe_imaging]: rm -rf ngc4254_12m_hcn_prev.residual.tt2
[2026-08-04 04:44:43] [DEBUG] [wipe_imaging]: rm -rf ngc4254_12m_hcn_prev.mask.tt0
[2026-08-04 04:44:43] [DEBUG] [wipe_imaging]: rm -rf ngc4254_12m_hcn_prev.mask.tt1
[2026-08-04 04:44:43] [DEBUG] [wipe_imaging]: rm -rf ngc4254_12m_hcn_prev.mask.tt2
[2026-08-04 04:44:43] [DEBUG] [wipe_imaging]: rm -rf ngc4254_12m_hcn_prev.pb.tt0
[2026-08-04 04:44:43] [DEBUG] [wipe_imaging]: rm -rf ngc4254_12m_hcn_prev.pb.tt1
[2026-08-04 04:44:43] [DEBUG] [wipe_imaging]: rm -rf ngc4254_12m_hcn_prev.pb.tt2
[2026-08-04 04:44:43] [DEBUG] [wipe_imaging]: rm -rf ngc4254_12m_hcn_prev.psf.tt0
[2026-08-04 04:44:43] [DEBUG] [wipe_imaging]: rm -rf ngc4254_12m_hcn_prev.psf.tt1
[2026-08-04 04:44:43] [DEBUG] [wipe_imaging]: rm -rf ngc4254_12m_hcn_prev.psf.tt2
[2026-08-04 04:44:43] [DEBUG] [wipe_imaging]: rm -rf ngc4254_12m_hcn_prev.weight.tt0
[2026-08-04 04:44:43] [DEBUG] [wipe_imaging]: rm -rf ngc4254_12m_hcn_prev.weight.tt1
[2026-08-04 04:44:43] [DEBUG] [wipe_imaging]: rm -rf ngc4254_12m_hcn_prev.weight.tt2
[2026-08-04 04:44:43] [DEBUG] [wipe_imaging]: rm -rf ngc4254_12m_hcn_prev.sumwt.tt0
[2026-08-04 04:44:43] [DEBUG] [wipe_imaging]: rm -rf ngc4254_12m_hcn_prev.sumwt.tt1
[2026-08-04 04:44:43] [DEBUG] [wipe_imaging]: rm -rf ngc4254_12m_hcn_prev.sumwt.tt2
[2026-08-04 04:44:43] [DEBUG] [copy_imaging]: Copying imaging from root ngc4254_12m_hcn to root ngc4254_12m_hcn_prev
[2026-08-04 04:44:43] [DEBUG] [copy_imaging]: cp -r ngc4254_12m_hcn.image ngc4254_12m_hcn_prev.image
[2026-08-04 04:44:45] [DEBUG] [copy_imaging]: cp -r ngc4254_12m_hcn.model ngc4254_12m_hcn_prev.model
[2026-08-04 04:44:45] [DEBUG] [copy_imaging]: cp -r ngc4254_12m_hcn.residual ngc4254_12m_hcn_prev.residual
[2026-08-04 04:44:46] [DEBUG] [copy_imaging]: cp -r ngc4254_12m_hcn.mask ngc4254_12m_hcn_prev.mask
[2026-08-04 04:44:46] [DEBUG] [copy_imaging]: cp -r ngc4254_12m_hcn.pb ngc4254_12m_hcn_prev.pb
[2026-08-04 04:44:47] [DEBUG] [copy_imaging]: cp -r ngc4254_12m_hcn.psf ngc4254_12m_hcn_prev.psf
[2026-08-04 04:44:48] [DEBUG] [copy_imaging]: cp -r ngc4254_12m_hcn.weight ngc4254_12m_hcn_prev.weight
[2026-08-04 04:44:48] [DEBUG] [copy_imaging]: cp -r ngc4254_12m_hcn.sumwt ngc4254_12m_hcn_prev.sumwt
[2026-08-04 04:44:48] [DEBUG] [copy_imaging]: cp -r ngc4254_12m_hcn.alpha ngc4254_12m_hcn_prev.alpha
[2026-08-04 04:44:48] [DEBUG] [copy_imaging]: cp -r ngc4254_12m_hcn.alpha.error ngc4254_12m_hcn_prev.alpha.error
[2026-08-04 04:44:48] [DEBUG] [copy_imaging]: cp -r ngc4254_12m_hcn.beta ngc4254_12m_hcn_prev.beta
[2026-08-04 04:44:48] [DEBUG] [copy_imaging]: cp -r ngc4254_12m_hcn.beta.error ngc4254_12m_hcn_prev.beta.error
[2026-08-04 04:44:48] [DEBUG] [copy_imaging]: cp -r ngc4254_12m_hcn.image.tt0 ngc4254_12m_hcn_prev.image.tt0
[2026-08-04 04:44:48] [DEBUG] [copy_imaging]: cp -r ngc4254_12m_hcn.image.tt1 ngc4254_12m_hcn_prev.image.tt1
[2026-08-04 04:44:48] [DEBUG] [copy_imaging]: cp -r ngc4254_12m_hcn.image.tt2 ngc4254_12m_hcn_prev.image.tt2
[2026-08-04 04:44:48] [DEBUG] [copy_imaging]: cp -r ngc4254_12m_hcn.model.tt0 ngc4254_12m_hcn_prev.model.tt0
[2026-08-04 04:44:48] [DEBUG] [copy_imaging]: cp -r ngc4254_12m_hcn.model.tt1 ngc4254_12m_hcn_prev.model.tt1
[2026-08-04 04:44:48] [DEBUG] [copy_imaging]: cp -r ngc4254_12m_hcn.model.tt2 ngc4254_12m_hcn_prev.model.tt2
[2026-08-04 04:44:48] [DEBUG] [copy_imaging]: cp -r ngc4254_12m_hcn.residual.tt0 ngc4254_12m_hcn_prev.residual.tt0
[2026-08-04 04:44:48] [DEBUG] [copy_imaging]: cp -r ngc4254_12m_hcn.residual.tt1 ngc4254_12m_hcn_prev.residual.tt1
[2026-08-04 04:44:48] [DEBUG] [copy_imaging]: cp -r ngc4254_12m_hcn.residual.tt2 ngc4254_12m_hcn_prev.residual.tt2
[2026-08-04 04:44:48] [DEBUG] [copy_imaging]: cp -r ngc4254_12m_hcn.mask.tt0 ngc4254_12m_hcn_prev.mask.tt0
[2026-08-04 04:44:48] [DEBUG] [copy_imaging]: cp -r ngc4254_12m_hcn.mask.tt1 ngc4254_12m_hcn_prev.mask.tt1
[2026-08-04 04:44:48] [DEBUG] [copy_imaging]: cp -r ngc4254_12m_hcn.mask.tt2 ngc4254_12m_hcn_prev.mask.tt2
[2026-08-04 04:44:48] [DEBUG] [copy_imaging]: cp -r ngc4254_12m_hcn.pb.tt0 ngc4254_12m_hcn_prev.pb.tt0
[2026-08-04 04:44:48] [DEBUG] [copy_imaging]: cp -r ngc4254_12m_hcn.pb.tt1 ngc4254_12m_hcn_prev.pb.tt1
[2026-08-04 04:44:48] [DEBUG] [copy_imaging]: cp -r ngc4254_12m_hcn.pb.tt2 ngc4254_12m_hcn_prev.pb.tt2
[2026-08-04 04:44:48] [DEBUG] [copy_imaging]: cp -r ngc4254_12m_hcn.psf.tt0 ngc4254_12m_hcn_prev.psf.tt0
[2026-08-04 04:44:48] [DEBUG] [copy_imaging]: cp -r ngc4254_12m_hcn.psf.tt1 ngc4254_12m_hcn_prev.psf.tt1
[2026-08-04 04:44:48] [DEBUG] [copy_imaging]: cp -r ngc4254_12m_hcn.psf.tt2 ngc4254_12m_hcn_prev.psf.tt2
[2026-08-04 04:44:48] [DEBUG] [copy_imaging]: cp -r ngc4254_12m_hcn.weight.tt0 ngc4254_12m_hcn_prev.weight.tt0
[2026-08-04 04:44:48] [DEBUG] [copy_imaging]: cp -r ngc4254_12m_hcn.weight.tt1 ngc4254_12m_hcn_prev.weight.tt1
[2026-08-04 04:44:48] [DEBUG] [copy_imaging]: cp -r ngc4254_12m_hcn.weight.tt2 ngc4254_12m_hcn_prev.weight.tt2
[2026-08-04 04:44:48] [DEBUG] [copy_imaging]: cp -r ngc4254_12m_hcn.sumwt.tt0 ngc4254_12m_hcn_prev.sumwt.tt0
[2026-08-04 04:44:48] [DEBUG] [copy_imaging]: cp -r ngc4254_12m_hcn.sumwt.tt1 ngc4254_12m_hcn_prev.sumwt.tt1
[2026-08-04 04:44:48] [DEBUG] [copy_imaging]: cp -r ngc4254_12m_hcn.sumwt.tt2 ngc4254_12m_hcn_prev.sumwt.tt2
[2026-08-04 04:44:48] [DEBUG] [execute_clean_call]: Running CASA tclean(vis='ngc4254_12m_hcn.ms', selectdata=True, field='', spw='', timerange='', uvrange='', antenna='', scan='', observation='', intent='', datacolumn='corrected', imagename='ngc4254_12m_hcn', imsize=[1024, 1152], cell='0.25arcsec', phasecenter='J2000 12h18m49.6s +14d24m59s', stokes='I', projection='SIN', startmodel='', specmode='cube', reffreq='', nchan=-1, start='', width='', outframe='LSRK', veltype='radio', restfreq='88.63185GHz', interpolation='linear', perchanweightdensity=True, gridder='mosaic', facets=1, psfphasecenter='', chanchunks=1, wprojplanes=1, vptable='', mosweight=True, aterm=True, psterm=False, wbawp=True, conjbeams=False, cfcache='', usepointing=False, computepastep=360.0, rotatepastep=360.0, pointingoffsetsigdev=[], pblimit=0.2, normtype='flatnoise', deconvolver='multiscale', scales=[0, 4, 10, 20], nterms=1, smallscalebias=0.9, restoration=True, restoringbeam='common', pbcor=False, outlierfile='', weighting='briggs', robust=0.5, noise='1.0Jy', npixels=0, uvtaper=[], niter=1400, gain=0.1, threshold='0.001320398350402255Jy/beam', nsigma=0.0, cycleniter=200, cyclefactor=3.0, minpsffraction=0.5, maxpsffraction=0.8, interactive=False, usemask='pb', mask='', pbmask=0.2, sidelobethreshold=3.0, noisethreshold=5.0, lownoisethreshold=1.5, negativethreshold=0.0, smoothfactor=1.0, minbeamfrac=0.3, cutthreshold=0.01, growiterations=75, dogrowprune=True, minpercentchange=-1.0, verbose=False, fastnoise=True, restart=True, savemodel='none', calcres=False, calcpsf=False, parallel=False)
[2026-08-04 04:44:48] [WARNING] [execute_clean_call]: Unused key arguments for tclean: ['chanchunks']
[2026-08-04 04:44:48] [WARNING] [execute_clean_call]: Missing key arguments for tclean: ['fusedthreshold', 'largestscale', 'nmajor', 'fullsummary', 'psfcutoff']. Caution that CASA will use some default values depending on the CASA version.
[2026-08-04 06:21:44] [INFO] [clean_loop]: ... proceeding? True
[2026-08-04 06:21:44] [INFO] [clean_loop]: Computing noise cube.
[2026-08-04 06:21:59] [INFO] [clean_loop]: Loop 2, niter 2800, cycleniter 300, cumulative_niter 4900, threshold 0.0013192205801712707Jy/beam.
[2026-08-04 06:21:59] [DEBUG] [wipe_imaging]: wipe_imaging under "/nfs/home/lneumann/reduction/alma_data_reduction/imaging/ngc4254/products/imaging/ngc4254"
[2026-08-04 06:21:59] [DEBUG] [wipe_imaging]: rm -rf ngc4254_12m_hcn_prev.image
[2026-08-04 06:21:59] [DEBUG] [wipe_imaging]: rm -rf ngc4254_12m_hcn_prev.model
[2026-08-04 06:21:59] [DEBUG] [wipe_imaging]: rm -rf ngc4254_12m_hcn_prev.residual
[2026-08-04 06:21:59] [DEBUG] [wipe_imaging]: rm -rf ngc4254_12m_hcn_prev.mask
[2026-08-04 06:21:59] [DEBUG] [wipe_imaging]: rm -rf ngc4254_12m_hcn_prev.pb
[2026-08-04 06:21:59] [DEBUG] [wipe_imaging]: rm -rf ngc4254_12m_hcn_prev.psf
[2026-08-04 06:21:59] [DEBUG] [wipe_imaging]: rm -rf ngc4254_12m_hcn_prev.weight
[2026-08-04 06:21:59] [DEBUG] [wipe_imaging]: rm -rf ngc4254_12m_hcn_prev.sumwt
[2026-08-04 06:21:59] [DEBUG] [wipe_imaging]: rm -rf ngc4254_12m_hcn_prev.alpha
[2026-08-04 06:21:59] [DEBUG] [wipe_imaging]: rm -rf ngc4254_12m_hcn_prev.alpha.error
[2026-08-04 06:22:00] [DEBUG] [wipe_imaging]: rm -rf ngc4254_12m_hcn_prev.beta
[2026-08-04 06:22:00] [DEBUG] [wipe_imaging]: rm -rf ngc4254_12m_hcn_prev.beta.error
[2026-08-04 06:22:00] [DEBUG] [wipe_imaging]: rm -rf ngc4254_12m_hcn_prev.image.tt0
[2026-08-04 06:22:00] [DEBUG] [wipe_imaging]: rm -rf ngc4254_12m_hcn_prev.image.tt1
[2026-08-04 06:22:00] [DEBUG] [wipe_imaging]: rm -rf ngc4254_12m_hcn_prev.image.tt2
[2026-08-04 06:22:00] [DEBUG] [wipe_imaging]: rm -rf ngc4254_12m_hcn_prev.model.tt0
[2026-08-04 06:22:00] [DEBUG] [wipe_imaging]: rm -rf ngc4254_12m_hcn_prev.model.tt1
[2026-08-04 06:22:00] [DEBUG] [wipe_imaging]: rm -rf ngc4254_12m_hcn_prev.model.tt2
[2026-08-04 06:22:00] [DEBUG] [wipe_imaging]: rm -rf ngc4254_12m_hcn_prev.residual.tt0
[2026-08-04 06:22:00] [DEBUG] [wipe_imaging]: rm -rf ngc4254_12m_hcn_prev.residual.tt1
[2026-08-04 06:22:00] [DEBUG] [wipe_imaging]: rm -rf ngc4254_12m_hcn_prev.residual.tt2
[2026-08-04 06:22:00] [DEBUG] [wipe_imaging]: rm -rf ngc4254_12m_hcn_prev.mask.tt0
[2026-08-04 06:22:00] [DEBUG] [wipe_imaging]: rm -rf ngc4254_12m_hcn_prev.mask.tt1
[2026-08-04 06:22:00] [DEBUG] [wipe_imaging]: rm -rf ngc4254_12m_hcn_prev.mask.tt2
[2026-08-04 06:22:00] [DEBUG] [wipe_imaging]: rm -rf ngc4254_12m_hcn_prev.pb.tt0
[2026-08-04 06:22:00] [DEBUG] [wipe_imaging]: rm -rf ngc4254_12m_hcn_prev.pb.tt1
[2026-08-04 06:22:00] [DEBUG] [wipe_imaging]: rm -rf ngc4254_12m_hcn_prev.pb.tt2
[2026-08-04 06:22:00] [DEBUG] [wipe_imaging]: rm -rf ngc4254_12m_hcn_prev.psf.tt0
[2026-08-04 06:22:00] [DEBUG] [wipe_imaging]: rm -rf ngc4254_12m_hcn_prev.psf.tt1
[2026-08-04 06:22:00] [DEBUG] [wipe_imaging]: rm -rf ngc4254_12m_hcn_prev.psf.tt2
[2026-08-04 06:22:00] [DEBUG] [wipe_imaging]: rm -rf ngc4254_12m_hcn_prev.weight.tt0
[2026-08-04 06:22:00] [DEBUG] [wipe_imaging]: rm -rf ngc4254_12m_hcn_prev.weight.tt1
[2026-08-04 06:22:00] [DEBUG] [wipe_imaging]: rm -rf ngc4254_12m_hcn_prev.weight.tt2
[2026-08-04 06:22:00] [DEBUG] [wipe_imaging]: rm -rf ngc4254_12m_hcn_prev.sumwt.tt0
[2026-08-04 06:22:00] [DEBUG] [wipe_imaging]: rm -rf ngc4254_12m_hcn_prev.sumwt.tt1
[2026-08-04 06:22:00] [DEBUG] [wipe_imaging]: rm -rf ngc4254_12m_hcn_prev.sumwt.tt2
[2026-08-04 06:22:00] [DEBUG] [copy_imaging]: Copying imaging from root ngc4254_12m_hcn to root ngc4254_12m_hcn_prev
[2026-08-04 06:22:00] [DEBUG] [copy_imaging]: cp -r ngc4254_12m_hcn.image ngc4254_12m_hcn_prev.image
[2026-08-04 06:22:02] [DEBUG] [copy_imaging]: cp -r ngc4254_12m_hcn.model ngc4254_12m_hcn_prev.model
[2026-08-04 06:22:02] [DEBUG] [copy_imaging]: cp -r ngc4254_12m_hcn.residual ngc4254_12m_hcn_prev.residual
[2026-08-04 06:22:03] [DEBUG] [copy_imaging]: cp -r ngc4254_12m_hcn.mask ngc4254_12m_hcn_prev.mask
[2026-08-04 06:22:03] [DEBUG] [copy_imaging]: cp -r ngc4254_12m_hcn.pb ngc4254_12m_hcn_prev.pb
[2026-08-04 06:22:04] [DEBUG] [copy_imaging]: cp -r ngc4254_12m_hcn.psf ngc4254_12m_hcn_prev.psf
[2026-08-04 06:22:04] [DEBUG] [copy_imaging]: cp -r ngc4254_12m_hcn.weight ngc4254_12m_hcn_prev.weight
[2026-08-04 06:22:05] [DEBUG] [copy_imaging]: cp -r ngc4254_12m_hcn.sumwt ngc4254_12m_hcn_prev.sumwt
[2026-08-04 06:22:05] [DEBUG] [copy_imaging]: cp -r ngc4254_12m_hcn.alpha ngc4254_12m_hcn_prev.alpha
[2026-08-04 06:22:05] [DEBUG] [copy_imaging]: cp -r ngc4254_12m_hcn.alpha.error ngc4254_12m_hcn_prev.alpha.error
[2026-08-04 06:22:05] [DEBUG] [copy_imaging]: cp -r ngc4254_12m_hcn.beta ngc4254_12m_hcn_prev.beta
[2026-08-04 06:22:05] [DEBUG] [copy_imaging]: cp -r ngc4254_12m_hcn.beta.error ngc4254_12m_hcn_prev.beta.error
[2026-08-04 06:22:05] [DEBUG] [copy_imaging]: cp -r ngc4254_12m_hcn.image.tt0 ngc4254_12m_hcn_prev.image.tt0
[2026-08-04 06:22:05] [DEBUG] [copy_imaging]: cp -r ngc4254_12m_hcn.image.tt1 ngc4254_12m_hcn_prev.image.tt1
[2026-08-04 06:22:05] [DEBUG] [copy_imaging]: cp -r ngc4254_12m_hcn.image.tt2 ngc4254_12m_hcn_prev.image.tt2
[2026-08-04 06:22:05] [DEBUG] [copy_imaging]: cp -r ngc4254_12m_hcn.model.tt0 ngc4254_12m_hcn_prev.model.tt0
[2026-08-04 06:22:05] [DEBUG] [copy_imaging]: cp -r ngc4254_12m_hcn.model.tt1 ngc4254_12m_hcn_prev.model.tt1
[2026-08-04 06:22:05] [DEBUG] [copy_imaging]: cp -r ngc4254_12m_hcn.model.tt2 ngc4254_12m_hcn_prev.model.tt2
[2026-08-04 06:22:05] [DEBUG] [copy_imaging]: cp -r ngc4254_12m_hcn.residual.tt0 ngc4254_12m_hcn_prev.residual.tt0
[2026-08-04 06:22:05] [DEBUG] [copy_imaging]: cp -r ngc4254_12m_hcn.residual.tt1 ngc4254_12m_hcn_prev.residual.tt1
[2026-08-04 06:22:05] [DEBUG] [copy_imaging]: cp -r ngc4254_12m_hcn.residual.tt2 ngc4254_12m_hcn_prev.residual.tt2
[2026-08-04 06:22:05] [DEBUG] [copy_imaging]: cp -r ngc4254_12m_hcn.mask.tt0 ngc4254_12m_hcn_prev.mask.tt0
[2026-08-04 06:22:05] [DEBUG] [copy_imaging]: cp -r ngc4254_12m_hcn.mask.tt1 ngc4254_12m_hcn_prev.mask.tt1
[2026-08-04 06:22:05] [DEBUG] [copy_imaging]: cp -r ngc4254_12m_hcn.mask.tt2 ngc4254_12m_hcn_prev.mask.tt2
[2026-08-04 06:22:05] [DEBUG] [copy_imaging]: cp -r ngc4254_12m_hcn.pb.tt0 ngc4254_12m_hcn_prev.pb.tt0
[2026-08-04 06:22:05] [DEBUG] [copy_imaging]: cp -r ngc4254_12m_hcn.pb.tt1 ngc4254_12m_hcn_prev.pb.tt1
[2026-08-04 06:22:05] [DEBUG] [copy_imaging]: cp -r ngc4254_12m_hcn.pb.tt2 ngc4254_12m_hcn_prev.pb.tt2
[2026-08-04 06:22:05] [DEBUG] [copy_imaging]: cp -r ngc4254_12m_hcn.psf.tt0 ngc4254_12m_hcn_prev.psf.tt0
[2026-08-04 06:22:05] [DEBUG] [copy_imaging]: cp -r ngc4254_12m_hcn.psf.tt1 ngc4254_12m_hcn_prev.psf.tt1
[2026-08-04 06:22:05] [DEBUG] [copy_imaging]: cp -r ngc4254_12m_hcn.psf.tt2 ngc4254_12m_hcn_prev.psf.tt2
[2026-08-04 06:22:05] [DEBUG] [copy_imaging]: cp -r ngc4254_12m_hcn.weight.tt0 ngc4254_12m_hcn_prev.weight.tt0
[2026-08-04 06:22:05] [DEBUG] [copy_imaging]: cp -r ngc4254_12m_hcn.weight.tt1 ngc4254_12m_hcn_prev.weight.tt1
[2026-08-04 06:22:05] [DEBUG] [copy_imaging]: cp -r ngc4254_12m_hcn.weight.tt2 ngc4254_12m_hcn_prev.weight.tt2
[2026-08-04 06:22:05] [DEBUG] [copy_imaging]: cp -r ngc4254_12m_hcn.sumwt.tt0 ngc4254_12m_hcn_prev.sumwt.tt0
[2026-08-04 06:22:05] [DEBUG] [copy_imaging]: cp -r ngc4254_12m_hcn.sumwt.tt1 ngc4254_12m_hcn_prev.sumwt.tt1
[2026-08-04 06:22:05] [DEBUG] [copy_imaging]: cp -r ngc4254_12m_hcn.sumwt.tt2 ngc4254_12m_hcn_prev.sumwt.tt2
[2026-08-04 06:22:05] [DEBUG] [execute_clean_call]: Running CASA tclean(vis='ngc4254_12m_hcn.ms', selectdata=True, field='', spw='', timerange='', uvrange='', antenna='', scan='', observation='', intent='', datacolumn='corrected', imagename='ngc4254_12m_hcn', imsize=[1024, 1152], cell='0.25arcsec', phasecenter='J2000 12h18m49.6s +14d24m59s', stokes='I', projection='SIN', startmodel='', specmode='cube', reffreq='', nchan=-1, start='', width='', outframe='LSRK', veltype='radio', restfreq='88.63185GHz', interpolation='linear', perchanweightdensity=True, gridder='mosaic', facets=1, psfphasecenter='', chanchunks=1, wprojplanes=1, vptable='', mosweight=True, aterm=True, psterm=False, wbawp=True, conjbeams=False, cfcache='', usepointing=False, computepastep=360.0, rotatepastep=360.0, pointingoffsetsigdev=[], pblimit=0.2, normtype='flatnoise', deconvolver='multiscale', scales=[0, 4, 10, 20], nterms=1, smallscalebias=0.9, restoration=True, restoringbeam='common', pbcor=False, outlierfile='', weighting='briggs', robust=0.5, noise='1.0Jy', npixels=0, uvtaper=[], niter=2800, gain=0.1, threshold='0.0013192205801712707Jy/beam', nsigma=0.0, cycleniter=300, cyclefactor=3.0, minpsffraction=0.5, maxpsffraction=0.8, interactive=False, usemask='pb', mask='', pbmask=0.2, sidelobethreshold=3.0, noisethreshold=5.0, lownoisethreshold=1.5, negativethreshold=0.0, smoothfactor=1.0, minbeamfrac=0.3, cutthreshold=0.01, growiterations=75, dogrowprune=True, minpercentchange=-1.0, verbose=False, fastnoise=True, restart=True, savemodel='none', calcres=False, calcpsf=False, parallel=False)
[2026-08-04 06:22:05] [WARNING] [execute_clean_call]: Unused key arguments for tclean: ['chanchunks']
[2026-08-04 06:22:05] [WARNING] [execute_clean_call]: Missing key arguments for tclean: ['fusedthreshold', 'largestscale', 'nmajor', 'fullsummary', 'psfcutoff']. Caution that CASA will use some default values depending on the CASA version.
[2026-08-04 06:22:42] [INFO] [clean_loop]: ... proceeding? False
[2026-08-04 06:22:42] [DEBUG] [wipe_imaging]: wipe_imaging under "/nfs/home/lneumann/reduction/alma_data_reduction/imaging/ngc4254/products/imaging/ngc4254"
[2026-08-04 06:22:42] [DEBUG] [wipe_imaging]: rm -rf ngc4254_12m_hcn_multiscale.image
[2026-08-04 06:22:42] [DEBUG] [wipe_imaging]: rm -rf ngc4254_12m_hcn_multiscale.model
[2026-08-04 06:22:42] [DEBUG] [wipe_imaging]: rm -rf ngc4254_12m_hcn_multiscale.residual
[2026-08-04 06:22:42] [DEBUG] [wipe_imaging]: rm -rf ngc4254_12m_hcn_multiscale.mask
[2026-08-04 06:22:42] [DEBUG] [wipe_imaging]: rm -rf ngc4254_12m_hcn_multiscale.pb
[2026-08-04 06:22:42] [DEBUG] [wipe_imaging]: rm -rf ngc4254_12m_hcn_multiscale.psf
[2026-08-04 06:22:42] [DEBUG] [wipe_imaging]: rm -rf ngc4254_12m_hcn_multiscale.weight
[2026-08-04 06:22:42] [DEBUG] [wipe_imaging]: rm -rf ngc4254_12m_hcn_multiscale.sumwt
[2026-08-04 06:22:42] [DEBUG] [wipe_imaging]: rm -rf ngc4254_12m_hcn_multiscale.alpha
[2026-08-04 06:22:42] [DEBUG] [wipe_imaging]: rm -rf ngc4254_12m_hcn_multiscale.alpha.error
[2026-08-04 06:22:42] [DEBUG] [wipe_imaging]: rm -rf ngc4254_12m_hcn_multiscale.beta
[2026-08-04 06:22:42] [DEBUG] [wipe_imaging]: rm -rf ngc4254_12m_hcn_multiscale.beta.error
[2026-08-04 06:22:42] [DEBUG] [wipe_imaging]: rm -rf ngc4254_12m_hcn_multiscale.image.tt0
[2026-08-04 06:22:42] [DEBUG] [wipe_imaging]: rm -rf ngc4254_12m_hcn_multiscale.image.tt1
[2026-08-04 06:22:42] [DEBUG] [wipe_imaging]: rm -rf ngc4254_12m_hcn_multiscale.image.tt2
[2026-08-04 06:22:42] [DEBUG] [wipe_imaging]: rm -rf ngc4254_12m_hcn_multiscale.model.tt0
[2026-08-04 06:22:42] [DEBUG] [wipe_imaging]: rm -rf ngc4254_12m_hcn_multiscale.model.tt1
[2026-08-04 06:22:42] [DEBUG] [wipe_imaging]: rm -rf ngc4254_12m_hcn_multiscale.model.tt2
[2026-08-04 06:22:42] [DEBUG] [wipe_imaging]: rm -rf ngc4254_12m_hcn_multiscale.residual.tt0
[2026-08-04 06:22:42] [DEBUG] [wipe_imaging]: rm -rf ngc4254_12m_hcn_multiscale.residual.tt1
[2026-08-04 06:22:42] [DEBUG] [wipe_imaging]: rm -rf ngc4254_12m_hcn_multiscale.residual.tt2
[2026-08-04 06:22:42] [DEBUG] [wipe_imaging]: rm -rf ngc4254_12m_hcn_multiscale.mask.tt0
[2026-08-04 06:22:42] [DEBUG] [wipe_imaging]: rm -rf ngc4254_12m_hcn_multiscale.mask.tt1
[2026-08-04 06:22:42] [DEBUG] [wipe_imaging]: rm -rf ngc4254_12m_hcn_multiscale.mask.tt2
[2026-08-04 06:22:42] [DEBUG] [wipe_imaging]: rm -rf ngc4254_12m_hcn_multiscale.pb.tt0
[2026-08-04 06:22:42] [DEBUG] [wipe_imaging]: rm -rf ngc4254_12m_hcn_multiscale.pb.tt1
[2026-08-04 06:22:42] [DEBUG] [wipe_imaging]: rm -rf ngc4254_12m_hcn_multiscale.pb.tt2
[2026-08-04 06:22:42] [DEBUG] [wipe_imaging]: rm -rf ngc4254_12m_hcn_multiscale.psf.tt0
[2026-08-04 06:22:42] [DEBUG] [wipe_imaging]: rm -rf ngc4254_12m_hcn_multiscale.psf.tt1
[2026-08-04 06:22:42] [DEBUG] [wipe_imaging]: rm -rf ngc4254_12m_hcn_multiscale.psf.tt2
[2026-08-04 06:22:42] [DEBUG] [wipe_imaging]: rm -rf ngc4254_12m_hcn_multiscale.weight.tt0
[2026-08-04 06:22:42] [DEBUG] [wipe_imaging]: rm -rf ngc4254_12m_hcn_multiscale.weight.tt1
[2026-08-04 06:22:42] [DEBUG] [wipe_imaging]: rm -rf ngc4254_12m_hcn_multiscale.weight.tt2
[2026-08-04 06:22:42] [DEBUG] [wipe_imaging]: rm -rf ngc4254_12m_hcn_multiscale.sumwt.tt0
[2026-08-04 06:22:42] [DEBUG] [wipe_imaging]: rm -rf ngc4254_12m_hcn_multiscale.sumwt.tt1
[2026-08-04 06:22:42] [DEBUG] [wipe_imaging]: rm -rf ngc4254_12m_hcn_multiscale.sumwt.tt2
[2026-08-04 06:22:42] [DEBUG] [copy_imaging]: Copying imaging from root ngc4254_12m_hcn to root ngc4254_12m_hcn_multiscale
[2026-08-04 06:22:42] [DEBUG] [copy_imaging]: cp -r ngc4254_12m_hcn.image ngc4254_12m_hcn_multiscale.image
[2026-08-04 06:22:44] [DEBUG] [copy_imaging]: cp -r ngc4254_12m_hcn.model ngc4254_12m_hcn_multiscale.model
[2026-08-04 06:22:44] [DEBUG] [copy_imaging]: cp -r ngc4254_12m_hcn.residual ngc4254_12m_hcn_multiscale.residual
[2026-08-04 06:22:45] [DEBUG] [copy_imaging]: cp -r ngc4254_12m_hcn.mask ngc4254_12m_hcn_multiscale.mask
[2026-08-04 06:22:46] [DEBUG] [copy_imaging]: cp -r ngc4254_12m_hcn.pb ngc4254_12m_hcn_multiscale.pb
[2026-08-04 06:22:46] [DEBUG] [copy_imaging]: cp -r ngc4254_12m_hcn.psf ngc4254_12m_hcn_multiscale.psf
[2026-08-04 06:22:47] [DEBUG] [copy_imaging]: cp -r ngc4254_12m_hcn.weight ngc4254_12m_hcn_multiscale.weight
[2026-08-04 06:22:47] [DEBUG] [copy_imaging]: cp -r ngc4254_12m_hcn.sumwt ngc4254_12m_hcn_multiscale.sumwt
[2026-08-04 06:22:48] [DEBUG] [copy_imaging]: cp -r ngc4254_12m_hcn.alpha ngc4254_12m_hcn_multiscale.alpha
[2026-08-04 06:22:48] [DEBUG] [copy_imaging]: cp -r ngc4254_12m_hcn.alpha.error ngc4254_12m_hcn_multiscale.alpha.error
[2026-08-04 06:22:48] [DEBUG] [copy_imaging]: cp -r ngc4254_12m_hcn.beta ngc4254_12m_hcn_multiscale.beta
[2026-08-04 06:22:48] [DEBUG] [copy_imaging]: cp -r ngc4254_12m_hcn.beta.error ngc4254_12m_hcn_multiscale.beta.error
[2026-08-04 06:22:48] [DEBUG] [copy_imaging]: cp -r ngc4254_12m_hcn.image.tt0 ngc4254_12m_hcn_multiscale.image.tt0
[2026-08-04 06:22:48] [DEBUG] [copy_imaging]: cp -r ngc4254_12m_hcn.image.tt1 ngc4254_12m_hcn_multiscale.image.tt1
[2026-08-04 06:22:48] [DEBUG] [copy_imaging]: cp -r ngc4254_12m_hcn.image.tt2 ngc4254_12m_hcn_multiscale.image.tt2
[2026-08-04 06:22:48] [DEBUG] [copy_imaging]: cp -r ngc4254_12m_hcn.model.tt0 ngc4254_12m_hcn_multiscale.model.tt0
[2026-08-04 06:22:48] [DEBUG] [copy_imaging]: cp -r ngc4254_12m_hcn.model.tt1 ngc4254_12m_hcn_multiscale.model.tt1
[2026-08-04 06:22:48] [DEBUG] [copy_imaging]: cp -r ngc4254_12m_hcn.model.tt2 ngc4254_12m_hcn_multiscale.model.tt2
[2026-08-04 06:22:48] [DEBUG] [copy_imaging]: cp -r ngc4254_12m_hcn.residual.tt0 ngc4254_12m_hcn_multiscale.residual.tt0
[2026-08-04 06:22:48] [DEBUG] [copy_imaging]: cp -r ngc4254_12m_hcn.residual.tt1 ngc4254_12m_hcn_multiscale.residual.tt1
[2026-08-04 06:22:48] [DEBUG] [copy_imaging]: cp -r ngc4254_12m_hcn.residual.tt2 ngc4254_12m_hcn_multiscale.residual.tt2
[2026-08-04 06:22:48] [DEBUG] [copy_imaging]: cp -r ngc4254_12m_hcn.mask.tt0 ngc4254_12m_hcn_multiscale.mask.tt0
[2026-08-04 06:22:48] [DEBUG] [copy_imaging]: cp -r ngc4254_12m_hcn.mask.tt1 ngc4254_12m_hcn_multiscale.mask.tt1
[2026-08-04 06:22:48] [DEBUG] [copy_imaging]: cp -r ngc4254_12m_hcn.mask.tt2 ngc4254_12m_hcn_multiscale.mask.tt2
[2026-08-04 06:22:48] [DEBUG] [copy_imaging]: cp -r ngc4254_12m_hcn.pb.tt0 ngc4254_12m_hcn_multiscale.pb.tt0
[2026-08-04 06:22:48] [DEBUG] [copy_imaging]: cp -r ngc4254_12m_hcn.pb.tt1 ngc4254_12m_hcn_multiscale.pb.tt1
[2026-08-04 06:22:48] [DEBUG] [copy_imaging]: cp -r ngc4254_12m_hcn.pb.tt2 ngc4254_12m_hcn_multiscale.pb.tt2
[2026-08-04 06:22:48] [DEBUG] [copy_imaging]: cp -r ngc4254_12m_hcn.psf.tt0 ngc4254_12m_hcn_multiscale.psf.tt0
[2026-08-04 06:22:48] [DEBUG] [copy_imaging]: cp -r ngc4254_12m_hcn.psf.tt1 ngc4254_12m_hcn_multiscale.psf.tt1
[2026-08-04 06:22:48] [DEBUG] [copy_imaging]: cp -r ngc4254_12m_hcn.psf.tt2 ngc4254_12m_hcn_multiscale.psf.tt2
[2026-08-04 06:22:48] [DEBUG] [copy_imaging]: cp -r ngc4254_12m_hcn.weight.tt0 ngc4254_12m_hcn_multiscale.weight.tt0
[2026-08-04 06:22:48] [DEBUG] [copy_imaging]: cp -r ngc4254_12m_hcn.weight.tt1 ngc4254_12m_hcn_multiscale.weight.tt1
[2026-08-04 06:22:48] [DEBUG] [copy_imaging]: cp -r ngc4254_12m_hcn.weight.tt2 ngc4254_12m_hcn_multiscale.weight.tt2
[2026-08-04 06:22:48] [DEBUG] [copy_imaging]: cp -r ngc4254_12m_hcn.sumwt.tt0 ngc4254_12m_hcn_multiscale.sumwt.tt0
[2026-08-04 06:22:48] [DEBUG] [copy_imaging]: cp -r ngc4254_12m_hcn.sumwt.tt1 ngc4254_12m_hcn_multiscale.sumwt.tt1
[2026-08-04 06:22:48] [DEBUG] [copy_imaging]: cp -r ngc4254_12m_hcn.sumwt.tt2 ngc4254_12m_hcn_multiscale.sumwt.tt2
[2026-08-04 06:22:48] [INFO] [task_revert_to_imaging]: 
[2026-08-04 06:22:48] [INFO] [task_revert_to_imaging]: &%&%&%&%&%&%&%&%&%&%&%&%&%
[2026-08-04 06:22:48] [INFO] [task_revert_to_imaging]: Resetting to multiscale imaging:
[2026-08-04 06:22:48] [INFO] [task_revert_to_imaging]: ngc4254_12m_hcn
[2026-08-04 06:22:48] [INFO] [task_revert_to_imaging]: &%&%&%&%&%&%&%&%&%&%&%&%&%
[2026-08-04 06:22:48] [INFO] [task_revert_to_imaging]: 
[2026-08-04 06:22:48] [DEBUG] [wipe_imaging]: wipe_imaging under "/nfs/home/lneumann/reduction/alma_data_reduction/imaging/ngc4254/products/imaging/ngc4254"
[2026-08-04 06:22:48] [DEBUG] [wipe_imaging]: rm -rf ngc4254_12m_hcn.image
[2026-08-04 06:22:48] [DEBUG] [wipe_imaging]: rm -rf ngc4254_12m_hcn.model
[2026-08-04 06:22:48] [DEBUG] [wipe_imaging]: rm -rf ngc4254_12m_hcn.residual
[2026-08-04 06:22:48] [DEBUG] [wipe_imaging]: rm -rf ngc4254_12m_hcn.mask
[2026-08-04 06:22:48] [DEBUG] [wipe_imaging]: rm -rf ngc4254_12m_hcn.pb
[2026-08-04 06:22:49] [DEBUG] [wipe_imaging]: rm -rf ngc4254_12m_hcn.psf
[2026-08-04 06:22:49] [DEBUG] [wipe_imaging]: rm -rf ngc4254_12m_hcn.weight
[2026-08-04 06:22:49] [DEBUG] [wipe_imaging]: rm -rf ngc4254_12m_hcn.sumwt
[2026-08-04 06:22:49] [DEBUG] [wipe_imaging]: rm -rf ngc4254_12m_hcn.alpha
[2026-08-04 06:22:49] [DEBUG] [wipe_imaging]: rm -rf ngc4254_12m_hcn.alpha.error
[2026-08-04 06:22:49] [DEBUG] [wipe_imaging]: rm -rf ngc4254_12m_hcn.beta
[2026-08-04 06:22:49] [DEBUG] [wipe_imaging]: rm -rf ngc4254_12m_hcn.beta.error
[2026-08-04 06:22:49] [DEBUG] [wipe_imaging]: rm -rf ngc4254_12m_hcn.image.tt0
[2026-08-04 06:22:49] [DEBUG] [wipe_imaging]: rm -rf ngc4254_12m_hcn.image.tt1
[2026-08-04 06:22:49] [DEBUG] [wipe_imaging]: rm -rf ngc4254_12m_hcn.image.tt2
[2026-08-04 06:22:49] [DEBUG] [wipe_imaging]: rm -rf ngc4254_12m_hcn.model.tt0
[2026-08-04 06:22:49] [DEBUG] [wipe_imaging]: rm -rf ngc4254_12m_hcn.model.tt1
[2026-08-04 06:22:49] [DEBUG] [wipe_imaging]: rm -rf ngc4254_12m_hcn.model.tt2
[2026-08-04 06:22:49] [DEBUG] [wipe_imaging]: rm -rf ngc4254_12m_hcn.residual.tt0
[2026-08-04 06:22:49] [DEBUG] [wipe_imaging]: rm -rf ngc4254_12m_hcn.residual.tt1
[2026-08-04 06:22:49] [DEBUG] [wipe_imaging]: rm -rf ngc4254_12m_hcn.residual.tt2
[2026-08-04 06:22:49] [DEBUG] [wipe_imaging]: rm -rf ngc4254_12m_hcn.mask.tt0
[2026-08-04 06:22:49] [DEBUG] [wipe_imaging]: rm -rf ngc4254_12m_hcn.mask.tt1
[2026-08-04 06:22:49] [DEBUG] [wipe_imaging]: rm -rf ngc4254_12m_hcn.mask.tt2
[2026-08-04 06:22:49] [DEBUG] [wipe_imaging]: rm -rf ngc4254_12m_hcn.pb.tt0
[2026-08-04 06:22:49] [DEBUG] [wipe_imaging]: rm -rf ngc4254_12m_hcn.pb.tt1
[2026-08-04 06:22:49] [DEBUG] [wipe_imaging]: rm -rf ngc4254_12m_hcn.pb.tt2
[2026-08-04 06:22:49] [DEBUG] [wipe_imaging]: rm -rf ngc4254_12m_hcn.psf.tt0
[2026-08-04 06:22:49] [DEBUG] [wipe_imaging]: rm -rf ngc4254_12m_hcn.psf.tt1
[2026-08-04 06:22:49] [DEBUG] [wipe_imaging]: rm -rf ngc4254_12m_hcn.psf.tt2
[2026-08-04 06:22:49] [DEBUG] [wipe_imaging]: rm -rf ngc4254_12m_hcn.weight.tt0
[2026-08-04 06:22:49] [DEBUG] [wipe_imaging]: rm -rf ngc4254_12m_hcn.weight.tt1
[2026-08-04 06:22:49] [DEBUG] [wipe_imaging]: rm -rf ngc4254_12m_hcn.weight.tt2
[2026-08-04 06:22:49] [DEBUG] [wipe_imaging]: rm -rf ngc4254_12m_hcn.sumwt.tt0
[2026-08-04 06:22:49] [DEBUG] [wipe_imaging]: rm -rf ngc4254_12m_hcn.sumwt.tt1
[2026-08-04 06:22:49] [DEBUG] [wipe_imaging]: rm -rf ngc4254_12m_hcn.sumwt.tt2
[2026-08-04 06:22:49] [DEBUG] [copy_imaging]: Copying imaging from root ngc4254_12m_hcn_multiscale to root ngc4254_12m_hcn
[2026-08-04 06:22:49] [DEBUG] [copy_imaging]: cp -r ngc4254_12m_hcn_multiscale.image ngc4254_12m_hcn.image
[2026-08-04 06:22:50] [DEBUG] [copy_imaging]: cp -r ngc4254_12m_hcn_multiscale.model ngc4254_12m_hcn.model
[2026-08-04 06:22:52] [DEBUG] [copy_imaging]: cp -r ngc4254_12m_hcn_multiscale.residual ngc4254_12m_hcn.residual
[2026-08-04 06:22:53] [DEBUG] [copy_imaging]: cp -r ngc4254_12m_hcn_multiscale.mask ngc4254_12m_hcn.mask
[2026-08-04 06:22:54] [DEBUG] [copy_imaging]: cp -r ngc4254_12m_hcn_multiscale.pb ngc4254_12m_hcn.pb
[2026-08-04 06:22:55] [DEBUG] [copy_imaging]: cp -r ngc4254_12m_hcn_multiscale.psf ngc4254_12m_hcn.psf
[2026-08-04 06:22:57] [DEBUG] [copy_imaging]: cp -r ngc4254_12m_hcn_multiscale.weight ngc4254_12m_hcn.weight
[2026-08-04 06:22:58] [DEBUG] [copy_imaging]: cp -r ngc4254_12m_hcn_multiscale.sumwt ngc4254_12m_hcn.sumwt
[2026-08-04 06:22:58] [DEBUG] [copy_imaging]: cp -r ngc4254_12m_hcn_multiscale.alpha ngc4254_12m_hcn.alpha
[2026-08-04 06:22:58] [DEBUG] [copy_imaging]: cp -r ngc4254_12m_hcn_multiscale.alpha.error ngc4254_12m_hcn.alpha.error
[2026-08-04 06:22:58] [DEBUG] [copy_imaging]: cp -r ngc4254_12m_hcn_multiscale.beta ngc4254_12m_hcn.beta
[2026-08-04 06:22:58] [DEBUG] [copy_imaging]: cp -r ngc4254_12m_hcn_multiscale.beta.error ngc4254_12m_hcn.beta.error
[2026-08-04 06:22:58] [DEBUG] [copy_imaging]: cp -r ngc4254_12m_hcn_multiscale.image.tt0 ngc4254_12m_hcn.image.tt0
[2026-08-04 06:22:58] [DEBUG] [copy_imaging]: cp -r ngc4254_12m_hcn_multiscale.image.tt1 ngc4254_12m_hcn.image.tt1
[2026-08-04 06:22:58] [DEBUG] [copy_imaging]: cp -r ngc4254_12m_hcn_multiscale.image.tt2 ngc4254_12m_hcn.image.tt2
[2026-08-04 06:22:58] [DEBUG] [copy_imaging]: cp -r ngc4254_12m_hcn_multiscale.model.tt0 ngc4254_12m_hcn.model.tt0
[2026-08-04 06:22:58] [DEBUG] [copy_imaging]: cp -r ngc4254_12m_hcn_multiscale.model.tt1 ngc4254_12m_hcn.model.tt1
[2026-08-04 06:22:58] [DEBUG] [copy_imaging]: cp -r ngc4254_12m_hcn_multiscale.model.tt2 ngc4254_12m_hcn.model.tt2
[2026-08-04 06:22:58] [DEBUG] [copy_imaging]: cp -r ngc4254_12m_hcn_multiscale.residual.tt0 ngc4254_12m_hcn.residual.tt0
[2026-08-04 06:22:58] [DEBUG] [copy_imaging]: cp -r ngc4254_12m_hcn_multiscale.residual.tt1 ngc4254_12m_hcn.residual.tt1
[2026-08-04 06:22:58] [DEBUG] [copy_imaging]: cp -r ngc4254_12m_hcn_multiscale.residual.tt2 ngc4254_12m_hcn.residual.tt2
[2026-08-04 06:22:58] [DEBUG] [copy_imaging]: cp -r ngc4254_12m_hcn_multiscale.mask.tt0 ngc4254_12m_hcn.mask.tt0
[2026-08-04 06:22:58] [DEBUG] [copy_imaging]: cp -r ngc4254_12m_hcn_multiscale.mask.tt1 ngc4254_12m_hcn.mask.tt1
[2026-08-04 06:22:58] [DEBUG] [copy_imaging]: cp -r ngc4254_12m_hcn_multiscale.mask.tt2 ngc4254_12m_hcn.mask.tt2
[2026-08-04 06:22:58] [DEBUG] [copy_imaging]: cp -r ngc4254_12m_hcn_multiscale.pb.tt0 ngc4254_12m_hcn.pb.tt0
[2026-08-04 06:22:58] [DEBUG] [copy_imaging]: cp -r ngc4254_12m_hcn_multiscale.pb.tt1 ngc4254_12m_hcn.pb.tt1
[2026-08-04 06:22:58] [DEBUG] [copy_imaging]: cp -r ngc4254_12m_hcn_multiscale.pb.tt2 ngc4254_12m_hcn.pb.tt2
[2026-08-04 06:22:58] [DEBUG] [copy_imaging]: cp -r ngc4254_12m_hcn_multiscale.psf.tt0 ngc4254_12m_hcn.psf.tt0
[2026-08-04 06:22:58] [DEBUG] [copy_imaging]: cp -r ngc4254_12m_hcn_multiscale.psf.tt1 ngc4254_12m_hcn.psf.tt1
[2026-08-04 06:22:58] [DEBUG] [copy_imaging]: cp -r ngc4254_12m_hcn_multiscale.psf.tt2 ngc4254_12m_hcn.psf.tt2
[2026-08-04 06:22:58] [DEBUG] [copy_imaging]: cp -r ngc4254_12m_hcn_multiscale.weight.tt0 ngc4254_12m_hcn.weight.tt0
[2026-08-04 06:22:58] [DEBUG] [copy_imaging]: cp -r ngc4254_12m_hcn_multiscale.weight.tt1 ngc4254_12m_hcn.weight.tt1
[2026-08-04 06:22:58] [DEBUG] [copy_imaging]: cp -r ngc4254_12m_hcn_multiscale.weight.tt2 ngc4254_12m_hcn.weight.tt2
[2026-08-04 06:22:58] [DEBUG] [copy_imaging]: cp -r ngc4254_12m_hcn_multiscale.sumwt.tt0 ngc4254_12m_hcn.sumwt.tt0
[2026-08-04 06:22:58] [DEBUG] [copy_imaging]: cp -r ngc4254_12m_hcn_multiscale.sumwt.tt1 ngc4254_12m_hcn.sumwt.tt1
[2026-08-04 06:22:58] [DEBUG] [copy_imaging]: cp -r ngc4254_12m_hcn_multiscale.sumwt.tt2 ngc4254_12m_hcn.sumwt.tt2
[2026-08-04 06:22:58] [INFO] [read_one_file]: Reading a clean input parameter file.
[2026-08-04 06:22:58] [INFO] [read_one_file]: Reading: /nfs/home/lneumann/reduction/alma_data_reduction/imaging/ngc4254/ngc4254_dense_configs/keys/cube_mosaic.clean
[2026-08-04 06:22:58] [INFO] [read_one_file]: Reading a clean input parameter file.
[2026-08-04 06:22:58] [INFO] [read_one_file]: Reading: /nfs/home/lneumann/reduction/alma_data_reduction/imaging/ngc4254/ngc4254_dense_configs/keys/cube_mosaic.clean
[2026-08-04 06:22:58] [INFO] [read_one_file]: Reading a clean input parameter file.
[2026-08-04 06:22:58] [INFO] [read_one_file]: Reading: /nfs/home/lneumann/reduction/alma_data_reduction/imaging/ngc4254/ngc4254_dense_configs/keys/cube_mosaic.clean
[2026-08-04 06:22:58] [INFO] [task_singlescale_mask]: 
[2026-08-04 06:22:58] [INFO] [task_singlescale_mask]: &%&%&%&%&%&%&%&%&%&%&%&%&%&%&%&%&%&%&%&%&%&%&%&%&%&%
[2026-08-04 06:22:58] [INFO] [task_singlescale_mask]: Creating signal-to-noise based clean mask for:
[2026-08-04 06:22:58] [INFO] [task_singlescale_mask]: ngc4254_12m_hcn.image
[2026-08-04 06:22:58] [INFO] [task_singlescale_mask]: &%&%&%&%&%&%&%&%&%&%&%&%&%&%&%&%&%&%&%&%&%&%&%&%&%&%
[2026-08-04 06:22:58] [INFO] [task_singlescale_mask]: 
[2026-08-04 06:23:17] [INFO] [signal_mask]: Reading cube.
[2026-08-04 06:23:20] [INFO] [signal_mask]: Building high mask.
[2026-08-04 06:23:21] [INFO] [signal_mask]: Expanding mask.
[2026-08-04 06:23:21] [INFO] [signal_mask]: Building low mask.
[2026-08-04 06:23:21] [INFO] [signal_mask]: ... rolling.
[2026-08-04 06:23:22] [INFO] [signal_mask]: ... joining low mask with high mask via dilation.
[2026-08-04 06:23:31] [INFO] [signal_mask]: Joining with old mask.
[2026-08-04 06:23:32] [INFO] [signal_mask]: Recasting as an int.
[2026-08-04 06:23:32] [INFO] [signal_mask]: Writing mask to disk
[2026-08-04 06:23:47] [INFO] [task_singlescale_clean]: 
[2026-08-04 06:23:47] [INFO] [task_singlescale_clean]: &%&%&%&%&%&%&%&%&%&%&%&%&%&%&%&%&%&%&%&%&%&%&%&%&%&%
[2026-08-04 06:23:47] [INFO] [task_singlescale_clean]: Running clean call to convergence for:
[2026-08-04 06:23:47] [INFO] [task_singlescale_clean]: ngc4254_12m_hcn
[2026-08-04 06:23:47] [INFO] [task_singlescale_clean]: &%&%&%&%&%&%&%&%&%&%&%&%&%&%&%&%&%&%&%&%&%&%&%&%&%&%
[2026-08-04 06:23:47] [INFO] [task_singlescale_clean]: 
[2026-08-04 06:24:33] [INFO] [clean_loop]: Computing noise cube.
[2026-08-04 06:24:48] [INFO] [clean_loop]: Loop 0, niter 700, cycleniter 100, cumulative_niter 700, threshold 0.00032980514504281767Jy/beam.
[2026-08-04 06:24:48] [DEBUG] [wipe_imaging]: wipe_imaging under "/nfs/home/lneumann/reduction/alma_data_reduction/imaging/ngc4254/products/imaging/ngc4254"
[2026-08-04 06:24:48] [DEBUG] [wipe_imaging]: rm -rf ngc4254_12m_hcn_prev.image
[2026-08-04 06:24:48] [DEBUG] [wipe_imaging]: rm -rf ngc4254_12m_hcn_prev.model
[2026-08-04 06:24:49] [DEBUG] [wipe_imaging]: rm -rf ngc4254_12m_hcn_prev.residual
[2026-08-04 06:24:49] [DEBUG] [wipe_imaging]: rm -rf ngc4254_12m_hcn_prev.mask
[2026-08-04 06:24:49] [DEBUG] [wipe_imaging]: rm -rf ngc4254_12m_hcn_prev.pb
[2026-08-04 06:24:49] [DEBUG] [wipe_imaging]: rm -rf ngc4254_12m_hcn_prev.psf
[2026-08-04 06:24:49] [DEBUG] [wipe_imaging]: rm -rf ngc4254_12m_hcn_prev.weight
[2026-08-04 06:24:49] [DEBUG] [wipe_imaging]: rm -rf ngc4254_12m_hcn_prev.sumwt
[2026-08-04 06:24:49] [DEBUG] [wipe_imaging]: rm -rf ngc4254_12m_hcn_prev.alpha
[2026-08-04 06:24:49] [DEBUG] [wipe_imaging]: rm -rf ngc4254_12m_hcn_prev.alpha.error
[2026-08-04 06:24:49] [DEBUG] [wipe_imaging]: rm -rf ngc4254_12m_hcn_prev.beta
[2026-08-04 06:24:49] [DEBUG] [wipe_imaging]: rm -rf ngc4254_12m_hcn_prev.beta.error
[2026-08-04 06:24:49] [DEBUG] [wipe_imaging]: rm -rf ngc4254_12m_hcn_prev.image.tt0
[2026-08-04 06:24:49] [DEBUG] [wipe_imaging]: rm -rf ngc4254_12m_hcn_prev.image.tt1
[2026-08-04 06:24:49] [DEBUG] [wipe_imaging]: rm -rf ngc4254_12m_hcn_prev.image.tt2
[2026-08-04 06:24:49] [DEBUG] [wipe_imaging]: rm -rf ngc4254_12m_hcn_prev.model.tt0
[2026-08-04 06:24:49] [DEBUG] [wipe_imaging]: rm -rf ngc4254_12m_hcn_prev.model.tt1
[2026-08-04 06:24:49] [DEBUG] [wipe_imaging]: rm -rf ngc4254_12m_hcn_prev.model.tt2
[2026-08-04 06:24:49] [DEBUG] [wipe_imaging]: rm -rf ngc4254_12m_hcn_prev.residual.tt0
[2026-08-04 06:24:49] [DEBUG] [wipe_imaging]: rm -rf ngc4254_12m_hcn_prev.residual.tt1
[2026-08-04 06:24:49] [DEBUG] [wipe_imaging]: rm -rf ngc4254_12m_hcn_prev.residual.tt2
[2026-08-04 06:24:49] [DEBUG] [wipe_imaging]: rm -rf ngc4254_12m_hcn_prev.mask.tt0
[2026-08-04 06:24:49] [DEBUG] [wipe_imaging]: rm -rf ngc4254_12m_hcn_prev.mask.tt1
[2026-08-04 06:24:49] [DEBUG] [wipe_imaging]: rm -rf ngc4254_12m_hcn_prev.mask.tt2
[2026-08-04 06:24:49] [DEBUG] [wipe_imaging]: rm -rf ngc4254_12m_hcn_prev.pb.tt0
[2026-08-04 06:24:49] [DEBUG] [wipe_imaging]: rm -rf ngc4254_12m_hcn_prev.pb.tt1
[2026-08-04 06:24:49] [DEBUG] [wipe_imaging]: rm -rf ngc4254_12m_hcn_prev.pb.tt2
[2026-08-04 06:24:49] [DEBUG] [wipe_imaging]: rm -rf ngc4254_12m_hcn_prev.psf.tt0
[2026-08-04 06:24:49] [DEBUG] [wipe_imaging]: rm -rf ngc4254_12m_hcn_prev.psf.tt1
[2026-08-04 06:24:49] [DEBUG] [wipe_imaging]: rm -rf ngc4254_12m_hcn_prev.psf.tt2
[2026-08-04 06:24:49] [DEBUG] [wipe_imaging]: rm -rf ngc4254_12m_hcn_prev.weight.tt0
[2026-08-04 06:24:49] [DEBUG] [wipe_imaging]: rm -rf ngc4254_12m_hcn_prev.weight.tt1
[2026-08-04 06:24:49] [DEBUG] [wipe_imaging]: rm -rf ngc4254_12m_hcn_prev.weight.tt2
[2026-08-04 06:24:49] [DEBUG] [wipe_imaging]: rm -rf ngc4254_12m_hcn_prev.sumwt.tt0
[2026-08-04 06:24:49] [DEBUG] [wipe_imaging]: rm -rf ngc4254_12m_hcn_prev.sumwt.tt1
[2026-08-04 06:24:49] [DEBUG] [wipe_imaging]: rm -rf ngc4254_12m_hcn_prev.sumwt.tt2
[2026-08-04 06:24:49] [DEBUG] [copy_imaging]: Copying imaging from root ngc4254_12m_hcn to root ngc4254_12m_hcn_prev
[2026-08-04 06:24:49] [DEBUG] [copy_imaging]: cp -r ngc4254_12m_hcn.image ngc4254_12m_hcn_prev.image
[2026-08-04 06:24:49] [DEBUG] [copy_imaging]: cp -r ngc4254_12m_hcn.model ngc4254_12m_hcn_prev.model
[2026-08-04 06:24:51] [DEBUG] [copy_imaging]: cp -r ngc4254_12m_hcn.residual ngc4254_12m_hcn_prev.residual
[2026-08-04 06:24:51] [DEBUG] [copy_imaging]: cp -r ngc4254_12m_hcn.mask ngc4254_12m_hcn_prev.mask
[2026-08-04 06:24:53] [DEBUG] [copy_imaging]: cp -r ngc4254_12m_hcn.pb ngc4254_12m_hcn_prev.pb
[2026-08-04 06:24:54] [DEBUG] [copy_imaging]: cp -r ngc4254_12m_hcn.psf ngc4254_12m_hcn_prev.psf
[2026-08-04 06:24:55] [DEBUG] [copy_imaging]: cp -r ngc4254_12m_hcn.weight ngc4254_12m_hcn_prev.weight
[2026-08-04 06:24:57] [DEBUG] [copy_imaging]: cp -r ngc4254_12m_hcn.sumwt ngc4254_12m_hcn_prev.sumwt
[2026-08-04 06:24:57] [DEBUG] [copy_imaging]: cp -r ngc4254_12m_hcn.alpha ngc4254_12m_hcn_prev.alpha
[2026-08-04 06:24:57] [DEBUG] [copy_imaging]: cp -r ngc4254_12m_hcn.alpha.error ngc4254_12m_hcn_prev.alpha.error
[2026-08-04 06:24:57] [DEBUG] [copy_imaging]: cp -r ngc4254_12m_hcn.beta ngc4254_12m_hcn_prev.beta
[2026-08-04 06:24:57] [DEBUG] [copy_imaging]: cp -r ngc4254_12m_hcn.beta.error ngc4254_12m_hcn_prev.beta.error
[2026-08-04 06:24:57] [DEBUG] [copy_imaging]: cp -r ngc4254_12m_hcn.image.tt0 ngc4254_12m_hcn_prev.image.tt0
[2026-08-04 06:24:57] [DEBUG] [copy_imaging]: cp -r ngc4254_12m_hcn.image.tt1 ngc4254_12m_hcn_prev.image.tt1
[2026-08-04 06:24:57] [DEBUG] [copy_imaging]: cp -r ngc4254_12m_hcn.image.tt2 ngc4254_12m_hcn_prev.image.tt2
[2026-08-04 06:24:57] [DEBUG] [copy_imaging]: cp -r ngc4254_12m_hcn.model.tt0 ngc4254_12m_hcn_prev.model.tt0
[2026-08-04 06:24:57] [DEBUG] [copy_imaging]: cp -r ngc4254_12m_hcn.model.tt1 ngc4254_12m_hcn_prev.model.tt1
[2026-08-04 06:24:57] [DEBUG] [copy_imaging]: cp -r ngc4254_12m_hcn.model.tt2 ngc4254_12m_hcn_prev.model.tt2
[2026-08-04 06:24:57] [DEBUG] [copy_imaging]: cp -r ngc4254_12m_hcn.residual.tt0 ngc4254_12m_hcn_prev.residual.tt0
[2026-08-04 06:24:57] [DEBUG] [copy_imaging]: cp -r ngc4254_12m_hcn.residual.tt1 ngc4254_12m_hcn_prev.residual.tt1
[2026-08-04 06:24:57] [DEBUG] [copy_imaging]: cp -r ngc4254_12m_hcn.residual.tt2 ngc4254_12m_hcn_prev.residual.tt2
[2026-08-04 06:24:57] [DEBUG] [copy_imaging]: cp -r ngc4254_12m_hcn.mask.tt0 ngc4254_12m_hcn_prev.mask.tt0
[2026-08-04 06:24:57] [DEBUG] [copy_imaging]: cp -r ngc4254_12m_hcn.mask.tt1 ngc4254_12m_hcn_prev.mask.tt1
[2026-08-04 06:24:57] [DEBUG] [copy_imaging]: cp -r ngc4254_12m_hcn.mask.tt2 ngc4254_12m_hcn_prev.mask.tt2
[2026-08-04 06:24:57] [DEBUG] [copy_imaging]: cp -r ngc4254_12m_hcn.pb.tt0 ngc4254_12m_hcn_prev.pb.tt0
[2026-08-04 06:24:57] [DEBUG] [copy_imaging]: cp -r ngc4254_12m_hcn.pb.tt1 ngc4254_12m_hcn_prev.pb.tt1
[2026-08-04 06:24:57] [DEBUG] [copy_imaging]: cp -r ngc4254_12m_hcn.pb.tt2 ngc4254_12m_hcn_prev.pb.tt2
[2026-08-04 06:24:57] [DEBUG] [copy_imaging]: cp -r ngc4254_12m_hcn.psf.tt0 ngc4254_12m_hcn_prev.psf.tt0
[2026-08-04 06:24:57] [DEBUG] [copy_imaging]: cp -r ngc4254_12m_hcn.psf.tt1 ngc4254_12m_hcn_prev.psf.tt1
[2026-08-04 06:24:57] [DEBUG] [copy_imaging]: cp -r ngc4254_12m_hcn.psf.tt2 ngc4254_12m_hcn_prev.psf.tt2
[2026-08-04 06:24:57] [DEBUG] [copy_imaging]: cp -r ngc4254_12m_hcn.weight.tt0 ngc4254_12m_hcn_prev.weight.tt0
[2026-08-04 06:24:57] [DEBUG] [copy_imaging]: cp -r ngc4254_12m_hcn.weight.tt1 ngc4254_12m_hcn_prev.weight.tt1
[2026-08-04 06:24:57] [DEBUG] [copy_imaging]: cp -r ngc4254_12m_hcn.weight.tt2 ngc4254_12m_hcn_prev.weight.tt2
[2026-08-04 06:24:57] [DEBUG] [copy_imaging]: cp -r ngc4254_12m_hcn.sumwt.tt0 ngc4254_12m_hcn_prev.sumwt.tt0
[2026-08-04 06:24:57] [DEBUG] [copy_imaging]: cp -r ngc4254_12m_hcn.sumwt.tt1 ngc4254_12m_hcn_prev.sumwt.tt1
[2026-08-04 06:24:57] [DEBUG] [copy_imaging]: cp -r ngc4254_12m_hcn.sumwt.tt2 ngc4254_12m_hcn_prev.sumwt.tt2
[2026-08-04 06:24:57] [DEBUG] [execute_clean_call]: Running CASA tclean(vis='ngc4254_12m_hcn.ms', selectdata=True, field='', spw='', timerange='', uvrange='', antenna='', scan='', observation='', intent='', datacolumn='corrected', imagename='ngc4254_12m_hcn', imsize=[1024, 1152], cell='0.25arcsec', phasecenter='J2000 12h18m49.6s +14d24m59s', stokes='I', projection='SIN', startmodel='', specmode='cube', reffreq='', nchan=-1, start='', width='', outframe='LSRK', veltype='radio', restfreq='88.63185GHz', interpolation='linear', perchanweightdensity=True, gridder='mosaic', facets=1, psfphasecenter='', chanchunks=1, wprojplanes=1, vptable='', mosweight=True, aterm=True, psterm=False, wbawp=True, conjbeams=False, cfcache='', usepointing=False, computepastep=360.0, rotatepastep=360.0, pointingoffsetsigdev=[], pblimit=0.2, normtype='flatnoise', deconvolver='hogbom', scales=[], nterms=1, smallscalebias=0.9, restoration=True, restoringbeam='common', pbcor=False, outlierfile='', weighting='briggs', robust=0.5, noise='1.0Jy', npixels=0, uvtaper=[], niter=700, gain=0.1, threshold='0.00032980514504281767Jy/beam', nsigma=0.0, cycleniter=100, cyclefactor=3.0, minpsffraction=0.5, maxpsffraction=0.8, interactive=False, usemask='user', mask='', pbmask=0.0, sidelobethreshold=3.0, noisethreshold=5.0, lownoisethreshold=1.5, negativethreshold=0.0, smoothfactor=1.0, minbeamfrac=0.3, cutthreshold=0.01, growiterations=75, dogrowprune=True, minpercentchange=-1.0, verbose=False, fastnoise=True, restart=True, savemodel='none', calcres=False, calcpsf=False, parallel=False)
[2026-08-04 06:24:57] [WARNING] [execute_clean_call]: Unused key arguments for tclean: ['chanchunks']
[2026-08-04 06:24:57] [WARNING] [execute_clean_call]: Missing key arguments for tclean: ['fusedthreshold', 'largestscale', 'nmajor', 'fullsummary', 'psfcutoff']. Caution that CASA will use some default values depending on the CASA version.
[2026-08-04 07:19:53] [INFO] [clean_loop]: ... proceeding? True
[2026-08-04 07:19:53] [INFO] [clean_loop]: Computing noise cube.
[2026-08-04 07:20:08] [INFO] [clean_loop]: Loop 1, niter 1400, cycleniter 200, cumulative_niter 2100, threshold 0.0003286760849409893Jy/beam.
[2026-08-04 07:20:08] [DEBUG] [wipe_imaging]: wipe_imaging under "/nfs/home/lneumann/reduction/alma_data_reduction/imaging/ngc4254/products/imaging/ngc4254"
[2026-08-04 07:20:08] [DEBUG] [wipe_imaging]: rm -rf ngc4254_12m_hcn_prev.image
[2026-08-04 07:20:08] [DEBUG] [wipe_imaging]: rm -rf ngc4254_12m_hcn_prev.model
[2026-08-04 07:20:08] [DEBUG] [wipe_imaging]: rm -rf ngc4254_12m_hcn_prev.residual
[2026-08-04 07:20:08] [DEBUG] [wipe_imaging]: rm -rf ngc4254_12m_hcn_prev.mask
[2026-08-04 07:20:08] [DEBUG] [wipe_imaging]: rm -rf ngc4254_12m_hcn_prev.pb
[2026-08-04 07:20:08] [DEBUG] [wipe_imaging]: rm -rf ngc4254_12m_hcn_prev.psf
[2026-08-04 07:20:08] [DEBUG] [wipe_imaging]: rm -rf ngc4254_12m_hcn_prev.weight
[2026-08-04 07:20:08] [DEBUG] [wipe_imaging]: rm -rf ngc4254_12m_hcn_prev.sumwt
[2026-08-04 07:20:08] [DEBUG] [wipe_imaging]: rm -rf ngc4254_12m_hcn_prev.alpha
[2026-08-04 07:20:08] [DEBUG] [wipe_imaging]: rm -rf ngc4254_12m_hcn_prev.alpha.error
[2026-08-04 07:20:08] [DEBUG] [wipe_imaging]: rm -rf ngc4254_12m_hcn_prev.beta
[2026-08-04 07:20:08] [DEBUG] [wipe_imaging]: rm -rf ngc4254_12m_hcn_prev.beta.error
[2026-08-04 07:20:08] [DEBUG] [wipe_imaging]: rm -rf ngc4254_12m_hcn_prev.image.tt0
[2026-08-04 07:20:08] [DEBUG] [wipe_imaging]: rm -rf ngc4254_12m_hcn_prev.image.tt1
[2026-08-04 07:20:08] [DEBUG] [wipe_imaging]: rm -rf ngc4254_12m_hcn_prev.image.tt2
[2026-08-04 07:20:08] [DEBUG] [wipe_imaging]: rm -rf ngc4254_12m_hcn_prev.model.tt0
[2026-08-04 07:20:08] [DEBUG] [wipe_imaging]: rm -rf ngc4254_12m_hcn_prev.model.tt1
[2026-08-04 07:20:08] [DEBUG] [wipe_imaging]: rm -rf ngc4254_12m_hcn_prev.model.tt2
[2026-08-04 07:20:09] [DEBUG] [wipe_imaging]: rm -rf ngc4254_12m_hcn_prev.residual.tt0
[2026-08-04 07:20:09] [DEBUG] [wipe_imaging]: rm -rf ngc4254_12m_hcn_prev.residual.tt1
[2026-08-04 07:20:09] [DEBUG] [wipe_imaging]: rm -rf ngc4254_12m_hcn_prev.residual.tt2
[2026-08-04 07:20:09] [DEBUG] [wipe_imaging]: rm -rf ngc4254_12m_hcn_prev.mask.tt0
[2026-08-04 07:20:09] [DEBUG] [wipe_imaging]: rm -rf ngc4254_12m_hcn_prev.mask.tt1
[2026-08-04 07:20:09] [DEBUG] [wipe_imaging]: rm -rf ngc4254_12m_hcn_prev.mask.tt2
[2026-08-04 07:20:09] [DEBUG] [wipe_imaging]: rm -rf ngc4254_12m_hcn_prev.pb.tt0
[2026-08-04 07:20:09] [DEBUG] [wipe_imaging]: rm -rf ngc4254_12m_hcn_prev.pb.tt1
[2026-08-04 07:20:09] [DEBUG] [wipe_imaging]: rm -rf ngc4254_12m_hcn_prev.pb.tt2
[2026-08-04 07:20:09] [DEBUG] [wipe_imaging]: rm -rf ngc4254_12m_hcn_prev.psf.tt0
[2026-08-04 07:20:09] [DEBUG] [wipe_imaging]: rm -rf ngc4254_12m_hcn_prev.psf.tt1
[2026-08-04 07:20:09] [DEBUG] [wipe_imaging]: rm -rf ngc4254_12m_hcn_prev.psf.tt2
[2026-08-04 07:20:09] [DEBUG] [wipe_imaging]: rm -rf ngc4254_12m_hcn_prev.weight.tt0
[2026-08-04 07:20:09] [DEBUG] [wipe_imaging]: rm -rf ngc4254_12m_hcn_prev.weight.tt1
[2026-08-04 07:20:09] [DEBUG] [wipe_imaging]: rm -rf ngc4254_12m_hcn_prev.weight.tt2
[2026-08-04 07:20:09] [DEBUG] [wipe_imaging]: rm -rf ngc4254_12m_hcn_prev.sumwt.tt0
[2026-08-04 07:20:09] [DEBUG] [wipe_imaging]: rm -rf ngc4254_12m_hcn_prev.sumwt.tt1
[2026-08-04 07:20:09] [DEBUG] [wipe_imaging]: rm -rf ngc4254_12m_hcn_prev.sumwt.tt2
[2026-08-04 07:20:09] [DEBUG] [copy_imaging]: Copying imaging from root ngc4254_12m_hcn to root ngc4254_12m_hcn_prev
[2026-08-04 07:20:09] [DEBUG] [copy_imaging]: cp -r ngc4254_12m_hcn.image ngc4254_12m_hcn_prev.image
[2026-08-04 07:20:10] [DEBUG] [copy_imaging]: cp -r ngc4254_12m_hcn.model ngc4254_12m_hcn_prev.model
[2026-08-04 07:20:11] [DEBUG] [copy_imaging]: cp -r ngc4254_12m_hcn.residual ngc4254_12m_hcn_prev.residual
[2026-08-04 07:20:11] [DEBUG] [copy_imaging]: cp -r ngc4254_12m_hcn.mask ngc4254_12m_hcn_prev.mask
[2026-08-04 07:20:12] [DEBUG] [copy_imaging]: cp -r ngc4254_12m_hcn.pb ngc4254_12m_hcn_prev.pb
[2026-08-04 07:20:12] [DEBUG] [copy_imaging]: cp -r ngc4254_12m_hcn.psf ngc4254_12m_hcn_prev.psf
[2026-08-04 07:20:13] [DEBUG] [copy_imaging]: cp -r ngc4254_12m_hcn.weight ngc4254_12m_hcn_prev.weight
[2026-08-04 07:20:13] [DEBUG] [copy_imaging]: cp -r ngc4254_12m_hcn.sumwt ngc4254_12m_hcn_prev.sumwt
[2026-08-04 07:20:13] [DEBUG] [copy_imaging]: cp -r ngc4254_12m_hcn.alpha ngc4254_12m_hcn_prev.alpha
[2026-08-04 07:20:13] [DEBUG] [copy_imaging]: cp -r ngc4254_12m_hcn.alpha.error ngc4254_12m_hcn_prev.alpha.error
[2026-08-04 07:20:13] [DEBUG] [copy_imaging]: cp -r ngc4254_12m_hcn.beta ngc4254_12m_hcn_prev.beta
[2026-08-04 07:20:13] [DEBUG] [copy_imaging]: cp -r ngc4254_12m_hcn.beta.error ngc4254_12m_hcn_prev.beta.error
[2026-08-04 07:20:13] [DEBUG] [copy_imaging]: cp -r ngc4254_12m_hcn.image.tt0 ngc4254_12m_hcn_prev.image.tt0
[2026-08-04 07:20:13] [DEBUG] [copy_imaging]: cp -r ngc4254_12m_hcn.image.tt1 ngc4254_12m_hcn_prev.image.tt1
[2026-08-04 07:20:13] [DEBUG] [copy_imaging]: cp -r ngc4254_12m_hcn.image.tt2 ngc4254_12m_hcn_prev.image.tt2
[2026-08-04 07:20:13] [DEBUG] [copy_imaging]: cp -r ngc4254_12m_hcn.model.tt0 ngc4254_12m_hcn_prev.model.tt0
[2026-08-04 07:20:14] [DEBUG] [copy_imaging]: cp -r ngc4254_12m_hcn.model.tt1 ngc4254_12m_hcn_prev.model.tt1
[2026-08-04 07:20:14] [DEBUG] [copy_imaging]: cp -r ngc4254_12m_hcn.model.tt2 ngc4254_12m_hcn_prev.model.tt2
[2026-08-04 07:20:14] [DEBUG] [copy_imaging]: cp -r ngc4254_12m_hcn.residual.tt0 ngc4254_12m_hcn_prev.residual.tt0
[2026-08-04 07:20:14] [DEBUG] [copy_imaging]: cp -r ngc4254_12m_hcn.residual.tt1 ngc4254_12m_hcn_prev.residual.tt1
[2026-08-04 07:20:14] [DEBUG] [copy_imaging]: cp -r ngc4254_12m_hcn.residual.tt2 ngc4254_12m_hcn_prev.residual.tt2
[2026-08-04 07:20:14] [DEBUG] [copy_imaging]: cp -r ngc4254_12m_hcn.mask.tt0 ngc4254_12m_hcn_prev.mask.tt0
[2026-08-04 07:20:14] [DEBUG] [copy_imaging]: cp -r ngc4254_12m_hcn.mask.tt1 ngc4254_12m_hcn_prev.mask.tt1
[2026-08-04 07:20:14] [DEBUG] [copy_imaging]: cp -r ngc4254_12m_hcn.mask.tt2 ngc4254_12m_hcn_prev.mask.tt2
[2026-08-04 07:20:14] [DEBUG] [copy_imaging]: cp -r ngc4254_12m_hcn.pb.tt0 ngc4254_12m_hcn_prev.pb.tt0
[2026-08-04 07:20:14] [DEBUG] [copy_imaging]: cp -r ngc4254_12m_hcn.pb.tt1 ngc4254_12m_hcn_prev.pb.tt1
[2026-08-04 07:20:14] [DEBUG] [copy_imaging]: cp -r ngc4254_12m_hcn.pb.tt2 ngc4254_12m_hcn_prev.pb.tt2
[2026-08-04 07:20:14] [DEBUG] [copy_imaging]: cp -r ngc4254_12m_hcn.psf.tt0 ngc4254_12m_hcn_prev.psf.tt0
[2026-08-04 07:20:14] [DEBUG] [copy_imaging]: cp -r ngc4254_12m_hcn.psf.tt1 ngc4254_12m_hcn_prev.psf.tt1
[2026-08-04 07:20:14] [DEBUG] [copy_imaging]: cp -r ngc4254_12m_hcn.psf.tt2 ngc4254_12m_hcn_prev.psf.tt2
[2026-08-04 07:20:14] [DEBUG] [copy_imaging]: cp -r ngc4254_12m_hcn.weight.tt0 ngc4254_12m_hcn_prev.weight.tt0
[2026-08-04 07:20:14] [DEBUG] [copy_imaging]: cp -r ngc4254_12m_hcn.weight.tt1 ngc4254_12m_hcn_prev.weight.tt1
[2026-08-04 07:20:14] [DEBUG] [copy_imaging]: cp -r ngc4254_12m_hcn.weight.tt2 ngc4254_12m_hcn_prev.weight.tt2
[2026-08-04 07:20:14] [DEBUG] [copy_imaging]: cp -r ngc4254_12m_hcn.sumwt.tt0 ngc4254_12m_hcn_prev.sumwt.tt0
[2026-08-04 07:20:14] [DEBUG] [copy_imaging]: cp -r ngc4254_12m_hcn.sumwt.tt1 ngc4254_12m_hcn_prev.sumwt.tt1
[2026-08-04 07:20:14] [DEBUG] [copy_imaging]: cp -r ngc4254_12m_hcn.sumwt.tt2 ngc4254_12m_hcn_prev.sumwt.tt2
[2026-08-04 07:20:14] [DEBUG] [execute_clean_call]: Running CASA tclean(vis='ngc4254_12m_hcn.ms', selectdata=True, field='', spw='', timerange='', uvrange='', antenna='', scan='', observation='', intent='', datacolumn='corrected', imagename='ngc4254_12m_hcn', imsize=[1024, 1152], cell='0.25arcsec', phasecenter='J2000 12h18m49.6s +14d24m59s', stokes='I', projection='SIN', startmodel='', specmode='cube', reffreq='', nchan=-1, start='', width='', outframe='LSRK', veltype='radio', restfreq='88.63185GHz', interpolation='linear', perchanweightdensity=True, gridder='mosaic', facets=1, psfphasecenter='', chanchunks=1, wprojplanes=1, vptable='', mosweight=True, aterm=True, psterm=False, wbawp=True, conjbeams=False, cfcache='', usepointing=False, computepastep=360.0, rotatepastep=360.0, pointingoffsetsigdev=[], pblimit=0.2, normtype='flatnoise', deconvolver='hogbom', scales=[], nterms=1, smallscalebias=0.9, restoration=True, restoringbeam='common', pbcor=False, outlierfile='', weighting='briggs', robust=0.5, noise='1.0Jy', npixels=0, uvtaper=[], niter=1400, gain=0.1, threshold='0.0003286760849409893Jy/beam', nsigma=0.0, cycleniter=200, cyclefactor=3.0, minpsffraction=0.5, maxpsffraction=0.8, interactive=False, usemask='user', mask='', pbmask=0.0, sidelobethreshold=3.0, noisethreshold=5.0, lownoisethreshold=1.5, negativethreshold=0.0, smoothfactor=1.0, minbeamfrac=0.3, cutthreshold=0.01, growiterations=75, dogrowprune=True, minpercentchange=-1.0, verbose=False, fastnoise=True, restart=True, savemodel='none', calcres=False, calcpsf=False, parallel=False)
[2026-08-04 07:20:14] [WARNING] [execute_clean_call]: Unused key arguments for tclean: ['chanchunks']
[2026-08-04 07:20:14] [WARNING] [execute_clean_call]: Missing key arguments for tclean: ['fusedthreshold', 'largestscale', 'nmajor', 'fullsummary', 'psfcutoff']. Caution that CASA will use some default values depending on the CASA version.
[2026-08-04 08:14:45] [INFO] [clean_loop]: ... proceeding? True
[2026-08-04 08:14:45] [INFO] [clean_loop]: Computing noise cube.
[2026-08-04 08:15:01] [INFO] [clean_loop]: Loop 2, niter 2800, cycleniter 300, cumulative_niter 4900, threshold 0.000327470091369602Jy/beam.
[2026-08-04 08:15:01] [DEBUG] [wipe_imaging]: wipe_imaging under "/nfs/home/lneumann/reduction/alma_data_reduction/imaging/ngc4254/products/imaging/ngc4254"
[2026-08-04 08:15:01] [DEBUG] [wipe_imaging]: rm -rf ngc4254_12m_hcn_prev.image
[2026-08-04 08:15:01] [DEBUG] [wipe_imaging]: rm -rf ngc4254_12m_hcn_prev.model
[2026-08-04 08:15:01] [DEBUG] [wipe_imaging]: rm -rf ngc4254_12m_hcn_prev.residual
[2026-08-04 08:15:01] [DEBUG] [wipe_imaging]: rm -rf ngc4254_12m_hcn_prev.mask
[2026-08-04 08:15:01] [DEBUG] [wipe_imaging]: rm -rf ngc4254_12m_hcn_prev.pb
[2026-08-04 08:15:01] [DEBUG] [wipe_imaging]: rm -rf ngc4254_12m_hcn_prev.psf
[2026-08-04 08:15:01] [DEBUG] [wipe_imaging]: rm -rf ngc4254_12m_hcn_prev.weight
[2026-08-04 08:15:01] [DEBUG] [wipe_imaging]: rm -rf ngc4254_12m_hcn_prev.sumwt
[2026-08-04 08:15:01] [DEBUG] [wipe_imaging]: rm -rf ngc4254_12m_hcn_prev.alpha
[2026-08-04 08:15:01] [DEBUG] [wipe_imaging]: rm -rf ngc4254_12m_hcn_prev.alpha.error
[2026-08-04 08:15:01] [DEBUG] [wipe_imaging]: rm -rf ngc4254_12m_hcn_prev.beta
[2026-08-04 08:15:01] [DEBUG] [wipe_imaging]: rm -rf ngc4254_12m_hcn_prev.beta.error
[2026-08-04 08:15:01] [DEBUG] [wipe_imaging]: rm -rf ngc4254_12m_hcn_prev.image.tt0
[2026-08-04 08:15:01] [DEBUG] [wipe_imaging]: rm -rf ngc4254_12m_hcn_prev.image.tt1
[2026-08-04 08:15:01] [DEBUG] [wipe_imaging]: rm -rf ngc4254_12m_hcn_prev.image.tt2
[2026-08-04 08:15:01] [DEBUG] [wipe_imaging]: rm -rf ngc4254_12m_hcn_prev.model.tt0
[2026-08-04 08:15:01] [DEBUG] [wipe_imaging]: rm -rf ngc4254_12m_hcn_prev.model.tt1
[2026-08-04 08:15:01] [DEBUG] [wipe_imaging]: rm -rf ngc4254_12m_hcn_prev.model.tt2
[2026-08-04 08:15:01] [DEBUG] [wipe_imaging]: rm -rf ngc4254_12m_hcn_prev.residual.tt0
[2026-08-04 08:15:01] [DEBUG] [wipe_imaging]: rm -rf ngc4254_12m_hcn_prev.residual.tt1
[2026-08-04 08:15:01] [DEBUG] [wipe_imaging]: rm -rf ngc4254_12m_hcn_prev.residual.tt2
[2026-08-04 08:15:01] [DEBUG] [wipe_imaging]: rm -rf ngc4254_12m_hcn_prev.mask.tt0
[2026-08-04 08:15:01] [DEBUG] [wipe_imaging]: rm -rf ngc4254_12m_hcn_prev.mask.tt1
[2026-08-04 08:15:01] [DEBUG] [wipe_imaging]: rm -rf ngc4254_12m_hcn_prev.mask.tt2
[2026-08-04 08:15:01] [DEBUG] [wipe_imaging]: rm -rf ngc4254_12m_hcn_prev.pb.tt0
[2026-08-04 08:15:01] [DEBUG] [wipe_imaging]: rm -rf ngc4254_12m_hcn_prev.pb.tt1
[2026-08-04 08:15:01] [DEBUG] [wipe_imaging]: rm -rf ngc4254_12m_hcn_prev.pb.tt2
[2026-08-04 08:15:01] [DEBUG] [wipe_imaging]: rm -rf ngc4254_12m_hcn_prev.psf.tt0
[2026-08-04 08:15:01] [DEBUG] [wipe_imaging]: rm -rf ngc4254_12m_hcn_prev.psf.tt1
[2026-08-04 08:15:01] [DEBUG] [wipe_imaging]: rm -rf ngc4254_12m_hcn_prev.psf.tt2
[2026-08-04 08:15:01] [DEBUG] [wipe_imaging]: rm -rf ngc4254_12m_hcn_prev.weight.tt0
[2026-08-04 08:15:01] [DEBUG] [wipe_imaging]: rm -rf ngc4254_12m_hcn_prev.weight.tt1
[2026-08-04 08:15:01] [DEBUG] [wipe_imaging]: rm -rf ngc4254_12m_hcn_prev.weight.tt2
[2026-08-04 08:15:01] [DEBUG] [wipe_imaging]: rm -rf ngc4254_12m_hcn_prev.sumwt.tt0
[2026-08-04 08:15:01] [DEBUG] [wipe_imaging]: rm -rf ngc4254_12m_hcn_prev.sumwt.tt1
[2026-08-04 08:15:01] [DEBUG] [wipe_imaging]: rm -rf ngc4254_12m_hcn_prev.sumwt.tt2
[2026-08-04 08:15:01] [DEBUG] [copy_imaging]: Copying imaging from root ngc4254_12m_hcn to root ngc4254_12m_hcn_prev
[2026-08-04 08:15:01] [DEBUG] [copy_imaging]: cp -r ngc4254_12m_hcn.image ngc4254_12m_hcn_prev.image
[2026-08-04 08:15:03] [DEBUG] [copy_imaging]: cp -r ngc4254_12m_hcn.model ngc4254_12m_hcn_prev.model
[2026-08-04 08:15:03] [DEBUG] [copy_imaging]: cp -r ngc4254_12m_hcn.residual ngc4254_12m_hcn_prev.residual
[2026-08-04 08:15:04] [DEBUG] [copy_imaging]: cp -r ngc4254_12m_hcn.mask ngc4254_12m_hcn_prev.mask
[2026-08-04 08:15:04] [DEBUG] [copy_imaging]: cp -r ngc4254_12m_hcn.pb ngc4254_12m_hcn_prev.pb
[2026-08-04 08:15:05] [DEBUG] [copy_imaging]: cp -r ngc4254_12m_hcn.psf ngc4254_12m_hcn_prev.psf
[2026-08-04 08:15:05] [DEBUG] [copy_imaging]: cp -r ngc4254_12m_hcn.weight ngc4254_12m_hcn_prev.weight
[2026-08-04 08:15:06] [DEBUG] [copy_imaging]: cp -r ngc4254_12m_hcn.sumwt ngc4254_12m_hcn_prev.sumwt
[2026-08-04 08:15:06] [DEBUG] [copy_imaging]: cp -r ngc4254_12m_hcn.alpha ngc4254_12m_hcn_prev.alpha
[2026-08-04 08:15:06] [DEBUG] [copy_imaging]: cp -r ngc4254_12m_hcn.alpha.error ngc4254_12m_hcn_prev.alpha.error
[2026-08-04 08:15:06] [DEBUG] [copy_imaging]: cp -r ngc4254_12m_hcn.beta ngc4254_12m_hcn_prev.beta
[2026-08-04 08:15:06] [DEBUG] [copy_imaging]: cp -r ngc4254_12m_hcn.beta.error ngc4254_12m_hcn_prev.beta.error
[2026-08-04 08:15:06] [DEBUG] [copy_imaging]: cp -r ngc4254_12m_hcn.image.tt0 ngc4254_12m_hcn_prev.image.tt0
[2026-08-04 08:15:06] [DEBUG] [copy_imaging]: cp -r ngc4254_12m_hcn.image.tt1 ngc4254_12m_hcn_prev.image.tt1
[2026-08-04 08:15:06] [DEBUG] [copy_imaging]: cp -r ngc4254_12m_hcn.image.tt2 ngc4254_12m_hcn_prev.image.tt2
[2026-08-04 08:15:06] [DEBUG] [copy_imaging]: cp -r ngc4254_12m_hcn.model.tt0 ngc4254_12m_hcn_prev.model.tt0
[2026-08-04 08:15:06] [DEBUG] [copy_imaging]: cp -r ngc4254_12m_hcn.model.tt1 ngc4254_12m_hcn_prev.model.tt1
[2026-08-04 08:15:06] [DEBUG] [copy_imaging]: cp -r ngc4254_12m_hcn.model.tt2 ngc4254_12m_hcn_prev.model.tt2
[2026-08-04 08:15:06] [DEBUG] [copy_imaging]: cp -r ngc4254_12m_hcn.residual.tt0 ngc4254_12m_hcn_prev.residual.tt0
[2026-08-04 08:15:06] [DEBUG] [copy_imaging]: cp -r ngc4254_12m_hcn.residual.tt1 ngc4254_12m_hcn_prev.residual.tt1
[2026-08-04 08:15:06] [DEBUG] [copy_imaging]: cp -r ngc4254_12m_hcn.residual.tt2 ngc4254_12m_hcn_prev.residual.tt2
[2026-08-04 08:15:06] [DEBUG] [copy_imaging]: cp -r ngc4254_12m_hcn.mask.tt0 ngc4254_12m_hcn_prev.mask.tt0
[2026-08-04 08:15:06] [DEBUG] [copy_imaging]: cp -r ngc4254_12m_hcn.mask.tt1 ngc4254_12m_hcn_prev.mask.tt1
[2026-08-04 08:15:06] [DEBUG] [copy_imaging]: cp -r ngc4254_12m_hcn.mask.tt2 ngc4254_12m_hcn_prev.mask.tt2
[2026-08-04 08:15:06] [DEBUG] [copy_imaging]: cp -r ngc4254_12m_hcn.pb.tt0 ngc4254_12m_hcn_prev.pb.tt0
[2026-08-04 08:15:06] [DEBUG] [copy_imaging]: cp -r ngc4254_12m_hcn.pb.tt1 ngc4254_12m_hcn_prev.pb.tt1
[2026-08-04 08:15:06] [DEBUG] [copy_imaging]: cp -r ngc4254_12m_hcn.pb.tt2 ngc4254_12m_hcn_prev.pb.tt2
[2026-08-04 08:15:06] [DEBUG] [copy_imaging]: cp -r ngc4254_12m_hcn.psf.tt0 ngc4254_12m_hcn_prev.psf.tt0
[2026-08-04 08:15:06] [DEBUG] [copy_imaging]: cp -r ngc4254_12m_hcn.psf.tt1 ngc4254_12m_hcn_prev.psf.tt1
[2026-08-04 08:15:06] [DEBUG] [copy_imaging]: cp -r ngc4254_12m_hcn.psf.tt2 ngc4254_12m_hcn_prev.psf.tt2
[2026-08-04 08:15:06] [DEBUG] [copy_imaging]: cp -r ngc4254_12m_hcn.weight.tt0 ngc4254_12m_hcn_prev.weight.tt0
[2026-08-04 08:15:06] [DEBUG] [copy_imaging]: cp -r ngc4254_12m_hcn.weight.tt1 ngc4254_12m_hcn_prev.weight.tt1
[2026-08-04 08:15:06] [DEBUG] [copy_imaging]: cp -r ngc4254_12m_hcn.weight.tt2 ngc4254_12m_hcn_prev.weight.tt2
[2026-08-04 08:15:06] [DEBUG] [copy_imaging]: cp -r ngc4254_12m_hcn.sumwt.tt0 ngc4254_12m_hcn_prev.sumwt.tt0
[2026-08-04 08:15:06] [DEBUG] [copy_imaging]: cp -r ngc4254_12m_hcn.sumwt.tt1 ngc4254_12m_hcn_prev.sumwt.tt1
[2026-08-04 08:15:06] [DEBUG] [copy_imaging]: cp -r ngc4254_12m_hcn.sumwt.tt2 ngc4254_12m_hcn_prev.sumwt.tt2
[2026-08-04 08:15:07] [DEBUG] [execute_clean_call]: Running CASA tclean(vis='ngc4254_12m_hcn.ms', selectdata=True, field='', spw='', timerange='', uvrange='', antenna='', scan='', observation='', intent='', datacolumn='corrected', imagename='ngc4254_12m_hcn', imsize=[1024, 1152], cell='0.25arcsec', phasecenter='J2000 12h18m49.6s +14d24m59s', stokes='I', projection='SIN', startmodel='', specmode='cube', reffreq='', nchan=-1, start='', width='', outframe='LSRK', veltype='radio', restfreq='88.63185GHz', interpolation='linear', perchanweightdensity=True, gridder='mosaic', facets=1, psfphasecenter='', chanchunks=1, wprojplanes=1, vptable='', mosweight=True, aterm=True, psterm=False, wbawp=True, conjbeams=False, cfcache='', usepointing=False, computepastep=360.0, rotatepastep=360.0, pointingoffsetsigdev=[], pblimit=0.2, normtype='flatnoise', deconvolver='hogbom', scales=[], nterms=1, smallscalebias=0.9, restoration=True, restoringbeam='common', pbcor=False, outlierfile='', weighting='briggs', robust=0.5, noise='1.0Jy', npixels=0, uvtaper=[], niter=2800, gain=0.1, threshold='0.000327470091369602Jy/beam', nsigma=0.0, cycleniter=300, cyclefactor=3.0, minpsffraction=0.5, maxpsffraction=0.8, interactive=False, usemask='user', mask='', pbmask=0.0, sidelobethreshold=3.0, noisethreshold=5.0, lownoisethreshold=1.5, negativethreshold=0.0, smoothfactor=1.0, minbeamfrac=0.3, cutthreshold=0.01, growiterations=75, dogrowprune=True, minpercentchange=-1.0, verbose=False, fastnoise=True, restart=True, savemodel='none', calcres=False, calcpsf=False, parallel=False)
[2026-08-04 08:15:07] [WARNING] [execute_clean_call]: Unused key arguments for tclean: ['chanchunks']
[2026-08-04 08:15:07] [WARNING] [execute_clean_call]: Missing key arguments for tclean: ['fusedthreshold', 'largestscale', 'nmajor', 'fullsummary', 'psfcutoff']. Caution that CASA will use some default values depending on the CASA version.
[2026-08-04 09:09:32] [INFO] [clean_loop]: ... proceeding? True
[2026-08-04 09:09:32] [INFO] [clean_loop]: Computing noise cube.
[2026-08-04 09:09:46] [INFO] [clean_loop]: Loop 3, niter 5600, cycleniter 400, cumulative_niter 10500, threshold 0.00032640086952629094Jy/beam.
[2026-08-04 09:09:46] [DEBUG] [wipe_imaging]: wipe_imaging under "/nfs/home/lneumann/reduction/alma_data_reduction/imaging/ngc4254/products/imaging/ngc4254"
[2026-08-04 09:09:46] [DEBUG] [wipe_imaging]: rm -rf ngc4254_12m_hcn_prev.image
[2026-08-04 09:09:46] [DEBUG] [wipe_imaging]: rm -rf ngc4254_12m_hcn_prev.model
[2026-08-04 09:09:47] [DEBUG] [wipe_imaging]: rm -rf ngc4254_12m_hcn_prev.residual
[2026-08-04 09:09:47] [DEBUG] [wipe_imaging]: rm -rf ngc4254_12m_hcn_prev.mask
[2026-08-04 09:09:47] [DEBUG] [wipe_imaging]: rm -rf ngc4254_12m_hcn_prev.pb
[2026-08-04 09:09:47] [DEBUG] [wipe_imaging]: rm -rf ngc4254_12m_hcn_prev.psf
[2026-08-04 09:09:47] [DEBUG] [wipe_imaging]: rm -rf ngc4254_12m_hcn_prev.weight
[2026-08-04 09:09:47] [DEBUG] [wipe_imaging]: rm -rf ngc4254_12m_hcn_prev.sumwt
[2026-08-04 09:09:47] [DEBUG] [wipe_imaging]: rm -rf ngc4254_12m_hcn_prev.alpha
[2026-08-04 09:09:47] [DEBUG] [wipe_imaging]: rm -rf ngc4254_12m_hcn_prev.alpha.error
[2026-08-04 09:09:47] [DEBUG] [wipe_imaging]: rm -rf ngc4254_12m_hcn_prev.beta
[2026-08-04 09:09:47] [DEBUG] [wipe_imaging]: rm -rf ngc4254_12m_hcn_prev.beta.error
[2026-08-04 09:09:47] [DEBUG] [wipe_imaging]: rm -rf ngc4254_12m_hcn_prev.image.tt0
[2026-08-04 09:09:47] [DEBUG] [wipe_imaging]: rm -rf ngc4254_12m_hcn_prev.image.tt1
[2026-08-04 09:09:47] [DEBUG] [wipe_imaging]: rm -rf ngc4254_12m_hcn_prev.image.tt2
[2026-08-04 09:09:47] [DEBUG] [wipe_imaging]: rm -rf ngc4254_12m_hcn_prev.model.tt0
[2026-08-04 09:09:47] [DEBUG] [wipe_imaging]: rm -rf ngc4254_12m_hcn_prev.model.tt1
[2026-08-04 09:09:47] [DEBUG] [wipe_imaging]: rm -rf ngc4254_12m_hcn_prev.model.tt2
[2026-08-04 09:09:47] [DEBUG] [wipe_imaging]: rm -rf ngc4254_12m_hcn_prev.residual.tt0
[2026-08-04 09:09:47] [DEBUG] [wipe_imaging]: rm -rf ngc4254_12m_hcn_prev.residual.tt1
[2026-08-04 09:09:47] [DEBUG] [wipe_imaging]: rm -rf ngc4254_12m_hcn_prev.residual.tt2
[2026-08-04 09:09:47] [DEBUG] [wipe_imaging]: rm -rf ngc4254_12m_hcn_prev.mask.tt0
[2026-08-04 09:09:47] [DEBUG] [wipe_imaging]: rm -rf ngc4254_12m_hcn_prev.mask.tt1
[2026-08-04 09:09:47] [DEBUG] [wipe_imaging]: rm -rf ngc4254_12m_hcn_prev.mask.tt2
[2026-08-04 09:09:47] [DEBUG] [wipe_imaging]: rm -rf ngc4254_12m_hcn_prev.pb.tt0
[2026-08-04 09:09:47] [DEBUG] [wipe_imaging]: rm -rf ngc4254_12m_hcn_prev.pb.tt1
[2026-08-04 09:09:47] [DEBUG] [wipe_imaging]: rm -rf ngc4254_12m_hcn_prev.pb.tt2
[2026-08-04 09:09:47] [DEBUG] [wipe_imaging]: rm -rf ngc4254_12m_hcn_prev.psf.tt0
[2026-08-04 09:09:47] [DEBUG] [wipe_imaging]: rm -rf ngc4254_12m_hcn_prev.psf.tt1
[2026-08-04 09:09:47] [DEBUG] [wipe_imaging]: rm -rf ngc4254_12m_hcn_prev.psf.tt2
[2026-08-04 09:09:47] [DEBUG] [wipe_imaging]: rm -rf ngc4254_12m_hcn_prev.weight.tt0
[2026-08-04 09:09:47] [DEBUG] [wipe_imaging]: rm -rf ngc4254_12m_hcn_prev.weight.tt1
[2026-08-04 09:09:47] [DEBUG] [wipe_imaging]: rm -rf ngc4254_12m_hcn_prev.weight.tt2
[2026-08-04 09:09:47] [DEBUG] [wipe_imaging]: rm -rf ngc4254_12m_hcn_prev.sumwt.tt0
[2026-08-04 09:09:47] [DEBUG] [wipe_imaging]: rm -rf ngc4254_12m_hcn_prev.sumwt.tt1
[2026-08-04 09:09:47] [DEBUG] [wipe_imaging]: rm -rf ngc4254_12m_hcn_prev.sumwt.tt2
[2026-08-04 09:09:47] [DEBUG] [copy_imaging]: Copying imaging from root ngc4254_12m_hcn to root ngc4254_12m_hcn_prev
[2026-08-04 09:09:47] [DEBUG] [copy_imaging]: cp -r ngc4254_12m_hcn.image ngc4254_12m_hcn_prev.image
[2026-08-04 09:09:48] [DEBUG] [copy_imaging]: cp -r ngc4254_12m_hcn.model ngc4254_12m_hcn_prev.model
[2026-08-04 09:09:49] [DEBUG] [copy_imaging]: cp -r ngc4254_12m_hcn.residual ngc4254_12m_hcn_prev.residual
[2026-08-04 09:09:49] [DEBUG] [copy_imaging]: cp -r ngc4254_12m_hcn.mask ngc4254_12m_hcn_prev.mask
[2026-08-04 09:09:50] [DEBUG] [copy_imaging]: cp -r ngc4254_12m_hcn.pb ngc4254_12m_hcn_prev.pb
[2026-08-04 09:09:51] [DEBUG] [copy_imaging]: cp -r ngc4254_12m_hcn.psf ngc4254_12m_hcn_prev.psf
[2026-08-04 09:09:51] [DEBUG] [copy_imaging]: cp -r ngc4254_12m_hcn.weight ngc4254_12m_hcn_prev.weight
[2026-08-04 09:09:52] [DEBUG] [copy_imaging]: cp -r ngc4254_12m_hcn.sumwt ngc4254_12m_hcn_prev.sumwt
[2026-08-04 09:09:52] [DEBUG] [copy_imaging]: cp -r ngc4254_12m_hcn.alpha ngc4254_12m_hcn_prev.alpha
[2026-08-04 09:09:52] [DEBUG] [copy_imaging]: cp -r ngc4254_12m_hcn.alpha.error ngc4254_12m_hcn_prev.alpha.error
[2026-08-04 09:09:52] [DEBUG] [copy_imaging]: cp -r ngc4254_12m_hcn.beta ngc4254_12m_hcn_prev.beta
[2026-08-04 09:09:52] [DEBUG] [copy_imaging]: cp -r ngc4254_12m_hcn.beta.error ngc4254_12m_hcn_prev.beta.error
[2026-08-04 09:09:52] [DEBUG] [copy_imaging]: cp -r ngc4254_12m_hcn.image.tt0 ngc4254_12m_hcn_prev.image.tt0
[2026-08-04 09:09:52] [DEBUG] [copy_imaging]: cp -r ngc4254_12m_hcn.image.tt1 ngc4254_12m_hcn_prev.image.tt1
[2026-08-04 09:09:52] [DEBUG] [copy_imaging]: cp -r ngc4254_12m_hcn.image.tt2 ngc4254_12m_hcn_prev.image.tt2
[2026-08-04 09:09:52] [DEBUG] [copy_imaging]: cp -r ngc4254_12m_hcn.model.tt0 ngc4254_12m_hcn_prev.model.tt0
[2026-08-04 09:09:52] [DEBUG] [copy_imaging]: cp -r ngc4254_12m_hcn.model.tt1 ngc4254_12m_hcn_prev.model.tt1
[2026-08-04 09:09:52] [DEBUG] [copy_imaging]: cp -r ngc4254_12m_hcn.model.tt2 ngc4254_12m_hcn_prev.model.tt2
[2026-08-04 09:09:52] [DEBUG] [copy_imaging]: cp -r ngc4254_12m_hcn.residual.tt0 ngc4254_12m_hcn_prev.residual.tt0
[2026-08-04 09:09:52] [DEBUG] [copy_imaging]: cp -r ngc4254_12m_hcn.residual.tt1 ngc4254_12m_hcn_prev.residual.tt1
[2026-08-04 09:09:52] [DEBUG] [copy_imaging]: cp -r ngc4254_12m_hcn.residual.tt2 ngc4254_12m_hcn_prev.residual.tt2
[2026-08-04 09:09:52] [DEBUG] [copy_imaging]: cp -r ngc4254_12m_hcn.mask.tt0 ngc4254_12m_hcn_prev.mask.tt0
[2026-08-04 09:09:52] [DEBUG] [copy_imaging]: cp -r ngc4254_12m_hcn.mask.tt1 ngc4254_12m_hcn_prev.mask.tt1
[2026-08-04 09:09:52] [DEBUG] [copy_imaging]: cp -r ngc4254_12m_hcn.mask.tt2 ngc4254_12m_hcn_prev.mask.tt2
[2026-08-04 09:09:52] [DEBUG] [copy_imaging]: cp -r ngc4254_12m_hcn.pb.tt0 ngc4254_12m_hcn_prev.pb.tt0
[2026-08-04 09:09:52] [DEBUG] [copy_imaging]: cp -r ngc4254_12m_hcn.pb.tt1 ngc4254_12m_hcn_prev.pb.tt1
[2026-08-04 09:09:52] [DEBUG] [copy_imaging]: cp -r ngc4254_12m_hcn.pb.tt2 ngc4254_12m_hcn_prev.pb.tt2
[2026-08-04 09:09:52] [DEBUG] [copy_imaging]: cp -r ngc4254_12m_hcn.psf.tt0 ngc4254_12m_hcn_prev.psf.tt0
[2026-08-04 09:09:52] [DEBUG] [copy_imaging]: cp -r ngc4254_12m_hcn.psf.tt1 ngc4254_12m_hcn_prev.psf.tt1
[2026-08-04 09:09:52] [DEBUG] [copy_imaging]: cp -r ngc4254_12m_hcn.psf.tt2 ngc4254_12m_hcn_prev.psf.tt2
[2026-08-04 09:09:52] [DEBUG] [copy_imaging]: cp -r ngc4254_12m_hcn.weight.tt0 ngc4254_12m_hcn_prev.weight.tt0
[2026-08-04 09:09:52] [DEBUG] [copy_imaging]: cp -r ngc4254_12m_hcn.weight.tt1 ngc4254_12m_hcn_prev.weight.tt1
[2026-08-04 09:09:52] [DEBUG] [copy_imaging]: cp -r ngc4254_12m_hcn.weight.tt2 ngc4254_12m_hcn_prev.weight.tt2
[2026-08-04 09:09:52] [DEBUG] [copy_imaging]: cp -r ngc4254_12m_hcn.sumwt.tt0 ngc4254_12m_hcn_prev.sumwt.tt0
[2026-08-04 09:09:52] [DEBUG] [copy_imaging]: cp -r ngc4254_12m_hcn.sumwt.tt1 ngc4254_12m_hcn_prev.sumwt.tt1
[2026-08-04 09:09:52] [DEBUG] [copy_imaging]: cp -r ngc4254_12m_hcn.sumwt.tt2 ngc4254_12m_hcn_prev.sumwt.tt2
[2026-08-04 09:09:52] [DEBUG] [execute_clean_call]: Running CASA tclean(vis='ngc4254_12m_hcn.ms', selectdata=True, field='', spw='', timerange='', uvrange='', antenna='', scan='', observation='', intent='', datacolumn='corrected', imagename='ngc4254_12m_hcn', imsize=[1024, 1152], cell='0.25arcsec', phasecenter='J2000 12h18m49.6s +14d24m59s', stokes='I', projection='SIN', startmodel='', specmode='cube', reffreq='', nchan=-1, start='', width='', outframe='LSRK', veltype='radio', restfreq='88.63185GHz', interpolation='linear', perchanweightdensity=True, gridder='mosaic', facets=1, psfphasecenter='', chanchunks=1, wprojplanes=1, vptable='', mosweight=True, aterm=True, psterm=False, wbawp=True, conjbeams=False, cfcache='', usepointing=False, computepastep=360.0, rotatepastep=360.0, pointingoffsetsigdev=[], pblimit=0.2, normtype='flatnoise', deconvolver='hogbom', scales=[], nterms=1, smallscalebias=0.9, restoration=True, restoringbeam='common', pbcor=False, outlierfile='', weighting='briggs', robust=0.5, noise='1.0Jy', npixels=0, uvtaper=[], niter=5600, gain=0.1, threshold='0.00032640086952629094Jy/beam', nsigma=0.0, cycleniter=400, cyclefactor=3.0, minpsffraction=0.5, maxpsffraction=0.8, interactive=False, usemask='user', mask='', pbmask=0.0, sidelobethreshold=3.0, noisethreshold=5.0, lownoisethreshold=1.5, negativethreshold=0.0, smoothfactor=1.0, minbeamfrac=0.3, cutthreshold=0.01, growiterations=75, dogrowprune=True, minpercentchange=-1.0, verbose=False, fastnoise=True, restart=True, savemodel='none', calcres=False, calcpsf=False, parallel=False)
[2026-08-04 09:09:52] [WARNING] [execute_clean_call]: Unused key arguments for tclean: ['chanchunks']
[2026-08-04 09:09:52] [WARNING] [execute_clean_call]: Missing key arguments for tclean: ['fusedthreshold', 'largestscale', 'nmajor', 'fullsummary', 'psfcutoff']. Caution that CASA will use some default values depending on the CASA version.
[2026-08-04 10:05:43] [INFO] [clean_loop]: ... proceeding? True
[2026-08-04 10:05:43] [INFO] [clean_loop]: Computing noise cube.
[2026-08-04 10:05:59] [INFO] [clean_loop]: Loop 4, niter 11200, cycleniter 500, cumulative_niter 21700, threshold 0.0003255396539037405Jy/beam.
[2026-08-04 10:05:59] [DEBUG] [wipe_imaging]: wipe_imaging under "/nfs/home/lneumann/reduction/alma_data_reduction/imaging/ngc4254/products/imaging/ngc4254"
[2026-08-04 10:05:59] [DEBUG] [wipe_imaging]: rm -rf ngc4254_12m_hcn_prev.image
[2026-08-04 10:05:59] [DEBUG] [wipe_imaging]: rm -rf ngc4254_12m_hcn_prev.model
[2026-08-04 10:05:59] [DEBUG] [wipe_imaging]: rm -rf ngc4254_12m_hcn_prev.residual
[2026-08-04 10:05:59] [DEBUG] [wipe_imaging]: rm -rf ngc4254_12m_hcn_prev.mask
[2026-08-04 10:05:59] [DEBUG] [wipe_imaging]: rm -rf ngc4254_12m_hcn_prev.pb
[2026-08-04 10:05:59] [DEBUG] [wipe_imaging]: rm -rf ngc4254_12m_hcn_prev.psf
[2026-08-04 10:05:59] [DEBUG] [wipe_imaging]: rm -rf ngc4254_12m_hcn_prev.weight
[2026-08-04 10:05:59] [DEBUG] [wipe_imaging]: rm -rf ngc4254_12m_hcn_prev.sumwt
[2026-08-04 10:05:59] [DEBUG] [wipe_imaging]: rm -rf ngc4254_12m_hcn_prev.alpha
[2026-08-04 10:05:59] [DEBUG] [wipe_imaging]: rm -rf ngc4254_12m_hcn_prev.alpha.error
[2026-08-04 10:05:59] [DEBUG] [wipe_imaging]: rm -rf ngc4254_12m_hcn_prev.beta
[2026-08-04 10:05:59] [DEBUG] [wipe_imaging]: rm -rf ngc4254_12m_hcn_prev.beta.error
[2026-08-04 10:05:59] [DEBUG] [wipe_imaging]: rm -rf ngc4254_12m_hcn_prev.image.tt0
[2026-08-04 10:05:59] [DEBUG] [wipe_imaging]: rm -rf ngc4254_12m_hcn_prev.image.tt1
[2026-08-04 10:05:59] [DEBUG] [wipe_imaging]: rm -rf ngc4254_12m_hcn_prev.image.tt2
[2026-08-04 10:05:59] [DEBUG] [wipe_imaging]: rm -rf ngc4254_12m_hcn_prev.model.tt0
[2026-08-04 10:05:59] [DEBUG] [wipe_imaging]: rm -rf ngc4254_12m_hcn_prev.model.tt1
[2026-08-04 10:05:59] [DEBUG] [wipe_imaging]: rm -rf ngc4254_12m_hcn_prev.model.tt2
[2026-08-04 10:05:59] [DEBUG] [wipe_imaging]: rm -rf ngc4254_12m_hcn_prev.residual.tt0
[2026-08-04 10:05:59] [DEBUG] [wipe_imaging]: rm -rf ngc4254_12m_hcn_prev.residual.tt1
[2026-08-04 10:05:59] [DEBUG] [wipe_imaging]: rm -rf ngc4254_12m_hcn_prev.residual.tt2
[2026-08-04 10:05:59] [DEBUG] [wipe_imaging]: rm -rf ngc4254_12m_hcn_prev.mask.tt0
[2026-08-04 10:05:59] [DEBUG] [wipe_imaging]: rm -rf ngc4254_12m_hcn_prev.mask.tt1
[2026-08-04 10:05:59] [DEBUG] [wipe_imaging]: rm -rf ngc4254_12m_hcn_prev.mask.tt2
[2026-08-04 10:05:59] [DEBUG] [wipe_imaging]: rm -rf ngc4254_12m_hcn_prev.pb.tt0
[2026-08-04 10:05:59] [DEBUG] [wipe_imaging]: rm -rf ngc4254_12m_hcn_prev.pb.tt1
[2026-08-04 10:05:59] [DEBUG] [wipe_imaging]: rm -rf ngc4254_12m_hcn_prev.pb.tt2
[2026-08-04 10:05:59] [DEBUG] [wipe_imaging]: rm -rf ngc4254_12m_hcn_prev.psf.tt0
[2026-08-04 10:05:59] [DEBUG] [wipe_imaging]: rm -rf ngc4254_12m_hcn_prev.psf.tt1
[2026-08-04 10:05:59] [DEBUG] [wipe_imaging]: rm -rf ngc4254_12m_hcn_prev.psf.tt2
[2026-08-04 10:05:59] [DEBUG] [wipe_imaging]: rm -rf ngc4254_12m_hcn_prev.weight.tt0
[2026-08-04 10:05:59] [DEBUG] [wipe_imaging]: rm -rf ngc4254_12m_hcn_prev.weight.tt1
[2026-08-04 10:05:59] [DEBUG] [wipe_imaging]: rm -rf ngc4254_12m_hcn_prev.weight.tt2
[2026-08-04 10:05:59] [DEBUG] [wipe_imaging]: rm -rf ngc4254_12m_hcn_prev.sumwt.tt0
[2026-08-04 10:05:59] [DEBUG] [wipe_imaging]: rm -rf ngc4254_12m_hcn_prev.sumwt.tt1
[2026-08-04 10:05:59] [DEBUG] [wipe_imaging]: rm -rf ngc4254_12m_hcn_prev.sumwt.tt2
[2026-08-04 10:05:59] [DEBUG] [copy_imaging]: Copying imaging from root ngc4254_12m_hcn to root ngc4254_12m_hcn_prev
[2026-08-04 10:05:59] [DEBUG] [copy_imaging]: cp -r ngc4254_12m_hcn.image ngc4254_12m_hcn_prev.image
[2026-08-04 10:06:00] [DEBUG] [copy_imaging]: cp -r ngc4254_12m_hcn.model ngc4254_12m_hcn_prev.model
[2026-08-04 10:06:01] [DEBUG] [copy_imaging]: cp -r ngc4254_12m_hcn.residual ngc4254_12m_hcn_prev.residual
[2026-08-04 10:06:02] [DEBUG] [copy_imaging]: cp -r ngc4254_12m_hcn.mask ngc4254_12m_hcn_prev.mask
[2026-08-04 10:06:02] [DEBUG] [copy_imaging]: cp -r ngc4254_12m_hcn.pb ngc4254_12m_hcn_prev.pb
[2026-08-04 10:06:03] [DEBUG] [copy_imaging]: cp -r ngc4254_12m_hcn.psf ngc4254_12m_hcn_prev.psf
[2026-08-04 10:06:04] [DEBUG] [copy_imaging]: cp -r ngc4254_12m_hcn.weight ngc4254_12m_hcn_prev.weight
[2026-08-04 10:06:04] [DEBUG] [copy_imaging]: cp -r ngc4254_12m_hcn.sumwt ngc4254_12m_hcn_prev.sumwt
[2026-08-04 10:06:04] [DEBUG] [copy_imaging]: cp -r ngc4254_12m_hcn.alpha ngc4254_12m_hcn_prev.alpha
[2026-08-04 10:06:04] [DEBUG] [copy_imaging]: cp -r ngc4254_12m_hcn.alpha.error ngc4254_12m_hcn_prev.alpha.error
[2026-08-04 10:06:04] [DEBUG] [copy_imaging]: cp -r ngc4254_12m_hcn.beta ngc4254_12m_hcn_prev.beta
[2026-08-04 10:06:04] [DEBUG] [copy_imaging]: cp -r ngc4254_12m_hcn.beta.error ngc4254_12m_hcn_prev.beta.error
[2026-08-04 10:06:04] [DEBUG] [copy_imaging]: cp -r ngc4254_12m_hcn.image.tt0 ngc4254_12m_hcn_prev.image.tt0
[2026-08-04 10:06:04] [DEBUG] [copy_imaging]: cp -r ngc4254_12m_hcn.image.tt1 ngc4254_12m_hcn_prev.image.tt1
[2026-08-04 10:06:04] [DEBUG] [copy_imaging]: cp -r ngc4254_12m_hcn.image.tt2 ngc4254_12m_hcn_prev.image.tt2
[2026-08-04 10:06:04] [DEBUG] [copy_imaging]: cp -r ngc4254_12m_hcn.model.tt0 ngc4254_12m_hcn_prev.model.tt0
[2026-08-04 10:06:04] [DEBUG] [copy_imaging]: cp -r ngc4254_12m_hcn.model.tt1 ngc4254_12m_hcn_prev.model.tt1
[2026-08-04 10:06:04] [DEBUG] [copy_imaging]: cp -r ngc4254_12m_hcn.model.tt2 ngc4254_12m_hcn_prev.model.tt2
[2026-08-04 10:06:04] [DEBUG] [copy_imaging]: cp -r ngc4254_12m_hcn.residual.tt0 ngc4254_12m_hcn_prev.residual.tt0
[2026-08-04 10:06:04] [DEBUG] [copy_imaging]: cp -r ngc4254_12m_hcn.residual.tt1 ngc4254_12m_hcn_prev.residual.tt1
[2026-08-04 10:06:04] [DEBUG] [copy_imaging]: cp -r ngc4254_12m_hcn.residual.tt2 ngc4254_12m_hcn_prev.residual.tt2
[2026-08-04 10:06:04] [DEBUG] [copy_imaging]: cp -r ngc4254_12m_hcn.mask.tt0 ngc4254_12m_hcn_prev.mask.tt0
[2026-08-04 10:06:04] [DEBUG] [copy_imaging]: cp -r ngc4254_12m_hcn.mask.tt1 ngc4254_12m_hcn_prev.mask.tt1
[2026-08-04 10:06:04] [DEBUG] [copy_imaging]: cp -r ngc4254_12m_hcn.mask.tt2 ngc4254_12m_hcn_prev.mask.tt2
[2026-08-04 10:06:04] [DEBUG] [copy_imaging]: cp -r ngc4254_12m_hcn.pb.tt0 ngc4254_12m_hcn_prev.pb.tt0
[2026-08-04 10:06:04] [DEBUG] [copy_imaging]: cp -r ngc4254_12m_hcn.pb.tt1 ngc4254_12m_hcn_prev.pb.tt1
[2026-08-04 10:06:04] [DEBUG] [copy_imaging]: cp -r ngc4254_12m_hcn.pb.tt2 ngc4254_12m_hcn_prev.pb.tt2
[2026-08-04 10:06:04] [DEBUG] [copy_imaging]: cp -r ngc4254_12m_hcn.psf.tt0 ngc4254_12m_hcn_prev.psf.tt0
[2026-08-04 10:06:04] [DEBUG] [copy_imaging]: cp -r ngc4254_12m_hcn.psf.tt1 ngc4254_12m_hcn_prev.psf.tt1
[2026-08-04 10:06:04] [DEBUG] [copy_imaging]: cp -r ngc4254_12m_hcn.psf.tt2 ngc4254_12m_hcn_prev.psf.tt2
[2026-08-04 10:06:04] [DEBUG] [copy_imaging]: cp -r ngc4254_12m_hcn.weight.tt0 ngc4254_12m_hcn_prev.weight.tt0
[2026-08-04 10:06:04] [DEBUG] [copy_imaging]: cp -r ngc4254_12m_hcn.weight.tt1 ngc4254_12m_hcn_prev.weight.tt1
[2026-08-04 10:06:04] [DEBUG] [copy_imaging]: cp -r ngc4254_12m_hcn.weight.tt2 ngc4254_12m_hcn_prev.weight.tt2
[2026-08-04 10:06:04] [DEBUG] [copy_imaging]: cp -r ngc4254_12m_hcn.sumwt.tt0 ngc4254_12m_hcn_prev.sumwt.tt0
[2026-08-04 10:06:04] [DEBUG] [copy_imaging]: cp -r ngc4254_12m_hcn.sumwt.tt1 ngc4254_12m_hcn_prev.sumwt.tt1
[2026-08-04 10:06:04] [DEBUG] [copy_imaging]: cp -r ngc4254_12m_hcn.sumwt.tt2 ngc4254_12m_hcn_prev.sumwt.tt2
[2026-08-04 10:06:04] [DEBUG] [execute_clean_call]: Running CASA tclean(vis='ngc4254_12m_hcn.ms', selectdata=True, field='', spw='', timerange='', uvrange='', antenna='', scan='', observation='', intent='', datacolumn='corrected', imagename='ngc4254_12m_hcn', imsize=[1024, 1152], cell='0.25arcsec', phasecenter='J2000 12h18m49.6s +14d24m59s', stokes='I', projection='SIN', startmodel='', specmode='cube', reffreq='', nchan=-1, start='', width='', outframe='LSRK', veltype='radio', restfreq='88.63185GHz', interpolation='linear', perchanweightdensity=True, gridder='mosaic', facets=1, psfphasecenter='', chanchunks=1, wprojplanes=1, vptable='', mosweight=True, aterm=True, psterm=False, wbawp=True, conjbeams=False, cfcache='', usepointing=False, computepastep=360.0, rotatepastep=360.0, pointingoffsetsigdev=[], pblimit=0.2, normtype='flatnoise', deconvolver='hogbom', scales=[], nterms=1, smallscalebias=0.9, restoration=True, restoringbeam='common', pbcor=False, outlierfile='', weighting='briggs', robust=0.5, noise='1.0Jy', npixels=0, uvtaper=[], niter=11200, gain=0.1, threshold='0.0003255396539037405Jy/beam', nsigma=0.0, cycleniter=500, cyclefactor=3.0, minpsffraction=0.5, maxpsffraction=0.8, interactive=False, usemask='user', mask='', pbmask=0.0, sidelobethreshold=3.0, noisethreshold=5.0, lownoisethreshold=1.5, negativethreshold=0.0, smoothfactor=1.0, minbeamfrac=0.3, cutthreshold=0.01, growiterations=75, dogrowprune=True, minpercentchange=-1.0, verbose=False, fastnoise=True, restart=True, savemodel='none', calcres=False, calcpsf=False, parallel=False)
[2026-08-04 10:06:04] [WARNING] [execute_clean_call]: Unused key arguments for tclean: ['chanchunks']
[2026-08-04 10:06:04] [WARNING] [execute_clean_call]: Missing key arguments for tclean: ['fusedthreshold', 'largestscale', 'nmajor', 'fullsummary', 'psfcutoff']. Caution that CASA will use some default values depending on the CASA version.
[2026-08-04 11:01:11] [INFO] [clean_loop]: ... proceeding? True
[2026-08-04 11:01:11] [INFO] [clean_loop]: Computing noise cube.
[2026-08-04 11:01:25] [INFO] [clean_loop]: Loop 5, niter 22400, cycleniter 600, cumulative_niter 44100, threshold 0.0003248994399324241Jy/beam.
[2026-08-04 11:01:25] [DEBUG] [wipe_imaging]: wipe_imaging under "/nfs/home/lneumann/reduction/alma_data_reduction/imaging/ngc4254/products/imaging/ngc4254"
[2026-08-04 11:01:25] [DEBUG] [wipe_imaging]: rm -rf ngc4254_12m_hcn_prev.image
[2026-08-04 11:01:26] [DEBUG] [wipe_imaging]: rm -rf ngc4254_12m_hcn_prev.model
[2026-08-04 11:01:26] [DEBUG] [wipe_imaging]: rm -rf ngc4254_12m_hcn_prev.residual
[2026-08-04 11:01:26] [DEBUG] [wipe_imaging]: rm -rf ngc4254_12m_hcn_prev.mask
[2026-08-04 11:01:26] [DEBUG] [wipe_imaging]: rm -rf ngc4254_12m_hcn_prev.pb
[2026-08-04 11:01:26] [DEBUG] [wipe_imaging]: rm -rf ngc4254_12m_hcn_prev.psf
[2026-08-04 11:01:26] [DEBUG] [wipe_imaging]: rm -rf ngc4254_12m_hcn_prev.weight
[2026-08-04 11:01:26] [DEBUG] [wipe_imaging]: rm -rf ngc4254_12m_hcn_prev.sumwt
[2026-08-04 11:01:26] [DEBUG] [wipe_imaging]: rm -rf ngc4254_12m_hcn_prev.alpha
[2026-08-04 11:01:26] [DEBUG] [wipe_imaging]: rm -rf ngc4254_12m_hcn_prev.alpha.error
[2026-08-04 11:01:26] [DEBUG] [wipe_imaging]: rm -rf ngc4254_12m_hcn_prev.beta
[2026-08-04 11:01:26] [DEBUG] [wipe_imaging]: rm -rf ngc4254_12m_hcn_prev.beta.error
[2026-08-04 11:01:26] [DEBUG] [wipe_imaging]: rm -rf ngc4254_12m_hcn_prev.image.tt0
[2026-08-04 11:01:26] [DEBUG] [wipe_imaging]: rm -rf ngc4254_12m_hcn_prev.image.tt1
[2026-08-04 11:01:26] [DEBUG] [wipe_imaging]: rm -rf ngc4254_12m_hcn_prev.image.tt2
[2026-08-04 11:01:26] [DEBUG] [wipe_imaging]: rm -rf ngc4254_12m_hcn_prev.model.tt0
[2026-08-04 11:01:26] [DEBUG] [wipe_imaging]: rm -rf ngc4254_12m_hcn_prev.model.tt1
[2026-08-04 11:01:26] [DEBUG] [wipe_imaging]: rm -rf ngc4254_12m_hcn_prev.model.tt2
[2026-08-04 11:01:26] [DEBUG] [wipe_imaging]: rm -rf ngc4254_12m_hcn_prev.residual.tt0
[2026-08-04 11:01:26] [DEBUG] [wipe_imaging]: rm -rf ngc4254_12m_hcn_prev.residual.tt1
[2026-08-04 11:01:26] [DEBUG] [wipe_imaging]: rm -rf ngc4254_12m_hcn_prev.residual.tt2
[2026-08-04 11:01:26] [DEBUG] [wipe_imaging]: rm -rf ngc4254_12m_hcn_prev.mask.tt0
[2026-08-04 11:01:26] [DEBUG] [wipe_imaging]: rm -rf ngc4254_12m_hcn_prev.mask.tt1
[2026-08-04 11:01:26] [DEBUG] [wipe_imaging]: rm -rf ngc4254_12m_hcn_prev.mask.tt2
[2026-08-04 11:01:26] [DEBUG] [wipe_imaging]: rm -rf ngc4254_12m_hcn_prev.pb.tt0
[2026-08-04 11:01:26] [DEBUG] [wipe_imaging]: rm -rf ngc4254_12m_hcn_prev.pb.tt1
[2026-08-04 11:01:26] [DEBUG] [wipe_imaging]: rm -rf ngc4254_12m_hcn_prev.pb.tt2
[2026-08-04 11:01:26] [DEBUG] [wipe_imaging]: rm -rf ngc4254_12m_hcn_prev.psf.tt0
[2026-08-04 11:01:26] [DEBUG] [wipe_imaging]: rm -rf ngc4254_12m_hcn_prev.psf.tt1
[2026-08-04 11:01:26] [DEBUG] [wipe_imaging]: rm -rf ngc4254_12m_hcn_prev.psf.tt2
[2026-08-04 11:01:26] [DEBUG] [wipe_imaging]: rm -rf ngc4254_12m_hcn_prev.weight.tt0
[2026-08-04 11:01:26] [DEBUG] [wipe_imaging]: rm -rf ngc4254_12m_hcn_prev.weight.tt1
[2026-08-04 11:01:26] [DEBUG] [wipe_imaging]: rm -rf ngc4254_12m_hcn_prev.weight.tt2
[2026-08-04 11:01:26] [DEBUG] [wipe_imaging]: rm -rf ngc4254_12m_hcn_prev.sumwt.tt0
[2026-08-04 11:01:26] [DEBUG] [wipe_imaging]: rm -rf ngc4254_12m_hcn_prev.sumwt.tt1
[2026-08-04 11:01:26] [DEBUG] [wipe_imaging]: rm -rf ngc4254_12m_hcn_prev.sumwt.tt2
[2026-08-04 11:01:26] [DEBUG] [copy_imaging]: Copying imaging from root ngc4254_12m_hcn to root ngc4254_12m_hcn_prev
[2026-08-04 11:01:26] [DEBUG] [copy_imaging]: cp -r ngc4254_12m_hcn.image ngc4254_12m_hcn_prev.image
[2026-08-04 11:01:28] [DEBUG] [copy_imaging]: cp -r ngc4254_12m_hcn.model ngc4254_12m_hcn_prev.model
[2026-08-04 11:01:29] [DEBUG] [copy_imaging]: cp -r ngc4254_12m_hcn.residual ngc4254_12m_hcn_prev.residual
[2026-08-04 11:01:29] [DEBUG] [copy_imaging]: cp -r ngc4254_12m_hcn.mask ngc4254_12m_hcn_prev.mask
[2026-08-04 11:01:30] [DEBUG] [copy_imaging]: cp -r ngc4254_12m_hcn.pb ngc4254_12m_hcn_prev.pb
[2026-08-04 11:01:30] [DEBUG] [copy_imaging]: cp -r ngc4254_12m_hcn.psf ngc4254_12m_hcn_prev.psf
[2026-08-04 11:01:31] [DEBUG] [copy_imaging]: cp -r ngc4254_12m_hcn.weight ngc4254_12m_hcn_prev.weight
[2026-08-04 11:01:32] [DEBUG] [copy_imaging]: cp -r ngc4254_12m_hcn.sumwt ngc4254_12m_hcn_prev.sumwt
[2026-08-04 11:01:32] [DEBUG] [copy_imaging]: cp -r ngc4254_12m_hcn.alpha ngc4254_12m_hcn_prev.alpha
[2026-08-04 11:01:32] [DEBUG] [copy_imaging]: cp -r ngc4254_12m_hcn.alpha.error ngc4254_12m_hcn_prev.alpha.error
[2026-08-04 11:01:32] [DEBUG] [copy_imaging]: cp -r ngc4254_12m_hcn.beta ngc4254_12m_hcn_prev.beta
[2026-08-04 11:01:32] [DEBUG] [copy_imaging]: cp -r ngc4254_12m_hcn.beta.error ngc4254_12m_hcn_prev.beta.error
[2026-08-04 11:01:32] [DEBUG] [copy_imaging]: cp -r ngc4254_12m_hcn.image.tt0 ngc4254_12m_hcn_prev.image.tt0
[2026-08-04 11:01:32] [DEBUG] [copy_imaging]: cp -r ngc4254_12m_hcn.image.tt1 ngc4254_12m_hcn_prev.image.tt1
[2026-08-04 11:01:32] [DEBUG] [copy_imaging]: cp -r ngc4254_12m_hcn.image.tt2 ngc4254_12m_hcn_prev.image.tt2
[2026-08-04 11:01:32] [DEBUG] [copy_imaging]: cp -r ngc4254_12m_hcn.model.tt0 ngc4254_12m_hcn_prev.model.tt0
[2026-08-04 11:01:32] [DEBUG] [copy_imaging]: cp -r ngc4254_12m_hcn.model.tt1 ngc4254_12m_hcn_prev.model.tt1
[2026-08-04 11:01:32] [DEBUG] [copy_imaging]: cp -r ngc4254_12m_hcn.model.tt2 ngc4254_12m_hcn_prev.model.tt2
[2026-08-04 11:01:32] [DEBUG] [copy_imaging]: cp -r ngc4254_12m_hcn.residual.tt0 ngc4254_12m_hcn_prev.residual.tt0
[2026-08-04 11:01:32] [DEBUG] [copy_imaging]: cp -r ngc4254_12m_hcn.residual.tt1 ngc4254_12m_hcn_prev.residual.tt1
[2026-08-04 11:01:32] [DEBUG] [copy_imaging]: cp -r ngc4254_12m_hcn.residual.tt2 ngc4254_12m_hcn_prev.residual.tt2
[2026-08-04 11:01:32] [DEBUG] [copy_imaging]: cp -r ngc4254_12m_hcn.mask.tt0 ngc4254_12m_hcn_prev.mask.tt0
[2026-08-04 11:01:32] [DEBUG] [copy_imaging]: cp -r ngc4254_12m_hcn.mask.tt1 ngc4254_12m_hcn_prev.mask.tt1
[2026-08-04 11:01:32] [DEBUG] [copy_imaging]: cp -r ngc4254_12m_hcn.mask.tt2 ngc4254_12m_hcn_prev.mask.tt2
[2026-08-04 11:01:32] [DEBUG] [copy_imaging]: cp -r ngc4254_12m_hcn.pb.tt0 ngc4254_12m_hcn_prev.pb.tt0
[2026-08-04 11:01:32] [DEBUG] [copy_imaging]: cp -r ngc4254_12m_hcn.pb.tt1 ngc4254_12m_hcn_prev.pb.tt1
[2026-08-04 11:01:32] [DEBUG] [copy_imaging]: cp -r ngc4254_12m_hcn.pb.tt2 ngc4254_12m_hcn_prev.pb.tt2
[2026-08-04 11:01:32] [DEBUG] [copy_imaging]: cp -r ngc4254_12m_hcn.psf.tt0 ngc4254_12m_hcn_prev.psf.tt0
[2026-08-04 11:01:32] [DEBUG] [copy_imaging]: cp -r ngc4254_12m_hcn.psf.tt1 ngc4254_12m_hcn_prev.psf.tt1
[2026-08-04 11:01:32] [DEBUG] [copy_imaging]: cp -r ngc4254_12m_hcn.psf.tt2 ngc4254_12m_hcn_prev.psf.tt2
[2026-08-04 11:01:32] [DEBUG] [copy_imaging]: cp -r ngc4254_12m_hcn.weight.tt0 ngc4254_12m_hcn_prev.weight.tt0
[2026-08-04 11:01:32] [DEBUG] [copy_imaging]: cp -r ngc4254_12m_hcn.weight.tt1 ngc4254_12m_hcn_prev.weight.tt1
[2026-08-04 11:01:32] [DEBUG] [copy_imaging]: cp -r ngc4254_12m_hcn.weight.tt2 ngc4254_12m_hcn_prev.weight.tt2
[2026-08-04 11:01:32] [DEBUG] [copy_imaging]: cp -r ngc4254_12m_hcn.sumwt.tt0 ngc4254_12m_hcn_prev.sumwt.tt0
[2026-08-04 11:01:32] [DEBUG] [copy_imaging]: cp -r ngc4254_12m_hcn.sumwt.tt1 ngc4254_12m_hcn_prev.sumwt.tt1
[2026-08-04 11:01:32] [DEBUG] [copy_imaging]: cp -r ngc4254_12m_hcn.sumwt.tt2 ngc4254_12m_hcn_prev.sumwt.tt2
[2026-08-04 11:01:32] [DEBUG] [execute_clean_call]: Running CASA tclean(vis='ngc4254_12m_hcn.ms', selectdata=True, field='', spw='', timerange='', uvrange='', antenna='', scan='', observation='', intent='', datacolumn='corrected', imagename='ngc4254_12m_hcn', imsize=[1024, 1152], cell='0.25arcsec', phasecenter='J2000 12h18m49.6s +14d24m59s', stokes='I', projection='SIN', startmodel='', specmode='cube', reffreq='', nchan=-1, start='', width='', outframe='LSRK', veltype='radio', restfreq='88.63185GHz', interpolation='linear', perchanweightdensity=True, gridder='mosaic', facets=1, psfphasecenter='', chanchunks=1, wprojplanes=1, vptable='', mosweight=True, aterm=True, psterm=False, wbawp=True, conjbeams=False, cfcache='', usepointing=False, computepastep=360.0, rotatepastep=360.0, pointingoffsetsigdev=[], pblimit=0.2, normtype='flatnoise', deconvolver='hogbom', scales=[], nterms=1, smallscalebias=0.9, restoration=True, restoringbeam='common', pbcor=False, outlierfile='', weighting='briggs', robust=0.5, noise='1.0Jy', npixels=0, uvtaper=[], niter=22400, gain=0.1, threshold='0.0003248994399324241Jy/beam', nsigma=0.0, cycleniter=600, cyclefactor=3.0, minpsffraction=0.5, maxpsffraction=0.8, interactive=False, usemask='user', mask='', pbmask=0.0, sidelobethreshold=3.0, noisethreshold=5.0, lownoisethreshold=1.5, negativethreshold=0.0, smoothfactor=1.0, minbeamfrac=0.3, cutthreshold=0.01, growiterations=75, dogrowprune=True, minpercentchange=-1.0, verbose=False, fastnoise=True, restart=True, savemodel='none', calcres=False, calcpsf=False, parallel=False)
[2026-08-04 11:01:32] [WARNING] [execute_clean_call]: Unused key arguments for tclean: ['chanchunks']
[2026-08-04 11:01:32] [WARNING] [execute_clean_call]: Missing key arguments for tclean: ['fusedthreshold', 'largestscale', 'nmajor', 'fullsummary', 'psfcutoff']. Caution that CASA will use some default values depending on the CASA version.
[2026-08-04 12:37:12] [INFO] [clean_loop]: ... proceeding? True
[2026-08-04 12:37:12] [INFO] [clean_loop]: Computing noise cube.
[2026-08-04 12:37:28] [INFO] [clean_loop]: Loop 6, niter 44800, cycleniter 700, cumulative_niter 88900, threshold 0.00032431049881677957Jy/beam.
[2026-08-04 12:37:28] [DEBUG] [wipe_imaging]: wipe_imaging under "/nfs/home/lneumann/reduction/alma_data_reduction/imaging/ngc4254/products/imaging/ngc4254"
[2026-08-04 12:37:28] [DEBUG] [wipe_imaging]: rm -rf ngc4254_12m_hcn_prev.image
[2026-08-04 12:37:28] [DEBUG] [wipe_imaging]: rm -rf ngc4254_12m_hcn_prev.model
[2026-08-04 12:37:28] [DEBUG] [wipe_imaging]: rm -rf ngc4254_12m_hcn_prev.residual
[2026-08-04 12:37:28] [DEBUG] [wipe_imaging]: rm -rf ngc4254_12m_hcn_prev.mask
[2026-08-04 12:37:28] [DEBUG] [wipe_imaging]: rm -rf ngc4254_12m_hcn_prev.pb
[2026-08-04 12:37:28] [DEBUG] [wipe_imaging]: rm -rf ngc4254_12m_hcn_prev.psf
[2026-08-04 12:37:29] [DEBUG] [wipe_imaging]: rm -rf ngc4254_12m_hcn_prev.weight
[2026-08-04 12:37:29] [DEBUG] [wipe_imaging]: rm -rf ngc4254_12m_hcn_prev.sumwt
[2026-08-04 12:37:29] [DEBUG] [wipe_imaging]: rm -rf ngc4254_12m_hcn_prev.alpha
[2026-08-04 12:37:29] [DEBUG] [wipe_imaging]: rm -rf ngc4254_12m_hcn_prev.alpha.error
[2026-08-04 12:37:29] [DEBUG] [wipe_imaging]: rm -rf ngc4254_12m_hcn_prev.beta
[2026-08-04 12:37:29] [DEBUG] [wipe_imaging]: rm -rf ngc4254_12m_hcn_prev.beta.error
[2026-08-04 12:37:29] [DEBUG] [wipe_imaging]: rm -rf ngc4254_12m_hcn_prev.image.tt0
[2026-08-04 12:37:29] [DEBUG] [wipe_imaging]: rm -rf ngc4254_12m_hcn_prev.image.tt1
[2026-08-04 12:37:29] [DEBUG] [wipe_imaging]: rm -rf ngc4254_12m_hcn_prev.image.tt2
[2026-08-04 12:37:29] [DEBUG] [wipe_imaging]: rm -rf ngc4254_12m_hcn_prev.model.tt0
[2026-08-04 12:37:29] [DEBUG] [wipe_imaging]: rm -rf ngc4254_12m_hcn_prev.model.tt1
[2026-08-04 12:37:29] [DEBUG] [wipe_imaging]: rm -rf ngc4254_12m_hcn_prev.model.tt2
[2026-08-04 12:37:29] [DEBUG] [wipe_imaging]: rm -rf ngc4254_12m_hcn_prev.residual.tt0
[2026-08-04 12:37:29] [DEBUG] [wipe_imaging]: rm -rf ngc4254_12m_hcn_prev.residual.tt1
[2026-08-04 12:37:29] [DEBUG] [wipe_imaging]: rm -rf ngc4254_12m_hcn_prev.residual.tt2
[2026-08-04 12:37:29] [DEBUG] [wipe_imaging]: rm -rf ngc4254_12m_hcn_prev.mask.tt0
[2026-08-04 12:37:29] [DEBUG] [wipe_imaging]: rm -rf ngc4254_12m_hcn_prev.mask.tt1
[2026-08-04 12:37:29] [DEBUG] [wipe_imaging]: rm -rf ngc4254_12m_hcn_prev.mask.tt2
[2026-08-04 12:37:29] [DEBUG] [wipe_imaging]: rm -rf ngc4254_12m_hcn_prev.pb.tt0
[2026-08-04 12:37:29] [DEBUG] [wipe_imaging]: rm -rf ngc4254_12m_hcn_prev.pb.tt1
[2026-08-04 12:37:29] [DEBUG] [wipe_imaging]: rm -rf ngc4254_12m_hcn_prev.pb.tt2
[2026-08-04 12:37:29] [DEBUG] [wipe_imaging]: rm -rf ngc4254_12m_hcn_prev.psf.tt0
[2026-08-04 12:37:29] [DEBUG] [wipe_imaging]: rm -rf ngc4254_12m_hcn_prev.psf.tt1
[2026-08-04 12:37:29] [DEBUG] [wipe_imaging]: rm -rf ngc4254_12m_hcn_prev.psf.tt2
[2026-08-04 12:37:29] [DEBUG] [wipe_imaging]: rm -rf ngc4254_12m_hcn_prev.weight.tt0
[2026-08-04 12:37:29] [DEBUG] [wipe_imaging]: rm -rf ngc4254_12m_hcn_prev.weight.tt1
[2026-08-04 12:37:29] [DEBUG] [wipe_imaging]: rm -rf ngc4254_12m_hcn_prev.weight.tt2
[2026-08-04 12:37:29] [DEBUG] [wipe_imaging]: rm -rf ngc4254_12m_hcn_prev.sumwt.tt0
[2026-08-04 12:37:29] [DEBUG] [wipe_imaging]: rm -rf ngc4254_12m_hcn_prev.sumwt.tt1
[2026-08-04 12:37:29] [DEBUG] [wipe_imaging]: rm -rf ngc4254_12m_hcn_prev.sumwt.tt2
[2026-08-04 12:37:29] [DEBUG] [copy_imaging]: Copying imaging from root ngc4254_12m_hcn to root ngc4254_12m_hcn_prev
[2026-08-04 12:37:29] [DEBUG] [copy_imaging]: cp -r ngc4254_12m_hcn.image ngc4254_12m_hcn_prev.image
[2026-08-04 12:37:30] [DEBUG] [copy_imaging]: cp -r ngc4254_12m_hcn.model ngc4254_12m_hcn_prev.model
[2026-08-04 12:37:31] [DEBUG] [copy_imaging]: cp -r ngc4254_12m_hcn.residual ngc4254_12m_hcn_prev.residual
[2026-08-04 12:37:31] [DEBUG] [copy_imaging]: cp -r ngc4254_12m_hcn.mask ngc4254_12m_hcn_prev.mask
[2026-08-04 12:37:32] [DEBUG] [copy_imaging]: cp -r ngc4254_12m_hcn.pb ngc4254_12m_hcn_prev.pb
[2026-08-04 12:37:32] [DEBUG] [copy_imaging]: cp -r ngc4254_12m_hcn.psf ngc4254_12m_hcn_prev.psf
[2026-08-04 12:37:33] [DEBUG] [copy_imaging]: cp -r ngc4254_12m_hcn.weight ngc4254_12m_hcn_prev.weight
[2026-08-04 12:37:34] [DEBUG] [copy_imaging]: cp -r ngc4254_12m_hcn.sumwt ngc4254_12m_hcn_prev.sumwt
[2026-08-04 12:37:34] [DEBUG] [copy_imaging]: cp -r ngc4254_12m_hcn.alpha ngc4254_12m_hcn_prev.alpha
[2026-08-04 12:37:34] [DEBUG] [copy_imaging]: cp -r ngc4254_12m_hcn.alpha.error ngc4254_12m_hcn_prev.alpha.error
[2026-08-04 12:37:34] [DEBUG] [copy_imaging]: cp -r ngc4254_12m_hcn.beta ngc4254_12m_hcn_prev.beta
[2026-08-04 12:37:34] [DEBUG] [copy_imaging]: cp -r ngc4254_12m_hcn.beta.error ngc4254_12m_hcn_prev.beta.error
[2026-08-04 12:37:34] [DEBUG] [copy_imaging]: cp -r ngc4254_12m_hcn.image.tt0 ngc4254_12m_hcn_prev.image.tt0
[2026-08-04 12:37:34] [DEBUG] [copy_imaging]: cp -r ngc4254_12m_hcn.image.tt1 ngc4254_12m_hcn_prev.image.tt1
[2026-08-04 12:37:34] [DEBUG] [copy_imaging]: cp -r ngc4254_12m_hcn.image.tt2 ngc4254_12m_hcn_prev.image.tt2
[2026-08-04 12:37:34] [DEBUG] [copy_imaging]: cp -r ngc4254_12m_hcn.model.tt0 ngc4254_12m_hcn_prev.model.tt0
[2026-08-04 12:37:34] [DEBUG] [copy_imaging]: cp -r ngc4254_12m_hcn.model.tt1 ngc4254_12m_hcn_prev.model.tt1
[2026-08-04 12:37:34] [DEBUG] [copy_imaging]: cp -r ngc4254_12m_hcn.model.tt2 ngc4254_12m_hcn_prev.model.tt2
[2026-08-04 12:37:34] [DEBUG] [copy_imaging]: cp -r ngc4254_12m_hcn.residual.tt0 ngc4254_12m_hcn_prev.residual.tt0
[2026-08-04 12:37:34] [DEBUG] [copy_imaging]: cp -r ngc4254_12m_hcn.residual.tt1 ngc4254_12m_hcn_prev.residual.tt1
[2026-08-04 12:37:34] [DEBUG] [copy_imaging]: cp -r ngc4254_12m_hcn.residual.tt2 ngc4254_12m_hcn_prev.residual.tt2
[2026-08-04 12:37:34] [DEBUG] [copy_imaging]: cp -r ngc4254_12m_hcn.mask.tt0 ngc4254_12m_hcn_prev.mask.tt0
[2026-08-04 12:37:34] [DEBUG] [copy_imaging]: cp -r ngc4254_12m_hcn.mask.tt1 ngc4254_12m_hcn_prev.mask.tt1
[2026-08-04 12:37:34] [DEBUG] [copy_imaging]: cp -r ngc4254_12m_hcn.mask.tt2 ngc4254_12m_hcn_prev.mask.tt2
[2026-08-04 12:37:34] [DEBUG] [copy_imaging]: cp -r ngc4254_12m_hcn.pb.tt0 ngc4254_12m_hcn_prev.pb.tt0
[2026-08-04 12:37:34] [DEBUG] [copy_imaging]: cp -r ngc4254_12m_hcn.pb.tt1 ngc4254_12m_hcn_prev.pb.tt1
[2026-08-04 12:37:34] [DEBUG] [copy_imaging]: cp -r ngc4254_12m_hcn.pb.tt2 ngc4254_12m_hcn_prev.pb.tt2
[2026-08-04 12:37:34] [DEBUG] [copy_imaging]: cp -r ngc4254_12m_hcn.psf.tt0 ngc4254_12m_hcn_prev.psf.tt0
[2026-08-04 12:37:34] [DEBUG] [copy_imaging]: cp -r ngc4254_12m_hcn.psf.tt1 ngc4254_12m_hcn_prev.psf.tt1
[2026-08-04 12:37:34] [DEBUG] [copy_imaging]: cp -r ngc4254_12m_hcn.psf.tt2 ngc4254_12m_hcn_prev.psf.tt2
[2026-08-04 12:37:34] [DEBUG] [copy_imaging]: cp -r ngc4254_12m_hcn.weight.tt0 ngc4254_12m_hcn_prev.weight.tt0
[2026-08-04 12:37:34] [DEBUG] [copy_imaging]: cp -r ngc4254_12m_hcn.weight.tt1 ngc4254_12m_hcn_prev.weight.tt1
[2026-08-04 12:37:34] [DEBUG] [copy_imaging]: cp -r ngc4254_12m_hcn.weight.tt2 ngc4254_12m_hcn_prev.weight.tt2
[2026-08-04 12:37:34] [DEBUG] [copy_imaging]: cp -r ngc4254_12m_hcn.sumwt.tt0 ngc4254_12m_hcn_prev.sumwt.tt0
[2026-08-04 12:37:34] [DEBUG] [copy_imaging]: cp -r ngc4254_12m_hcn.sumwt.tt1 ngc4254_12m_hcn_prev.sumwt.tt1
[2026-08-04 12:37:34] [DEBUG] [copy_imaging]: cp -r ngc4254_12m_hcn.sumwt.tt2 ngc4254_12m_hcn_prev.sumwt.tt2
[2026-08-04 12:37:34] [DEBUG] [execute_clean_call]: Running CASA tclean(vis='ngc4254_12m_hcn.ms', selectdata=True, field='', spw='', timerange='', uvrange='', antenna='', scan='', observation='', intent='', datacolumn='corrected', imagename='ngc4254_12m_hcn', imsize=[1024, 1152], cell='0.25arcsec', phasecenter='J2000 12h18m49.6s +14d24m59s', stokes='I', projection='SIN', startmodel='', specmode='cube', reffreq='', nchan=-1, start='', width='', outframe='LSRK', veltype='radio', restfreq='88.63185GHz', interpolation='linear', perchanweightdensity=True, gridder='mosaic', facets=1, psfphasecenter='', chanchunks=1, wprojplanes=1, vptable='', mosweight=True, aterm=True, psterm=False, wbawp=True, conjbeams=False, cfcache='', usepointing=False, computepastep=360.0, rotatepastep=360.0, pointingoffsetsigdev=[], pblimit=0.2, normtype='flatnoise', deconvolver='hogbom', scales=[], nterms=1, smallscalebias=0.9, restoration=True, restoringbeam='common', pbcor=False, outlierfile='', weighting='briggs', robust=0.5, noise='1.0Jy', npixels=0, uvtaper=[], niter=44800, gain=0.1, threshold='0.00032431049881677957Jy/beam', nsigma=0.0, cycleniter=700, cyclefactor=3.0, minpsffraction=0.5, maxpsffraction=0.8, interactive=False, usemask='user', mask='', pbmask=0.0, sidelobethreshold=3.0, noisethreshold=5.0, lownoisethreshold=1.5, negativethreshold=0.0, smoothfactor=1.0, minbeamfrac=0.3, cutthreshold=0.01, growiterations=75, dogrowprune=True, minpercentchange=-1.0, verbose=False, fastnoise=True, restart=True, savemodel='none', calcres=False, calcpsf=False, parallel=False)
[2026-08-04 12:37:34] [WARNING] [execute_clean_call]: Unused key arguments for tclean: ['chanchunks']
[2026-08-04 12:37:34] [WARNING] [execute_clean_call]: Missing key arguments for tclean: ['fusedthreshold', 'largestscale', 'nmajor', 'fullsummary', 'psfcutoff']. Caution that CASA will use some default values depending on the CASA version.
[2026-08-04 14:14:14] [INFO] [clean_loop]: ... proceeding? True
[2026-08-04 14:14:14] [INFO] [clean_loop]: Computing noise cube.
[2026-08-04 14:14:28] [INFO] [clean_loop]: Loop 7, niter 70000, cycleniter 800, cumulative_niter 158900, threshold 0.00032416676720185866Jy/beam.
[2026-08-04 14:14:28] [DEBUG] [wipe_imaging]: wipe_imaging under "/nfs/home/lneumann/reduction/alma_data_reduction/imaging/ngc4254/products/imaging/ngc4254"
[2026-08-04 14:14:28] [DEBUG] [wipe_imaging]: rm -rf ngc4254_12m_hcn_prev.image
[2026-08-04 14:14:28] [DEBUG] [wipe_imaging]: rm -rf ngc4254_12m_hcn_prev.model
[2026-08-04 14:14:28] [DEBUG] [wipe_imaging]: rm -rf ngc4254_12m_hcn_prev.residual
[2026-08-04 14:14:28] [DEBUG] [wipe_imaging]: rm -rf ngc4254_12m_hcn_prev.mask
[2026-08-04 14:14:28] [DEBUG] [wipe_imaging]: rm -rf ngc4254_12m_hcn_prev.pb
[2026-08-04 14:14:28] [DEBUG] [wipe_imaging]: rm -rf ngc4254_12m_hcn_prev.psf
[2026-08-04 14:14:28] [DEBUG] [wipe_imaging]: rm -rf ngc4254_12m_hcn_prev.weight
[2026-08-04 14:14:28] [DEBUG] [wipe_imaging]: rm -rf ngc4254_12m_hcn_prev.sumwt
[2026-08-04 14:14:28] [DEBUG] [wipe_imaging]: rm -rf ngc4254_12m_hcn_prev.alpha
[2026-08-04 14:14:28] [DEBUG] [wipe_imaging]: rm -rf ngc4254_12m_hcn_prev.alpha.error
[2026-08-04 14:14:28] [DEBUG] [wipe_imaging]: rm -rf ngc4254_12m_hcn_prev.beta
[2026-08-04 14:14:28] [DEBUG] [wipe_imaging]: rm -rf ngc4254_12m_hcn_prev.beta.error
[2026-08-04 14:14:29] [DEBUG] [wipe_imaging]: rm -rf ngc4254_12m_hcn_prev.image.tt0
[2026-08-04 14:14:29] [DEBUG] [wipe_imaging]: rm -rf ngc4254_12m_hcn_prev.image.tt1
[2026-08-04 14:14:29] [DEBUG] [wipe_imaging]: rm -rf ngc4254_12m_hcn_prev.image.tt2
[2026-08-04 14:14:29] [DEBUG] [wipe_imaging]: rm -rf ngc4254_12m_hcn_prev.model.tt0
[2026-08-04 14:14:29] [DEBUG] [wipe_imaging]: rm -rf ngc4254_12m_hcn_prev.model.tt1
[2026-08-04 14:14:29] [DEBUG] [wipe_imaging]: rm -rf ngc4254_12m_hcn_prev.model.tt2
[2026-08-04 14:14:29] [DEBUG] [wipe_imaging]: rm -rf ngc4254_12m_hcn_prev.residual.tt0
[2026-08-04 14:14:29] [DEBUG] [wipe_imaging]: rm -rf ngc4254_12m_hcn_prev.residual.tt1
[2026-08-04 14:14:29] [DEBUG] [wipe_imaging]: rm -rf ngc4254_12m_hcn_prev.residual.tt2
[2026-08-04 14:14:29] [DEBUG] [wipe_imaging]: rm -rf ngc4254_12m_hcn_prev.mask.tt0
[2026-08-04 14:14:29] [DEBUG] [wipe_imaging]: rm -rf ngc4254_12m_hcn_prev.mask.tt1
[2026-08-04 14:14:29] [DEBUG] [wipe_imaging]: rm -rf ngc4254_12m_hcn_prev.mask.tt2
[2026-08-04 14:14:29] [DEBUG] [wipe_imaging]: rm -rf ngc4254_12m_hcn_prev.pb.tt0
[2026-08-04 14:14:29] [DEBUG] [wipe_imaging]: rm -rf ngc4254_12m_hcn_prev.pb.tt1
[2026-08-04 14:14:29] [DEBUG] [wipe_imaging]: rm -rf ngc4254_12m_hcn_prev.pb.tt2
[2026-08-04 14:14:29] [DEBUG] [wipe_imaging]: rm -rf ngc4254_12m_hcn_prev.psf.tt0
[2026-08-04 14:14:29] [DEBUG] [wipe_imaging]: rm -rf ngc4254_12m_hcn_prev.psf.tt1
[2026-08-04 14:14:29] [DEBUG] [wipe_imaging]: rm -rf ngc4254_12m_hcn_prev.psf.tt2
[2026-08-04 14:14:29] [DEBUG] [wipe_imaging]: rm -rf ngc4254_12m_hcn_prev.weight.tt0
[2026-08-04 14:14:29] [DEBUG] [wipe_imaging]: rm -rf ngc4254_12m_hcn_prev.weight.tt1
[2026-08-04 14:14:29] [DEBUG] [wipe_imaging]: rm -rf ngc4254_12m_hcn_prev.weight.tt2
[2026-08-04 14:14:29] [DEBUG] [wipe_imaging]: rm -rf ngc4254_12m_hcn_prev.sumwt.tt0
[2026-08-04 14:14:29] [DEBUG] [wipe_imaging]: rm -rf ngc4254_12m_hcn_prev.sumwt.tt1
[2026-08-04 14:14:29] [DEBUG] [wipe_imaging]: rm -rf ngc4254_12m_hcn_prev.sumwt.tt2
[2026-08-04 14:14:29] [DEBUG] [copy_imaging]: Copying imaging from root ngc4254_12m_hcn to root ngc4254_12m_hcn_prev
[2026-08-04 14:14:29] [DEBUG] [copy_imaging]: cp -r ngc4254_12m_hcn.image ngc4254_12m_hcn_prev.image
[2026-08-04 14:14:30] [DEBUG] [copy_imaging]: cp -r ngc4254_12m_hcn.model ngc4254_12m_hcn_prev.model
[2026-08-04 14:14:31] [DEBUG] [copy_imaging]: cp -r ngc4254_12m_hcn.residual ngc4254_12m_hcn_prev.residual
[2026-08-04 14:14:31] [DEBUG] [copy_imaging]: cp -r ngc4254_12m_hcn.mask ngc4254_12m_hcn_prev.mask
[2026-08-04 14:14:32] [DEBUG] [copy_imaging]: cp -r ngc4254_12m_hcn.pb ngc4254_12m_hcn_prev.pb
[2026-08-04 14:14:32] [DEBUG] [copy_imaging]: cp -r ngc4254_12m_hcn.psf ngc4254_12m_hcn_prev.psf
[2026-08-04 14:14:33] [DEBUG] [copy_imaging]: cp -r ngc4254_12m_hcn.weight ngc4254_12m_hcn_prev.weight
[2026-08-04 14:14:33] [DEBUG] [copy_imaging]: cp -r ngc4254_12m_hcn.sumwt ngc4254_12m_hcn_prev.sumwt
[2026-08-04 14:14:33] [DEBUG] [copy_imaging]: cp -r ngc4254_12m_hcn.alpha ngc4254_12m_hcn_prev.alpha
[2026-08-04 14:14:33] [DEBUG] [copy_imaging]: cp -r ngc4254_12m_hcn.alpha.error ngc4254_12m_hcn_prev.alpha.error
[2026-08-04 14:14:33] [DEBUG] [copy_imaging]: cp -r ngc4254_12m_hcn.beta ngc4254_12m_hcn_prev.beta
[2026-08-04 14:14:33] [DEBUG] [copy_imaging]: cp -r ngc4254_12m_hcn.beta.error ngc4254_12m_hcn_prev.beta.error
[2026-08-04 14:14:33] [DEBUG] [copy_imaging]: cp -r ngc4254_12m_hcn.image.tt0 ngc4254_12m_hcn_prev.image.tt0
[2026-08-04 14:14:33] [DEBUG] [copy_imaging]: cp -r ngc4254_12m_hcn.image.tt1 ngc4254_12m_hcn_prev.image.tt1
[2026-08-04 14:14:34] [DEBUG] [copy_imaging]: cp -r ngc4254_12m_hcn.image.tt2 ngc4254_12m_hcn_prev.image.tt2
[2026-08-04 14:14:34] [DEBUG] [copy_imaging]: cp -r ngc4254_12m_hcn.model.tt0 ngc4254_12m_hcn_prev.model.tt0
[2026-08-04 14:14:34] [DEBUG] [copy_imaging]: cp -r ngc4254_12m_hcn.model.tt1 ngc4254_12m_hcn_prev.model.tt1
[2026-08-04 14:14:34] [DEBUG] [copy_imaging]: cp -r ngc4254_12m_hcn.model.tt2 ngc4254_12m_hcn_prev.model.tt2
[2026-08-04 14:14:34] [DEBUG] [copy_imaging]: cp -r ngc4254_12m_hcn.residual.tt0 ngc4254_12m_hcn_prev.residual.tt0
[2026-08-04 14:14:34] [DEBUG] [copy_imaging]: cp -r ngc4254_12m_hcn.residual.tt1 ngc4254_12m_hcn_prev.residual.tt1
[2026-08-04 14:14:34] [DEBUG] [copy_imaging]: cp -r ngc4254_12m_hcn.residual.tt2 ngc4254_12m_hcn_prev.residual.tt2
[2026-08-04 14:14:34] [DEBUG] [copy_imaging]: cp -r ngc4254_12m_hcn.mask.tt0 ngc4254_12m_hcn_prev.mask.tt0
[2026-08-04 14:14:34] [DEBUG] [copy_imaging]: cp -r ngc4254_12m_hcn.mask.tt1 ngc4254_12m_hcn_prev.mask.tt1
[2026-08-04 14:14:34] [DEBUG] [copy_imaging]: cp -r ngc4254_12m_hcn.mask.tt2 ngc4254_12m_hcn_prev.mask.tt2
[2026-08-04 14:14:34] [DEBUG] [copy_imaging]: cp -r ngc4254_12m_hcn.pb.tt0 ngc4254_12m_hcn_prev.pb.tt0
[2026-08-04 14:14:34] [DEBUG] [copy_imaging]: cp -r ngc4254_12m_hcn.pb.tt1 ngc4254_12m_hcn_prev.pb.tt1
[2026-08-04 14:14:34] [DEBUG] [copy_imaging]: cp -r ngc4254_12m_hcn.pb.tt2 ngc4254_12m_hcn_prev.pb.tt2
[2026-08-04 14:14:34] [DEBUG] [copy_imaging]: cp -r ngc4254_12m_hcn.psf.tt0 ngc4254_12m_hcn_prev.psf.tt0
[2026-08-04 14:14:34] [DEBUG] [copy_imaging]: cp -r ngc4254_12m_hcn.psf.tt1 ngc4254_12m_hcn_prev.psf.tt1
[2026-08-04 14:14:34] [DEBUG] [copy_imaging]: cp -r ngc4254_12m_hcn.psf.tt2 ngc4254_12m_hcn_prev.psf.tt2
[2026-08-04 14:14:34] [DEBUG] [copy_imaging]: cp -r ngc4254_12m_hcn.weight.tt0 ngc4254_12m_hcn_prev.weight.tt0
[2026-08-04 14:14:34] [DEBUG] [copy_imaging]: cp -r ngc4254_12m_hcn.weight.tt1 ngc4254_12m_hcn_prev.weight.tt1
[2026-08-04 14:14:34] [DEBUG] [copy_imaging]: cp -r ngc4254_12m_hcn.weight.tt2 ngc4254_12m_hcn_prev.weight.tt2
[2026-08-04 14:14:34] [DEBUG] [copy_imaging]: cp -r ngc4254_12m_hcn.sumwt.tt0 ngc4254_12m_hcn_prev.sumwt.tt0
[2026-08-04 14:14:34] [DEBUG] [copy_imaging]: cp -r ngc4254_12m_hcn.sumwt.tt1 ngc4254_12m_hcn_prev.sumwt.tt1
[2026-08-04 14:14:34] [DEBUG] [copy_imaging]: cp -r ngc4254_12m_hcn.sumwt.tt2 ngc4254_12m_hcn_prev.sumwt.tt2
[2026-08-04 14:14:34] [DEBUG] [execute_clean_call]: Running CASA tclean(vis='ngc4254_12m_hcn.ms', selectdata=True, field='', spw='', timerange='', uvrange='', antenna='', scan='', observation='', intent='', datacolumn='corrected', imagename='ngc4254_12m_hcn', imsize=[1024, 1152], cell='0.25arcsec', phasecenter='J2000 12h18m49.6s +14d24m59s', stokes='I', projection='SIN', startmodel='', specmode='cube', reffreq='', nchan=-1, start='', width='', outframe='LSRK', veltype='radio', restfreq='88.63185GHz', interpolation='linear', perchanweightdensity=True, gridder='mosaic', facets=1, psfphasecenter='', chanchunks=1, wprojplanes=1, vptable='', mosweight=True, aterm=True, psterm=False, wbawp=True, conjbeams=False, cfcache='', usepointing=False, computepastep=360.0, rotatepastep=360.0, pointingoffsetsigdev=[], pblimit=0.2, normtype='flatnoise', deconvolver='hogbom', scales=[], nterms=1, smallscalebias=0.9, restoration=True, restoringbeam='common', pbcor=False, outlierfile='', weighting='briggs', robust=0.5, noise='1.0Jy', npixels=0, uvtaper=[], niter=70000, gain=0.1, threshold='0.00032416676720185866Jy/beam', nsigma=0.0, cycleniter=800, cyclefactor=3.0, minpsffraction=0.5, maxpsffraction=0.8, interactive=False, usemask='user', mask='', pbmask=0.0, sidelobethreshold=3.0, noisethreshold=5.0, lownoisethreshold=1.5, negativethreshold=0.0, smoothfactor=1.0, minbeamfrac=0.3, cutthreshold=0.01, growiterations=75, dogrowprune=True, minpercentchange=-1.0, verbose=False, fastnoise=True, restart=True, savemodel='none', calcres=False, calcpsf=False, parallel=False)
[2026-08-04 14:14:34] [WARNING] [execute_clean_call]: Unused key arguments for tclean: ['chanchunks']
[2026-08-04 14:14:34] [WARNING] [execute_clean_call]: Missing key arguments for tclean: ['fusedthreshold', 'largestscale', 'nmajor', 'fullsummary', 'psfcutoff']. Caution that CASA will use some default values depending on the CASA version.
[2026-08-04 14:15:09] [INFO] [clean_loop]: ... proceeding? False
[2026-08-04 14:15:09] [DEBUG] [wipe_imaging]: wipe_imaging under "/nfs/home/lneumann/reduction/alma_data_reduction/imaging/ngc4254/products/imaging/ngc4254"
[2026-08-04 14:15:09] [DEBUG] [wipe_imaging]: rm -rf ngc4254_12m_hcn_singlescale.image
[2026-08-04 14:15:09] [DEBUG] [wipe_imaging]: rm -rf ngc4254_12m_hcn_singlescale.model
[2026-08-04 14:15:09] [DEBUG] [wipe_imaging]: rm -rf ngc4254_12m_hcn_singlescale.residual
[2026-08-04 14:15:09] [DEBUG] [wipe_imaging]: rm -rf ngc4254_12m_hcn_singlescale.mask
[2026-08-04 14:15:09] [DEBUG] [wipe_imaging]: rm -rf ngc4254_12m_hcn_singlescale.pb
[2026-08-04 14:15:09] [DEBUG] [wipe_imaging]: rm -rf ngc4254_12m_hcn_singlescale.psf
[2026-08-04 14:15:09] [DEBUG] [wipe_imaging]: rm -rf ngc4254_12m_hcn_singlescale.weight
[2026-08-04 14:15:09] [DEBUG] [wipe_imaging]: rm -rf ngc4254_12m_hcn_singlescale.sumwt
[2026-08-04 14:15:09] [DEBUG] [wipe_imaging]: rm -rf ngc4254_12m_hcn_singlescale.alpha
[2026-08-04 14:15:09] [DEBUG] [wipe_imaging]: rm -rf ngc4254_12m_hcn_singlescale.alpha.error
[2026-08-04 14:15:09] [DEBUG] [wipe_imaging]: rm -rf ngc4254_12m_hcn_singlescale.beta
[2026-08-04 14:15:09] [DEBUG] [wipe_imaging]: rm -rf ngc4254_12m_hcn_singlescale.beta.error
[2026-08-04 14:15:09] [DEBUG] [wipe_imaging]: rm -rf ngc4254_12m_hcn_singlescale.image.tt0
[2026-08-04 14:15:09] [DEBUG] [wipe_imaging]: rm -rf ngc4254_12m_hcn_singlescale.image.tt1
[2026-08-04 14:15:09] [DEBUG] [wipe_imaging]: rm -rf ngc4254_12m_hcn_singlescale.image.tt2
[2026-08-04 14:15:09] [DEBUG] [wipe_imaging]: rm -rf ngc4254_12m_hcn_singlescale.model.tt0
[2026-08-04 14:15:09] [DEBUG] [wipe_imaging]: rm -rf ngc4254_12m_hcn_singlescale.model.tt1
[2026-08-04 14:15:09] [DEBUG] [wipe_imaging]: rm -rf ngc4254_12m_hcn_singlescale.model.tt2
[2026-08-04 14:15:09] [DEBUG] [wipe_imaging]: rm -rf ngc4254_12m_hcn_singlescale.residual.tt0
[2026-08-04 14:15:09] [DEBUG] [wipe_imaging]: rm -rf ngc4254_12m_hcn_singlescale.residual.tt1
[2026-08-04 14:15:09] [DEBUG] [wipe_imaging]: rm -rf ngc4254_12m_hcn_singlescale.residual.tt2
[2026-08-04 14:15:09] [DEBUG] [wipe_imaging]: rm -rf ngc4254_12m_hcn_singlescale.mask.tt0
[2026-08-04 14:15:09] [DEBUG] [wipe_imaging]: rm -rf ngc4254_12m_hcn_singlescale.mask.tt1
[2026-08-04 14:15:09] [DEBUG] [wipe_imaging]: rm -rf ngc4254_12m_hcn_singlescale.mask.tt2
[2026-08-04 14:15:09] [DEBUG] [wipe_imaging]: rm -rf ngc4254_12m_hcn_singlescale.pb.tt0
[2026-08-04 14:15:09] [DEBUG] [wipe_imaging]: rm -rf ngc4254_12m_hcn_singlescale.pb.tt1
[2026-08-04 14:15:09] [DEBUG] [wipe_imaging]: rm -rf ngc4254_12m_hcn_singlescale.pb.tt2
[2026-08-04 14:15:09] [DEBUG] [wipe_imaging]: rm -rf ngc4254_12m_hcn_singlescale.psf.tt0
[2026-08-04 14:15:09] [DEBUG] [wipe_imaging]: rm -rf ngc4254_12m_hcn_singlescale.psf.tt1
[2026-08-04 14:15:09] [DEBUG] [wipe_imaging]: rm -rf ngc4254_12m_hcn_singlescale.psf.tt2
[2026-08-04 14:15:09] [DEBUG] [wipe_imaging]: rm -rf ngc4254_12m_hcn_singlescale.weight.tt0
[2026-08-04 14:15:09] [DEBUG] [wipe_imaging]: rm -rf ngc4254_12m_hcn_singlescale.weight.tt1
[2026-08-04 14:15:09] [DEBUG] [wipe_imaging]: rm -rf ngc4254_12m_hcn_singlescale.weight.tt2
[2026-08-04 14:15:09] [DEBUG] [wipe_imaging]: rm -rf ngc4254_12m_hcn_singlescale.sumwt.tt0
[2026-08-04 14:15:09] [DEBUG] [wipe_imaging]: rm -rf ngc4254_12m_hcn_singlescale.sumwt.tt1
[2026-08-04 14:15:09] [DEBUG] [wipe_imaging]: rm -rf ngc4254_12m_hcn_singlescale.sumwt.tt2
[2026-08-04 14:15:09] [DEBUG] [copy_imaging]: Copying imaging from root ngc4254_12m_hcn to root ngc4254_12m_hcn_singlescale
[2026-08-04 14:15:09] [DEBUG] [copy_imaging]: cp -r ngc4254_12m_hcn.image ngc4254_12m_hcn_singlescale.image
[2026-08-04 14:15:11] [DEBUG] [copy_imaging]: cp -r ngc4254_12m_hcn.model ngc4254_12m_hcn_singlescale.model
[2026-08-04 14:15:11] [DEBUG] [copy_imaging]: cp -r ngc4254_12m_hcn.residual ngc4254_12m_hcn_singlescale.residual
[2026-08-04 14:15:12] [DEBUG] [copy_imaging]: cp -r ngc4254_12m_hcn.mask ngc4254_12m_hcn_singlescale.mask
[2026-08-04 14:15:12] [DEBUG] [copy_imaging]: cp -r ngc4254_12m_hcn.pb ngc4254_12m_hcn_singlescale.pb
[2026-08-04 14:15:13] [DEBUG] [copy_imaging]: cp -r ngc4254_12m_hcn.psf ngc4254_12m_hcn_singlescale.psf
[2026-08-04 14:15:14] [DEBUG] [copy_imaging]: cp -r ngc4254_12m_hcn.weight ngc4254_12m_hcn_singlescale.weight
[2026-08-04 14:15:14] [DEBUG] [copy_imaging]: cp -r ngc4254_12m_hcn.sumwt ngc4254_12m_hcn_singlescale.sumwt
[2026-08-04 14:15:14] [DEBUG] [copy_imaging]: cp -r ngc4254_12m_hcn.alpha ngc4254_12m_hcn_singlescale.alpha
[2026-08-04 14:15:14] [DEBUG] [copy_imaging]: cp -r ngc4254_12m_hcn.alpha.error ngc4254_12m_hcn_singlescale.alpha.error
[2026-08-04 14:15:14] [DEBUG] [copy_imaging]: cp -r ngc4254_12m_hcn.beta ngc4254_12m_hcn_singlescale.beta
[2026-08-04 14:15:14] [DEBUG] [copy_imaging]: cp -r ngc4254_12m_hcn.beta.error ngc4254_12m_hcn_singlescale.beta.error
[2026-08-04 14:15:14] [DEBUG] [copy_imaging]: cp -r ngc4254_12m_hcn.image.tt0 ngc4254_12m_hcn_singlescale.image.tt0
[2026-08-04 14:15:14] [DEBUG] [copy_imaging]: cp -r ngc4254_12m_hcn.image.tt1 ngc4254_12m_hcn_singlescale.image.tt1
[2026-08-04 14:15:14] [DEBUG] [copy_imaging]: cp -r ngc4254_12m_hcn.image.tt2 ngc4254_12m_hcn_singlescale.image.tt2
[2026-08-04 14:15:14] [DEBUG] [copy_imaging]: cp -r ngc4254_12m_hcn.model.tt0 ngc4254_12m_hcn_singlescale.model.tt0
[2026-08-04 14:15:14] [DEBUG] [copy_imaging]: cp -r ngc4254_12m_hcn.model.tt1 ngc4254_12m_hcn_singlescale.model.tt1
[2026-08-04 14:15:14] [DEBUG] [copy_imaging]: cp -r ngc4254_12m_hcn.model.tt2 ngc4254_12m_hcn_singlescale.model.tt2
[2026-08-04 14:15:14] [DEBUG] [copy_imaging]: cp -r ngc4254_12m_hcn.residual.tt0 ngc4254_12m_hcn_singlescale.residual.tt0
[2026-08-04 14:15:14] [DEBUG] [copy_imaging]: cp -r ngc4254_12m_hcn.residual.tt1 ngc4254_12m_hcn_singlescale.residual.tt1
[2026-08-04 14:15:14] [DEBUG] [copy_imaging]: cp -r ngc4254_12m_hcn.residual.tt2 ngc4254_12m_hcn_singlescale.residual.tt2
[2026-08-04 14:15:14] [DEBUG] [copy_imaging]: cp -r ngc4254_12m_hcn.mask.tt0 ngc4254_12m_hcn_singlescale.mask.tt0
[2026-08-04 14:15:14] [DEBUG] [copy_imaging]: cp -r ngc4254_12m_hcn.mask.tt1 ngc4254_12m_hcn_singlescale.mask.tt1
[2026-08-04 14:15:14] [DEBUG] [copy_imaging]: cp -r ngc4254_12m_hcn.mask.tt2 ngc4254_12m_hcn_singlescale.mask.tt2
[2026-08-04 14:15:14] [DEBUG] [copy_imaging]: cp -r ngc4254_12m_hcn.pb.tt0 ngc4254_12m_hcn_singlescale.pb.tt0
[2026-08-04 14:15:14] [DEBUG] [copy_imaging]: cp -r ngc4254_12m_hcn.pb.tt1 ngc4254_12m_hcn_singlescale.pb.tt1
[2026-08-04 14:15:14] [DEBUG] [copy_imaging]: cp -r ngc4254_12m_hcn.pb.tt2 ngc4254_12m_hcn_singlescale.pb.tt2
[2026-08-04 14:15:14] [DEBUG] [copy_imaging]: cp -r ngc4254_12m_hcn.psf.tt0 ngc4254_12m_hcn_singlescale.psf.tt0
[2026-08-04 14:15:14] [DEBUG] [copy_imaging]: cp -r ngc4254_12m_hcn.psf.tt1 ngc4254_12m_hcn_singlescale.psf.tt1
[2026-08-04 14:15:14] [DEBUG] [copy_imaging]: cp -r ngc4254_12m_hcn.psf.tt2 ngc4254_12m_hcn_singlescale.psf.tt2
[2026-08-04 14:15:14] [DEBUG] [copy_imaging]: cp -r ngc4254_12m_hcn.weight.tt0 ngc4254_12m_hcn_singlescale.weight.tt0
[2026-08-04 14:15:14] [DEBUG] [copy_imaging]: cp -r ngc4254_12m_hcn.weight.tt1 ngc4254_12m_hcn_singlescale.weight.tt1
[2026-08-04 14:15:14] [DEBUG] [copy_imaging]: cp -r ngc4254_12m_hcn.weight.tt2 ngc4254_12m_hcn_singlescale.weight.tt2
[2026-08-04 14:15:14] [DEBUG] [copy_imaging]: cp -r ngc4254_12m_hcn.sumwt.tt0 ngc4254_12m_hcn_singlescale.sumwt.tt0
[2026-08-04 14:15:14] [DEBUG] [copy_imaging]: cp -r ngc4254_12m_hcn.sumwt.tt1 ngc4254_12m_hcn_singlescale.sumwt.tt1
[2026-08-04 14:15:14] [DEBUG] [copy_imaging]: cp -r ngc4254_12m_hcn.sumwt.tt2 ngc4254_12m_hcn_singlescale.sumwt.tt2
[2026-08-04 14:15:14] [INFO] [task_revert_to_imaging]: 
[2026-08-04 14:15:14] [INFO] [task_revert_to_imaging]: &%&%&%&%&%&%&%&%&%&%&%&%&%
[2026-08-04 14:15:14] [INFO] [task_revert_to_imaging]: Resetting to singlescale imaging:
[2026-08-04 14:15:14] [INFO] [task_revert_to_imaging]: ngc4254_12m_hcn
[2026-08-04 14:15:14] [INFO] [task_revert_to_imaging]: &%&%&%&%&%&%&%&%&%&%&%&%&%
[2026-08-04 14:15:14] [INFO] [task_revert_to_imaging]: 
[2026-08-04 14:15:14] [DEBUG] [wipe_imaging]: wipe_imaging under "/nfs/home/lneumann/reduction/alma_data_reduction/imaging/ngc4254/products/imaging/ngc4254"
[2026-08-04 14:15:14] [DEBUG] [wipe_imaging]: rm -rf ngc4254_12m_hcn.image
[2026-08-04 14:15:14] [DEBUG] [wipe_imaging]: rm -rf ngc4254_12m_hcn.model
[2026-08-04 14:15:14] [DEBUG] [wipe_imaging]: rm -rf ngc4254_12m_hcn.residual
[2026-08-04 14:15:15] [DEBUG] [wipe_imaging]: rm -rf ngc4254_12m_hcn.mask
[2026-08-04 14:15:15] [DEBUG] [wipe_imaging]: rm -rf ngc4254_12m_hcn.pb
[2026-08-04 14:15:15] [DEBUG] [wipe_imaging]: rm -rf ngc4254_12m_hcn.psf
[2026-08-04 14:15:15] [DEBUG] [wipe_imaging]: rm -rf ngc4254_12m_hcn.weight
[2026-08-04 14:15:15] [DEBUG] [wipe_imaging]: rm -rf ngc4254_12m_hcn.sumwt
[2026-08-04 14:15:15] [DEBUG] [wipe_imaging]: rm -rf ngc4254_12m_hcn.alpha
[2026-08-04 14:15:15] [DEBUG] [wipe_imaging]: rm -rf ngc4254_12m_hcn.alpha.error
[2026-08-04 14:15:15] [DEBUG] [wipe_imaging]: rm -rf ngc4254_12m_hcn.beta
[2026-08-04 14:15:15] [DEBUG] [wipe_imaging]: rm -rf ngc4254_12m_hcn.beta.error
[2026-08-04 14:15:15] [DEBUG] [wipe_imaging]: rm -rf ngc4254_12m_hcn.image.tt0
[2026-08-04 14:15:15] [DEBUG] [wipe_imaging]: rm -rf ngc4254_12m_hcn.image.tt1
[2026-08-04 14:15:15] [DEBUG] [wipe_imaging]: rm -rf ngc4254_12m_hcn.image.tt2
[2026-08-04 14:15:15] [DEBUG] [wipe_imaging]: rm -rf ngc4254_12m_hcn.model.tt0
[2026-08-04 14:15:15] [DEBUG] [wipe_imaging]: rm -rf ngc4254_12m_hcn.model.tt1
[2026-08-04 14:15:15] [DEBUG] [wipe_imaging]: rm -rf ngc4254_12m_hcn.model.tt2
[2026-08-04 14:15:15] [DEBUG] [wipe_imaging]: rm -rf ngc4254_12m_hcn.residual.tt0
[2026-08-04 14:15:15] [DEBUG] [wipe_imaging]: rm -rf ngc4254_12m_hcn.residual.tt1
[2026-08-04 14:15:15] [DEBUG] [wipe_imaging]: rm -rf ngc4254_12m_hcn.residual.tt2
[2026-08-04 14:15:15] [DEBUG] [wipe_imaging]: rm -rf ngc4254_12m_hcn.mask.tt0
[2026-08-04 14:15:15] [DEBUG] [wipe_imaging]: rm -rf ngc4254_12m_hcn.mask.tt1
[2026-08-04 14:15:15] [DEBUG] [wipe_imaging]: rm -rf ngc4254_12m_hcn.mask.tt2
[2026-08-04 14:15:15] [DEBUG] [wipe_imaging]: rm -rf ngc4254_12m_hcn.pb.tt0
[2026-08-04 14:15:15] [DEBUG] [wipe_imaging]: rm -rf ngc4254_12m_hcn.pb.tt1
[2026-08-04 14:15:15] [DEBUG] [wipe_imaging]: rm -rf ngc4254_12m_hcn.pb.tt2
[2026-08-04 14:15:15] [DEBUG] [wipe_imaging]: rm -rf ngc4254_12m_hcn.psf.tt0
[2026-08-04 14:15:15] [DEBUG] [wipe_imaging]: rm -rf ngc4254_12m_hcn.psf.tt1
[2026-08-04 14:15:15] [DEBUG] [wipe_imaging]: rm -rf ngc4254_12m_hcn.psf.tt2
[2026-08-04 14:15:15] [DEBUG] [wipe_imaging]: rm -rf ngc4254_12m_hcn.weight.tt0
[2026-08-04 14:15:15] [DEBUG] [wipe_imaging]: rm -rf ngc4254_12m_hcn.weight.tt1
[2026-08-04 14:15:15] [DEBUG] [wipe_imaging]: rm -rf ngc4254_12m_hcn.weight.tt2
[2026-08-04 14:15:15] [DEBUG] [wipe_imaging]: rm -rf ngc4254_12m_hcn.sumwt.tt0
[2026-08-04 14:15:15] [DEBUG] [wipe_imaging]: rm -rf ngc4254_12m_hcn.sumwt.tt1
[2026-08-04 14:15:15] [DEBUG] [wipe_imaging]: rm -rf ngc4254_12m_hcn.sumwt.tt2
[2026-08-04 14:15:15] [DEBUG] [copy_imaging]: Copying imaging from root ngc4254_12m_hcn_singlescale to root ngc4254_12m_hcn
[2026-08-04 14:15:15] [DEBUG] [copy_imaging]: cp -r ngc4254_12m_hcn_singlescale.image ngc4254_12m_hcn.image
[2026-08-04 14:15:16] [DEBUG] [copy_imaging]: cp -r ngc4254_12m_hcn_singlescale.model ngc4254_12m_hcn.model
[2026-08-04 14:15:18] [DEBUG] [copy_imaging]: cp -r ngc4254_12m_hcn_singlescale.residual ngc4254_12m_hcn.residual
[2026-08-04 14:15:19] [DEBUG] [copy_imaging]: cp -r ngc4254_12m_hcn_singlescale.mask ngc4254_12m_hcn.mask
[2026-08-04 14:15:20] [DEBUG] [copy_imaging]: cp -r ngc4254_12m_hcn_singlescale.pb ngc4254_12m_hcn.pb
[2026-08-04 14:15:22] [DEBUG] [copy_imaging]: cp -r ngc4254_12m_hcn_singlescale.psf ngc4254_12m_hcn.psf
[2026-08-04 14:15:23] [DEBUG] [copy_imaging]: cp -r ngc4254_12m_hcn_singlescale.weight ngc4254_12m_hcn.weight
[2026-08-04 14:15:24] [DEBUG] [copy_imaging]: cp -r ngc4254_12m_hcn_singlescale.sumwt ngc4254_12m_hcn.sumwt
[2026-08-04 14:15:24] [DEBUG] [copy_imaging]: cp -r ngc4254_12m_hcn_singlescale.alpha ngc4254_12m_hcn.alpha
[2026-08-04 14:15:24] [DEBUG] [copy_imaging]: cp -r ngc4254_12m_hcn_singlescale.alpha.error ngc4254_12m_hcn.alpha.error
[2026-08-04 14:15:24] [DEBUG] [copy_imaging]: cp -r ngc4254_12m_hcn_singlescale.beta ngc4254_12m_hcn.beta
[2026-08-04 14:15:24] [DEBUG] [copy_imaging]: cp -r ngc4254_12m_hcn_singlescale.beta.error ngc4254_12m_hcn.beta.error
[2026-08-04 14:15:24] [DEBUG] [copy_imaging]: cp -r ngc4254_12m_hcn_singlescale.image.tt0 ngc4254_12m_hcn.image.tt0
[2026-08-04 14:15:24] [DEBUG] [copy_imaging]: cp -r ngc4254_12m_hcn_singlescale.image.tt1 ngc4254_12m_hcn.image.tt1
[2026-08-04 14:15:24] [DEBUG] [copy_imaging]: cp -r ngc4254_12m_hcn_singlescale.image.tt2 ngc4254_12m_hcn.image.tt2
[2026-08-04 14:15:24] [DEBUG] [copy_imaging]: cp -r ngc4254_12m_hcn_singlescale.model.tt0 ngc4254_12m_hcn.model.tt0
[2026-08-04 14:15:24] [DEBUG] [copy_imaging]: cp -r ngc4254_12m_hcn_singlescale.model.tt1 ngc4254_12m_hcn.model.tt1
[2026-08-04 14:15:24] [DEBUG] [copy_imaging]: cp -r ngc4254_12m_hcn_singlescale.model.tt2 ngc4254_12m_hcn.model.tt2
[2026-08-04 14:15:24] [DEBUG] [copy_imaging]: cp -r ngc4254_12m_hcn_singlescale.residual.tt0 ngc4254_12m_hcn.residual.tt0
[2026-08-04 14:15:24] [DEBUG] [copy_imaging]: cp -r ngc4254_12m_hcn_singlescale.residual.tt1 ngc4254_12m_hcn.residual.tt1
[2026-08-04 14:15:24] [DEBUG] [copy_imaging]: cp -r ngc4254_12m_hcn_singlescale.residual.tt2 ngc4254_12m_hcn.residual.tt2
[2026-08-04 14:15:24] [DEBUG] [copy_imaging]: cp -r ngc4254_12m_hcn_singlescale.mask.tt0 ngc4254_12m_hcn.mask.tt0
[2026-08-04 14:15:24] [DEBUG] [copy_imaging]: cp -r ngc4254_12m_hcn_singlescale.mask.tt1 ngc4254_12m_hcn.mask.tt1
[2026-08-04 14:15:24] [DEBUG] [copy_imaging]: cp -r ngc4254_12m_hcn_singlescale.mask.tt2 ngc4254_12m_hcn.mask.tt2
[2026-08-04 14:15:24] [DEBUG] [copy_imaging]: cp -r ngc4254_12m_hcn_singlescale.pb.tt0 ngc4254_12m_hcn.pb.tt0
[2026-08-04 14:15:24] [DEBUG] [copy_imaging]: cp -r ngc4254_12m_hcn_singlescale.pb.tt1 ngc4254_12m_hcn.pb.tt1
[2026-08-04 14:15:24] [DEBUG] [copy_imaging]: cp -r ngc4254_12m_hcn_singlescale.pb.tt2 ngc4254_12m_hcn.pb.tt2
[2026-08-04 14:15:24] [DEBUG] [copy_imaging]: cp -r ngc4254_12m_hcn_singlescale.psf.tt0 ngc4254_12m_hcn.psf.tt0
[2026-08-04 14:15:24] [DEBUG] [copy_imaging]: cp -r ngc4254_12m_hcn_singlescale.psf.tt1 ngc4254_12m_hcn.psf.tt1
[2026-08-04 14:15:24] [DEBUG] [copy_imaging]: cp -r ngc4254_12m_hcn_singlescale.psf.tt2 ngc4254_12m_hcn.psf.tt2
[2026-08-04 14:15:24] [DEBUG] [copy_imaging]: cp -r ngc4254_12m_hcn_singlescale.weight.tt0 ngc4254_12m_hcn.weight.tt0
[2026-08-04 14:15:24] [DEBUG] [copy_imaging]: cp -r ngc4254_12m_hcn_singlescale.weight.tt1 ngc4254_12m_hcn.weight.tt1
[2026-08-04 14:15:24] [DEBUG] [copy_imaging]: cp -r ngc4254_12m_hcn_singlescale.weight.tt2 ngc4254_12m_hcn.weight.tt2
[2026-08-04 14:15:24] [DEBUG] [copy_imaging]: cp -r ngc4254_12m_hcn_singlescale.sumwt.tt0 ngc4254_12m_hcn.sumwt.tt0
[2026-08-04 14:15:24] [DEBUG] [copy_imaging]: cp -r ngc4254_12m_hcn_singlescale.sumwt.tt1 ngc4254_12m_hcn.sumwt.tt1
[2026-08-04 14:15:24] [DEBUG] [copy_imaging]: cp -r ngc4254_12m_hcn_singlescale.sumwt.tt2 ngc4254_12m_hcn.sumwt.tt2
[2026-08-04 14:15:24] [INFO] [task_export_to_fits]: 
[2026-08-04 14:15:24] [INFO] [task_export_to_fits]: &%&%&%&%&%&%&%&%&%&%&%&%&%
[2026-08-04 14:15:24] [INFO] [task_export_to_fits]: Exporting to FITS:ngc4254_12m_hcn
[2026-08-04 14:15:24] [INFO] [task_export_to_fits]: &%&%&%&%&%&%&%&%&%&%&%&%&%
[2026-08-04 14:15:24] [INFO] [task_export_to_fits]: 
[2026-08-04 14:15:24] [DEBUG] [export_imaging_to_fits]: exportfits from ngc4254_12m_hcn.image to ngc4254_12m_hcn.fits
[2026-08-04 14:15:27] [DEBUG] [export_imaging_to_fits]: exportfits from ngc4254_12m_hcn.model to ngc4254_12m_hcn_model.fits
[2026-08-04 14:15:30] [DEBUG] [export_imaging_to_fits]: exportfits from ngc4254_12m_hcn.residual to ngc4254_12m_hcn_residual.fits
[2026-08-04 14:15:33] [DEBUG] [export_imaging_to_fits]: exportfits from ngc4254_12m_hcn.mask to ngc4254_12m_hcn_mask.fits
[2026-08-04 14:15:35] [DEBUG] [export_imaging_to_fits]: exportfits from ngc4254_12m_hcn.pb to ngc4254_12m_hcn_pb.fits
[2026-08-04 14:15:38] [DEBUG] [export_imaging_to_fits]: exportfits from ngc4254_12m_hcn.psf to ngc4254_12m_hcn_psf.fits
[2026-08-04 14:15:39] [DEBUG] [export_imaging_to_fits]: exportfits from ngc4254_12m_hcn.weight to ngc4254_12m_hcn_weight.fits
[2026-08-04 14:15:41] [INFO] [loop_imaging]: --------------------------------------------------------
[2026-08-04 14:15:41] [INFO] [loop_imaging]: END: Imaging target ngc4254 config 12m product hcn
[2026-08-04 14:15:41] [INFO] [loop_imaging]: --------------------------------------------------------
[2026-08-04 14:15:41] [INFO] [loop_postprocess]: Defaulting to no apodization.
[2026-08-04 14:15:41] [INFO] [check_dir_existence]: --------------------------------------
[2026-08-04 14:15:41] [INFO] [check_dir_existence]: Checking the existence of directories.
[2026-08-04 14:15:41] [INFO] [check_dir_existence]: --------------------------------------
[2026-08-04 14:15:41] [INFO] [check_dir_existence]: Found 1 directories.
[2026-08-04 14:15:41] [INFO] [check_dir_existence]: No directories appear to be missing.
[2026-08-04 14:15:41] [INFO] [check_dir_existence]: --------------------------------------
[2026-08-04 14:15:41] [INFO] [check_dir_existence]: Checking the existence of directories.
[2026-08-04 14:15:41] [INFO] [check_dir_existence]: --------------------------------------
[2026-08-04 14:15:41] [INFO] [check_dir_existence]: Found 1 directories.
[2026-08-04 14:15:41] [INFO] [check_dir_existence]: No directories appear to be missing.
[2026-08-04 14:15:41] [INFO] [make_missing_directories]: Made 0 directories. Now 0 missing.
[2026-08-04 14:15:41] [INFO] [looper]: Looping over target, product, and config.
[2026-08-04 14:15:41] [INFO] [task_stage_interf_data]: 
[2026-08-04 14:15:41] [INFO] [task_stage_interf_data]: &%&%&%&%&%&%&%&%&%&%&%&%&%&%
[2026-08-04 14:15:41] [INFO] [task_stage_interf_data]: Staging data for:
[2026-08-04 14:15:41] [INFO] [task_stage_interf_data]: ngc4254 , hcn , 12m
[2026-08-04 14:15:41] [INFO] [task_stage_interf_data]: &%&%&%&%&%&%&%&%&%&%&%&%&%&%
[2026-08-04 14:15:41] [INFO] [task_stage_interf_data]: 
[2026-08-04 14:15:41] [INFO] [task_stage_interf_data]: Staging ngc4254_12m_hcn.image
[2026-08-04 14:15:44] [INFO] [trim_cube]: ... box selection: 127,188,885,996
[2026-08-04 14:15:44] [INFO] [trim_cube]: ... channel selection: 0~69
[2026-08-04 14:15:45] [INFO] [task_stage_interf_data]: 
[2026-08-04 14:15:45] [INFO] [task_stage_interf_data]: &%&%&%&%&%&%&%&%&%&%&%&%&%&%
[2026-08-04 14:15:45] [INFO] [task_stage_interf_data]: Staging data for:
[2026-08-04 14:15:45] [INFO] [task_stage_interf_data]: ngc4254 , hcn , 12m
[2026-08-04 14:15:45] [INFO] [task_stage_interf_data]: &%&%&%&%&%&%&%&%&%&%&%&%&%&%
[2026-08-04 14:15:45] [INFO] [task_stage_interf_data]: 
[2026-08-04 14:15:45] [INFO] [task_stage_interf_data]: Staging ngc4254_12m_hcn.pb
[2026-08-04 14:15:48] [INFO] [trim_cube]: ... box selection: 127,188,885,996
[2026-08-04 14:15:48] [INFO] [trim_cube]: ... channel selection: 0~69
[2026-08-04 14:15:49] [INFO] [read_one_file]: Reading a clean input parameter file.
[2026-08-04 14:15:49] [INFO] [read_one_file]: Reading: /nfs/home/lneumann/reduction/alma_data_reduction/imaging/ngc4254/ngc4254_dense_configs/keys/cube_mosaic.clean
[2026-08-04 14:15:49] [INFO] [read_one_file]: Reading a clean input parameter file.
[2026-08-04 14:15:49] [INFO] [read_one_file]: Reading: /nfs/home/lneumann/reduction/alma_data_reduction/imaging/ngc4254/ngc4254_dense_configs/keys/cube_mosaic.clean
[2026-08-04 14:15:49] [INFO] [read_one_file]: Reading a clean input parameter file.
[2026-08-04 14:15:49] [INFO] [read_one_file]: Reading: /nfs/home/lneumann/reduction/alma_data_reduction/imaging/ngc4254/ngc4254_dense_configs/keys/cube_mosaic.clean
[2026-08-04 14:15:49] [INFO] [task_pbcorr]: 
[2026-08-04 14:15:49] [INFO] [task_pbcorr]: &%&%&%&%&%&%&%&%&%&%&%&%&%&%
[2026-08-04 14:15:49] [INFO] [task_pbcorr]: Primary beam correction for:
[2026-08-04 14:15:49] [INFO] [task_pbcorr]: ngc4254 , hcn , 12m
[2026-08-04 14:15:49] [INFO] [task_pbcorr]: &%&%&%&%&%&%&%&%&%&%&%&%&%&%
[2026-08-04 14:15:49] [INFO] [task_pbcorr]: 
[2026-08-04 14:15:49] [INFO] [task_pbcorr]: Using ccr.primary_beam_correct
[2026-08-04 14:15:49] [INFO] [task_pbcorr]: Correcting to ngc4254_12m_hcn_pbcorr.image
[2026-08-04 14:15:49] [INFO] [task_pbcorr]: Correcting from ngc4254_12m_hcn.image
[2026-08-04 14:15:49] [INFO] [task_pbcorr]: Correcting using ngc4254_12m_hcn.pb
[2026-08-04 14:15:51] [INFO] [task_round_beam]: 
[2026-08-04 14:15:51] [INFO] [task_round_beam]: &%&%&%&%&%&%&%&%&%&%&%&%&%&%&%&%
[2026-08-04 14:15:51] [INFO] [task_round_beam]: Convolving to a round beam for:
[2026-08-04 14:15:51] [INFO] [task_round_beam]: ngc4254 , hcn , 12m
[2026-08-04 14:15:51] [INFO] [task_round_beam]: &%&%&%&%&%&%&%&%&%&%&%&%&%&%&%&%
[2026-08-04 14:15:51] [INFO] [task_round_beam]: 
[2026-08-04 14:15:51] [INFO] [task_round_beam]: Using ccr.convolve_to_round_beam
[2026-08-04 14:15:51] [INFO] [task_round_beam]: Convolving from ngc4254_12m_hcn_pbcorr.image
[2026-08-04 14:15:51] [INFO] [task_round_beam]: Convolving to ngc4254_12m_hcn_pbcorr_round.image
[2026-08-04 14:19:01] [INFO] [looper]: Looping over target, product, and config.
[2026-08-04 14:19:01] [DEBUG] [loop_postprocess]: Skipping ngc4254 because it lacks single dish.
[2026-08-04 14:19:01] [INFO] [looper]: Looping over target, product, and config.
[2026-08-04 14:19:01] [INFO] [looper]: Looping over target, product, and config.
[2026-08-04 14:19:01] [INFO] [looper]: Looping over target, product, and config.
[2026-08-04 14:19:01] [INFO] [task_compress]: 
[2026-08-04 14:19:01] [INFO] [task_compress]: &%&%&%&%&%&%&%&%&%&%&%&%&%&%
[2026-08-04 14:19:01] [INFO] [task_compress]: Trimming cube for:
[2026-08-04 14:19:01] [INFO] [task_compress]: ngc4254 , hcn , 12m
[2026-08-04 14:19:01] [INFO] [task_compress]: &%&%&%&%&%&%&%&%&%&%&%&%&%&%
[2026-08-04 14:19:01] [INFO] [task_compress]: 
[2026-08-04 14:19:01] [INFO] [task_compress]: Producing ngc4254_12m_hcn_pbcorr_trimmed.image using ccr.trim_cube.
[2026-08-04 14:19:01] [INFO] [task_compress]: Trimming from original file ngc4254_12m_hcn_pbcorr_round.image
[2026-08-04 14:19:27] [INFO] [trim_cube]: ... box selection: 0,0,378,403
[2026-08-04 14:19:27] [INFO] [trim_cube]: ... channel selection: 0~69
[2026-08-04 14:19:28] [ERROR] [trim_rind]: Missing required input.
[2026-08-04 14:19:28] [INFO] [task_compress]: Aligning primary beam image to new astrometry
[2026-08-04 14:19:28] [INFO] [task_compress]: Using ccr.align_to_target.
[2026-08-04 14:19:28] [INFO] [task_compress]: Aligning original file ngc4254_12m_hcn.pb
[2026-08-04 14:19:28] [INFO] [task_compress]: Aligning to produce output file ngc4254_12m_hcn_trimmed.pb
[2026-08-04 14:19:28] [INFO] [task_compress]: Aligning to template ngc4254_12m_hcn_pbcorr_trimmed.image
[2026-08-04 14:19:30] [INFO] [task_convert_units]: 
[2026-08-04 14:19:30] [INFO] [task_convert_units]: &%&%&%&%&%&%&%&%&%&%&%&%&%&%
[2026-08-04 14:19:30] [INFO] [task_convert_units]: Converting units for:
[2026-08-04 14:19:30] [INFO] [task_convert_units]: ngc4254 , hcn , 12m
[2026-08-04 14:19:30] [INFO] [task_convert_units]: &%&%&%&%&%&%&%&%&%&%&%&%&%&%
[2026-08-04 14:19:30] [INFO] [task_convert_units]: 
[2026-08-04 14:19:30] [INFO] [task_convert_units]: Using ccr.convert_jytok
[2026-08-04 14:19:30] [INFO] [task_convert_units]: Creating ngc4254_12m_hcn_pbcorr_trimmed_k.image
[2026-08-04 14:19:30] [INFO] [task_convert_units]: Converting from original file ngc4254_12m_hcn_pbcorr_trimmed.image
[2026-08-04 14:19:31] [INFO] [task_export_to_fits]: 
[2026-08-04 14:19:31] [INFO] [task_export_to_fits]: &%&%&%&%&%&%&%&%&%&%&%&%&%&%&%&%&%&%&%&%&%&%&%&%&%&%
[2026-08-04 14:19:31] [INFO] [task_export_to_fits]: Exporting data to FITS and cleaning up cubes for:
[2026-08-04 14:19:31] [INFO] [task_export_to_fits]: ngc4254 , hcn , 12m
[2026-08-04 14:19:31] [INFO] [task_export_to_fits]: &%&%&%&%&%&%&%&%&%&%&%&%&%&%&%&%&%&%&%&%&%&%&%&%&%&%
[2026-08-04 14:19:31] [INFO] [task_export_to_fits]: 
[2026-08-04 14:19:31] [INFO] [task_export_to_fits]: Using ccr.export_and_cleanup.
[2026-08-04 14:19:31] [INFO] [task_export_to_fits]: Export to ngc4254_12m_hcn_pbcorr_trimmed_k.fits
[2026-08-04 14:19:31] [INFO] [task_export_to_fits]: Writing from input cube ngc4254_12m_hcn_pbcorr_trimmed_k.image
[2026-08-04 14:19:33] [INFO] [task_export_to_fits]: Writing from primary beam ngc4254_12m_hcn_trimmed.pb
[2026-08-04 14:19:33] [INFO] [task_export_to_fits]: Writing output primary beam ngc4254_12m_hcn_trimmed_pb.fits
